sensor_id,timestamp,room_id,occupancy_count,power_kw,temperature_c,source_system
SENS_R001,2026-08-22T06:00:00,R001,0,0.76,23.37,IoT
SENS_R002,2026-08-22T06:00:00,R002,14,1.13,23.88,IoT
SENS_R003,2026-08-22T06:00:00,R003,9,1.42,23.02,IoT
SENS_R004,2026-08-22T06:00:00,R004,18,1.39,24.43,IoT
SENS_R005,2026-08-22T06:00:00,R005,9,0.97,24.26,IoT
SENS_R006,2026-08-22T06:00:00,R006,17,1.98,23.99,IoT
SENS_R007,2026-08-22T06:00:00,R007,4,2.01,24.12,IoT
SENS_R008,2026-08-22T06:00:00,R008,12,1.19,22.95,IoT
SENS_R009,2026-08-22T06:00:00,R009,16,2.07,26.16,IoT
SENS_R010,2026-08-22T06:00:00,R010,0,0.46,23.07,IoT
SENS_R011,2026-08-22T06:00:00,R011,20,1.73,24.43,IoT
SENS_R012,2026-08-22T06:00:00,R012,3,0.64,24.43,IoT
SENS_R013,2026-08-22T06:00:00,R013,0,1.0,26.0,IoT
SENS_R014,2026-08-22T06:00:00,R014,7,1.94,24.03,IoT
SENS_R015,2026-08-22T06:00:00,R015,5,1.22,24.21,IoT
SENS_R016,2026-08-22T06:00:00,R016,8,1.3,23.36,IoT
SENS_R017,2026-08-22T06:00:00,R017,15,1.15,24.26,IoT
SENS_R018,2026-08-22T06:00:00,R018,14,0.93,23.71,IoT
SENS_R019,2026-08-22T06:00:00,R019,0,0.72,23.42,IoT
SENS_R020,2026-08-22T06:00:00,R020,7,1.35,24.57,IoT
SENS_R021,2026-08-22T06:00:00,R021,12,1.62,23.94,IoT
SENS_R022,2026-08-22T06:00:00,R022,21,1.72,25.16,IoT
SENS_R023,2026-08-22T06:00:00,R023,4,1.28,23.87,IoT
SENS_R024,2026-08-22T06:00:00,R024,4,1.09,24.11,IoT
SENS_R025,2026-08-22T06:00:00,R025,19,1.3,24.41,IoT
SENS_R026,2026-08-22T06:00:00,R026,4,1.11,23.02,IoT
SENS_R027,2026-08-22T06:00:00,R027,13,1.17,23.66,IoT
SENS_R028,2026-08-22T06:00:00,R028,13,1.58,25.44,IoT
SENS_R029,2026-08-22T06:00:00,R029,37,1.77,25.95,IoT
SENS_R030,2026-08-22T06:00:00,R030,12,1.17,21.9,IoT
SENS_R001,2026-08-22T07:00:00,R001,2,1.18,24.15,IoT
SENS_R002,2026-08-22T07:00:00,R002,22,1.73,26.13,IoT
SENS_R003,2026-08-22T07:00:00,R003,29,1.35,23.73,IoT
SENS_R004,2026-08-22T07:00:00,R004,14,1.65,25.17,IoT
SENS_R005,2026-08-22T07:00:00,R005,3,1.31,24.57,IoT
SENS_R006,2026-08-22T07:00:00,R006,3,1.09,24.64,IoT
SENS_R007,2026-08-22T07:00:00,R007,3,1.16,23.8,IoT
SENS_R008,2026-08-22T07:00:00,R008,7,1.13,23.75,IoT
SENS_R009,2026-08-22T07:00:00,R009,18,1.97,25.67,IoT
SENS_R010,2026-08-22T07:00:00,R010,22,2.31,25.7,IoT
SENS_R011,2026-08-22T07:00:00,R011,20,1.93,25.87,IoT
SENS_R012,2026-08-22T07:00:00,R012,11,1.52,23.82,IoT
SENS_R013,2026-08-22T07:00:00,R013,33,1.32,24.08,IoT
SENS_R014,2026-08-22T07:00:00,R014,4,0.75,24.99,IoT
SENS_R015,2026-08-22T07:00:00,R015,5,1.1,24.03,IoT
SENS_R016,2026-08-22T07:00:00,R016,23,1.54,23.46,IoT
SENS_R017,2026-08-22T07:00:00,R017,10,1.51,23.59,IoT
SENS_R018,2026-08-22T07:00:00,R018,19,1.27,24.58,IoT
SENS_R019,2026-08-22T07:00:00,R019,0,0.86,23.11,IoT
SENS_R020,2026-08-22T07:00:00,R020,18,1.8,24.4,IoT
SENS_R021,2026-08-22T07:00:00,R021,9,1.18,23.05,IoT
SENS_R022,2026-08-22T07:00:00,R022,12,1.22,24.83,IoT
SENS_R023,2026-08-22T07:00:00,R023,4,1.14,24.09,IoT
SENS_R024,2026-08-22T07:00:00,R024,0,1.25,24.27,IoT
SENS_R025,2026-08-22T07:00:00,R025,10,1.19,23.11,IoT
SENS_R026,2026-08-22T07:00:00,R026,7,1.13,23.61,IoT
SENS_R027,2026-08-22T07:00:00,R027,30,1.5,24.79,IoT
SENS_R028,2026-08-22T07:00:00,R028,5,1.25,22.74,IoT
SENS_R029,2026-08-22T07:00:00,R029,20,1.58,23.93,IoT
SENS_R030,2026-08-22T07:00:00,R030,16,1.05,25.05,IoT
SENS_R001,2026-08-22T08:00:00,R001,12,1.93,25.07,IoT
SENS_R002,2026-08-22T08:00:00,R002,16,1.25,23.25,IoT
SENS_R003,2026-08-22T08:00:00,R003,15,1.17,23.22,IoT
SENS_R004,2026-08-22T08:00:00,R004,20,1.88,26.02,IoT
SENS_R005,2026-08-22T08:00:00,R005,22,1.82,22.48,IoT
SENS_R006,2026-08-22T08:00:00,R006,11,1.6,24.48,IoT
SENS_R007,2026-08-22T08:00:00,R007,0,0.76,23.51,IoT
SENS_R008,2026-08-22T08:00:00,R008,11,1.02,24.78,IoT
SENS_R009,2026-08-22T08:00:00,R009,10,1.3,24.46,IoT
SENS_R010,2026-08-22T08:00:00,R010,6,1.16,23.72,IoT
SENS_R011,2026-08-22T08:00:00,R011,10,1.11,23.46,IoT
SENS_R012,2026-08-22T08:00:00,R012,7,0.87,23.57,IoT
SENS_R013,2026-08-22T08:00:00,R013,9,0.91,22.6,IoT
SENS_R014,2026-08-22T08:00:00,R014,7,1.18,24.55,IoT
SENS_R015,2026-08-22T08:00:00,R015,5,1.21,23.12,IoT
SENS_R016,2026-08-22T08:00:00,R016,11,1.06,23.9,IoT
SENS_R017,2026-08-22T08:00:00,R017,11,0.86,23.05,IoT
SENS_R018,2026-08-22T08:00:00,R018,10,0.92,24.66,IoT
SENS_R019,2026-08-22T08:00:00,R019,13,1.16,24.83,IoT
SENS_R020,2026-08-22T08:00:00,R020,8,1.27,24.06,IoT
SENS_R021,2026-08-22T08:00:00,R021,23,1.51,23.52,IoT
SENS_R022,2026-08-22T08:00:00,R022,15,1.41,23.92,IoT
SENS_R023,2026-08-22T08:00:00,R023,5,1.36,23.06,IoT
SENS_R024,2026-08-22T08:00:00,R024,12,1.63,24.87,IoT
SENS_R025,2026-08-22T08:00:00,R025,0,1.0,24.15,IoT
SENS_R026,2026-08-22T08:00:00,R026,5,0.73,22.03,IoT
SENS_R027,2026-08-22T08:00:00,R027,32,1.35,22.95,IoT
SENS_R028,2026-08-22T08:00:00,R028,15,2.02,24.66,IoT
SENS_R029,2026-08-22T08:00:00,R029,25,1.12,25.03,IoT
SENS_R030,2026-08-22T08:00:00,R030,17,1.8,24.7,IoT
SENS_R001,2026-08-22T09:00:00,R001,5,1.37,24.81,IoT
SENS_R002,2026-08-22T09:00:00,R002,15,1.09,24.5,IoT
SENS_R003,2026-08-22T09:00:00,R003,36,1.93,23.52,IoT
SENS_R004,2026-08-22T09:00:00,R004,26,1.75,25.27,IoT
SENS_R005,2026-08-22T09:00:00,R005,27,1.79,24.47,IoT
SENS_R006,2026-08-22T09:00:00,R006,1,1.05,24.29,IoT
SENS_R007,2026-08-22T09:00:00,R007,13,1.99,24.86,IoT
SENS_R008,2026-08-22T09:00:00,R008,12,1.44,24.05,IoT
SENS_R009,2026-08-22T09:00:00,R009,17,2.1,23.9,IoT
SENS_R010,2026-08-22T09:00:00,R010,21,1.66,23.43,IoT
SENS_R011,2026-08-22T09:00:00,R011,5,1.19,24.19,IoT
SENS_R012,2026-08-22T09:00:00,R012,15,1.19,24.5,IoT
SENS_R013,2026-08-22T09:00:00,R013,36,1.28,23.73,IoT
SENS_R014,2026-08-22T09:00:00,R014,3,1.22,24.43,IoT
SENS_R015,2026-08-22T09:00:00,R015,1,0.8,23.66,IoT
SENS_R016,2026-08-22T09:00:00,R016,4,1.37,24.88,IoT
SENS_R017,2026-08-22T09:00:00,R017,6,0.99,23.84,IoT
SENS_R018,2026-08-22T09:00:00,R018,12,0.78,21.95,IoT
SENS_R019,2026-08-22T09:00:00,R019,4,1.33,24.99,IoT
SENS_R020,2026-08-22T09:00:00,R020,16,1.89,24.13,IoT
SENS_R021,2026-08-22T09:00:00,R021,8,1.02,24.32,IoT
SENS_R022,2026-08-22T09:00:00,R022,7,1.18,24.17,IoT
SENS_R023,2026-08-22T09:00:00,R023,8,1.46,25.69,IoT
SENS_R024,2026-08-22T09:00:00,R024,4,1.22,24.98,IoT
SENS_R025,2026-08-22T09:00:00,R025,10,0.87,22.43,IoT
SENS_R026,2026-08-22T09:00:00,R026,11,1.58,23.69,IoT
SENS_R027,2026-08-22T09:00:00,R027,0,0.57,24.09,IoT
SENS_R028,2026-08-22T09:00:00,R028,12,1.41,22.4,IoT
SENS_R029,2026-08-22T09:00:00,R029,27,1.45,24.83,IoT
SENS_R030,2026-08-22T09:00:00,R030,15,1.5,24.03,IoT
SENS_R001,2026-08-22T10:00:00,R001,2,0.65,23.41,IoT
SENS_R002,2026-08-22T10:00:00,R002,16,1.63,25.87,IoT
SENS_R003,2026-08-22T10:00:00,R003,21,1.56,24.1,IoT
SENS_R004,2026-08-22T10:00:00,R004,11,1.21,24.19,IoT
SENS_R005,2026-08-22T10:00:00,R005,8,1.01,23.32,IoT
SENS_R006,2026-08-22T10:00:00,R006,12,1.84,25.33,IoT
SENS_R007,2026-08-22T10:00:00,R007,2,0.91,22.29,IoT
SENS_R008,2026-08-22T10:00:00,R008,8,0.78,23.27,IoT
SENS_R009,2026-08-22T10:00:00,R009,14,1.06,23.63,IoT
SENS_R010,2026-08-22T10:00:00,R010,0,0.7,22.55,IoT
SENS_R011,2026-08-22T10:00:00,R011,35,2.13,25.0,IoT
SENS_R012,2026-08-22T10:00:00,R012,16,0.94,22.72,IoT
SENS_R013,2026-08-22T10:00:00,R013,0,1.14,24.77,IoT
SENS_R014,2026-08-22T10:00:00,R014,12,1.99,23.37,IoT
SENS_R015,2026-08-22T10:00:00,R015,5,1.21,25.13,IoT
SENS_R016,2026-08-22T10:00:00,R016,18,1.44,24.23,IoT
SENS_R017,2026-08-22T10:00:00,R017,15,1.27,23.2,IoT
SENS_R018,2026-08-22T10:00:00,R018,6,0.6,24.48,IoT
SENS_R019,2026-08-22T10:00:00,R019,18,1.97,24.85,IoT
SENS_R020,2026-08-22T10:00:00,R020,8,1.11,24.41,IoT
SENS_R021,2026-08-22T10:00:00,R021,19,1.57,25.68,IoT
SENS_R022,2026-08-22T10:00:00,R022,26,1.83,22.5,IoT
SENS_R023,2026-08-22T10:00:00,R023,3,0.93,25.0,IoT
SENS_R024,2026-08-22T10:00:00,R024,10,1.13,25.07,IoT
SENS_R025,2026-08-22T10:00:00,R025,11,1.35,24.54,IoT
SENS_R026,2026-08-22T10:00:00,R026,8,1.12,24.4,IoT
SENS_R027,2026-08-22T10:00:00,R027,22,1.25,24.19,IoT
SENS_R028,2026-08-22T10:00:00,R028,11,1.93,25.05,IoT
SENS_R029,2026-08-22T10:00:00,R029,22,1.37,23.14,IoT
SENS_R030,2026-08-22T10:00:00,R030,18,1.82,25.9,IoT
SENS_R001,2026-08-22T11:00:00,R001,3,1.12,23.97,IoT
SENS_R002,2026-08-22T11:00:00,R002,21,1.31,24.46,IoT
SENS_R003,2026-08-22T11:00:00,R003,12,0.9,23.9,IoT
SENS_R004,2026-08-22T11:00:00,R004,45,2.3,24.3,IoT
SENS_R005,2026-08-22T11:00:00,R005,19,0.87,24.37,IoT
SENS_R006,2026-08-22T11:00:00,R006,3,0.79,23.4,IoT
SENS_R007,2026-08-22T11:00:00,R007,5,1.21,25.47,IoT
SENS_R008,2026-08-22T11:00:00,R008,10,1.23,24.03,IoT
SENS_R009,2026-08-22T11:00:00,R009,12,1.53,23.68,IoT
SENS_R010,2026-08-22T11:00:00,R010,10,1.33,24.6,IoT
SENS_R011,2026-08-22T11:00:00,R011,21,1.04,23.7,IoT
SENS_R012,2026-08-22T11:00:00,R012,19,1.51,23.38,IoT
SENS_R013,2026-08-22T11:00:00,R013,1,1.03,25.1,IoT
SENS_R014,2026-08-22T11:00:00,R014,0,0.33,22.06,IoT
SENS_R015,2026-08-22T11:00:00,R015,6,1.27,23.39,IoT
SENS_R016,2026-08-22T11:00:00,R016,23,1.97,23.86,IoT
SENS_R017,2026-08-22T11:00:00,R017,7,1.05,24.76,IoT
SENS_R018,2026-08-22T11:00:00,R018,7,1.02,23.77,IoT
SENS_R019,2026-08-22T11:00:00,R019,18,2.17,24.42,IoT
SENS_R020,2026-08-22T11:00:00,R020,11,1.27,23.65,IoT
SENS_R021,2026-08-22T11:00:00,R021,8,0.98,23.87,IoT
SENS_R022,2026-08-22T11:00:00,R022,8,1.11,24.46,IoT
SENS_R023,2026-08-22T11:00:00,R023,7,1.76,24.06,IoT
SENS_R024,2026-08-22T11:00:00,R024,0,0.62,23.43,IoT
SENS_R025,2026-08-22T11:00:00,R025,10,1.38,22.97,IoT
SENS_R026,2026-08-22T11:00:00,R026,8,1.3,24.44,IoT
SENS_R027,2026-08-22T11:00:00,R027,21,1.08,23.88,IoT
SENS_R028,2026-08-22T11:00:00,R028,15,1.51,24.95,IoT
SENS_R029,2026-08-22T11:00:00,R029,8,1.45,24.11,IoT
SENS_R030,2026-08-22T11:00:00,R030,3,0.84,22.49,IoT
SENS_R001,2026-08-22T12:00:00,R001,8,0.91,24.02,IoT
SENS_R002,2026-08-22T12:00:00,R002,19,1.31,24.51,IoT
SENS_R003,2026-08-22T12:00:00,R003,26,1.36,23.85,IoT
SENS_R004,2026-08-22T12:00:00,R004,45,2.35,23.6,IoT
SENS_R005,2026-08-22T12:00:00,R005,20,2.02,23.6,IoT
SENS_R006,2026-08-22T12:00:00,R006,16,1.82,23.99,IoT
SENS_R007,2026-08-22T12:00:00,R007,6,1.51,23.6,IoT
SENS_R008,2026-08-22T12:00:00,R008,27,1.52,24.98,IoT
SENS_R009,2026-08-22T12:00:00,R009,7,1.27,24.2,IoT
SENS_R010,2026-08-22T12:00:00,R010,16,1.3,23.5,IoT
SENS_R011,2026-08-22T12:00:00,R011,8,1.12,24.28,IoT
SENS_R012,2026-08-22T12:00:00,R012,13,1.12,23.74,IoT
SENS_R013,2026-08-22T12:00:00,R013,27,1.89,26.54,IoT
SENS_R014,2026-08-22T12:00:00,R014,6,1.75,24.26,IoT
SENS_R015,2026-08-22T12:00:00,R015,17,2.6,26.33,IoT
SENS_R016,2026-08-22T12:00:00,R016,0,1.0,24.15,IoT
SENS_R017,2026-08-22T12:00:00,R017,21,1.82,24.71,IoT
SENS_R018,2026-08-22T12:00:00,R018,1,0.94,25.09,IoT
SENS_R019,2026-08-22T12:00:00,R019,8,1.44,25.33,IoT
SENS_R020,2026-08-22T12:00:00,R020,17,1.97,25.2,IoT
SENS_R021,2026-08-22T12:00:00,R021,9,0.99,24.19,IoT
SENS_R022,2026-08-22T12:00:00,R022,0,0.4,23.05,IoT
SENS_R023,2026-08-22T12:00:00,R023,7,1.74,23.55,IoT
SENS_R024,2026-08-22T12:00:00,R024,14,1.52,24.22,IoT
SENS_R025,2026-08-22T12:00:00,R025,16,1.34,25.69,IoT
SENS_R026,2026-08-22T12:00:00,R026,6,1.46,24.74,IoT
SENS_R027,2026-08-22T12:00:00,R027,17,1.27,24.11,IoT
SENS_R028,2026-08-22T12:00:00,R028,9,1.14,24.18,IoT
SENS_R029,2026-08-22T12:00:00,R029,48,1.57,24.75,IoT
SENS_R030,2026-08-22T12:00:00,R030,10,1.53,24.2,IoT
SENS_R001,2026-08-22T13:00:00,R001,1,1.17,25.44,IoT
SENS_R002,2026-08-22T13:00:00,R002,27,1.76,24.48,IoT
SENS_R003,2026-08-22T13:00:00,R003,23,1.48,24.35,IoT
SENS_R004,2026-08-22T13:00:00,R004,21,1.82,25.34,IoT
SENS_R005,2026-08-22T13:00:00,R005,14,1.04,24.64,IoT
SENS_R006,2026-08-22T13:00:00,R006,9,1.19,23.2,IoT
SENS_R007,2026-08-22T13:00:00,R007,3,1.43,25.1,IoT
SENS_R008,2026-08-22T13:00:00,R008,12,1.42,24.71,IoT
SENS_R009,2026-08-22T13:00:00,R009,0,0.79,24.88,IoT
SENS_R010,2026-08-22T13:00:00,R010,4,0.99,23.69,IoT
SENS_R011,2026-08-22T13:00:00,R011,9,1.36,24.66,IoT
SENS_R012,2026-08-22T13:00:00,R012,9,1.11,23.09,IoT
SENS_R013,2026-08-22T13:00:00,R013,55,1.74,24.31,IoT
SENS_R014,2026-08-22T13:00:00,R014,6,1.28,23.11,IoT
SENS_R015,2026-08-22T13:00:00,R015,2,1.06,22.36,IoT
SENS_R016,2026-08-22T13:00:00,R016,25,1.73,25.02,IoT
SENS_R017,2026-08-22T13:00:00,R017,17,1.13,23.38,IoT
SENS_R018,2026-08-22T13:00:00,R018,27,1.56,24.32,IoT
SENS_R019,2026-08-22T13:00:00,R019,0,0.9,23.93,IoT
SENS_R020,2026-08-22T13:00:00,R020,7,0.6,23.55,IoT
SENS_R021,2026-08-22T13:00:00,R021,21,2.21,25.35,IoT
SENS_R022,2026-08-22T13:00:00,R022,12,1.23,23.29,IoT
SENS_R023,2026-08-22T13:00:00,R023,11,1.76,24.66,IoT
SENS_R024,2026-08-22T13:00:00,R024,19,2.09,23.56,IoT
SENS_R025,2026-08-22T13:00:00,R025,5,0.83,22.91,IoT
SENS_R026,2026-08-22T13:00:00,R026,3,1.32,22.7,IoT
SENS_R027,2026-08-22T13:00:00,R027,0,1.03,24.71,IoT
SENS_R028,2026-08-22T13:00:00,R028,1,1.36,22.86,IoT
SENS_R029,2026-08-22T13:00:00,R029,12,1.05,23.07,IoT
SENS_R030,2026-08-22T13:00:00,R030,1,1.03,24.35,IoT
SENS_R001,2026-08-22T14:00:00,R001,10,1.87,23.45,IoT
SENS_R002,2026-08-22T14:00:00,R002,3,0.43,24.13,IoT
SENS_R003,2026-08-22T14:00:00,R003,5,1.22,24.93,IoT
SENS_R004,2026-08-22T14:00:00,R004,25,1.74,24.08,IoT
SENS_R005,2026-08-22T14:00:00,R005,34,1.67,24.45,IoT
SENS_R006,2026-08-22T14:00:00,R006,1,0.54,22.54,IoT
SENS_R007,2026-08-22T14:00:00,R007,10,2.01,23.36,IoT
SENS_R008,2026-08-22T14:00:00,R008,19,1.69,23.77,IoT
SENS_R009,2026-08-22T14:00:00,R009,4,1.24,23.43,IoT
SENS_R010,2026-08-22T14:00:00,R010,6,1.08,23.76,IoT
SENS_R011,2026-08-22T14:00:00,R011,23,1.2,23.76,IoT
SENS_R012,2026-08-22T14:00:00,R012,11,1.38,26.08,IoT
SENS_R013,2026-08-22T14:00:00,R013,34,1.21,23.82,IoT
SENS_R014,2026-08-22T14:00:00,R014,7,0.92,24.26,IoT
SENS_R015,2026-08-22T14:00:00,R015,6,1.14,22.93,IoT
SENS_R016,2026-08-22T14:00:00,R016,10,1.48,22.69,IoT
SENS_R017,2026-08-22T14:00:00,R017,20,2.38,25.04,IoT
SENS_R018,2026-08-22T14:00:00,R018,5,0.69,23.73,IoT
SENS_R019,2026-08-22T14:00:00,R019,17,1.65,23.62,IoT
SENS_R020,2026-08-22T14:00:00,R020,0,0.75,24.54,IoT
SENS_R021,2026-08-22T14:00:00,R021,10,0.97,24.79,IoT
SENS_R022,2026-08-22T14:00:00,R022,7,0.84,24.03,IoT
SENS_R023,2026-08-22T14:00:00,R023,3,0.84,23.68,IoT
SENS_R024,2026-08-22T14:00:00,R024,13,1.45,24.01,IoT
SENS_R025,2026-08-22T14:00:00,R025,13,1.49,24.42,IoT
SENS_R026,2026-08-22T14:00:00,R026,8,1.53,22.24,IoT
SENS_R027,2026-08-22T14:00:00,R027,19,1.49,23.54,IoT
SENS_R028,2026-08-22T14:00:00,R028,12,1.42,24.33,IoT
SENS_R029,2026-08-22T14:00:00,R029,36,1.84,23.06,IoT
SENS_R030,2026-08-22T14:00:00,R030,4,1.01,22.73,IoT
SENS_R001,2026-08-22T15:00:00,R001,10,1.5,24.86,IoT
SENS_R002,2026-08-22T15:00:00,R002,11,1.11,23.84,IoT
SENS_R003,2026-08-22T15:00:00,R003,22,1.14,22.84,IoT
SENS_R004,2026-08-22T15:00:00,R004,20,1.42,24.41,IoT
SENS_R005,2026-08-22T15:00:00,R005,16,0.9,23.79,IoT
SENS_R006,2026-08-22T15:00:00,R006,7,1.13,24.23,IoT
SENS_R007,2026-08-22T15:00:00,R007,5,1.59,25.35,IoT
SENS_R008,2026-08-22T15:00:00,R008,14,1.36,23.62,IoT
SENS_R009,2026-08-22T15:00:00,R009,6,1.15,23.67,IoT
SENS_R010,2026-08-22T15:00:00,R010,13,1.39,23.75,IoT
SENS_R011,2026-08-22T15:00:00,R011,33,1.63,24.59,IoT
SENS_R012,2026-08-22T15:00:00,R012,8,1.17,23.92,IoT
SENS_R013,2026-08-22T15:00:00,R013,36,1.39,23.83,IoT
SENS_R014,2026-08-22T15:00:00,R014,7,1.68,23.71,IoT
SENS_R015,2026-08-22T15:00:00,R015,8,1.44,23.69,IoT
SENS_R016,2026-08-22T15:00:00,R016,24,2.14,25.42,IoT
SENS_R017,2026-08-22T15:00:00,R017,16,1.37,25.58,IoT
SENS_R018,2026-08-22T15:00:00,R018,19,1.17,23.16,IoT
SENS_R019,2026-08-22T15:00:00,R019,14,1.32,24.49,IoT
SENS_R020,2026-08-22T15:00:00,R020,6,1.2,23.55,IoT
SENS_R021,2026-08-22T15:00:00,R021,15,1.78,23.8,IoT
SENS_R022,2026-08-22T15:00:00,R022,13,1.24,23.79,IoT
SENS_R023,2026-08-22T15:00:00,R023,8,1.33,23.88,IoT
SENS_R024,2026-08-22T15:00:00,R024,5,0.97,22.59,IoT
SENS_R025,2026-08-22T15:00:00,R025,29,1.91,25.46,IoT
SENS_R026,2026-08-22T15:00:00,R026,14,1.92,25.44,IoT
SENS_R027,2026-08-22T15:00:00,R027,16,1.07,22.54,IoT
SENS_R028,2026-08-22T15:00:00,R028,16,1.4,23.17,IoT
SENS_R029,2026-08-22T15:00:00,R029,16,0.93,22.24,IoT
SENS_R030,2026-08-22T15:00:00,R030,4,1.16,23.34,IoT
SENS_R001,2026-08-22T16:00:00,R001,5,1.43,24.63,IoT
SENS_R002,2026-08-22T16:00:00,R002,14,1.39,24.33,IoT
SENS_R003,2026-08-22T16:00:00,R003,30,2.05,24.51,IoT
SENS_R004,2026-08-22T16:00:00,R004,12,1.63,24.84,IoT
SENS_R005,2026-08-22T16:00:00,R005,8,0.85,23.49,IoT
SENS_R006,2026-08-22T16:00:00,R006,3,0.73,22.78,IoT
SENS_R007,2026-08-22T16:00:00,R007,6,1.38,25.24,IoT
SENS_R008,2026-08-22T16:00:00,R008,7,0.6,23.38,IoT
SENS_R009,2026-08-22T16:00:00,R009,16,1.71,24.14,IoT
SENS_R010,2026-08-22T16:00:00,R010,8,0.82,24.36,IoT
SENS_R011,2026-08-22T16:00:00,R011,12,1.3,23.98,IoT
SENS_R012,2026-08-22T16:00:00,R012,13,1.52,25.76,IoT
SENS_R013,2026-08-22T16:00:00,R013,38,1.52,24.42,IoT
SENS_R014,2026-08-22T16:00:00,R014,6,1.16,23.19,IoT
SENS_R015,2026-08-22T16:00:00,R015,4,1.14,23.38,IoT
SENS_R016,2026-08-22T16:00:00,R016,17,1.64,25.13,IoT
SENS_R017,2026-08-22T16:00:00,R017,18,2.27,25.74,IoT
SENS_R018,2026-08-22T16:00:00,R018,15,1.38,24.26,IoT
SENS_R019,2026-08-22T16:00:00,R019,4,0.99,24.26,IoT
SENS_R020,2026-08-22T16:00:00,R020,14,1.9,24.55,IoT
SENS_R021,2026-08-22T16:00:00,R021,8,1.76,24.86,IoT
SENS_R022,2026-08-22T16:00:00,R022,3,1.0,22.69,IoT
SENS_R023,2026-08-22T16:00:00,R023,6,1.19,25.29,IoT
SENS_R024,2026-08-22T16:00:00,R024,10,1.65,24.87,IoT
SENS_R025,2026-08-22T16:00:00,R025,21,1.7,24.1,IoT
SENS_R026,2026-08-22T16:00:00,R026,16,2.09,25.52,IoT
SENS_R027,2026-08-22T16:00:00,R027,29,1.17,25.28,IoT
SENS_R028,2026-08-22T16:00:00,R028,8,1.26,24.59,IoT
SENS_R029,2026-08-22T16:00:00,R029,35,1.41,23.51,IoT
SENS_R030,2026-08-22T16:00:00,R030,6,1.07,22.7,IoT
SENS_R001,2026-08-22T17:00:00,R001,2,0.87,24.18,IoT
SENS_R002,2026-08-22T17:00:00,R002,18,1.49,23.9,IoT
SENS_R003,2026-08-22T17:00:00,R003,10,1.28,23.51,IoT
SENS_R004,2026-08-22T17:00:00,R004,14,1.44,24.55,IoT
SENS_R005,2026-08-22T17:00:00,R005,23,1.9,24.67,IoT
SENS_R006,2026-08-22T17:00:00,R006,16,1.62,24.21,IoT
SENS_R007,2026-08-22T17:00:00,R007,5,1.13,25.02,IoT
SENS_R008,2026-08-22T17:00:00,R008,14,1.39,24.29,IoT
SENS_R009,2026-08-22T17:00:00,R009,17,1.84,23.5,IoT
SENS_R010,2026-08-22T17:00:00,R010,10,1.39,25.21,IoT
SENS_R011,2026-08-22T17:00:00,R011,11,1.0,22.4,IoT
SENS_R012,2026-08-22T17:00:00,R012,7,1.35,22.63,IoT
SENS_R013,2026-08-22T17:00:00,R013,30,1.08,24.45,IoT
SENS_R014,2026-08-22T17:00:00,R014,0,0.78,23.46,IoT
SENS_R015,2026-08-22T17:00:00,R015,7,1.51,24.28,IoT
SENS_R016,2026-08-22T17:00:00,R016,10,1.24,24.3,IoT
SENS_R017,2026-08-22T17:00:00,R017,23,2.17,24.3,IoT
SENS_R018,2026-08-22T17:00:00,R018,21,1.36,24.48,IoT
SENS_R019,2026-08-22T17:00:00,R019,21,1.87,24.55,IoT
SENS_R020,2026-08-22T17:00:00,R020,7,1.59,24.78,IoT
SENS_R021,2026-08-22T17:00:00,R021,9,1.39,23.5,IoT
SENS_R022,2026-08-22T17:00:00,R022,11,1.26,25.19,IoT
SENS_R023,2026-08-22T17:00:00,R023,13,1.83,26.26,IoT
SENS_R024,2026-08-22T17:00:00,R024,4,1.03,23.64,IoT
SENS_R025,2026-08-22T17:00:00,R025,1,0.91,25.03,IoT
SENS_R026,2026-08-22T17:00:00,R026,8,1.48,23.64,IoT
SENS_R027,2026-08-22T17:00:00,R027,1,0.67,25.13,IoT
SENS_R028,2026-08-22T17:00:00,R028,10,1.74,23.54,IoT
SENS_R029,2026-08-22T17:00:00,R029,27,1.94,24.67,IoT
SENS_R030,2026-08-22T17:00:00,R030,7,1.42,24.41,IoT
SENS_R001,2026-08-22T18:00:00,R001,6,1.22,23.88,IoT
SENS_R002,2026-08-22T18:00:00,R002,29,1.62,23.01,IoT
SENS_R003,2026-08-22T18:00:00,R003,20,1.79,23.56,IoT
SENS_R004,2026-08-22T18:00:00,R004,3,1.04,24.85,IoT
SENS_R005,2026-08-22T18:00:00,R005,2,1.15,24.71,IoT
SENS_R006,2026-08-22T18:00:00,R006,10,1.89,24.96,IoT
SENS_R007,2026-08-22T18:00:00,R007,5,0.89,23.36,IoT
SENS_R008,2026-08-22T18:00:00,R008,21,1.45,23.62,IoT
SENS_R009,2026-08-22T18:00:00,R009,11,0.9,22.77,IoT
SENS_R010,2026-08-22T18:00:00,R010,5,0.96,23.25,IoT
SENS_R011,2026-08-22T18:00:00,R011,0,0.95,23.98,IoT
SENS_R012,2026-08-22T18:00:00,R012,20,1.5,25.23,IoT
SENS_R013,2026-08-22T18:00:00,R013,26,1.59,25.12,IoT
SENS_R014,2026-08-22T18:00:00,R014,15,2.0,24.48,IoT
SENS_R015,2026-08-22T18:00:00,R015,0,0.89,22.48,IoT
SENS_R016,2026-08-22T18:00:00,R016,10,1.2,24.7,IoT
SENS_R017,2026-08-22T18:00:00,R017,13,1.31,24.85,IoT
SENS_R018,2026-08-22T18:00:00,R018,14,1.33,23.15,IoT
SENS_R019,2026-08-22T18:00:00,R019,2,0.84,23.41,IoT
SENS_R020,2026-08-22T18:00:00,R020,9,1.57,22.76,IoT
SENS_R021,2026-08-22T18:00:00,R021,0,0.76,22.49,IoT
SENS_R022,2026-08-22T18:00:00,R022,12,1.78,23.45,IoT
SENS_R023,2026-08-22T18:00:00,R023,7,1.54,23.26,IoT
SENS_R024,2026-08-22T18:00:00,R024,17,1.67,24.55,IoT
SENS_R025,2026-08-22T18:00:00,R025,19,1.6,23.66,IoT
SENS_R026,2026-08-22T18:00:00,R026,4,1.23,24.63,IoT
SENS_R027,2026-08-22T18:00:00,R027,15,0.73,22.74,IoT
SENS_R028,2026-08-22T18:00:00,R028,8,1.25,24.0,IoT
SENS_R029,2026-08-22T18:00:00,R029,22,1.5,24.24,IoT
SENS_R030,2026-08-22T18:00:00,R030,14,1.79,24.29,IoT
SENS_R001,2026-08-22T19:00:00,R001,13,2.03,24.99,IoT
SENS_R002,2026-08-22T19:00:00,R002,20,0.92,23.08,IoT
SENS_R003,2026-08-22T19:00:00,R003,20,1.32,22.18,IoT
SENS_R004,2026-08-22T19:00:00,R004,6,1.02,23.24,IoT
SENS_R005,2026-08-22T19:00:00,R005,26,1.75,25.58,IoT
SENS_R006,2026-08-22T19:00:00,R006,14,1.84,23.71,IoT
SENS_R007,2026-08-22T19:00:00,R007,8,1.55,24.09,IoT
SENS_R008,2026-08-22T19:00:00,R008,25,2.2,26.03,IoT
SENS_R009,2026-08-22T19:00:00,R009,13,1.5,25.5,IoT
SENS_R010,2026-08-22T19:00:00,R010,19,1.53,23.89,IoT
SENS_R011,2026-08-22T19:00:00,R011,4,0.48,22.49,IoT
SENS_R012,2026-08-22T19:00:00,R012,9,1.19,26.1,IoT
SENS_R013,2026-08-22T19:00:00,R013,26,1.02,24.64,IoT
SENS_R014,2026-08-22T19:00:00,R014,0,0.94,22.14,IoT
SENS_R015,2026-08-22T19:00:00,R015,0,1.0,23.22,IoT
SENS_R016,2026-08-22T19:00:00,R016,0,0.6,23.42,IoT
SENS_R017,2026-08-22T19:00:00,R017,4,1.19,24.86,IoT
SENS_R018,2026-08-22T19:00:00,R018,27,1.61,23.59,IoT
SENS_R019,2026-08-22T19:00:00,R019,16,1.88,25.29,IoT
SENS_R020,2026-08-22T19:00:00,R020,9,1.02,23.19,IoT
SENS_R021,2026-08-22T19:00:00,R021,18,1.71,24.79,IoT
SENS_R022,2026-08-22T19:00:00,R022,4,1.2,24.68,IoT
SENS_R023,2026-08-22T19:00:00,R023,3,1.15,24.3,IoT
SENS_R024,2026-08-22T19:00:00,R024,16,1.35,23.99,IoT
SENS_R025,2026-08-22T19:00:00,R025,32,1.4,22.87,IoT
SENS_R026,2026-08-22T19:00:00,R026,9,1.69,22.6,IoT
SENS_R027,2026-08-22T19:00:00,R027,0,0.58,22.9,IoT
SENS_R028,2026-08-22T19:00:00,R028,6,1.27,24.82,IoT
SENS_R029,2026-08-22T19:00:00,R029,0,0.43,22.67,IoT
SENS_R030,2026-08-22T19:00:00,R030,18,1.44,24.12,IoT
SENS_R001,2026-08-22T20:00:00,R001,8,1.8,23.93,IoT
SENS_R002,2026-08-22T20:00:00,R002,0,0.7,23.86,IoT
SENS_R003,2026-08-22T20:00:00,R003,1,0.29,22.98,IoT
SENS_R004,2026-08-22T20:00:00,R004,10,1.31,23.08,IoT
SENS_R005,2026-08-22T20:00:00,R005,8,1.36,23.46,IoT
SENS_R006,2026-08-22T20:00:00,R006,15,1.44,23.89,IoT
SENS_R007,2026-08-22T20:00:00,R007,0,0.51,21.96,IoT
SENS_R008,2026-08-22T20:00:00,R008,19,2.05,24.65,IoT
SENS_R009,2026-08-22T20:00:00,R009,8,1.03,24.17,IoT
SENS_R010,2026-08-22T20:00:00,R010,11,1.26,23.21,IoT
SENS_R011,2026-08-22T20:00:00,R011,22,1.14,24.07,IoT
SENS_R012,2026-08-22T20:00:00,R012,2,1.07,22.21,IoT
SENS_R013,2026-08-22T20:00:00,R013,25,1.15,23.53,IoT
SENS_R014,2026-08-22T20:00:00,R014,0,0.85,21.93,IoT
SENS_R015,2026-08-22T20:00:00,R015,8,1.24,23.41,IoT
SENS_R016,2026-08-22T20:00:00,R016,8,1.56,24.29,IoT
SENS_R017,2026-08-22T20:00:00,R017,0,0.5,23.26,IoT
SENS_R018,2026-08-22T20:00:00,R018,14,1.41,25.52,IoT
SENS_R019,2026-08-22T20:00:00,R019,8,1.41,24.65,IoT
SENS_R020,2026-08-22T20:00:00,R020,8,1.24,24.98,IoT
SENS_R021,2026-08-22T20:00:00,R021,14,0.91,22.12,IoT
SENS_R022,2026-08-22T20:00:00,R022,13,1.54,25.2,IoT
SENS_R023,2026-08-22T20:00:00,R023,4,1.29,24.95,IoT
SENS_R024,2026-08-22T20:00:00,R024,7,1.48,24.11,IoT
SENS_R025,2026-08-22T20:00:00,R025,21,1.3,24.3,IoT
SENS_R026,2026-08-22T20:00:00,R026,1,1.0,24.19,IoT
SENS_R027,2026-08-22T20:00:00,R027,12,1.19,23.84,IoT
SENS_R028,2026-08-22T20:00:00,R028,13,1.81,23.05,IoT
SENS_R029,2026-08-22T20:00:00,R029,45,1.82,24.22,IoT
SENS_R030,2026-08-22T20:00:00,R030,8,0.85,22.59,IoT
SENS_R001,2026-08-22T21:00:00,R001,10,1.34,24.26,IoT
SENS_R002,2026-08-22T21:00:00,R002,11,1.1,24.65,IoT
SENS_R003,2026-08-22T21:00:00,R003,50,2.17,22.91,IoT
SENS_R004,2026-08-22T21:00:00,R004,21,1.42,23.59,IoT
SENS_R005,2026-08-22T21:00:00,R005,23,2.01,25.1,IoT
SENS_R006,2026-08-22T21:00:00,R006,0,0.76,23.61,IoT
SENS_R007,2026-08-22T21:00:00,R007,3,1.34,23.66,IoT
SENS_R008,2026-08-22T21:00:00,R008,10,1.21,23.03,IoT
SENS_R009,2026-08-22T21:00:00,R009,7,0.93,22.95,IoT
SENS_R010,2026-08-22T21:00:00,R010,0,0.42,21.53,IoT
SENS_R011,2026-08-22T21:00:00,R011,1,0.79,24.43,IoT
SENS_R012,2026-08-22T21:00:00,R012,7,0.97,24.08,IoT
SENS_R013,2026-08-22T21:00:00,R013,28,1.29,22.31,IoT
SENS_R014,2026-08-22T21:00:00,R014,11,1.52,23.2,IoT
SENS_R015,2026-08-22T21:00:00,R015,6,1.06,25.05,IoT
SENS_R016,2026-08-22T21:00:00,R016,17,1.81,24.25,IoT
SENS_R017,2026-08-22T21:00:00,R017,9,1.41,24.14,IoT
SENS_R018,2026-08-22T21:00:00,R018,8,0.8,23.3,IoT
SENS_R019,2026-08-22T21:00:00,R019,16,1.82,25.1,IoT
SENS_R020,2026-08-22T21:00:00,R020,8,0.84,23.34,IoT
SENS_R021,2026-08-22T21:00:00,R021,1,0.62,23.77,IoT
SENS_R022,2026-08-22T21:00:00,R022,9,1.26,24.74,IoT
SENS_R023,2026-08-22T21:00:00,R023,5,1.02,22.27,IoT
SENS_R024,2026-08-22T21:00:00,R024,7,0.96,23.84,IoT
SENS_R025,2026-08-22T21:00:00,R025,24,1.54,23.68,IoT
SENS_R026,2026-08-22T21:00:00,R026,17,2.07,23.87,IoT
SENS_R027,2026-08-22T21:00:00,R027,1,0.44,23.08,IoT
SENS_R028,2026-08-22T21:00:00,R028,7,1.23,24.77,IoT
SENS_R029,2026-08-22T21:00:00,R029,22,1.14,24.76,IoT
SENS_R030,2026-08-22T21:00:00,R030,3,0.86,24.21,IoT
SENS_R001,2026-08-23T06:00:00,R001,4,1.32,25.26,IoT
SENS_R002,2026-08-23T06:00:00,R002,20,1.53,25.44,IoT
SENS_R003,2026-08-23T06:00:00,R003,12,1.16,24.56,IoT
SENS_R004,2026-08-23T06:00:00,R004,2,1.11,22.58,IoT
SENS_R005,2026-08-23T06:00:00,R005,14,1.31,23.65,IoT
SENS_R006,2026-08-23T06:00:00,R006,3,1.29,23.78,IoT
SENS_R007,2026-08-23T06:00:00,R007,1,1.28,22.45,IoT
SENS_R008,2026-08-23T06:00:00,R008,14,1.14,24.42,IoT
SENS_R009,2026-08-23T06:00:00,R009,11,1.68,23.63,IoT
SENS_R010,2026-08-23T06:00:00,R010,11,1.52,25.46,IoT
SENS_R011,2026-08-23T06:00:00,R011,19,1.13,24.7,IoT
SENS_R012,2026-08-23T06:00:00,R012,0,0.54,23.3,IoT
SENS_R013,2026-08-23T06:00:00,R013,36,1.87,24.65,IoT
SENS_R014,2026-08-23T06:00:00,R014,14,1.82,23.58,IoT
SENS_R015,2026-08-23T06:00:00,R015,0,0.58,23.38,IoT
SENS_R016,2026-08-23T06:00:00,R016,7,0.99,23.1,IoT
SENS_R017,2026-08-23T06:00:00,R017,1,0.53,24.64,IoT
SENS_R018,2026-08-23T06:00:00,R018,13,1.24,24.62,IoT
SENS_R019,2026-08-23T06:00:00,R019,12,1.31,24.47,IoT
SENS_R020,2026-08-23T06:00:00,R020,0,0.44,24.0,IoT
SENS_R021,2026-08-23T06:00:00,R021,0,0.58,23.98,IoT
SENS_R022,2026-08-23T06:00:00,R022,11,1.73,24.23,IoT
SENS_R023,2026-08-23T06:00:00,R023,9,1.51,22.79,IoT
SENS_R024,2026-08-23T06:00:00,R024,6,1.2,23.55,IoT
SENS_R025,2026-08-23T06:00:00,R025,31,1.68,23.44,IoT
SENS_R026,2026-08-23T06:00:00,R026,0,0.68,23.75,IoT
SENS_R027,2026-08-23T06:00:00,R027,33,1.36,23.36,IoT
SENS_R028,2026-08-23T06:00:00,R028,0,0.61,23.54,IoT
SENS_R029,2026-08-23T06:00:00,R029,25,1.49,24.3,IoT
SENS_R030,2026-08-23T06:00:00,R030,6,1.1,24.48,IoT
SENS_R001,2026-08-23T07:00:00,R001,5,1.58,25.02,IoT
SENS_R002,2026-08-23T07:00:00,R002,8,0.83,24.45,IoT
SENS_R003,2026-08-23T07:00:00,R003,35,1.68,25.03,IoT
SENS_R004,2026-08-23T07:00:00,R004,7,0.9,22.73,IoT
SENS_R005,2026-08-23T07:00:00,R005,23,1.42,23.33,IoT
SENS_R006,2026-08-23T07:00:00,R006,7,1.24,24.68,IoT
SENS_R007,2026-08-23T07:00:00,R007,7,1.45,23.3,IoT
SENS_R008,2026-08-23T07:00:00,R008,18,1.22,23.39,IoT
SENS_R009,2026-08-23T07:00:00,R009,2,1.16,23.09,IoT
SENS_R010,2026-08-23T07:00:00,R010,12,1.1,24.4,IoT
SENS_R011,2026-08-23T07:00:00,R011,17,1.48,24.0,IoT
SENS_R012,2026-08-23T07:00:00,R012,8,1.01,24.88,IoT
SENS_R013,2026-08-23T07:00:00,R013,33,1.37,23.6,IoT
SENS_R014,2026-08-23T07:00:00,R014,8,1.47,22.32,IoT
SENS_R015,2026-08-23T07:00:00,R015,8,1.23,23.87,IoT
SENS_R016,2026-08-23T07:00:00,R016,5,1.1,23.55,IoT
SENS_R017,2026-08-23T07:00:00,R017,13,1.45,25.48,IoT
SENS_R018,2026-08-23T07:00:00,R018,22,1.63,25.08,IoT
SENS_R019,2026-08-23T07:00:00,R019,6,1.36,23.74,IoT
SENS_R020,2026-08-23T07:00:00,R020,1,0.9,22.75,IoT
SENS_R021,2026-08-23T07:00:00,R021,14,1.78,25.1,IoT
SENS_R022,2026-08-23T07:00:00,R022,2,1.13,23.57,IoT
SENS_R023,2026-08-23T07:00:00,R023,5,1.22,23.11,IoT
SENS_R024,2026-08-23T07:00:00,R024,2,0.75,23.52,IoT
SENS_R025,2026-08-23T07:00:00,R025,9,0.72,24.97,IoT
SENS_R026,2026-08-23T07:00:00,R026,19,1.63,24.64,IoT
SENS_R027,2026-08-23T07:00:00,R027,45,1.72,24.25,IoT
SENS_R028,2026-08-23T07:00:00,R028,10,1.18,23.68,IoT
SENS_R029,2026-08-23T07:00:00,R029,35,1.61,22.65,IoT
SENS_R030,2026-08-23T07:00:00,R030,8,0.95,23.0,IoT
SENS_R001,2026-08-23T08:00:00,R001,2,0.8,23.71,IoT
SENS_R002,2026-08-23T08:00:00,R002,0,0.71,24.34,IoT
SENS_R003,2026-08-23T08:00:00,R003,0,1.1,23.94,IoT
SENS_R004,2026-08-23T08:00:00,R004,17,1.53,24.72,IoT
SENS_R005,2026-08-23T08:00:00,R005,15,1.21,23.11,IoT
SENS_R006,2026-08-23T08:00:00,R006,16,1.79,25.73,IoT
SENS_R007,2026-08-23T08:00:00,R007,9,1.22,23.16,IoT
SENS_R008,2026-08-23T08:00:00,R008,14,1.48,25.72,IoT
SENS_R009,2026-08-23T08:00:00,R009,12,1.5,25.47,IoT
SENS_R010,2026-08-23T08:00:00,R010,0,0.88,23.21,IoT
SENS_R011,2026-08-23T08:00:00,R011,8,0.87,23.01,IoT
SENS_R012,2026-08-23T08:00:00,R012,21,1.43,23.34,IoT
SENS_R013,2026-08-23T08:00:00,R013,0,0.62,22.7,IoT
SENS_R014,2026-08-23T08:00:00,R014,9,1.47,24.45,IoT
SENS_R015,2026-08-23T08:00:00,R015,4,1.36,24.65,IoT
SENS_R016,2026-08-23T08:00:00,R016,8,1.06,22.96,IoT
SENS_R017,2026-08-23T08:00:00,R017,11,1.73,26.11,IoT
SENS_R018,2026-08-23T08:00:00,R018,23,1.81,24.34,IoT
SENS_R019,2026-08-23T08:00:00,R019,6,1.07,23.89,IoT
SENS_R020,2026-08-23T08:00:00,R020,5,1.27,24.07,IoT
SENS_R021,2026-08-23T08:00:00,R021,6,1.17,23.02,IoT
SENS_R022,2026-08-23T08:00:00,R022,3,0.93,23.55,IoT
SENS_R023,2026-08-23T08:00:00,R023,5,1.24,23.54,IoT
SENS_R024,2026-08-23T08:00:00,R024,2,0.66,24.15,IoT
SENS_R025,2026-08-23T08:00:00,R025,11,1.27,23.65,IoT
SENS_R026,2026-08-23T08:00:00,R026,4,1.76,24.58,IoT
SENS_R027,2026-08-23T08:00:00,R027,34,1.08,25.3,IoT
SENS_R028,2026-08-23T08:00:00,R028,6,1.39,24.09,IoT
SENS_R029,2026-08-23T08:00:00,R029,42,2.09,25.33,IoT
SENS_R030,2026-08-23T08:00:00,R030,4,0.49,24.7,IoT
SENS_R001,2026-08-23T09:00:00,R001,8,1.72,25.46,IoT
SENS_R002,2026-08-23T09:00:00,R002,14,1.09,23.75,IoT
SENS_R003,2026-08-23T09:00:00,R003,13,1.11,24.61,IoT
SENS_R004,2026-08-23T09:00:00,R004,9,0.78,21.76,IoT
SENS_R005,2026-08-23T09:00:00,R005,15,1.29,24.09,IoT
SENS_R006,2026-08-23T09:00:00,R006,6,1.0,23.39,IoT
SENS_R007,2026-08-23T09:00:00,R007,6,1.65,24.11,IoT
SENS_R008,2026-08-23T09:00:00,R008,29,1.76,23.98,IoT
SENS_R009,2026-08-23T09:00:00,R009,14,1.62,25.24,IoT
SENS_R010,2026-08-23T09:00:00,R010,23,1.6,26.08,IoT
SENS_R011,2026-08-23T09:00:00,R011,14,1.51,24.48,IoT
SENS_R012,2026-08-23T09:00:00,R012,0,0.68,23.46,IoT
SENS_R013,2026-08-23T09:00:00,R013,0,0.67,24.47,IoT
SENS_R014,2026-08-23T09:00:00,R014,14,1.48,25.57,IoT
SENS_R015,2026-08-23T09:00:00,R015,9,1.83,24.57,IoT
SENS_R016,2026-08-23T09:00:00,R016,15,1.46,24.4,IoT
SENS_R017,2026-08-23T09:00:00,R017,14,1.21,23.61,IoT
SENS_R018,2026-08-23T09:00:00,R018,5,0.69,23.14,IoT
SENS_R019,2026-08-23T09:00:00,R019,21,1.36,24.41,IoT
SENS_R020,2026-08-23T09:00:00,R020,10,1.48,23.82,IoT
SENS_R021,2026-08-23T09:00:00,R021,11,0.91,24.19,IoT
SENS_R022,2026-08-23T09:00:00,R022,15,1.14,24.31,IoT
SENS_R023,2026-08-23T09:00:00,R023,7,1.36,22.44,IoT
SENS_R024,2026-08-23T09:00:00,R024,13,1.22,24.82,IoT
SENS_R025,2026-08-23T09:00:00,R025,6,1.58,25.07,IoT
SENS_R026,2026-08-23T09:00:00,R026,12,1.78,25.55,IoT
SENS_R027,2026-08-23T09:00:00,R027,53,2.15,25.26,IoT
SENS_R028,2026-08-23T09:00:00,R028,11,1.52,24.54,IoT
SENS_R029,2026-08-23T09:00:00,R029,46,2.44,25.46,IoT
SENS_R030,2026-08-23T09:00:00,R030,3,1.05,23.91,IoT
SENS_R001,2026-08-23T10:00:00,R001,0,1.15,24.15,IoT
SENS_R002,2026-08-23T10:00:00,R002,14,0.86,23.76,IoT
SENS_R003,2026-08-23T10:00:00,R003,20,1.55,24.41,IoT
SENS_R004,2026-08-23T10:00:00,R004,28,2.34,25.02,IoT
SENS_R005,2026-08-23T10:00:00,R005,4,1.37,23.44,IoT
SENS_R006,2026-08-23T10:00:00,R006,13,1.56,23.67,IoT
SENS_R007,2026-08-23T10:00:00,R007,7,1.77,23.47,IoT
SENS_R008,2026-08-23T10:00:00,R008,17,1.72,24.77,IoT
SENS_R009,2026-08-23T10:00:00,R009,4,0.99,22.28,IoT
SENS_R010,2026-08-23T10:00:00,R010,0,0.86,24.63,IoT
SENS_R011,2026-08-23T10:00:00,R011,13,1.28,24.81,IoT
SENS_R012,2026-08-23T10:00:00,R012,7,0.93,22.88,IoT
SENS_R013,2026-08-23T10:00:00,R013,20,0.97,23.41,IoT
SENS_R014,2026-08-23T10:00:00,R014,4,1.11,22.84,IoT
SENS_R015,2026-08-23T10:00:00,R015,6,1.25,23.19,IoT
SENS_R016,2026-08-23T10:00:00,R016,16,1.58,23.29,IoT
SENS_R017,2026-08-23T10:00:00,R017,9,1.08,23.04,IoT
SENS_R018,2026-08-23T10:00:00,R018,4,1.43,23.44,IoT
SENS_R019,2026-08-23T10:00:00,R019,9,1.73,24.35,IoT
SENS_R020,2026-08-23T10:00:00,R020,6,0.84,22.56,IoT
SENS_R021,2026-08-23T10:00:00,R021,0,0.82,24.66,IoT
SENS_R022,2026-08-23T10:00:00,R022,8,0.81,23.24,IoT
SENS_R023,2026-08-23T10:00:00,R023,4,0.54,24.03,IoT
SENS_R024,2026-08-23T10:00:00,R024,7,1.35,24.22,IoT
SENS_R025,2026-08-23T10:00:00,R025,24,1.85,25.74,IoT
SENS_R026,2026-08-23T10:00:00,R026,7,1.46,24.11,IoT
SENS_R027,2026-08-23T10:00:00,R027,13,1.18,22.04,IoT
SENS_R028,2026-08-23T10:00:00,R028,6,1.48,23.72,IoT
SENS_R029,2026-08-23T10:00:00,R029,55,1.98,24.43,IoT
SENS_R030,2026-08-23T10:00:00,R030,11,1.39,24.63,IoT
SENS_R001,2026-08-23T11:00:00,R001,9,1.59,24.89,IoT
SENS_R002,2026-08-23T11:00:00,R002,12,0.86,23.24,IoT
SENS_R003,2026-08-23T11:00:00,R003,13,1.38,24.43,IoT
SENS_R004,2026-08-23T11:00:00,R004,13,0.72,23.7,IoT
SENS_R005,2026-08-23T11:00:00,R005,14,1.34,23.75,IoT
SENS_R006,2026-08-23T11:00:00,R006,6,1.66,24.67,IoT
SENS_R007,2026-08-23T11:00:00,R007,4,1.26,22.23,IoT
SENS_R008,2026-08-23T11:00:00,R008,7,1.24,23.41,IoT
SENS_R009,2026-08-23T11:00:00,R009,10,1.69,25.29,IoT
SENS_R010,2026-08-23T11:00:00,R010,14,1.84,22.98,IoT
SENS_R011,2026-08-23T11:00:00,R011,15,1.27,23.82,IoT
SENS_R012,2026-08-23T11:00:00,R012,22,1.63,25.24,IoT
SENS_R013,2026-08-23T11:00:00,R013,0,0.75,23.16,IoT
SENS_R014,2026-08-23T11:00:00,R014,13,2.38,24.87,IoT
SENS_R015,2026-08-23T11:00:00,R015,12,1.75,24.24,IoT
SENS_R016,2026-08-23T11:00:00,R016,0,0.83,23.22,IoT
SENS_R017,2026-08-23T11:00:00,R017,6,0.69,23.75,IoT
SENS_R018,2026-08-23T11:00:00,R018,12,1.2,24.76,IoT
SENS_R019,2026-08-23T11:00:00,R019,1,0.71,22.28,IoT
SENS_R020,2026-08-23T11:00:00,R020,5,1.17,24.7,IoT
SENS_R021,2026-08-23T11:00:00,R021,5,0.26,22.18,IoT
SENS_R022,2026-08-23T11:00:00,R022,20,1.81,25.08,IoT
SENS_R023,2026-08-23T11:00:00,R023,8,1.37,23.13,IoT
SENS_R024,2026-08-23T11:00:00,R024,12,1.2,24.35,IoT
SENS_R025,2026-08-23T11:00:00,R025,17,1.09,24.84,IoT
SENS_R026,2026-08-23T11:00:00,R026,5,1.26,24.66,IoT
SENS_R027,2026-08-23T11:00:00,R027,25,1.5,23.14,IoT
SENS_R028,2026-08-23T11:00:00,R028,8,1.52,23.95,IoT
SENS_R029,2026-08-23T11:00:00,R029,13,1.33,25.14,IoT
SENS_R030,2026-08-23T11:00:00,R030,9,1.18,23.35,IoT
SENS_R001,2026-08-23T12:00:00,R001,6,1.61,25.5,IoT
SENS_R002,2026-08-23T12:00:00,R002,9,0.81,24.85,IoT
SENS_R003,2026-08-23T12:00:00,R003,20,1.16,24.06,IoT
SENS_R004,2026-08-23T12:00:00,R004,23,1.68,25.32,IoT
SENS_R005,2026-08-23T12:00:00,R005,17,1.06,23.51,IoT
SENS_R006,2026-08-23T12:00:00,R006,17,1.86,23.37,IoT
SENS_R007,2026-08-23T12:00:00,R007,1,1.14,23.37,IoT
SENS_R008,2026-08-23T12:00:00,R008,15,1.48,24.38,IoT
SENS_R009,2026-08-23T12:00:00,R009,14,1.58,25.15,IoT
SENS_R010,2026-08-23T12:00:00,R010,14,1.84,24.95,IoT
SENS_R011,2026-08-23T12:00:00,R011,20,1.7,23.97,IoT
SENS_R012,2026-08-23T12:00:00,R012,0,0.66,25.13,IoT
SENS_R013,2026-08-23T12:00:00,R013,30,1.8,24.32,IoT
SENS_R014,2026-08-23T12:00:00,R014,8,1.6,23.76,IoT
SENS_R015,2026-08-23T12:00:00,R015,5,1.38,24.38,IoT
SENS_R016,2026-08-23T12:00:00,R016,26,1.57,23.79,IoT
SENS_R017,2026-08-23T12:00:00,R017,0,0.99,23.47,IoT
SENS_R018,2026-08-23T12:00:00,R018,3,0.9,23.57,IoT
SENS_R019,2026-08-23T12:00:00,R019,4,0.87,24.23,IoT
SENS_R020,2026-08-23T12:00:00,R020,17,1.99,24.51,IoT
SENS_R021,2026-08-23T12:00:00,R021,0,0.79,24.42,IoT
SENS_R022,2026-08-23T12:00:00,R022,27,2.75,25.08,IoT
SENS_R023,2026-08-23T12:00:00,R023,2,1.01,24.53,IoT
SENS_R024,2026-08-23T12:00:00,R024,18,1.96,25.55,IoT
SENS_R025,2026-08-23T12:00:00,R025,20,1.16,22.47,IoT
SENS_R026,2026-08-23T12:00:00,R026,8,1.08,24.38,IoT
SENS_R027,2026-08-23T12:00:00,R027,13,0.97,24.78,IoT
SENS_R028,2026-08-23T12:00:00,R028,8,1.61,25.14,IoT
SENS_R029,2026-08-23T12:00:00,R029,24,1.29,23.54,IoT
SENS_R030,2026-08-23T12:00:00,R030,13,1.17,22.35,IoT
SENS_R001,2026-08-23T13:00:00,R001,9,1.09,24.62,IoT
SENS_R002,2026-08-23T13:00:00,R002,25,1.35,23.22,IoT
SENS_R003,2026-08-23T13:00:00,R003,6,1.26,24.42,IoT
SENS_R004,2026-08-23T13:00:00,R004,18,1.62,25.7,IoT
SENS_R005,2026-08-23T13:00:00,R005,10,1.37,24.23,IoT
SENS_R006,2026-08-23T13:00:00,R006,5,1.36,23.92,IoT
SENS_R007,2026-08-23T13:00:00,R007,3,1.22,22.95,IoT
SENS_R008,2026-08-23T13:00:00,R008,25,1.77,24.84,IoT
SENS_R009,2026-08-23T13:00:00,R009,5,1.81,24.83,IoT
SENS_R010,2026-08-23T13:00:00,R010,11,1.08,23.19,IoT
SENS_R011,2026-08-23T13:00:00,R011,17,1.4,24.3,IoT
SENS_R012,2026-08-23T13:00:00,R012,7,1.13,23.48,IoT
SENS_R013,2026-08-23T13:00:00,R013,26,1.05,24.07,IoT
SENS_R014,2026-08-23T13:00:00,R014,1,0.65,24.11,IoT
SENS_R015,2026-08-23T13:00:00,R015,3,1.1,24.69,IoT
SENS_R016,2026-08-23T13:00:00,R016,13,1.92,23.65,IoT
SENS_R017,2026-08-23T13:00:00,R017,8,1.12,23.42,IoT
SENS_R018,2026-08-23T13:00:00,R018,0,1.08,25.65,IoT
SENS_R019,2026-08-23T13:00:00,R019,15,1.27,23.2,IoT
SENS_R020,2026-08-23T13:00:00,R020,15,1.88,23.96,IoT
SENS_R021,2026-08-23T13:00:00,R021,15,1.19,23.02,IoT
SENS_R022,2026-08-23T13:00:00,R022,19,1.28,25.19,IoT
SENS_R023,2026-08-23T13:00:00,R023,11,1.41,23.87,IoT
SENS_R024,2026-08-23T13:00:00,R024,19,1.87,24.59,IoT
SENS_R025,2026-08-23T13:00:00,R025,0,1.17,22.8,IoT
SENS_R026,2026-08-23T13:00:00,R026,0,0.1,22.54,IoT
SENS_R027,2026-08-23T13:00:00,R027,1,0.5,24.29,IoT
SENS_R028,2026-08-23T13:00:00,R028,12,1.74,25.19,IoT
SENS_R029,2026-08-23T13:00:00,R029,40,1.76,23.76,IoT
SENS_R030,2026-08-23T13:00:00,R030,2,0.73,25.31,IoT
SENS_R001,2026-08-23T14:00:00,R001,8,1.73,23.88,IoT
SENS_R002,2026-08-23T14:00:00,R002,14,1.46,24.68,IoT
SENS_R003,2026-08-23T14:00:00,R003,4,0.46,22.5,IoT
SENS_R004,2026-08-23T14:00:00,R004,4,0.77,24.06,IoT
SENS_R005,2026-08-23T14:00:00,R005,0,0.29,23.72,IoT
SENS_R006,2026-08-23T14:00:00,R006,6,1.3,23.81,IoT
SENS_R007,2026-08-23T14:00:00,R007,1,0.65,22.51,IoT
SENS_R008,2026-08-23T14:00:00,R008,16,1.35,23.73,IoT
SENS_R009,2026-08-23T14:00:00,R009,6,1.08,23.61,IoT
SENS_R010,2026-08-23T14:00:00,R010,28,2.1,22.53,IoT
SENS_R011,2026-08-23T14:00:00,R011,21,1.7,25.21,IoT
SENS_R012,2026-08-23T14:00:00,R012,5,1.13,24.54,IoT
SENS_R013,2026-08-23T14:00:00,R013,23,1.43,23.78,IoT
SENS_R014,2026-08-23T14:00:00,R014,6,1.23,23.73,IoT
SENS_R015,2026-08-23T14:00:00,R015,2,0.9,21.7,IoT
SENS_R016,2026-08-23T14:00:00,R016,9,1.42,25.69,IoT
SENS_R017,2026-08-23T14:00:00,R017,31,2.78,25.25,IoT
SENS_R018,2026-08-23T14:00:00,R018,4,0.65,23.53,IoT
SENS_R019,2026-08-23T14:00:00,R019,21,1.62,23.71,IoT
SENS_R020,2026-08-23T14:00:00,R020,2,0.77,22.87,IoT
SENS_R021,2026-08-23T14:00:00,R021,9,1.23,23.93,IoT
SENS_R022,2026-08-23T14:00:00,R022,25,1.99,25.7,IoT
SENS_R023,2026-08-23T14:00:00,R023,6,1.37,24.59,IoT
SENS_R024,2026-08-23T14:00:00,R024,14,1.42,24.5,IoT
SENS_R025,2026-08-23T14:00:00,R025,13,0.88,23.19,IoT
SENS_R026,2026-08-23T14:00:00,R026,3,1.11,24.09,IoT
SENS_R027,2026-08-23T14:00:00,R027,44,1.93,25.1,IoT
SENS_R028,2026-08-23T14:00:00,R028,12,1.54,23.24,IoT
SENS_R029,2026-08-23T14:00:00,R029,31,1.93,24.26,IoT
SENS_R030,2026-08-23T14:00:00,R030,0,1.22,24.28,IoT
SENS_R001,2026-08-23T15:00:00,R001,2,1.35,23.19,IoT
SENS_R002,2026-08-23T15:00:00,R002,21,1.46,23.92,IoT
SENS_R003,2026-08-23T15:00:00,R003,16,1.62,25.4,IoT
SENS_R004,2026-08-23T15:00:00,R004,16,1.21,24.25,IoT
SENS_R005,2026-08-23T15:00:00,R005,10,1.45,24.53,IoT
SENS_R006,2026-08-23T15:00:00,R006,6,1.11,23.83,IoT
SENS_R007,2026-08-23T15:00:00,R007,9,1.24,23.13,IoT
SENS_R008,2026-08-23T15:00:00,R008,24,1.2,24.65,IoT
SENS_R009,2026-08-23T15:00:00,R009,8,0.96,23.26,IoT
SENS_R010,2026-08-23T15:00:00,R010,22,1.68,23.73,IoT
SENS_R011,2026-08-23T15:00:00,R011,26,1.26,24.03,IoT
SENS_R012,2026-08-23T15:00:00,R012,21,1.74,25.05,IoT
SENS_R013,2026-08-23T15:00:00,R013,12,1.29,24.64,IoT
SENS_R014,2026-08-23T15:00:00,R014,3,1.0,23.26,IoT
SENS_R015,2026-08-23T15:00:00,R015,8,1.43,24.27,IoT
SENS_R016,2026-08-23T15:00:00,R016,10,1.3,23.52,IoT
SENS_R017,2026-08-23T15:00:00,R017,13,1.38,23.53,IoT
SENS_R018,2026-08-23T15:00:00,R018,0,0.7,24.52,IoT
SENS_R019,2026-08-23T15:00:00,R019,8,1.37,24.57,IoT
SENS_R020,2026-08-23T15:00:00,R020,12,0.92,22.88,IoT
SENS_R021,2026-08-23T15:00:00,R021,14,1.66,25.75,IoT
SENS_R022,2026-08-23T15:00:00,R022,20,1.52,24.33,IoT
SENS_R023,2026-08-23T15:00:00,R023,2,1.07,24.21,IoT
SENS_R024,2026-08-23T15:00:00,R024,10,1.65,23.05,IoT
SENS_R025,2026-08-23T15:00:00,R025,26,1.78,22.74,IoT
SENS_R026,2026-08-23T15:00:00,R026,0,0.48,23.25,IoT
SENS_R027,2026-08-23T15:00:00,R027,28,1.41,24.08,IoT
SENS_R028,2026-08-23T15:00:00,R028,6,0.95,25.31,IoT
SENS_R029,2026-08-23T15:00:00,R029,26,1.54,24.42,IoT
SENS_R030,2026-08-23T15:00:00,R030,15,1.33,24.72,IoT
SENS_R001,2026-08-23T16:00:00,R001,6,1.5,25.14,IoT
SENS_R002,2026-08-23T16:00:00,R002,5,1.27,24.95,IoT
SENS_R003,2026-08-23T16:00:00,R003,25,1.78,23.44,IoT
SENS_R004,2026-08-23T16:00:00,R004,3,1.34,24.92,IoT
SENS_R005,2026-08-23T16:00:00,R005,10,1.25,23.4,IoT
SENS_R006,2026-08-23T16:00:00,R006,5,1.26,24.7,IoT
SENS_R007,2026-08-23T16:00:00,R007,6,1.36,24.42,IoT
SENS_R008,2026-08-23T16:00:00,R008,16,1.52,22.56,IoT
SENS_R009,2026-08-23T16:00:00,R009,9,1.17,24.71,IoT
SENS_R010,2026-08-23T16:00:00,R010,7,1.07,24.52,IoT
SENS_R011,2026-08-23T16:00:00,R011,22,2.15,26.04,IoT
SENS_R012,2026-08-23T16:00:00,R012,17,1.71,24.34,IoT
SENS_R013,2026-08-23T16:00:00,R013,9,0.63,24.54,IoT
SENS_R014,2026-08-23T16:00:00,R014,7,1.26,24.23,IoT
SENS_R015,2026-08-23T16:00:00,R015,7,1.57,23.74,IoT
SENS_R016,2026-08-23T16:00:00,R016,27,2.32,25.68,IoT
SENS_R017,2026-08-23T16:00:00,R017,26,2.52,25.21,IoT
SENS_R018,2026-08-23T16:00:00,R018,14,1.33,24.58,IoT
SENS_R019,2026-08-23T16:00:00,R019,5,0.63,23.23,IoT
SENS_R020,2026-08-23T16:00:00,R020,18,1.83,24.93,IoT
SENS_R021,2026-08-23T16:00:00,R021,13,1.76,24.14,IoT
SENS_R022,2026-08-23T16:00:00,R022,2,0.6,23.21,IoT
SENS_R023,2026-08-23T16:00:00,R023,2,1.4,23.62,IoT
SENS_R024,2026-08-23T16:00:00,R024,9,1.35,24.69,IoT
SENS_R025,2026-08-23T16:00:00,R025,14,1.13,23.84,IoT
SENS_R026,2026-08-23T16:00:00,R026,0,0.87,23.55,IoT
SENS_R027,2026-08-23T16:00:00,R027,6,1.15,24.33,IoT
SENS_R028,2026-08-23T16:00:00,R028,6,1.49,23.48,IoT
SENS_R029,2026-08-23T16:00:00,R029,27,1.21,24.22,IoT
SENS_R030,2026-08-23T16:00:00,R030,10,1.37,25.37,IoT
SENS_R001,2026-08-23T17:00:00,R001,13,2.44,25.81,IoT
SENS_R002,2026-08-23T17:00:00,R002,14,1.11,23.74,IoT
SENS_R003,2026-08-23T17:00:00,R003,34,1.76,24.06,IoT
SENS_R004,2026-08-23T17:00:00,R004,9,0.85,22.6,IoT
SENS_R005,2026-08-23T17:00:00,R005,14,1.42,23.99,IoT
SENS_R006,2026-08-23T17:00:00,R006,14,1.77,25.18,IoT
SENS_R007,2026-08-23T17:00:00,R007,0,0.99,23.44,IoT
SENS_R008,2026-08-23T17:00:00,R008,25,1.54,25.06,IoT
SENS_R009,2026-08-23T17:00:00,R009,4,1.25,24.59,IoT
SENS_R010,2026-08-23T17:00:00,R010,18,1.65,25.05,IoT
SENS_R011,2026-08-23T17:00:00,R011,18,1.18,23.9,IoT
SENS_R012,2026-08-23T17:00:00,R012,31,2.41,25.56,IoT
SENS_R013,2026-08-23T17:00:00,R013,1,0.73,24.43,IoT
SENS_R014,2026-08-23T17:00:00,R014,6,1.23,24.58,IoT
SENS_R015,2026-08-23T17:00:00,R015,1,0.8,23.67,IoT
SENS_R016,2026-08-23T17:00:00,R016,3,0.84,22.87,IoT
SENS_R017,2026-08-23T17:00:00,R017,13,1.24,23.69,IoT
SENS_R018,2026-08-23T17:00:00,R018,28,1.95,25.61,IoT
SENS_R019,2026-08-23T17:00:00,R019,21,1.74,22.91,IoT
SENS_R020,2026-08-23T17:00:00,R020,1,0.68,23.14,IoT
SENS_R021,2026-08-23T17:00:00,R021,0,0.6,23.71,IoT
SENS_R022,2026-08-23T17:00:00,R022,11,1.04,23.13,IoT
SENS_R023,2026-08-23T17:00:00,R023,5,1.33,23.42,IoT
SENS_R024,2026-08-23T17:00:00,R024,16,1.76,24.62,IoT
SENS_R025,2026-08-23T17:00:00,R025,11,0.75,22.95,IoT
SENS_R026,2026-08-23T17:00:00,R026,4,1.1,22.7,IoT
SENS_R027,2026-08-23T17:00:00,R027,39,1.62,25.36,IoT
SENS_R028,2026-08-23T17:00:00,R028,14,1.92,26.11,IoT
SENS_R029,2026-08-23T17:00:00,R029,9,1.11,22.73,IoT
SENS_R030,2026-08-23T17:00:00,R030,16,1.87,24.0,IoT
SENS_R001,2026-08-23T18:00:00,R001,10,2.0,24.54,IoT
SENS_R002,2026-08-23T18:00:00,R002,23,0.99,23.69,IoT
SENS_R003,2026-08-23T18:00:00,R003,32,2.23,25.44,IoT
SENS_R004,2026-08-23T18:00:00,R004,40,2.52,25.02,IoT
SENS_R005,2026-08-23T18:00:00,R005,23,1.76,24.82,IoT
SENS_R006,2026-08-23T18:00:00,R006,0,0.5,23.84,IoT
SENS_R007,2026-08-23T18:00:00,R007,2,0.91,22.93,IoT
SENS_R008,2026-08-23T18:00:00,R008,7,1.08,24.34,IoT
SENS_R009,2026-08-23T18:00:00,R009,4,0.58,22.94,IoT
SENS_R010,2026-08-23T18:00:00,R010,18,1.52,24.54,IoT
SENS_R011,2026-08-23T18:00:00,R011,18,1.46,24.25,IoT
SENS_R012,2026-08-23T18:00:00,R012,15,1.78,25.73,IoT
SENS_R013,2026-08-23T18:00:00,R013,27,1.56,24.18,IoT
SENS_R014,2026-08-23T18:00:00,R014,8,1.53,22.73,IoT
SENS_R015,2026-08-23T18:00:00,R015,17,2.09,22.93,IoT
SENS_R016,2026-08-23T18:00:00,R016,10,0.99,24.03,IoT
SENS_R017,2026-08-23T18:00:00,R017,12,1.27,24.4,IoT
SENS_R018,2026-08-23T18:00:00,R018,21,1.83,24.51,IoT
SENS_R019,2026-08-23T18:00:00,R019,17,1.6,23.66,IoT
SENS_R020,2026-08-23T18:00:00,R020,22,2.03,24.53,IoT
SENS_R021,2026-08-23T18:00:00,R021,7,0.91,23.81,IoT
SENS_R022,2026-08-23T18:00:00,R022,9,1.35,24.0,IoT
SENS_R023,2026-08-23T18:00:00,R023,9,1.1,23.62,IoT
SENS_R024,2026-08-23T18:00:00,R024,20,1.74,25.34,IoT
SENS_R025,2026-08-23T18:00:00,R025,26,1.41,23.75,IoT
SENS_R026,2026-08-23T18:00:00,R026,10,1.31,23.03,IoT
SENS_R027,2026-08-23T18:00:00,R027,40,1.41,23.87,IoT
SENS_R028,2026-08-23T18:00:00,R028,13,1.96,24.0,IoT
SENS_R029,2026-08-23T18:00:00,R029,24,0.84,24.17,IoT
SENS_R030,2026-08-23T18:00:00,R030,17,1.43,24.79,IoT
SENS_R001,2026-08-23T19:00:00,R001,9,1.55,24.71,IoT
SENS_R002,2026-08-23T19:00:00,R002,24,1.33,23.67,IoT
SENS_R003,2026-08-23T19:00:00,R003,36,1.83,25.59,IoT
SENS_R004,2026-08-23T19:00:00,R004,10,0.82,23.14,IoT
SENS_R005,2026-08-23T19:00:00,R005,13,1.25,23.81,IoT
SENS_R006,2026-08-23T19:00:00,R006,5,1.22,24.2,IoT
SENS_R007,2026-08-23T19:00:00,R007,8,1.5,25.31,IoT
SENS_R008,2026-08-23T19:00:00,R008,20,1.48,25.5,IoT
SENS_R009,2026-08-23T19:00:00,R009,11,1.79,23.73,IoT
SENS_R010,2026-08-23T19:00:00,R010,12,1.29,24.39,IoT
SENS_R011,2026-08-23T19:00:00,R011,9,1.13,24.41,IoT
SENS_R012,2026-08-23T19:00:00,R012,17,2.25,25.28,IoT
SENS_R013,2026-08-23T19:00:00,R013,44,1.44,23.31,IoT
SENS_R014,2026-08-23T19:00:00,R014,19,2.13,23.88,IoT
SENS_R015,2026-08-23T19:00:00,R015,4,0.94,22.66,IoT
SENS_R016,2026-08-23T19:00:00,R016,8,0.73,22.86,IoT
SENS_R017,2026-08-23T19:00:00,R017,5,1.01,25.28,IoT
SENS_R018,2026-08-23T19:00:00,R018,18,1.15,24.12,IoT
SENS_R019,2026-08-23T19:00:00,R019,9,1.79,23.85,IoT
SENS_R020,2026-08-23T19:00:00,R020,7,1.11,23.16,IoT
SENS_R021,2026-08-23T19:00:00,R021,10,1.04,23.67,IoT
SENS_R022,2026-08-23T19:00:00,R022,8,1.27,23.27,IoT
SENS_R023,2026-08-23T19:00:00,R023,3,0.45,22.98,IoT
SENS_R024,2026-08-23T19:00:00,R024,5,0.82,23.51,IoT
SENS_R025,2026-08-23T19:00:00,R025,36,1.57,23.51,IoT
SENS_R026,2026-08-23T19:00:00,R026,1,0.81,25.08,IoT
SENS_R027,2026-08-23T19:00:00,R027,16,0.93,23.3,IoT
SENS_R028,2026-08-23T19:00:00,R028,6,1.24,25.18,IoT
SENS_R029,2026-08-23T19:00:00,R029,44,1.45,24.01,IoT
SENS_R030,2026-08-23T19:00:00,R030,10,1.22,24.08,IoT
SENS_R001,2026-08-23T20:00:00,R001,0,1.03,24.16,IoT
SENS_R002,2026-08-23T20:00:00,R002,22,1.35,23.4,IoT
SENS_R003,2026-08-23T20:00:00,R003,38,1.91,24.74,IoT
SENS_R004,2026-08-23T20:00:00,R004,16,1.67,24.71,IoT
SENS_R005,2026-08-23T20:00:00,R005,18,1.5,25.26,IoT
SENS_R006,2026-08-23T20:00:00,R006,11,1.67,24.25,IoT
SENS_R007,2026-08-23T20:00:00,R007,2,0.67,24.49,IoT
SENS_R008,2026-08-23T20:00:00,R008,0,0.85,23.2,IoT
SENS_R009,2026-08-23T20:00:00,R009,6,1.23,24.6,IoT
SENS_R010,2026-08-23T20:00:00,R010,9,1.49,24.59,IoT
SENS_R011,2026-08-23T20:00:00,R011,16,1.41,22.91,IoT
SENS_R012,2026-08-23T20:00:00,R012,19,1.66,23.72,IoT
SENS_R013,2026-08-23T20:00:00,R013,33,1.55,24.52,IoT
SENS_R014,2026-08-23T20:00:00,R014,4,1.27,24.0,IoT
SENS_R015,2026-08-23T20:00:00,R015,4,1.19,24.22,IoT
SENS_R016,2026-08-23T20:00:00,R016,25,1.97,25.34,IoT
SENS_R017,2026-08-23T20:00:00,R017,16,1.84,25.1,IoT
SENS_R018,2026-08-23T20:00:00,R018,12,1.13,23.66,IoT
SENS_R019,2026-08-23T20:00:00,R019,20,1.8,24.65,IoT
SENS_R020,2026-08-23T20:00:00,R020,0,0.74,22.22,IoT
SENS_R021,2026-08-23T20:00:00,R021,0,0.44,23.37,IoT
SENS_R022,2026-08-23T20:00:00,R022,0,1.04,24.02,IoT
SENS_R023,2026-08-23T20:00:00,R023,3,0.94,24.45,IoT
SENS_R024,2026-08-23T20:00:00,R024,4,0.89,22.39,IoT
SENS_R025,2026-08-23T20:00:00,R025,15,0.91,24.46,IoT
SENS_R026,2026-08-23T20:00:00,R026,12,1.8,24.68,IoT
SENS_R027,2026-08-23T20:00:00,R027,4,0.73,22.29,IoT
SENS_R028,2026-08-23T20:00:00,R028,9,0.68,23.0,IoT
SENS_R029,2026-08-23T20:00:00,R029,16,1.15,24.17,IoT
SENS_R030,2026-08-23T20:00:00,R030,27,1.84,23.86,IoT
SENS_R001,2026-08-23T21:00:00,R001,9,1.33,25.36,IoT
SENS_R002,2026-08-23T21:00:00,R002,28,1.57,24.78,IoT
SENS_R003,2026-08-23T21:00:00,R003,24,1.86,24.25,IoT
SENS_R004,2026-08-23T21:00:00,R004,14,1.2,24.2,IoT
SENS_R005,2026-08-23T21:00:00,R005,23,1.09,24.01,IoT
SENS_R006,2026-08-23T21:00:00,R006,12,1.67,24.54,IoT
SENS_R007,2026-08-23T21:00:00,R007,2,1.16,23.91,IoT
SENS_R008,2026-08-23T21:00:00,R008,18,1.53,23.12,IoT
SENS_R009,2026-08-23T21:00:00,R009,8,1.71,24.05,IoT
SENS_R010,2026-08-23T21:00:00,R010,25,2.28,24.9,IoT
SENS_R011,2026-08-23T21:00:00,R011,6,0.96,22.97,IoT
SENS_R012,2026-08-23T21:00:00,R012,18,1.41,23.33,IoT
SENS_R013,2026-08-23T21:00:00,R013,35,1.83,23.74,IoT
SENS_R014,2026-08-23T21:00:00,R014,4,1.09,24.18,IoT
SENS_R015,2026-08-23T21:00:00,R015,8,1.45,24.17,IoT
SENS_R016,2026-08-23T21:00:00,R016,14,1.28,23.62,IoT
SENS_R017,2026-08-23T21:00:00,R017,17,2.0,24.7,IoT
SENS_R018,2026-08-23T21:00:00,R018,17,1.44,23.83,IoT
SENS_R019,2026-08-23T21:00:00,R019,9,1.3,23.79,IoT
SENS_R020,2026-08-23T21:00:00,R020,3,1.23,24.69,IoT
SENS_R021,2026-08-23T21:00:00,R021,9,1.41,24.34,IoT
SENS_R022,2026-08-23T21:00:00,R022,0,1.01,22.68,IoT
SENS_R023,2026-08-23T21:00:00,R023,0,1.08,24.7,IoT
SENS_R024,2026-08-23T21:00:00,R024,15,1.27,25.88,IoT
SENS_R025,2026-08-23T21:00:00,R025,18,1.47,24.32,IoT
SENS_R026,2026-08-23T21:00:00,R026,4,1.02,25.15,IoT
SENS_R027,2026-08-23T21:00:00,R027,0,0.7,23.91,IoT
SENS_R028,2026-08-23T21:00:00,R028,4,0.96,23.56,IoT
SENS_R029,2026-08-23T21:00:00,R029,31,1.36,23.51,IoT
SENS_R030,2026-08-23T21:00:00,R030,0,0.87,23.47,IoT
SENS_R001,2026-08-24T06:00:00,R001,9,1.94,23.99,IoT
SENS_R002,2026-08-24T06:00:00,R002,35,1.74,25.59,IoT
SENS_R003,2026-08-24T06:00:00,R003,29,1.52,24.28,IoT
SENS_R004,2026-08-24T06:00:00,R004,14,1.25,24.87,IoT
SENS_R005,2026-08-24T06:00:00,R005,18,1.61,25.38,IoT
SENS_R006,2026-08-24T06:00:00,R006,3,0.94,22.67,IoT
SENS_R007,2026-08-24T06:00:00,R007,4,1.25,23.4,IoT
SENS_R008,2026-08-24T06:00:00,R008,14,1.14,23.73,IoT
SENS_R009,2026-08-24T06:00:00,R009,12,1.84,24.31,IoT
SENS_R010,2026-08-24T06:00:00,R010,17,1.95,24.48,IoT
SENS_R011,2026-08-24T06:00:00,R011,34,1.87,24.11,IoT
SENS_R012,2026-08-24T06:00:00,R012,14,1.52,24.51,IoT
SENS_R013,2026-08-24T06:00:00,R013,33,1.82,23.96,IoT
SENS_R014,2026-08-24T06:00:00,R014,9,1.5,24.08,IoT
SENS_R015,2026-08-24T06:00:00,R015,11,1.81,25.04,IoT
SENS_R016,2026-08-24T06:00:00,R016,24,2.06,24.09,IoT
SENS_R017,2026-08-24T06:00:00,R017,10,1.59,24.59,IoT
SENS_R018,2026-08-24T06:00:00,R018,9,1.41,24.3,IoT
SENS_R019,2026-08-24T06:00:00,R019,13,1.48,25.05,IoT
SENS_R020,2026-08-24T06:00:00,R020,15,1.31,24.69,IoT
SENS_R021,2026-08-24T06:00:00,R021,24,2.02,25.0,IoT
SENS_R022,2026-08-24T06:00:00,R022,14,1.52,25.04,IoT
SENS_R023,2026-08-24T06:00:00,R023,9,1.66,24.13,IoT
SENS_R024,2026-08-24T06:00:00,R024,12,1.65,24.61,IoT
SENS_R025,2026-08-24T06:00:00,R025,31,1.58,23.95,IoT
SENS_R026,2026-08-24T06:00:00,R026,10,1.34,24.21,IoT
SENS_R027,2026-08-24T06:00:00,R027,52,1.99,25.31,IoT
SENS_R028,2026-08-24T06:00:00,R028,3,0.83,23.39,IoT
SENS_R029,2026-08-24T06:00:00,R029,42,1.53,24.4,IoT
SENS_R030,2026-08-24T06:00:00,R030,21,1.76,25.07,IoT
SENS_R001,2026-08-24T07:00:00,R001,3,1.23,22.08,IoT
SENS_R002,2026-08-24T07:00:00,R002,29,1.37,23.62,IoT
SENS_R003,2026-08-24T07:00:00,R003,16,1.01,24.32,IoT
SENS_R004,2026-08-24T07:00:00,R004,30,1.91,25.41,IoT
SENS_R005,2026-08-24T07:00:00,R005,24,1.9,24.6,IoT
SENS_R006,2026-08-24T07:00:00,R006,11,1.57,25.11,IoT
SENS_R007,2026-08-24T07:00:00,R007,6,1.87,23.64,IoT
SENS_R008,2026-08-24T07:00:00,R008,45,2.58,24.57,IoT
SENS_R009,2026-08-24T07:00:00,R009,16,2.14,24.64,IoT
SENS_R010,2026-08-24T07:00:00,R010,17,1.43,24.5,IoT
SENS_R011,2026-08-24T07:00:00,R011,26,1.67,23.99,IoT
SENS_R012,2026-08-24T07:00:00,R012,17,1.91,25.2,IoT
SENS_R013,2026-08-24T07:00:00,R013,43,1.66,24.64,IoT
SENS_R014,2026-08-24T07:00:00,R014,5,1.21,26.92,IoT
SENS_R015,2026-08-24T07:00:00,R015,4,1.08,23.45,IoT
SENS_R016,2026-08-24T07:00:00,R016,5,0.72,23.12,IoT
SENS_R017,2026-08-24T07:00:00,R017,22,1.77,24.51,IoT
SENS_R018,2026-08-24T07:00:00,R018,29,2.02,26.1,IoT
SENS_R019,2026-08-24T07:00:00,R019,13,1.45,24.12,IoT
SENS_R020,2026-08-24T07:00:00,R020,21,1.74,25.2,IoT
SENS_R021,2026-08-24T07:00:00,R021,8,1.08,25.14,IoT
SENS_R022,2026-08-24T07:00:00,R022,8,0.95,23.08,IoT
SENS_R023,2026-08-24T07:00:00,R023,7,1.27,22.99,IoT
SENS_R024,2026-08-24T07:00:00,R024,18,1.97,24.18,IoT
SENS_R025,2026-08-24T07:00:00,R025,49,2.18,24.94,IoT
SENS_R026,2026-08-24T07:00:00,R026,7,1.22,24.03,IoT
SENS_R027,2026-08-24T07:00:00,R027,40,1.5,23.2,IoT
SENS_R028,2026-08-24T07:00:00,R028,10,1.52,23.78,IoT
SENS_R029,2026-08-24T07:00:00,R029,25,1.03,23.54,IoT
SENS_R030,2026-08-24T07:00:00,R030,25,1.9,22.9,IoT
SENS_R001,2026-08-24T08:00:00,R001,30,3.43,24.39,IoT
SENS_R002,2026-08-24T08:00:00,R002,46,2.38,24.34,IoT
SENS_R003,2026-08-24T08:00:00,R003,81,3.39,25.97,IoT
SENS_R004,2026-08-24T08:00:00,R004,68,2.71,25.15,IoT
SENS_R005,2026-08-24T08:00:00,R005,53,2.2,24.46,IoT
SENS_R006,2026-08-24T08:00:00,R006,41,3.44,25.98,IoT
SENS_R007,2026-08-24T08:00:00,R007,29,3.1,23.41,IoT
SENS_R008,2026-08-24T08:00:00,R008,81,3.83,27.6,IoT
SENS_R009,2026-08-24T08:00:00,R009,20,1.85,24.8,IoT
SENS_R010,2026-08-24T08:00:00,R010,54,3.63,26.13,IoT
SENS_R011,2026-08-24T08:00:00,R011,40,2.29,25.2,IoT
SENS_R012,2026-08-24T08:00:00,R012,43,2.73,25.13,IoT
SENS_R013,2026-08-24T08:00:00,R013,90,2.66,23.44,IoT
SENS_R014,2026-08-24T08:00:00,R014,27,2.33,25.49,IoT
SENS_R015,2026-08-24T08:00:00,R015,16,2.22,24.93,IoT
SENS_R016,2026-08-24T08:00:00,R016,41,2.75,24.37,IoT
SENS_R017,2026-08-24T08:00:00,R017,42,2.58,24.51,IoT
SENS_R018,2026-08-24T08:00:00,R018,60,2.53,25.13,IoT
SENS_R019,2026-08-24T08:00:00,R019,41,2.59,24.81,IoT
SENS_R020,2026-08-24T08:00:00,R020,32,2.84,24.86,IoT
SENS_R021,2026-08-24T08:00:00,R021,44,3.04,26.2,IoT
SENS_R022,2026-08-24T08:00:00,R022,41,2.93,24.97,IoT
SENS_R023,2026-08-24T08:00:00,R023,18,2.71,24.87,IoT
SENS_R024,2026-08-24T08:00:00,R024,32,2.25,24.69,IoT
SENS_R025,2026-08-24T08:00:00,R025,52,2.18,23.07,IoT
SENS_R026,2026-08-24T08:00:00,R026,39,3.6,26.22,IoT
SENS_R027,2026-08-24T08:00:00,R027,127,3.52,25.43,IoT
SENS_R028,2026-08-24T08:00:00,R028,21,2.38,26.11,IoT
SENS_R029,2026-08-24T08:00:00,R029,114,3.6,25.82,IoT
SENS_R030,2026-08-24T08:00:00,R030,42,2.94,25.2,IoT
SENS_R001,2026-08-24T09:00:00,R001,11,2.33,25.15,IoT
SENS_R002,2026-08-24T09:00:00,R002,84,3.79,25.44,IoT
SENS_R003,2026-08-24T09:00:00,R003,65,3.0,25.21,IoT
SENS_R004,2026-08-24T09:00:00,R004,67,3.02,24.88,IoT
SENS_R005,2026-08-24T09:00:00,R005,77,3.91,25.87,IoT
SENS_R006,2026-08-24T09:00:00,R006,40,3.38,24.46,IoT
SENS_R007,2026-08-24T09:00:00,R007,27,3.36,25.35,IoT
SENS_R008,2026-08-24T09:00:00,R008,57,2.72,25.21,IoT
SENS_R009,2026-08-24T09:00:00,R009,43,3.35,25.8,IoT
SENS_R010,2026-08-24T09:00:00,R010,48,3.24,26.33,IoT
SENS_R011,2026-08-24T09:00:00,R011,59,2.74,24.86,IoT
SENS_R012,2026-08-24T09:00:00,R012,50,3.07,24.12,IoT
SENS_R013,2026-08-24T09:00:00,R013,64,2.71,25.95,IoT
SENS_R014,2026-08-24T09:00:00,R014,33,3.77,25.44,IoT
SENS_R015,2026-08-24T09:00:00,R015,21,2.3,24.91,IoT
SENS_R016,2026-08-24T09:00:00,R016,48,3.25,26.01,IoT
SENS_R017,2026-08-24T09:00:00,R017,42,2.84,24.45,IoT
SENS_R018,2026-08-24T09:00:00,R018,54,2.92,25.39,IoT
SENS_R019,2026-08-24T09:00:00,R019,39,2.45,25.3,IoT
SENS_R020,2026-08-24T09:00:00,R020,27,2.69,24.3,IoT
SENS_R021,2026-08-24T09:00:00,R021,39,2.61,25.26,IoT
SENS_R022,2026-08-24T09:00:00,R022,38,3.02,24.64,IoT
SENS_R023,2026-08-24T09:00:00,R023,25,3.16,24.6,IoT
SENS_R024,2026-08-24T09:00:00,R024,31,2.11,26.94,IoT
SENS_R025,2026-08-24T09:00:00,R025,83,2.92,26.94,IoT
SENS_R026,2026-08-24T09:00:00,R026,20,2.18,24.81,IoT
SENS_R027,2026-08-24T09:00:00,R027,125,3.69,26.44,IoT
SENS_R028,2026-08-24T09:00:00,R028,28,2.25,24.07,IoT
SENS_R029,2026-08-24T09:00:00,R029,80,2.77,24.64,IoT
SENS_R030,2026-08-24T09:00:00,R030,40,2.64,24.5,IoT
SENS_R001,2026-08-24T10:00:00,R001,27,2.75,25.25,IoT
SENS_R002,2026-08-24T10:00:00,R002,45,2.15,24.27,IoT
SENS_R003,2026-08-24T10:00:00,R003,54,2.15,23.84,IoT
SENS_R004,2026-08-24T10:00:00,R004,56,2.66,24.56,IoT
SENS_R005,2026-08-24T10:00:00,R005,42,2.57,24.42,IoT
SENS_R006,2026-08-24T10:00:00,R006,19,2.16,23.8,IoT
SENS_R007,2026-08-24T10:00:00,R007,36,3.76,25.57,IoT
SENS_R008,2026-08-24T10:00:00,R008,62,2.79,25.47,IoT
SENS_R009,2026-08-24T10:00:00,R009,42,3.71,25.73,IoT
SENS_R010,2026-08-24T10:00:00,R010,39,2.74,25.04,IoT
SENS_R011,2026-08-24T10:00:00,R011,67,3.02,25.2,IoT
SENS_R012,2026-08-24T10:00:00,R012,46,2.73,24.48,IoT
SENS_R013,2026-08-24T10:00:00,R013,58,1.92,25.41,IoT
SENS_R014,2026-08-24T10:00:00,R014,45,4.15,26.52,IoT
SENS_R015,2026-08-24T10:00:00,R015,30,3.57,26.1,IoT
SENS_R016,2026-08-24T10:00:00,R016,60,3.46,24.69,IoT
SENS_R017,2026-08-24T10:00:00,R017,33,2.35,25.51,IoT
SENS_R018,2026-08-24T10:00:00,R018,68,3.24,24.99,IoT
SENS_R019,2026-08-24T10:00:00,R019,58,3.5,26.55,IoT
SENS_R020,2026-08-24T10:00:00,R020,26,2.4,25.26,IoT
SENS_R021,2026-08-24T10:00:00,R021,36,2.65,24.31,IoT
SENS_R022,2026-08-24T10:00:00,R022,52,3.49,26.27,IoT
SENS_R023,2026-08-24T10:00:00,R023,23,3.03,24.18,IoT
SENS_R024,2026-08-24T10:00:00,R024,45,2.82,23.42,IoT
SENS_R025,2026-08-24T10:00:00,R025,95,3.48,24.57,IoT
SENS_R026,2026-08-24T10:00:00,R026,39,3.05,26.32,IoT
SENS_R027,2026-08-24T10:00:00,R027,80,2.7,25.27,IoT
SENS_R028,2026-08-24T10:00:00,R028,28,2.71,24.76,IoT
SENS_R029,2026-08-24T10:00:00,R029,82,3.02,25.34,IoT
SENS_R030,2026-08-24T10:00:00,R030,72,4.05,26.84,IoT
SENS_R001,2026-08-24T11:00:00,R001,32,3.7,26.24,IoT
SENS_R002,2026-08-24T11:00:00,R002,71,2.79,24.6,IoT
SENS_R003,2026-08-24T11:00:00,R003,60,2.81,25.15,IoT
SENS_R004,2026-08-24T11:00:00,R004,78,3.57,25.96,IoT
SENS_R005,2026-08-24T11:00:00,R005,56,2.61,25.31,IoT
SENS_R006,2026-08-24T11:00:00,R006,23,2.23,23.88,IoT
SENS_R007,2026-08-24T11:00:00,R007,22,2.79,25.1,IoT
SENS_R008,2026-08-24T11:00:00,R008,51,2.7,25.18,IoT
SENS_R009,2026-08-24T11:00:00,R009,23,1.87,23.86,IoT
SENS_R010,2026-08-24T11:00:00,R010,31,2.32,24.68,IoT
SENS_R011,2026-08-24T11:00:00,R011,33,1.95,23.92,IoT
SENS_R012,2026-08-24T11:00:00,R012,41,2.3,26.1,IoT
SENS_R013,2026-08-24T11:00:00,R013,130,3.61,25.27,IoT
SENS_R014,2026-08-24T11:00:00,R014,15,2.03,23.39,IoT
SENS_R015,2026-08-24T11:00:00,R015,21,2.5,22.98,IoT
SENS_R016,2026-08-24T11:00:00,R016,21,1.72,24.3,IoT
SENS_R017,2026-08-24T11:00:00,R017,46,3.6,25.06,IoT
SENS_R018,2026-08-24T11:00:00,R018,66,2.73,25.38,IoT
SENS_R019,2026-08-24T11:00:00,R019,40,2.74,24.85,IoT
SENS_R020,2026-08-24T11:00:00,R020,50,3.98,26.09,IoT
SENS_R021,2026-08-24T11:00:00,R021,38,2.35,25.62,IoT
SENS_R022,2026-08-24T11:00:00,R022,48,2.9,25.53,IoT
SENS_R023,2026-08-24T11:00:00,R023,27,3.03,25.93,IoT
SENS_R024,2026-08-24T11:00:00,R024,47,3.4,26.18,IoT
SENS_R025,2026-08-24T11:00:00,R025,41,1.6,24.63,IoT
SENS_R026,2026-08-24T11:00:00,R026,43,3.91,25.65,IoT
SENS_R027,2026-08-24T11:00:00,R027,66,2.6,25.0,IoT
SENS_R028,2026-08-24T11:00:00,R028,32,3.4,24.84,IoT
SENS_R029,2026-08-24T11:00:00,R029,135,3.92,26.23,IoT
SENS_R030,2026-08-24T11:00:00,R030,70,3.74,25.28,IoT
SENS_R001,2026-08-24T12:00:00,R001,28,3.19,25.19,IoT
SENS_R002,2026-08-24T12:00:00,R002,71,2.64,23.04,IoT
SENS_R003,2026-08-24T12:00:00,R003,92,3.6,25.58,IoT
SENS_R004,2026-08-24T12:00:00,R004,60,2.95,25.87,IoT
SENS_R005,2026-08-24T12:00:00,R005,83,3.55,26.17,IoT
SENS_R006,2026-08-24T12:00:00,R006,29,2.4,24.93,IoT
SENS_R007,2026-08-24T12:00:00,R007,29,2.99,24.65,IoT
SENS_R008,2026-08-24T12:00:00,R008,74,3.61,25.63,IoT
SENS_R009,2026-08-24T12:00:00,R009,37,3.66,25.2,IoT
SENS_R010,2026-08-24T12:00:00,R010,40,2.97,26.08,IoT
SENS_R011,2026-08-24T12:00:00,R011,27,1.56,24.29,IoT
SENS_R012,2026-08-24T12:00:00,R012,65,4.05,26.48,IoT
SENS_R013,2026-08-24T12:00:00,R013,102,3.12,25.5,IoT
SENS_R014,2026-08-24T12:00:00,R014,17,1.81,24.01,IoT
SENS_R015,2026-08-24T12:00:00,R015,20,2.25,23.85,IoT
SENS_R016,2026-08-24T12:00:00,R016,63,3.27,25.5,IoT
SENS_R017,2026-08-24T12:00:00,R017,45,2.97,26.28,IoT
SENS_R018,2026-08-24T12:00:00,R018,47,2.01,24.22,IoT
SENS_R019,2026-08-24T12:00:00,R019,37,3.07,25.61,IoT
SENS_R020,2026-08-24T12:00:00,R020,55,4.1,26.0,IoT
SENS_R021,2026-08-24T12:00:00,R021,34,2.66,24.44,IoT
SENS_R022,2026-08-24T12:00:00,R022,24,2.16,25.78,IoT
SENS_R023,2026-08-24T12:00:00,R023,31,3.62,25.58,IoT
SENS_R024,2026-08-24T12:00:00,R024,34,2.41,25.66,IoT
SENS_R025,2026-08-24T12:00:00,R025,88,3.1,25.09,IoT
SENS_R026,2026-08-24T12:00:00,R026,26,2.35,24.66,IoT
SENS_R027,2026-08-24T12:00:00,R027,87,2.88,25.53,IoT
SENS_R028,2026-08-24T12:00:00,R028,25,2.35,24.46,IoT
SENS_R029,2026-08-24T12:00:00,R029,84,2.78,24.57,IoT
SENS_R030,2026-08-24T12:00:00,R030,33,2.13,24.48,IoT
SENS_R001,2026-08-24T13:00:00,R001,21,2.76,24.22,IoT
SENS_R002,2026-08-24T13:00:00,R002,93,3.34,25.12,IoT
SENS_R003,2026-08-24T13:00:00,R003,69,3.07,25.41,IoT
SENS_R004,2026-08-24T13:00:00,R004,48,2.49,25.58,IoT
SENS_R005,2026-08-24T13:00:00,R005,51,2.91,25.95,IoT
SENS_R006,2026-08-24T13:00:00,R006,37,3.5,26.12,IoT
SENS_R007,2026-08-24T13:00:00,R007,25,3.34,25.94,IoT
SENS_R008,2026-08-24T13:00:00,R008,60,2.64,25.03,IoT
SENS_R009,2026-08-24T13:00:00,R009,21,1.97,24.61,IoT
SENS_R010,2026-08-24T13:00:00,R010,35,2.35,24.58,IoT
SENS_R011,2026-08-24T13:00:00,R011,34,1.61,24.38,IoT
SENS_R012,2026-08-24T13:00:00,R012,31,1.7,24.39,IoT
SENS_R013,2026-08-24T13:00:00,R013,85,2.89,25.9,IoT
SENS_R014,2026-08-24T13:00:00,R014,48,4.27,27.5,IoT
SENS_R015,2026-08-24T13:00:00,R015,29,3.77,26.73,IoT
SENS_R016,2026-08-24T13:00:00,R016,32,2.18,25.41,IoT
SENS_R017,2026-08-24T13:00:00,R017,40,2.92,24.28,IoT
SENS_R018,2026-08-24T13:00:00,R018,90,3.88,25.07,IoT
SENS_R019,2026-08-24T13:00:00,R019,43,2.9,26.34,IoT
SENS_R020,2026-08-24T13:00:00,R020,42,3.04,25.76,IoT
SENS_R021,2026-08-24T13:00:00,R021,23,2.08,23.82,IoT
SENS_R022,2026-08-24T13:00:00,R022,36,2.49,24.4,IoT
SENS_R023,2026-08-24T13:00:00,R023,19,2.46,25.93,IoT
SENS_R024,2026-08-24T13:00:00,R024,60,3.31,25.16,IoT
SENS_R025,2026-08-24T13:00:00,R025,68,2.62,25.04,IoT
SENS_R026,2026-08-24T13:00:00,R026,31,2.72,23.91,IoT
SENS_R027,2026-08-24T13:00:00,R027,130,3.79,27.17,IoT
SENS_R028,2026-08-24T13:00:00,R028,39,3.86,24.7,IoT
SENS_R029,2026-08-24T13:00:00,R029,120,3.59,25.59,IoT
SENS_R030,2026-08-24T13:00:00,R030,35,2.15,24.86,IoT
SENS_R001,2026-08-24T14:00:00,R001,29,3.38,24.17,IoT
SENS_R002,2026-08-24T14:00:00,R002,65,3.05,24.09,IoT
SENS_R003,2026-08-24T14:00:00,R003,89,3.51,25.29,IoT
SENS_R004,2026-08-24T14:00:00,R004,67,3.35,26.71,IoT
SENS_R005,2026-08-24T14:00:00,R005,42,2.28,25.28,IoT
SENS_R006,2026-08-24T14:00:00,R006,12,1.7,23.7,IoT
SENS_R007,2026-08-24T14:00:00,R007,23,3.07,25.41,IoT
SENS_R008,2026-08-24T14:00:00,R008,100,4.36,27.1,IoT
SENS_R009,2026-08-24T14:00:00,R009,18,1.9,23.89,IoT
SENS_R010,2026-08-24T14:00:00,R010,52,3.35,25.49,IoT
SENS_R011,2026-08-24T14:00:00,R011,84,3.76,25.74,IoT
SENS_R012,2026-08-24T14:00:00,R012,60,3.34,26.29,IoT
SENS_R013,2026-08-24T14:00:00,R013,64,2.81,24.77,IoT
SENS_R014,2026-08-24T14:00:00,R014,40,3.79,25.5,IoT
SENS_R015,2026-08-24T14:00:00,R015,29,3.44,25.26,IoT
SENS_R016,2026-08-24T14:00:00,R016,49,2.82,25.26,IoT
SENS_R017,2026-08-24T14:00:00,R017,44,2.62,24.43,IoT
SENS_R018,2026-08-24T14:00:00,R018,53,2.55,25.05,IoT
SENS_R019,2026-08-24T14:00:00,R019,41,2.88,24.62,IoT
SENS_R020,2026-08-24T14:00:00,R020,40,3.1,24.04,IoT
SENS_R021,2026-08-24T14:00:00,R021,50,3.46,25.55,IoT
SENS_R022,2026-08-24T14:00:00,R022,23,1.99,25.22,IoT
SENS_R023,2026-08-24T14:00:00,R023,22,2.78,25.02,IoT
SENS_R024,2026-08-24T14:00:00,R024,34,2.46,24.6,IoT
SENS_R025,2026-08-24T14:00:00,R025,77,2.86,25.38,IoT
SENS_R026,2026-08-24T14:00:00,R026,27,2.72,24.74,IoT
SENS_R027,2026-08-24T14:00:00,R027,64,2.15,25.23,IoT
SENS_R028,2026-08-24T14:00:00,R028,35,3.31,25.53,IoT
SENS_R029,2026-08-24T14:00:00,R029,122,3.67,25.68,IoT
SENS_R030,2026-08-24T14:00:00,R030,56,3.16,24.99,IoT
SENS_R001,2026-08-24T15:00:00,R001,27,2.91,24.38,IoT
SENS_R002,2026-08-24T15:00:00,R002,100,3.59,24.96,IoT
SENS_R003,2026-08-24T15:00:00,R003,49,2.2,24.8,IoT
SENS_R004,2026-08-24T15:00:00,R004,82,4.17,25.55,IoT
SENS_R005,2026-08-24T15:00:00,R005,54,3.08,24.94,IoT
SENS_R006,2026-08-24T15:00:00,R006,25,2.64,24.75,IoT
SENS_R007,2026-08-24T15:00:00,R007,24,2.71,26.5,IoT
SENS_R008,2026-08-24T15:00:00,R008,59,2.91,24.71,IoT
SENS_R009,2026-08-24T15:00:00,R009,24,2.25,23.89,IoT
SENS_R010,2026-08-24T15:00:00,R010,42,3.1,25.16,IoT
SENS_R011,2026-08-24T15:00:00,R011,55,2.83,25.08,IoT
SENS_R012,2026-08-24T15:00:00,R012,28,2.02,24.91,IoT
SENS_R013,2026-08-24T15:00:00,R013,75,2.51,24.01,IoT
SENS_R014,2026-08-24T15:00:00,R014,30,2.76,23.93,IoT
SENS_R015,2026-08-24T15:00:00,R015,30,3.53,26.62,IoT
SENS_R016,2026-08-24T15:00:00,R016,57,3.46,25.78,IoT
SENS_R017,2026-08-24T15:00:00,R017,29,2.14,24.53,IoT
SENS_R018,2026-08-24T15:00:00,R018,44,2.24,23.46,IoT
SENS_R019,2026-08-24T15:00:00,R019,54,3.73,26.77,IoT
SENS_R020,2026-08-24T15:00:00,R020,33,2.98,25.06,IoT
SENS_R021,2026-08-24T15:00:00,R021,68,4.3,26.81,IoT
SENS_R022,2026-08-24T15:00:00,R022,47,3.05,26.02,IoT
SENS_R023,2026-08-24T15:00:00,R023,16,2.03,25.22,IoT
SENS_R024,2026-08-24T15:00:00,R024,35,2.71,24.27,IoT
SENS_R025,2026-08-24T15:00:00,R025,44,2.4,25.07,IoT
SENS_R026,2026-08-24T15:00:00,R026,32,3.05,25.78,IoT
SENS_R027,2026-08-24T15:00:00,R027,95,2.98,26.94,IoT
SENS_R028,2026-08-24T15:00:00,R028,22,2.09,23.94,IoT
SENS_R029,2026-08-24T15:00:00,R029,54,2.21,24.64,IoT
SENS_R030,2026-08-24T15:00:00,R030,42,2.94,25.44,IoT
SENS_R001,2026-08-24T16:00:00,R001,23,3.23,24.93,IoT
SENS_R002,2026-08-24T16:00:00,R002,76,3.04,25.96,IoT
SENS_R003,2026-08-24T16:00:00,R003,88,3.44,25.17,IoT
SENS_R004,2026-08-24T16:00:00,R004,55,2.53,25.6,IoT
SENS_R005,2026-08-24T16:00:00,R005,48,2.58,26.52,IoT
SENS_R006,2026-08-24T16:00:00,R006,45,4.01,26.68,IoT
SENS_R007,2026-08-24T16:00:00,R007,29,4.01,26.6,IoT
SENS_R008,2026-08-24T16:00:00,R008,53,2.47,25.16,IoT
SENS_R009,2026-08-24T16:00:00,R009,38,2.95,25.09,IoT
SENS_R010,2026-08-24T16:00:00,R010,40,3.27,24.05,IoT
SENS_R011,2026-08-24T16:00:00,R011,62,3.03,26.19,IoT
SENS_R012,2026-08-24T16:00:00,R012,43,2.6,24.9,IoT
SENS_R013,2026-08-24T16:00:00,R013,97,3.61,26.48,IoT
SENS_R014,2026-08-24T16:00:00,R014,30,2.69,26.02,IoT
SENS_R015,2026-08-24T16:00:00,R015,25,3.11,24.3,IoT
SENS_R016,2026-08-24T16:00:00,R016,66,3.98,26.22,IoT
SENS_R017,2026-08-24T16:00:00,R017,36,2.97,25.21,IoT
SENS_R018,2026-08-24T16:00:00,R018,35,2.08,24.52,IoT
SENS_R019,2026-08-24T16:00:00,R019,33,2.59,25.89,IoT
SENS_R020,2026-08-24T16:00:00,R020,26,2.21,24.84,IoT
SENS_R021,2026-08-24T16:00:00,R021,49,3.07,25.71,IoT
SENS_R022,2026-08-24T16:00:00,R022,35,2.84,25.15,IoT
SENS_R023,2026-08-24T16:00:00,R023,36,3.9,26.86,IoT
SENS_R024,2026-08-24T16:00:00,R024,42,3.06,25.09,IoT
SENS_R025,2026-08-24T16:00:00,R025,91,3.72,25.55,IoT
SENS_R026,2026-08-24T16:00:00,R026,31,3.18,26.67,IoT
SENS_R027,2026-08-24T16:00:00,R027,106,3.58,25.55,IoT
SENS_R028,2026-08-24T16:00:00,R028,42,3.56,25.2,IoT
SENS_R029,2026-08-24T16:00:00,R029,66,2.49,25.16,IoT
SENS_R030,2026-08-24T16:00:00,R030,38,2.61,25.86,IoT
SENS_R001,2026-08-24T17:00:00,R001,12,2.08,24.09,IoT
SENS_R002,2026-08-24T17:00:00,R002,65,3.02,25.34,IoT
SENS_R003,2026-08-24T17:00:00,R003,63,2.94,26.18,IoT
SENS_R004,2026-08-24T17:00:00,R004,40,2.1,25.12,IoT
SENS_R005,2026-08-24T17:00:00,R005,49,2.73,24.04,IoT
SENS_R006,2026-08-24T17:00:00,R006,40,3.26,25.15,IoT
SENS_R007,2026-08-24T17:00:00,R007,18,2.4,24.92,IoT
SENS_R008,2026-08-24T17:00:00,R008,77,3.73,27.62,IoT
SENS_R009,2026-08-24T17:00:00,R009,28,2.32,24.86,IoT
SENS_R010,2026-08-24T17:00:00,R010,24,1.85,26.69,IoT
SENS_R011,2026-08-24T17:00:00,R011,33,1.55,25.55,IoT
SENS_R012,2026-08-24T17:00:00,R012,31,2.13,24.88,IoT
SENS_R013,2026-08-24T17:00:00,R013,72,2.4,24.04,IoT
SENS_R014,2026-08-24T17:00:00,R014,35,3.21,26.73,IoT
SENS_R015,2026-08-24T17:00:00,R015,25,3.32,25.96,IoT
SENS_R016,2026-08-24T17:00:00,R016,53,4.1,25.2,IoT
SENS_R017,2026-08-24T17:00:00,R017,55,3.59,25.47,IoT
SENS_R018,2026-08-24T17:00:00,R018,90,4.01,25.59,IoT
SENS_R019,2026-08-24T17:00:00,R019,53,3.44,24.75,IoT
SENS_R020,2026-08-24T17:00:00,R020,37,3.12,25.83,IoT
SENS_R021,2026-08-24T17:00:00,R021,29,2.28,24.02,IoT
SENS_R022,2026-08-24T17:00:00,R022,23,2.01,25.37,IoT
SENS_R023,2026-08-24T17:00:00,R023,20,2.18,23.16,IoT
SENS_R024,2026-08-24T17:00:00,R024,30,2.17,26.11,IoT
SENS_R025,2026-08-24T17:00:00,R025,87,3.81,25.23,IoT
SENS_R026,2026-08-24T17:00:00,R026,32,2.97,25.65,IoT
SENS_R027,2026-08-24T17:00:00,R027,85,2.87,26.12,IoT
SENS_R028,2026-08-24T17:00:00,R028,31,2.93,26.42,IoT
SENS_R029,2026-08-24T17:00:00,R029,70,2.22,25.13,IoT
SENS_R030,2026-08-24T17:00:00,R030,25,1.82,24.2,IoT
SENS_R001,2026-08-24T18:00:00,R001,0,1.17,23.74,IoT
SENS_R002,2026-08-24T18:00:00,R002,37,1.75,22.6,IoT
SENS_R003,2026-08-24T18:00:00,R003,12,1.09,23.6,IoT
SENS_R004,2026-08-24T18:00:00,R004,18,1.83,25.15,IoT
SENS_R005,2026-08-24T18:00:00,R005,8,1.46,24.05,IoT
SENS_R006,2026-08-24T18:00:00,R006,1,0.87,24.54,IoT
SENS_R007,2026-08-24T18:00:00,R007,10,1.15,23.36,IoT
SENS_R008,2026-08-24T18:00:00,R008,27,1.49,24.14,IoT
SENS_R009,2026-08-24T18:00:00,R009,9,1.24,22.55,IoT
SENS_R010,2026-08-24T18:00:00,R010,0,0.43,22.64,IoT
SENS_R011,2026-08-24T18:00:00,R011,8,1.06,22.96,IoT
SENS_R012,2026-08-24T18:00:00,R012,23,1.85,24.28,IoT
SENS_R013,2026-08-24T18:00:00,R013,11,1.0,23.13,IoT
SENS_R014,2026-08-24T18:00:00,R014,13,1.72,23.5,IoT
SENS_R015,2026-08-24T18:00:00,R015,10,1.37,25.6,IoT
SENS_R016,2026-08-24T18:00:00,R016,24,1.87,24.81,IoT
SENS_R017,2026-08-24T18:00:00,R017,21,1.83,25.66,IoT
SENS_R018,2026-08-24T18:00:00,R018,12,1.47,24.27,IoT
SENS_R019,2026-08-24T18:00:00,R019,15,1.4,23.38,IoT
SENS_R020,2026-08-24T18:00:00,R020,10,1.16,22.82,IoT
SENS_R021,2026-08-24T18:00:00,R021,17,1.5,25.59,IoT
SENS_R022,2026-08-24T18:00:00,R022,10,1.07,21.94,IoT
SENS_R023,2026-08-24T18:00:00,R023,8,1.54,23.91,IoT
SENS_R024,2026-08-24T18:00:00,R024,5,1.22,25.35,IoT
SENS_R025,2026-08-24T18:00:00,R025,27,1.61,24.46,IoT
SENS_R026,2026-08-24T18:00:00,R026,17,2.1,25.15,IoT
SENS_R027,2026-08-24T18:00:00,R027,24,1.56,23.47,IoT
SENS_R028,2026-08-24T18:00:00,R028,0,0.82,23.21,IoT
SENS_R029,2026-08-24T18:00:00,R029,47,2.3,25.99,IoT
SENS_R030,2026-08-24T18:00:00,R030,18,1.32,24.37,IoT
SENS_R001,2026-08-24T19:00:00,R001,2,0.8,23.83,IoT
SENS_R002,2026-08-24T19:00:00,R002,30,1.79,23.73,IoT
SENS_R003,2026-08-24T19:00:00,R003,15,1.63,25.24,IoT
SENS_R004,2026-08-24T19:00:00,R004,34,1.74,24.87,IoT
SENS_R005,2026-08-24T19:00:00,R005,27,1.63,21.35,IoT
SENS_R006,2026-08-24T19:00:00,R006,4,0.84,24.24,IoT
SENS_R007,2026-08-24T19:00:00,R007,16,2.7,24.47,IoT
SENS_R008,2026-08-24T19:00:00,R008,22,1.58,24.55,IoT
SENS_R009,2026-08-24T19:00:00,R009,11,1.16,23.46,IoT
SENS_R010,2026-08-24T19:00:00,R010,13,1.14,22.57,IoT
SENS_R011,2026-08-24T19:00:00,R011,24,1.38,23.3,IoT
SENS_R012,2026-08-24T19:00:00,R012,26,1.8,24.63,IoT
SENS_R013,2026-08-24T19:00:00,R013,37,1.4,24.28,IoT
SENS_R014,2026-08-24T19:00:00,R014,7,0.97,23.14,IoT
SENS_R015,2026-08-24T19:00:00,R015,12,2.09,23.66,IoT
SENS_R016,2026-08-24T19:00:00,R016,12,1.62,23.44,IoT
SENS_R017,2026-08-24T19:00:00,R017,24,1.48,25.13,IoT
SENS_R018,2026-08-24T19:00:00,R018,24,1.46,24.86,IoT
SENS_R019,2026-08-24T19:00:00,R019,18,1.79,24.9,IoT
SENS_R020,2026-08-24T19:00:00,R020,15,1.92,25.01,IoT
SENS_R021,2026-08-24T19:00:00,R021,3,1.11,24.66,IoT
SENS_R022,2026-08-24T19:00:00,R022,12,1.67,24.01,IoT
SENS_R023,2026-08-24T19:00:00,R023,10,0.79,22.57,IoT
SENS_R024,2026-08-24T19:00:00,R024,9,1.22,25.18,IoT
SENS_R025,2026-08-24T19:00:00,R025,8,1.22,23.24,IoT
SENS_R026,2026-08-24T19:00:00,R026,15,1.79,24.77,IoT
SENS_R027,2026-08-24T19:00:00,R027,38,1.42,23.79,IoT
SENS_R028,2026-08-24T19:00:00,R028,17,2.08,23.33,IoT
SENS_R029,2026-08-24T19:00:00,R029,50,1.47,23.58,IoT
SENS_R030,2026-08-24T19:00:00,R030,16,1.74,23.62,IoT
SENS_R001,2026-08-24T20:00:00,R001,1,1.46,24.77,IoT
SENS_R002,2026-08-24T20:00:00,R002,45,2.52,24.7,IoT
SENS_R003,2026-08-24T20:00:00,R003,32,1.8,23.36,IoT
SENS_R004,2026-08-24T20:00:00,R004,25,1.93,25.16,IoT
SENS_R005,2026-08-24T20:00:00,R005,31,1.95,24.91,IoT
SENS_R006,2026-08-24T20:00:00,R006,10,1.24,24.98,IoT
SENS_R007,2026-08-24T20:00:00,R007,11,1.78,23.49,IoT
SENS_R008,2026-08-24T20:00:00,R008,44,2.47,25.6,IoT
SENS_R009,2026-08-24T20:00:00,R009,12,1.62,24.67,IoT
SENS_R010,2026-08-24T20:00:00,R010,25,2.05,24.55,IoT
SENS_R011,2026-08-24T20:00:00,R011,27,1.54,24.34,IoT
SENS_R012,2026-08-24T20:00:00,R012,13,1.33,25.33,IoT
SENS_R013,2026-08-24T20:00:00,R013,47,1.77,23.98,IoT
SENS_R014,2026-08-24T20:00:00,R014,14,1.35,23.82,IoT
SENS_R015,2026-08-24T20:00:00,R015,7,0.91,24.5,IoT
SENS_R016,2026-08-24T20:00:00,R016,29,2.36,24.6,IoT
SENS_R017,2026-08-24T20:00:00,R017,14,1.75,24.1,IoT
SENS_R018,2026-08-24T20:00:00,R018,19,1.4,23.17,IoT
SENS_R019,2026-08-24T20:00:00,R019,3,0.82,24.35,IoT
SENS_R020,2026-08-24T20:00:00,R020,6,0.92,24.06,IoT
SENS_R021,2026-08-24T20:00:00,R021,20,1.93,24.33,IoT
SENS_R022,2026-08-24T20:00:00,R022,9,1.94,24.24,IoT
SENS_R023,2026-08-24T20:00:00,R023,9,2.06,23.14,IoT
SENS_R024,2026-08-24T20:00:00,R024,12,1.69,23.53,IoT
SENS_R025,2026-08-24T20:00:00,R025,35,1.78,23.74,IoT
SENS_R026,2026-08-24T20:00:00,R026,12,1.89,22.99,IoT
SENS_R027,2026-08-24T20:00:00,R027,44,1.98,25.23,IoT
SENS_R028,2026-08-24T20:00:00,R028,9,1.7,23.63,IoT
SENS_R029,2026-08-24T20:00:00,R029,32,1.33,24.33,IoT
SENS_R030,2026-08-24T20:00:00,R030,22,1.51,23.1,IoT
SENS_R001,2026-08-24T21:00:00,R001,10,1.94,25.05,IoT
SENS_R002,2026-08-24T21:00:00,R002,38,1.81,22.83,IoT
SENS_R003,2026-08-24T21:00:00,R003,30,1.51,24.07,IoT
SENS_R004,2026-08-24T21:00:00,R004,27,1.66,25.0,IoT
SENS_R005,2026-08-24T21:00:00,R005,28,2.3,25.09,IoT
SENS_R006,2026-08-24T21:00:00,R006,15,1.82,25.97,IoT
SENS_R007,2026-08-24T21:00:00,R007,7,1.15,24.36,IoT
SENS_R008,2026-08-24T21:00:00,R008,14,1.4,23.6,IoT
SENS_R009,2026-08-24T21:00:00,R009,14,1.92,25.48,IoT
SENS_R010,2026-08-24T21:00:00,R010,16,1.29,24.36,IoT
SENS_R011,2026-08-24T21:00:00,R011,8,0.98,24.28,IoT
SENS_R012,2026-08-24T21:00:00,R012,23,1.46,23.55,IoT
SENS_R013,2026-08-24T21:00:00,R013,57,1.89,23.18,IoT
SENS_R014,2026-08-24T21:00:00,R014,8,1.25,25.13,IoT
SENS_R015,2026-08-24T21:00:00,R015,11,1.64,24.12,IoT
SENS_R016,2026-08-24T21:00:00,R016,25,1.88,24.13,IoT
SENS_R017,2026-08-24T21:00:00,R017,16,1.75,25.7,IoT
SENS_R018,2026-08-24T21:00:00,R018,41,2.39,25.58,IoT
SENS_R019,2026-08-24T21:00:00,R019,16,1.82,24.92,IoT
SENS_R020,2026-08-24T21:00:00,R020,0,0.82,23.97,IoT
SENS_R021,2026-08-24T21:00:00,R021,21,1.59,24.86,IoT
SENS_R022,2026-08-24T21:00:00,R022,20,2.03,23.86,IoT
SENS_R023,2026-08-24T21:00:00,R023,13,2.32,24.83,IoT
SENS_R024,2026-08-24T21:00:00,R024,23,1.92,23.71,IoT
SENS_R025,2026-08-24T21:00:00,R025,16,0.98,23.75,IoT
SENS_R026,2026-08-24T21:00:00,R026,5,1.44,23.96,IoT
SENS_R027,2026-08-24T21:00:00,R027,29,1.38,23.28,IoT
SENS_R028,2026-08-24T21:00:00,R028,3,1.19,24.81,IoT
SENS_R029,2026-08-24T21:00:00,R029,35,1.98,25.65,IoT
SENS_R030,2026-08-24T21:00:00,R030,15,1.32,24.54,IoT
SENS_R001,2026-08-25T06:00:00,R001,13,2.09,25.13,IoT
SENS_R002,2026-08-25T06:00:00,R002,26,1.54,24.42,IoT
SENS_R003,2026-08-25T06:00:00,R003,6,1.03,23.01,IoT
SENS_R004,2026-08-25T06:00:00,R004,32,1.85,25.09,IoT
SENS_R005,2026-08-25T06:00:00,R005,25,1.67,24.28,IoT
SENS_R006,2026-08-25T06:00:00,R006,8,1.43,24.24,IoT
SENS_R007,2026-08-25T06:00:00,R007,7,1.31,24.86,IoT
SENS_R008,2026-08-25T06:00:00,R008,18,1.09,24.93,IoT
SENS_R009,2026-08-25T06:00:00,R009,12,1.59,24.6,IoT
SENS_R010,2026-08-25T06:00:00,R010,20,1.83,23.28,IoT
SENS_R011,2026-08-25T06:00:00,R011,13,1.24,23.65,IoT
SENS_R012,2026-08-25T06:00:00,R012,21,1.54,23.68,IoT
SENS_R013,2026-08-25T06:00:00,R013,31,1.48,24.39,IoT
SENS_R014,2026-08-25T06:00:00,R014,10,1.31,24.27,IoT
SENS_R015,2026-08-25T06:00:00,R015,7,1.44,24.31,IoT
SENS_R016,2026-08-25T06:00:00,R016,16,1.53,23.54,IoT
SENS_R017,2026-08-25T06:00:00,R017,26,2.03,24.36,IoT
SENS_R018,2026-08-25T06:00:00,R018,25,1.27,23.67,IoT
SENS_R019,2026-08-25T06:00:00,R019,21,1.44,23.97,IoT
SENS_R020,2026-08-25T06:00:00,R020,17,2.16,24.87,IoT
SENS_R021,2026-08-25T06:00:00,R021,7,1.34,23.92,IoT
SENS_R022,2026-08-25T06:00:00,R022,1,1.08,22.52,IoT
SENS_R023,2026-08-25T06:00:00,R023,4,1.42,24.64,IoT
SENS_R024,2026-08-25T06:00:00,R024,19,1.5,23.71,IoT
SENS_R025,2026-08-25T06:00:00,R025,29,1.56,24.67,IoT
SENS_R026,2026-08-25T06:00:00,R026,16,1.68,24.21,IoT
SENS_R027,2026-08-25T06:00:00,R027,13,1.41,24.0,IoT
SENS_R028,2026-08-25T06:00:00,R028,9,1.61,25.54,IoT
SENS_R029,2026-08-25T06:00:00,R029,40,2.09,24.32,IoT
SENS_R030,2026-08-25T06:00:00,R030,23,1.96,24.45,IoT
SENS_R001,2026-08-25T07:00:00,R001,16,2.17,25.08,IoT
SENS_R002,2026-08-25T07:00:00,R002,29,1.8,24.06,IoT
SENS_R003,2026-08-25T07:00:00,R003,44,2.15,24.57,IoT
SENS_R004,2026-08-25T07:00:00,R004,21,1.38,23.77,IoT
SENS_R005,2026-08-25T07:00:00,R005,27,1.13,23.85,IoT
SENS_R006,2026-08-25T07:00:00,R006,6,1.09,24.8,IoT
SENS_R007,2026-08-25T07:00:00,R007,2,1.32,24.26,IoT
SENS_R008,2026-08-25T07:00:00,R008,28,2.1,24.8,IoT
SENS_R009,2026-08-25T07:00:00,R009,12,1.84,25.28,IoT
SENS_R010,2026-08-25T07:00:00,R010,14,1.73,25.12,IoT
SENS_R011,2026-08-25T07:00:00,R011,25,1.84,23.7,IoT
SENS_R012,2026-08-25T07:00:00,R012,26,2.13,25.48,IoT
SENS_R013,2026-08-25T07:00:00,R013,23,1.36,26.06,IoT
SENS_R014,2026-08-25T07:00:00,R014,20,2.13,24.62,IoT
SENS_R015,2026-08-25T07:00:00,R015,6,1.66,24.06,IoT
SENS_R016,2026-08-25T07:00:00,R016,17,1.59,24.52,IoT
SENS_R017,2026-08-25T07:00:00,R017,15,1.52,24.82,IoT
SENS_R018,2026-08-25T07:00:00,R018,9,1.6,24.27,IoT
SENS_R019,2026-08-25T07:00:00,R019,10,1.41,23.58,IoT
SENS_R020,2026-08-25T07:00:00,R020,8,1.17,23.87,IoT
SENS_R021,2026-08-25T07:00:00,R021,18,1.55,22.81,IoT
SENS_R022,2026-08-25T07:00:00,R022,20,2.31,24.84,IoT
SENS_R023,2026-08-25T07:00:00,R023,3,0.61,23.44,IoT
SENS_R024,2026-08-25T07:00:00,R024,29,2.58,24.68,IoT
SENS_R025,2026-08-25T07:00:00,R025,46,2.09,24.06,IoT
SENS_R026,2026-08-25T07:00:00,R026,14,1.71,24.86,IoT
SENS_R027,2026-08-25T07:00:00,R027,40,1.47,25.74,IoT
SENS_R028,2026-08-25T07:00:00,R028,3,1.31,23.53,IoT
SENS_R029,2026-08-25T07:00:00,R029,14,1.28,24.05,IoT
SENS_R030,2026-08-25T07:00:00,R030,24,1.75,23.52,IoT
SENS_R001,2026-08-25T08:00:00,R001,27,3.61,26.69,IoT
SENS_R002,2026-08-25T08:00:00,R002,95,3.06,25.04,IoT
SENS_R003,2026-08-25T08:00:00,R003,86,3.19,25.69,IoT
SENS_R004,2026-08-25T08:00:00,R004,74,3.15,26.28,IoT
SENS_R005,2026-08-25T08:00:00,R005,55,2.97,24.14,IoT
SENS_R006,2026-08-25T08:00:00,R006,35,3.42,26.28,IoT
SENS_R007,2026-08-25T08:00:00,R007,18,2.79,25.31,IoT
SENS_R008,2026-08-25T08:00:00,R008,71,3.12,24.36,IoT
SENS_R009,2026-08-25T08:00:00,R009,24,2.34,23.85,IoT
SENS_R010,2026-08-25T08:00:00,R010,43,3.08,27.67,IoT
SENS_R011,2026-08-25T08:00:00,R011,87,4.13,26.52,IoT
SENS_R012,2026-08-25T08:00:00,R012,52,3.05,25.38,IoT
SENS_R013,2026-08-25T08:00:00,R013,112,3.34,25.38,IoT
SENS_R014,2026-08-25T08:00:00,R014,12,1.49,24.19,IoT
SENS_R015,2026-08-25T08:00:00,R015,17,2.26,23.62,IoT
SENS_R016,2026-08-25T08:00:00,R016,63,3.71,26.92,IoT
SENS_R017,2026-08-25T08:00:00,R017,59,4.16,27.67,IoT
SENS_R018,2026-08-25T08:00:00,R018,74,3.69,25.07,IoT
SENS_R019,2026-08-25T08:00:00,R019,30,2.33,24.72,IoT
SENS_R020,2026-08-25T08:00:00,R020,52,3.68,24.95,IoT
SENS_R021,2026-08-25T08:00:00,R021,42,2.91,25.29,IoT
SENS_R022,2026-08-25T08:00:00,R022,41,2.68,24.12,IoT
SENS_R023,2026-08-25T08:00:00,R023,33,3.47,27.16,IoT
SENS_R024,2026-08-25T08:00:00,R024,45,3.27,26.29,IoT
SENS_R025,2026-08-25T08:00:00,R025,70,2.77,25.19,IoT
SENS_R026,2026-08-25T08:00:00,R026,34,3.72,26.5,IoT
SENS_R027,2026-08-25T08:00:00,R027,81,2.59,25.8,IoT
SENS_R028,2026-08-25T08:00:00,R028,22,2.67,24.14,IoT
SENS_R029,2026-08-25T08:00:00,R029,124,3.75,27.21,IoT
SENS_R030,2026-08-25T08:00:00,R030,68,3.92,25.87,IoT
SENS_R001,2026-08-25T09:00:00,R001,23,3.14,25.94,IoT
SENS_R002,2026-08-25T09:00:00,R002,35,1.77,24.49,IoT
SENS_R003,2026-08-25T09:00:00,R003,104,4.27,25.81,IoT
SENS_R004,2026-08-25T09:00:00,R004,45,1.75,24.73,IoT
SENS_R005,2026-08-25T09:00:00,R005,76,3.59,25.0,IoT
SENS_R006,2026-08-25T09:00:00,R006,20,2.5,25.48,IoT
SENS_R007,2026-08-25T09:00:00,R007,15,2.34,25.36,IoT
SENS_R008,2026-08-25T09:00:00,R008,48,3.03,25.14,IoT
SENS_R009,2026-08-25T09:00:00,R009,35,3.14,24.73,IoT
SENS_R010,2026-08-25T09:00:00,R010,50,3.72,26.52,IoT
SENS_R011,2026-08-25T09:00:00,R011,38,1.93,24.0,IoT
SENS_R012,2026-08-25T09:00:00,R012,35,2.41,25.02,IoT
SENS_R013,2026-08-25T09:00:00,R013,97,2.78,25.87,IoT
SENS_R014,2026-08-25T09:00:00,R014,25,2.84,24.21,IoT
SENS_R015,2026-08-25T09:00:00,R015,29,3.07,25.71,IoT
SENS_R016,2026-08-25T09:00:00,R016,37,2.33,24.61,IoT
SENS_R017,2026-08-25T09:00:00,R017,48,3.17,25.37,IoT
SENS_R018,2026-08-25T09:00:00,R018,50,2.45,24.76,IoT
SENS_R019,2026-08-25T09:00:00,R019,27,2.07,23.61,IoT
SENS_R020,2026-08-25T09:00:00,R020,46,3.59,25.64,IoT
SENS_R021,2026-08-25T09:00:00,R021,33,2.27,25.54,IoT
SENS_R022,2026-08-25T09:00:00,R022,52,3.45,26.16,IoT
SENS_R023,2026-08-25T09:00:00,R023,12,2.08,25.43,IoT
SENS_R024,2026-08-25T09:00:00,R024,37,2.51,24.39,IoT
SENS_R025,2026-08-25T09:00:00,R025,78,2.94,25.24,IoT
SENS_R026,2026-08-25T09:00:00,R026,33,2.94,24.95,IoT
SENS_R027,2026-08-25T09:00:00,R027,113,3.07,25.33,IoT
SENS_R028,2026-08-25T09:00:00,R028,21,2.31,26.32,IoT
SENS_R029,2026-08-25T09:00:00,R029,99,3.33,25.91,IoT
SENS_R030,2026-08-25T09:00:00,R030,71,3.8,25.63,IoT
SENS_R001,2026-08-25T10:00:00,R001,15,2.22,25.62,IoT
SENS_R002,2026-08-25T10:00:00,R002,79,2.73,25.43,IoT
SENS_R003,2026-08-25T10:00:00,R003,85,3.07,25.16,IoT
SENS_R004,2026-08-25T10:00:00,R004,50,2.49,25.32,IoT
SENS_R005,2026-08-25T10:00:00,R005,70,3.5,25.3,IoT
SENS_R006,2026-08-25T10:00:00,R006,28,2.51,24.07,IoT
SENS_R007,2026-08-25T10:00:00,R007,24,2.97,26.27,IoT
SENS_R008,2026-08-25T10:00:00,R008,80,3.78,24.69,IoT
SENS_R009,2026-08-25T10:00:00,R009,20,1.59,25.15,IoT
SENS_R010,2026-08-25T10:00:00,R010,19,1.98,24.63,IoT
SENS_R011,2026-08-25T10:00:00,R011,67,3.31,26.32,IoT
SENS_R012,2026-08-25T10:00:00,R012,66,3.89,25.72,IoT
SENS_R013,2026-08-25T10:00:00,R013,125,3.78,26.64,IoT
SENS_R014,2026-08-25T10:00:00,R014,20,2.19,25.25,IoT
SENS_R015,2026-08-25T10:00:00,R015,30,3.43,26.27,IoT
SENS_R016,2026-08-25T10:00:00,R016,43,2.67,25.5,IoT
SENS_R017,2026-08-25T10:00:00,R017,49,3.49,26.68,IoT
SENS_R018,2026-08-25T10:00:00,R018,72,3.23,26.05,IoT
SENS_R019,2026-08-25T10:00:00,R019,37,2.49,25.56,IoT
SENS_R020,2026-08-25T10:00:00,R020,21,1.58,24.02,IoT
SENS_R021,2026-08-25T10:00:00,R021,46,2.74,25.7,IoT
SENS_R022,2026-08-25T10:00:00,R022,37,2.75,24.92,IoT
SENS_R023,2026-08-25T10:00:00,R023,18,2.0,24.35,IoT
SENS_R024,2026-08-25T10:00:00,R024,34,2.18,25.23,IoT
SENS_R025,2026-08-25T10:00:00,R025,94,3.57,24.8,IoT
SENS_R026,2026-08-25T10:00:00,R026,32,3.0,25.84,IoT
SENS_R027,2026-08-25T10:00:00,R027,81,2.55,24.57,IoT
SENS_R028,2026-08-25T10:00:00,R028,20,1.87,24.44,IoT
SENS_R029,2026-08-25T10:00:00,R029,87,2.77,23.83,IoT
SENS_R030,2026-08-25T10:00:00,R030,80,4.19,26.03,IoT
SENS_R001,2026-08-25T11:00:00,R001,22,3.03,24.53,IoT
SENS_R002,2026-08-25T11:00:00,R002,57,2.31,24.79,IoT
SENS_R003,2026-08-25T11:00:00,R003,80,2.85,25.13,IoT
SENS_R004,2026-08-25T11:00:00,R004,91,3.66,26.1,IoT
SENS_R005,2026-08-25T11:00:00,R005,67,3.24,24.47,IoT
SENS_R006,2026-08-25T11:00:00,R006,16,2.14,24.17,IoT
SENS_R007,2026-08-25T11:00:00,R007,21,2.69,25.98,IoT
SENS_R008,2026-08-25T11:00:00,R008,48,2.74,26.48,IoT
SENS_R009,2026-08-25T11:00:00,R009,37,3.32,26.33,IoT
SENS_R010,2026-08-25T11:00:00,R010,40,2.62,25.03,IoT
SENS_R011,2026-08-25T11:00:00,R011,33,1.73,24.33,IoT
SENS_R012,2026-08-25T11:00:00,R012,54,2.94,25.67,IoT
SENS_R013,2026-08-25T11:00:00,R013,90,2.89,25.49,IoT
SENS_R014,2026-08-25T11:00:00,R014,31,2.96,25.68,IoT
SENS_R015,2026-08-25T11:00:00,R015,33,3.61,26.8,IoT
SENS_R016,2026-08-25T11:00:00,R016,44,2.9,25.62,IoT
SENS_R017,2026-08-25T11:00:00,R017,28,2.37,25.41,IoT
SENS_R018,2026-08-25T11:00:00,R018,70,3.06,26.49,IoT
SENS_R019,2026-08-25T11:00:00,R019,31,2.34,23.5,IoT
SENS_R020,2026-08-25T11:00:00,R020,44,3.49,26.81,IoT
SENS_R021,2026-08-25T11:00:00,R021,23,2.19,23.75,IoT
SENS_R022,2026-08-25T11:00:00,R022,45,3.02,26.78,IoT
SENS_R023,2026-08-25T11:00:00,R023,26,2.59,27.3,IoT
SENS_R024,2026-08-25T11:00:00,R024,51,3.53,24.61,IoT
SENS_R025,2026-08-25T11:00:00,R025,42,1.6,22.3,IoT
SENS_R026,2026-08-25T11:00:00,R026,46,4.14,25.88,IoT
SENS_R027,2026-08-25T11:00:00,R027,105,3.3,26.21,IoT
SENS_R028,2026-08-25T11:00:00,R028,33,2.84,24.98,IoT
SENS_R029,2026-08-25T11:00:00,R029,100,3.08,25.75,IoT
SENS_R030,2026-08-25T11:00:00,R030,64,3.06,26.27,IoT
SENS_R001,2026-08-25T12:00:00,R001,21,2.18,25.33,IoT
SENS_R002,2026-08-25T12:00:00,R002,53,2.67,26.38,IoT
SENS_R003,2026-08-25T12:00:00,R003,71,2.85,24.34,IoT
SENS_R004,2026-08-25T12:00:00,R004,88,3.77,26.47,IoT
SENS_R005,2026-08-25T12:00:00,R005,60,2.91,23.97,IoT
SENS_R006,2026-08-25T12:00:00,R006,36,3.22,26.59,IoT
SENS_R007,2026-08-25T12:00:00,R007,25,3.12,25.58,IoT
SENS_R008,2026-08-25T12:00:00,R008,81,3.96,26.13,IoT
SENS_R009,2026-08-25T12:00:00,R009,46,3.76,25.47,IoT
SENS_R010,2026-08-25T12:00:00,R010,36,2.15,26.04,IoT
SENS_R011,2026-08-25T12:00:00,R011,39,1.95,25.15,IoT
SENS_R012,2026-08-25T12:00:00,R012,49,3.29,25.36,IoT
SENS_R013,2026-08-25T12:00:00,R013,63,2.45,26.02,IoT
SENS_R014,2026-08-25T12:00:00,R014,26,2.78,24.26,IoT
SENS_R015,2026-08-25T12:00:00,R015,18,2.55,26.71,IoT
SENS_R016,2026-08-25T12:00:00,R016,42,2.69,25.79,IoT
SENS_R017,2026-08-25T12:00:00,R017,30,2.07,24.87,IoT
SENS_R018,2026-08-25T12:00:00,R018,30,1.6,25.83,IoT
SENS_R019,2026-08-25T12:00:00,R019,45,3.18,25.52,IoT
SENS_R020,2026-08-25T12:00:00,R020,33,2.71,24.37,IoT
SENS_R021,2026-08-25T12:00:00,R021,50,3.44,27.31,IoT
SENS_R022,2026-08-25T12:00:00,R022,32,2.55,23.96,IoT
SENS_R023,2026-08-25T12:00:00,R023,19,2.27,24.5,IoT
SENS_R024,2026-08-25T12:00:00,R024,34,2.44,24.08,IoT
SENS_R025,2026-08-25T12:00:00,R025,51,2.56,25.0,IoT
SENS_R026,2026-08-25T12:00:00,R026,36,3.17,25.17,IoT
SENS_R027,2026-08-25T12:00:00,R027,72,2.22,24.38,IoT
SENS_R028,2026-08-25T12:00:00,R028,25,2.66,25.21,IoT
SENS_R029,2026-08-25T12:00:00,R029,120,3.8,25.68,IoT
SENS_R030,2026-08-25T12:00:00,R030,59,3.45,24.99,IoT
SENS_R001,2026-08-25T13:00:00,R001,34,3.93,25.47,IoT
SENS_R002,2026-08-25T13:00:00,R002,67,2.56,24.47,IoT
SENS_R003,2026-08-25T13:00:00,R003,74,2.75,24.16,IoT
SENS_R004,2026-08-25T13:00:00,R004,36,2.04,24.41,IoT
SENS_R005,2026-08-25T13:00:00,R005,82,3.95,27.55,IoT
SENS_R006,2026-08-25T13:00:00,R006,30,2.85,25.02,IoT
SENS_R007,2026-08-25T13:00:00,R007,25,3.43,24.74,IoT
SENS_R008,2026-08-25T13:00:00,R008,58,2.84,24.87,IoT
SENS_R009,2026-08-25T13:00:00,R009,26,2.33,23.92,IoT
SENS_R010,2026-08-25T13:00:00,R010,58,3.57,26.11,IoT
SENS_R011,2026-08-25T13:00:00,R011,41,2.29,24.88,IoT
SENS_R012,2026-08-25T13:00:00,R012,54,3.04,24.64,IoT
SENS_R013,2026-08-25T13:00:00,R013,81,2.56,25.36,IoT
SENS_R014,2026-08-25T13:00:00,R014,17,1.99,25.85,IoT
SENS_R015,2026-08-25T13:00:00,R015,18,2.24,24.01,IoT
SENS_R016,2026-08-25T13:00:00,R016,43,3.0,25.98,IoT
SENS_R017,2026-08-25T13:00:00,R017,54,3.24,25.94,IoT
SENS_R018,2026-08-25T13:00:00,R018,38,2.38,26.2,IoT
SENS_R019,2026-08-25T13:00:00,R019,46,3.16,25.9,IoT
SENS_R020,2026-08-25T13:00:00,R020,52,4.02,27.26,IoT
SENS_R021,2026-08-25T13:00:00,R021,19,1.71,25.22,IoT
SENS_R022,2026-08-25T13:00:00,R022,26,1.98,22.94,IoT
SENS_R023,2026-08-25T13:00:00,R023,26,3.0,25.49,IoT
SENS_R024,2026-08-25T13:00:00,R024,47,2.79,25.06,IoT
SENS_R025,2026-08-25T13:00:00,R025,84,3.56,26.59,IoT
SENS_R026,2026-08-25T13:00:00,R026,30,2.84,25.13,IoT
SENS_R027,2026-08-25T13:00:00,R027,88,2.91,25.91,IoT
SENS_R028,2026-08-25T13:00:00,R028,44,3.89,26.25,IoT
SENS_R029,2026-08-25T13:00:00,R029,59,2.64,25.25,IoT
SENS_R030,2026-08-25T13:00:00,R030,53,3.7,26.74,IoT
SENS_R001,2026-08-25T14:00:00,R001,18,2.56,24.03,IoT
SENS_R002,2026-08-25T14:00:00,R002,103,4.09,26.53,IoT
SENS_R003,2026-08-25T14:00:00,R003,89,3.24,26.6,IoT
SENS_R004,2026-08-25T14:00:00,R004,58,3.06,25.13,IoT
SENS_R005,2026-08-25T14:00:00,R005,65,3.09,25.85,IoT
SENS_R006,2026-08-25T14:00:00,R006,25,2.91,25.44,IoT
SENS_R007,2026-08-25T14:00:00,R007,7,1.45,24.71,IoT
SENS_R008,2026-08-25T14:00:00,R008,74,3.33,26.76,IoT
SENS_R009,2026-08-25T14:00:00,R009,19,2.1,24.14,IoT
SENS_R010,2026-08-25T14:00:00,R010,50,2.54,25.04,IoT
SENS_R011,2026-08-25T14:00:00,R011,73,3.5,24.05,IoT
SENS_R012,2026-08-25T14:00:00,R012,51,3.03,25.78,IoT
SENS_R013,2026-08-25T14:00:00,R013,85,2.61,24.51,IoT
SENS_R014,2026-08-25T14:00:00,R014,38,3.48,25.36,IoT
SENS_R015,2026-08-25T14:00:00,R015,19,2.49,23.77,IoT
SENS_R016,2026-08-25T14:00:00,R016,65,3.6,25.62,IoT
SENS_R017,2026-08-25T14:00:00,R017,29,2.48,24.53,IoT
SENS_R018,2026-08-25T14:00:00,R018,65,3.06,24.5,IoT
SENS_R019,2026-08-25T14:00:00,R019,43,3.0,25.41,IoT
SENS_R020,2026-08-25T14:00:00,R020,48,3.73,26.4,IoT
SENS_R021,2026-08-25T14:00:00,R021,36,2.6,25.41,IoT
SENS_R022,2026-08-25T14:00:00,R022,33,2.28,24.83,IoT
SENS_R023,2026-08-25T14:00:00,R023,22,2.61,24.63,IoT
SENS_R024,2026-08-25T14:00:00,R024,60,4.07,26.19,IoT
SENS_R025,2026-08-25T14:00:00,R025,92,3.63,26.43,IoT
SENS_R026,2026-08-25T14:00:00,R026,35,3.68,26.29,IoT
SENS_R027,2026-08-25T14:00:00,R027,83,2.9,24.09,IoT
SENS_R028,2026-08-25T14:00:00,R028,22,2.32,24.13,IoT
SENS_R029,2026-08-25T14:00:00,R029,77,3.12,26.09,IoT
SENS_R030,2026-08-25T14:00:00,R030,57,3.42,24.56,IoT
SENS_R001,2026-08-25T15:00:00,R001,15,2.32,24.16,IoT
SENS_R002,2026-08-25T15:00:00,R002,42,1.96,24.36,IoT
SENS_R003,2026-08-25T15:00:00,R003,80,3.21,25.49,IoT
SENS_R004,2026-08-25T15:00:00,R004,98,4.35,26.32,IoT
SENS_R005,2026-08-25T15:00:00,R005,42,1.85,24.05,IoT
SENS_R006,2026-08-25T15:00:00,R006,21,2.01,24.57,IoT
SENS_R007,2026-08-25T15:00:00,R007,23,2.9,25.78,IoT
SENS_R008,2026-08-25T15:00:00,R008,65,2.91,24.91,IoT
SENS_R009,2026-08-25T15:00:00,R009,33,2.89,25.2,IoT
SENS_R010,2026-08-25T15:00:00,R010,56,2.99,25.62,IoT
SENS_R011,2026-08-25T15:00:00,R011,60,2.7,25.79,IoT
SENS_R012,2026-08-25T15:00:00,R012,48,2.69,24.61,IoT
SENS_R013,2026-08-25T15:00:00,R013,66,2.61,24.83,IoT
SENS_R014,2026-08-25T15:00:00,R014,40,3.51,25.95,IoT
SENS_R015,2026-08-25T15:00:00,R015,23,2.72,26.12,IoT
SENS_R016,2026-08-25T15:00:00,R016,54,3.27,26.32,IoT
SENS_R017,2026-08-25T15:00:00,R017,31,2.28,25.83,IoT
SENS_R018,2026-08-25T15:00:00,R018,44,2.14,25.81,IoT
SENS_R019,2026-08-25T15:00:00,R019,34,2.52,24.98,IoT
SENS_R020,2026-08-25T15:00:00,R020,53,3.86,25.32,IoT
SENS_R021,2026-08-25T15:00:00,R021,37,2.43,25.35,IoT
SENS_R022,2026-08-25T15:00:00,R022,55,3.39,26.17,IoT
SENS_R023,2026-08-25T15:00:00,R023,38,4.59,27.39,IoT
SENS_R024,2026-08-25T15:00:00,R024,66,4.51,27.92,IoT
SENS_R025,2026-08-25T15:00:00,R025,67,2.81,23.25,IoT
SENS_R026,2026-08-25T15:00:00,R026,39,3.53,25.08,IoT
SENS_R027,2026-08-25T15:00:00,R027,106,3.11,24.91,IoT
SENS_R028,2026-08-25T15:00:00,R028,12,1.44,24.71,IoT
SENS_R029,2026-08-25T15:00:00,R029,68,1.83,24.72,IoT
SENS_R030,2026-08-25T15:00:00,R030,37,2.4,24.74,IoT
SENS_R001,2026-08-25T16:00:00,R001,34,3.98,27.06,IoT
SENS_R002,2026-08-25T16:00:00,R002,96,3.71,26.45,IoT
SENS_R003,2026-08-25T16:00:00,R003,77,2.97,24.97,IoT
SENS_R004,2026-08-25T16:00:00,R004,45,2.7,25.85,IoT
SENS_R005,2026-08-25T16:00:00,R005,54,2.51,22.93,IoT
SENS_R006,2026-08-25T16:00:00,R006,26,3.05,24.56,IoT
SENS_R007,2026-08-25T16:00:00,R007,15,1.77,24.96,IoT
SENS_R008,2026-08-25T16:00:00,R008,61,2.42,24.59,IoT
SENS_R009,2026-08-25T16:00:00,R009,35,2.8,23.91,IoT
SENS_R010,2026-08-25T16:00:00,R010,49,3.33,25.38,IoT
SENS_R011,2026-08-25T16:00:00,R011,58,2.96,23.97,IoT
SENS_R012,2026-08-25T16:00:00,R012,38,2.57,26.34,IoT
SENS_R013,2026-08-25T16:00:00,R013,99,3.26,25.63,IoT
SENS_R014,2026-08-25T16:00:00,R014,27,3.04,26.22,IoT
SENS_R015,2026-08-25T16:00:00,R015,17,2.11,25.02,IoT
SENS_R016,2026-08-25T16:00:00,R016,44,2.8,25.7,IoT
SENS_R017,2026-08-25T16:00:00,R017,20,1.51,24.29,IoT
SENS_R018,2026-08-25T16:00:00,R018,46,2.25,24.57,IoT
SENS_R019,2026-08-25T16:00:00,R019,31,2.35,23.42,IoT
SENS_R020,2026-08-25T16:00:00,R020,19,2.41,24.75,IoT
SENS_R021,2026-08-25T16:00:00,R021,38,2.8,25.04,IoT
SENS_R022,2026-08-25T16:00:00,R022,42,2.99,25.55,IoT
SENS_R023,2026-08-25T16:00:00,R023,17,2.34,24.95,IoT
SENS_R024,2026-08-25T16:00:00,R024,40,2.38,25.03,IoT
SENS_R025,2026-08-25T16:00:00,R025,24,1.44,26.14,IoT
SENS_R026,2026-08-25T16:00:00,R026,34,3.2,25.33,IoT
SENS_R027,2026-08-25T16:00:00,R027,66,2.4,24.17,IoT
SENS_R028,2026-08-25T16:00:00,R028,33,3.3,25.49,IoT
SENS_R029,2026-08-25T16:00:00,R029,91,2.94,24.26,IoT
SENS_R030,2026-08-25T16:00:00,R030,36,2.28,24.16,IoT
SENS_R001,2026-08-25T17:00:00,R001,19,2.48,25.74,IoT
SENS_R002,2026-08-25T17:00:00,R002,58,1.97,23.18,IoT
SENS_R003,2026-08-25T17:00:00,R003,104,3.84,26.01,IoT
SENS_R004,2026-08-25T17:00:00,R004,78,3.14,26.39,IoT
SENS_R005,2026-08-25T17:00:00,R005,96,4.29,26.5,IoT
SENS_R006,2026-08-25T17:00:00,R006,30,3.3,25.24,IoT
SENS_R007,2026-08-25T17:00:00,R007,16,1.84,24.83,IoT
SENS_R008,2026-08-25T17:00:00,R008,66,2.74,25.08,IoT
SENS_R009,2026-08-25T17:00:00,R009,12,1.11,22.43,IoT
SENS_R010,2026-08-25T17:00:00,R010,26,1.76,23.2,IoT
SENS_R011,2026-08-25T17:00:00,R011,85,3.74,24.79,IoT
SENS_R012,2026-08-25T17:00:00,R012,40,2.14,24.84,IoT
SENS_R013,2026-08-25T17:00:00,R013,93,2.63,26.65,IoT
SENS_R014,2026-08-25T17:00:00,R014,44,3.52,25.99,IoT
SENS_R015,2026-08-25T17:00:00,R015,26,3.27,26.08,IoT
SENS_R016,2026-08-25T17:00:00,R016,53,3.0,23.83,IoT
SENS_R017,2026-08-25T17:00:00,R017,64,4.09,25.03,IoT
SENS_R018,2026-08-25T17:00:00,R018,43,2.2,24.76,IoT
SENS_R019,2026-08-25T17:00:00,R019,52,4.14,26.26,IoT
SENS_R020,2026-08-25T17:00:00,R020,30,3.05,24.23,IoT
SENS_R021,2026-08-25T17:00:00,R021,29,2.07,24.5,IoT
SENS_R022,2026-08-25T17:00:00,R022,26,2.46,24.54,IoT
SENS_R023,2026-08-25T17:00:00,R023,15,2.17,24.73,IoT
SENS_R024,2026-08-25T17:00:00,R024,51,3.24,26.29,IoT
SENS_R025,2026-08-25T17:00:00,R025,57,2.39,23.75,IoT
SENS_R026,2026-08-25T17:00:00,R026,41,3.49,24.75,IoT
SENS_R027,2026-08-25T17:00:00,R027,119,3.38,25.01,IoT
SENS_R028,2026-08-25T17:00:00,R028,34,3.09,25.97,IoT
SENS_R029,2026-08-25T17:00:00,R029,97,3.14,25.38,IoT
SENS_R030,2026-08-25T17:00:00,R030,44,3.07,24.75,IoT
SENS_R001,2026-08-25T18:00:00,R001,6,1.08,22.71,IoT
SENS_R002,2026-08-25T18:00:00,R002,48,2.03,24.85,IoT
SENS_R003,2026-08-25T18:00:00,R003,19,1.32,24.43,IoT
SENS_R004,2026-08-25T18:00:00,R004,18,1.29,23.75,IoT
SENS_R005,2026-08-25T18:00:00,R005,34,1.87,24.31,IoT
SENS_R006,2026-08-25T18:00:00,R006,9,1.13,24.8,IoT
SENS_R007,2026-08-25T18:00:00,R007,10,1.54,23.95,IoT
SENS_R008,2026-08-25T18:00:00,R008,21,1.15,24.55,IoT
SENS_R009,2026-08-25T18:00:00,R009,12,1.62,24.13,IoT
SENS_R010,2026-08-25T18:00:00,R010,18,1.6,24.07,IoT
SENS_R011,2026-08-25T18:00:00,R011,3,1.04,23.27,IoT
SENS_R012,2026-08-25T18:00:00,R012,21,1.67,24.87,IoT
SENS_R013,2026-08-25T18:00:00,R013,35,1.74,24.91,IoT
SENS_R014,2026-08-25T18:00:00,R014,11,1.84,23.25,IoT
SENS_R015,2026-08-25T18:00:00,R015,4,1.02,24.67,IoT
SENS_R016,2026-08-25T18:00:00,R016,7,1.04,25.37,IoT
SENS_R017,2026-08-25T18:00:00,R017,12,1.28,23.61,IoT
SENS_R018,2026-08-25T18:00:00,R018,18,1.52,24.16,IoT
SENS_R019,2026-08-25T18:00:00,R019,19,1.98,25.62,IoT
SENS_R020,2026-08-25T18:00:00,R020,11,1.61,24.06,IoT
SENS_R021,2026-08-25T18:00:00,R021,24,2.38,24.26,IoT
SENS_R022,2026-08-25T18:00:00,R022,14,1.47,23.51,IoT
SENS_R023,2026-08-25T18:00:00,R023,13,2.06,24.4,IoT
SENS_R024,2026-08-25T18:00:00,R024,11,1.15,24.44,IoT
SENS_R025,2026-08-25T18:00:00,R025,18,1.18,24.59,IoT
SENS_R026,2026-08-25T18:00:00,R026,13,1.68,23.7,IoT
SENS_R027,2026-08-25T18:00:00,R027,28,1.36,23.13,IoT
SENS_R028,2026-08-25T18:00:00,R028,10,1.3,25.31,IoT
SENS_R029,2026-08-25T18:00:00,R029,53,2.59,25.7,IoT
SENS_R030,2026-08-25T18:00:00,R030,9,1.01,22.94,IoT
SENS_R001,2026-08-25T19:00:00,R001,12,1.32,24.24,IoT
SENS_R002,2026-08-25T19:00:00,R002,16,1.32,23.56,IoT
SENS_R003,2026-08-25T19:00:00,R003,31,1.39,25.31,IoT
SENS_R004,2026-08-25T19:00:00,R004,16,1.47,22.63,IoT
SENS_R005,2026-08-25T19:00:00,R005,17,1.77,24.29,IoT
SENS_R006,2026-08-25T19:00:00,R006,10,1.72,24.64,IoT
SENS_R007,2026-08-25T19:00:00,R007,10,1.79,24.3,IoT
SENS_R008,2026-08-25T19:00:00,R008,7,0.9,24.44,IoT
SENS_R009,2026-08-25T19:00:00,R009,15,1.64,23.72,IoT
SENS_R010,2026-08-25T19:00:00,R010,0,0.63,23.91,IoT
SENS_R011,2026-08-25T19:00:00,R011,30,2.04,25.8,IoT
SENS_R012,2026-08-25T19:00:00,R012,27,2.35,24.81,IoT
SENS_R013,2026-08-25T19:00:00,R013,7,0.51,23.74,IoT
SENS_R014,2026-08-25T19:00:00,R014,7,1.11,23.25,IoT
SENS_R015,2026-08-25T19:00:00,R015,1,0.98,24.06,IoT
SENS_R016,2026-08-25T19:00:00,R016,17,1.69,24.04,IoT
SENS_R017,2026-08-25T19:00:00,R017,14,1.78,24.35,IoT
SENS_R018,2026-08-25T19:00:00,R018,30,2.13,25.3,IoT
SENS_R019,2026-08-25T19:00:00,R019,20,2.19,24.75,IoT
SENS_R020,2026-08-25T19:00:00,R020,17,1.95,25.06,IoT
SENS_R021,2026-08-25T19:00:00,R021,14,1.7,23.6,IoT
SENS_R022,2026-08-25T19:00:00,R022,12,1.32,23.29,IoT
SENS_R023,2026-08-25T19:00:00,R023,5,1.3,23.08,IoT
SENS_R024,2026-08-25T19:00:00,R024,4,1.16,23.08,IoT
SENS_R025,2026-08-25T19:00:00,R025,41,1.75,23.31,IoT
SENS_R026,2026-08-25T19:00:00,R026,14,1.71,24.03,IoT
SENS_R027,2026-08-25T19:00:00,R027,26,1.4,24.04,IoT
SENS_R028,2026-08-25T19:00:00,R028,7,1.26,24.22,IoT
SENS_R029,2026-08-25T19:00:00,R029,33,1.51,23.93,IoT
SENS_R030,2026-08-25T19:00:00,R030,15,1.46,23.83,IoT
SENS_R001,2026-08-25T20:00:00,R001,3,0.87,25.68,IoT
SENS_R002,2026-08-25T20:00:00,R002,22,1.8,24.27,IoT
SENS_R003,2026-08-25T20:00:00,R003,15,1.82,25.01,IoT
SENS_R004,2026-08-25T20:00:00,R004,27,1.66,25.28,IoT
SENS_R005,2026-08-25T20:00:00,R005,19,1.25,24.04,IoT
SENS_R006,2026-08-25T20:00:00,R006,14,2.12,24.67,IoT
SENS_R007,2026-08-25T20:00:00,R007,7,1.27,22.93,IoT
SENS_R008,2026-08-25T20:00:00,R008,12,1.35,24.18,IoT
SENS_R009,2026-08-25T20:00:00,R009,15,1.7,24.78,IoT
SENS_R010,2026-08-25T20:00:00,R010,13,1.28,23.67,IoT
SENS_R011,2026-08-25T20:00:00,R011,22,1.29,24.51,IoT
SENS_R012,2026-08-25T20:00:00,R012,23,1.72,23.99,IoT
SENS_R013,2026-08-25T20:00:00,R013,37,2.02,24.21,IoT
SENS_R014,2026-08-25T20:00:00,R014,13,1.81,24.87,IoT
SENS_R015,2026-08-25T20:00:00,R015,11,1.72,25.5,IoT
SENS_R016,2026-08-25T20:00:00,R016,16,1.43,23.14,IoT
SENS_R017,2026-08-25T20:00:00,R017,23,1.8,24.41,IoT
SENS_R018,2026-08-25T20:00:00,R018,29,1.64,25.6,IoT
SENS_R019,2026-08-25T20:00:00,R019,12,1.58,24.13,IoT
SENS_R020,2026-08-25T20:00:00,R020,12,1.13,23.67,IoT
SENS_R021,2026-08-25T20:00:00,R021,4,0.95,24.06,IoT
SENS_R022,2026-08-25T20:00:00,R022,13,1.47,23.73,IoT
SENS_R023,2026-08-25T20:00:00,R023,6,1.31,24.41,IoT
SENS_R024,2026-08-25T20:00:00,R024,21,1.96,26.51,IoT
SENS_R025,2026-08-25T20:00:00,R025,47,2.39,25.6,IoT
SENS_R026,2026-08-25T20:00:00,R026,22,1.96,23.8,IoT
SENS_R027,2026-08-25T20:00:00,R027,28,1.26,24.86,IoT
SENS_R028,2026-08-25T20:00:00,R028,10,1.48,24.55,IoT
SENS_R029,2026-08-25T20:00:00,R029,0,0.63,24.72,IoT
SENS_R030,2026-08-25T20:00:00,R030,8,1.28,22.89,IoT
SENS_R001,2026-08-25T21:00:00,R001,7,0.92,23.21,IoT
SENS_R002,2026-08-25T21:00:00,R002,17,1.13,23.56,IoT
SENS_R003,2026-08-25T21:00:00,R003,27,1.5,23.06,IoT
SENS_R004,2026-08-25T21:00:00,R004,10,0.97,23.52,IoT
SENS_R005,2026-08-25T21:00:00,R005,12,1.07,23.27,IoT
SENS_R006,2026-08-25T21:00:00,R006,15,1.74,23.64,IoT
SENS_R007,2026-08-25T21:00:00,R007,4,0.93,24.02,IoT
SENS_R008,2026-08-25T21:00:00,R008,22,1.43,26.07,IoT
SENS_R009,2026-08-25T21:00:00,R009,22,1.97,22.8,IoT
SENS_R010,2026-08-25T21:00:00,R010,6,1.03,23.57,IoT
SENS_R011,2026-08-25T21:00:00,R011,0,0.86,22.16,IoT
SENS_R012,2026-08-25T21:00:00,R012,16,1.66,24.6,IoT
SENS_R013,2026-08-25T21:00:00,R013,34,1.5,24.05,IoT
SENS_R014,2026-08-25T21:00:00,R014,16,2.33,24.24,IoT
SENS_R015,2026-08-25T21:00:00,R015,1,1.24,23.61,IoT
SENS_R016,2026-08-25T21:00:00,R016,26,2.13,25.41,IoT
SENS_R017,2026-08-25T21:00:00,R017,14,1.36,23.2,IoT
SENS_R018,2026-08-25T21:00:00,R018,13,1.42,24.18,IoT
SENS_R019,2026-08-25T21:00:00,R019,33,2.71,25.21,IoT
SENS_R020,2026-08-25T21:00:00,R020,5,0.64,25.64,IoT
SENS_R021,2026-08-25T21:00:00,R021,18,2.53,23.58,IoT
SENS_R022,2026-08-25T21:00:00,R022,22,1.87,24.28,IoT
SENS_R023,2026-08-25T21:00:00,R023,11,2.05,26.25,IoT
SENS_R024,2026-08-25T21:00:00,R024,18,1.83,24.18,IoT
SENS_R025,2026-08-25T21:00:00,R025,25,1.69,24.91,IoT
SENS_R026,2026-08-25T21:00:00,R026,5,1.0,23.81,IoT
SENS_R027,2026-08-25T21:00:00,R027,47,1.7,25.39,IoT
SENS_R028,2026-08-25T21:00:00,R028,12,1.93,23.27,IoT
SENS_R029,2026-08-25T21:00:00,R029,33,1.38,24.17,IoT
SENS_R030,2026-08-25T21:00:00,R030,7,0.94,23.16,IoT
SENS_R001,2026-08-26T06:00:00,R001,12,2.42,24.06,IoT
SENS_R002,2026-08-26T06:00:00,R002,25,1.99,23.43,IoT
SENS_R003,2026-08-26T06:00:00,R003,44,2.13,24.48,IoT
SENS_R004,2026-08-26T06:00:00,R004,11,0.98,23.95,IoT
SENS_R005,2026-08-26T06:00:00,R005,0,0.57,24.49,IoT
SENS_R006,2026-08-26T06:00:00,R006,14,2.04,24.68,IoT
SENS_R007,2026-08-26T06:00:00,R007,3,0.54,23.12,IoT
SENS_R008,2026-08-26T06:00:00,R008,14,1.32,24.01,IoT
SENS_R009,2026-08-26T06:00:00,R009,12,1.5,25.1,IoT
SENS_R010,2026-08-26T06:00:00,R010,20,1.45,25.43,IoT
SENS_R011,2026-08-26T06:00:00,R011,4,0.85,26.07,IoT
SENS_R012,2026-08-26T06:00:00,R012,39,2.38,25.07,IoT
SENS_R013,2026-08-26T06:00:00,R013,50,2.48,25.04,IoT
SENS_R014,2026-08-26T06:00:00,R014,13,1.87,24.92,IoT
SENS_R015,2026-08-26T06:00:00,R015,5,1.04,24.17,IoT
SENS_R016,2026-08-26T06:00:00,R016,12,1.02,22.13,IoT
SENS_R017,2026-08-26T06:00:00,R017,23,2.08,24.62,IoT
SENS_R018,2026-08-26T06:00:00,R018,25,1.3,24.07,IoT
SENS_R019,2026-08-26T06:00:00,R019,13,1.45,22.77,IoT
SENS_R020,2026-08-26T06:00:00,R020,11,1.38,22.8,IoT
SENS_R021,2026-08-26T06:00:00,R021,17,2.08,26.14,IoT
SENS_R022,2026-08-26T06:00:00,R022,17,1.81,24.97,IoT
SENS_R023,2026-08-26T06:00:00,R023,4,1.12,23.66,IoT
SENS_R024,2026-08-26T06:00:00,R024,25,1.75,24.86,IoT
SENS_R025,2026-08-26T06:00:00,R025,20,1.18,24.02,IoT
SENS_R026,2026-08-26T06:00:00,R026,0,0.49,23.87,IoT
SENS_R027,2026-08-26T06:00:00,R027,45,1.93,25.14,IoT
SENS_R028,2026-08-26T06:00:00,R028,7,1.26,25.25,IoT
SENS_R029,2026-08-26T06:00:00,R029,35,1.36,24.48,IoT
SENS_R030,2026-08-26T06:00:00,R030,18,1.91,25.31,IoT
SENS_R001,2026-08-26T07:00:00,R001,12,2.03,26.08,IoT
SENS_R002,2026-08-26T07:00:00,R002,37,1.95,24.89,IoT
SENS_R003,2026-08-26T07:00:00,R003,15,1.21,24.48,IoT
SENS_R004,2026-08-26T07:00:00,R004,18,1.6,24.34,IoT
SENS_R005,2026-08-26T07:00:00,R005,19,1.24,24.66,IoT
SENS_R006,2026-08-26T07:00:00,R006,6,1.4,24.05,IoT
SENS_R007,2026-08-26T07:00:00,R007,5,1.48,24.5,IoT
SENS_R008,2026-08-26T07:00:00,R008,20,1.68,24.83,IoT
SENS_R009,2026-08-26T07:00:00,R009,21,1.98,24.0,IoT
SENS_R010,2026-08-26T07:00:00,R010,22,1.9,24.54,IoT
SENS_R011,2026-08-26T07:00:00,R011,29,1.73,24.97,IoT
SENS_R012,2026-08-26T07:00:00,R012,17,1.34,23.54,IoT
SENS_R013,2026-08-26T07:00:00,R013,17,0.97,23.82,IoT
SENS_R014,2026-08-26T07:00:00,R014,8,1.18,22.89,IoT
SENS_R015,2026-08-26T07:00:00,R015,12,2.01,25.16,IoT
SENS_R016,2026-08-26T07:00:00,R016,25,1.88,23.44,IoT
SENS_R017,2026-08-26T07:00:00,R017,22,1.91,25.17,IoT
SENS_R018,2026-08-26T07:00:00,R018,28,1.88,24.7,IoT
SENS_R019,2026-08-26T07:00:00,R019,18,1.64,24.17,IoT
SENS_R020,2026-08-26T07:00:00,R020,22,2.43,23.96,IoT
SENS_R021,2026-08-26T07:00:00,R021,10,1.19,24.07,IoT
SENS_R022,2026-08-26T07:00:00,R022,15,1.39,23.65,IoT
SENS_R023,2026-08-26T07:00:00,R023,7,1.43,23.16,IoT
SENS_R024,2026-08-26T07:00:00,R024,6,1.28,24.62,IoT
SENS_R025,2026-08-26T07:00:00,R025,23,1.8,23.59,IoT
SENS_R026,2026-08-26T07:00:00,R026,12,1.43,23.87,IoT
SENS_R027,2026-08-26T07:00:00,R027,18,1.13,23.61,IoT
SENS_R028,2026-08-26T07:00:00,R028,8,1.06,23.95,IoT
SENS_R029,2026-08-26T07:00:00,R029,20,1.31,23.58,IoT
SENS_R030,2026-08-26T07:00:00,R030,15,1.66,24.19,IoT
SENS_R001,2026-08-26T08:00:00,R001,33,4.31,27.25,IoT
SENS_R002,2026-08-26T08:00:00,R002,45,2.23,23.92,IoT
SENS_R003,2026-08-26T08:00:00,R003,80,3.03,25.4,IoT
SENS_R004,2026-08-26T08:00:00,R004,64,2.72,25.12,IoT
SENS_R005,2026-08-26T08:00:00,R005,41,2.1,24.34,IoT
SENS_R006,2026-08-26T08:00:00,R006,14,1.48,23.72,IoT
SENS_R007,2026-08-26T08:00:00,R007,11,2.03,24.21,IoT
SENS_R008,2026-08-26T08:00:00,R008,52,2.58,24.46,IoT
SENS_R009,2026-08-26T08:00:00,R009,50,3.66,26.53,IoT
SENS_R010,2026-08-26T08:00:00,R010,27,2.2,25.73,IoT
SENS_R011,2026-08-26T08:00:00,R011,47,2.06,23.18,IoT
SENS_R012,2026-08-26T08:00:00,R012,26,2.28,26.03,IoT
SENS_R013,2026-08-26T08:00:00,R013,63,3.02,25.11,IoT
SENS_R014,2026-08-26T08:00:00,R014,17,2.26,25.58,IoT
SENS_R015,2026-08-26T08:00:00,R015,26,3.29,25.51,IoT
SENS_R016,2026-08-26T08:00:00,R016,67,3.88,25.69,IoT
SENS_R017,2026-08-26T08:00:00,R017,36,2.77,24.82,IoT
SENS_R018,2026-08-26T08:00:00,R018,73,3.33,25.58,IoT
SENS_R019,2026-08-26T08:00:00,R019,20,1.78,23.78,IoT
SENS_R020,2026-08-26T08:00:00,R020,29,2.86,25.4,IoT
SENS_R021,2026-08-26T08:00:00,R021,64,4.31,26.05,IoT
SENS_R022,2026-08-26T08:00:00,R022,56,3.37,23.91,IoT
SENS_R023,2026-08-26T08:00:00,R023,19,2.22,24.0,IoT
SENS_R024,2026-08-26T08:00:00,R024,28,1.99,24.84,IoT
SENS_R025,2026-08-26T08:00:00,R025,61,2.24,23.64,IoT
SENS_R026,2026-08-26T08:00:00,R026,23,2.03,25.05,IoT
SENS_R027,2026-08-26T08:00:00,R027,90,3.07,26.19,IoT
SENS_R028,2026-08-26T08:00:00,R028,31,2.53,25.4,IoT
SENS_R029,2026-08-26T08:00:00,R029,78,2.08,23.85,IoT
SENS_R030,2026-08-26T08:00:00,R030,52,3.03,26.1,IoT
SENS_R001,2026-08-26T09:00:00,R001,32,3.76,24.9,IoT
SENS_R002,2026-08-26T09:00:00,R002,48,2.36,25.55,IoT
SENS_R003,2026-08-26T09:00:00,R003,69,2.66,24.49,IoT
SENS_R004,2026-08-26T09:00:00,R004,57,3.07,26.47,IoT
SENS_R005,2026-08-26T09:00:00,R005,30,2.05,25.1,IoT
SENS_R006,2026-08-26T09:00:00,R006,18,2.53,25.15,IoT
SENS_R007,2026-08-26T09:00:00,R007,31,3.8,27.05,IoT
SENS_R008,2026-08-26T09:00:00,R008,49,2.83,24.86,IoT
SENS_R009,2026-08-26T09:00:00,R009,40,3.58,25.95,IoT
SENS_R010,2026-08-26T09:00:00,R010,49,3.45,24.34,IoT
SENS_R011,2026-08-26T09:00:00,R011,39,2.44,25.99,IoT
SENS_R012,2026-08-26T09:00:00,R012,63,3.64,25.28,IoT
SENS_R013,2026-08-26T09:00:00,R013,84,2.77,26.22,IoT
SENS_R014,2026-08-26T09:00:00,R014,24,2.43,24.9,IoT
SENS_R015,2026-08-26T09:00:00,R015,17,2.18,24.64,IoT
SENS_R016,2026-08-26T09:00:00,R016,57,3.28,25.64,IoT
SENS_R017,2026-08-26T09:00:00,R017,28,2.24,25.57,IoT
SENS_R018,2026-08-26T09:00:00,R018,50,2.42,26.69,IoT
SENS_R019,2026-08-26T09:00:00,R019,40,2.65,23.95,IoT
SENS_R020,2026-08-26T09:00:00,R020,44,2.6,25.21,IoT
SENS_R021,2026-08-26T09:00:00,R021,29,2.45,24.78,IoT
SENS_R022,2026-08-26T09:00:00,R022,32,2.28,25.48,IoT
SENS_R023,2026-08-26T09:00:00,R023,33,3.75,26.12,IoT
SENS_R024,2026-08-26T09:00:00,R024,30,2.1,24.99,IoT
SENS_R025,2026-08-26T09:00:00,R025,61,2.11,25.45,IoT
SENS_R026,2026-08-26T09:00:00,R026,34,3.03,24.96,IoT
SENS_R027,2026-08-26T09:00:00,R027,122,3.61,26.82,IoT
SENS_R028,2026-08-26T09:00:00,R028,26,2.57,26.79,IoT
SENS_R029,2026-08-26T09:00:00,R029,115,3.6,24.34,IoT
SENS_R030,2026-08-26T09:00:00,R030,63,3.58,25.42,IoT
SENS_R001,2026-08-26T10:00:00,R001,9,1.17,24.41,IoT
SENS_R002,2026-08-26T10:00:00,R002,99,3.74,25.63,IoT
SENS_R003,2026-08-26T10:00:00,R003,81,3.14,25.07,IoT
SENS_R004,2026-08-26T10:00:00,R004,58,3.13,26.49,IoT
SENS_R005,2026-08-26T10:00:00,R005,60,2.61,25.12,IoT
SENS_R006,2026-08-26T10:00:00,R006,46,3.73,25.3,IoT
SENS_R007,2026-08-26T10:00:00,R007,17,2.82,24.63,IoT
SENS_R008,2026-08-26T10:00:00,R008,55,2.43,24.64,IoT
SENS_R009,2026-08-26T10:00:00,R009,32,2.49,24.86,IoT
SENS_R010,2026-08-26T10:00:00,R010,25,1.98,23.63,IoT
SENS_R011,2026-08-26T10:00:00,R011,78,3.6,25.36,IoT
SENS_R012,2026-08-26T10:00:00,R012,39,2.4,25.33,IoT
SENS_R013,2026-08-26T10:00:00,R013,114,3.28,26.31,IoT
SENS_R014,2026-08-26T10:00:00,R014,19,2.55,26.16,IoT
SENS_R015,2026-08-26T10:00:00,R015,21,2.89,24.18,IoT
SENS_R016,2026-08-26T10:00:00,R016,37,1.96,24.94,IoT
SENS_R017,2026-08-26T10:00:00,R017,35,2.79,24.88,IoT
SENS_R018,2026-08-26T10:00:00,R018,27,1.81,25.76,IoT
SENS_R019,2026-08-26T10:00:00,R019,25,2.0,24.18,IoT
SENS_R020,2026-08-26T10:00:00,R020,37,2.87,24.5,IoT
SENS_R021,2026-08-26T10:00:00,R021,23,2.21,25.42,IoT
SENS_R022,2026-08-26T10:00:00,R022,40,2.68,24.88,IoT
SENS_R023,2026-08-26T10:00:00,R023,15,2.23,25.25,IoT
SENS_R024,2026-08-26T10:00:00,R024,33,2.58,24.34,IoT
SENS_R025,2026-08-26T10:00:00,R025,91,3.32,25.74,IoT
SENS_R026,2026-08-26T10:00:00,R026,31,3.24,25.31,IoT
SENS_R027,2026-08-26T10:00:00,R027,114,3.12,25.89,IoT
SENS_R028,2026-08-26T10:00:00,R028,13,1.78,24.61,IoT
SENS_R029,2026-08-26T10:00:00,R029,113,3.31,25.35,IoT
SENS_R030,2026-08-26T10:00:00,R030,33,2.03,25.13,IoT
SENS_R001,2026-08-26T11:00:00,R001,35,3.48,26.14,IoT
SENS_R002,2026-08-26T11:00:00,R002,47,1.98,24.28,IoT
SENS_R003,2026-08-26T11:00:00,R003,40,2.15,24.45,IoT
SENS_R004,2026-08-26T11:00:00,R004,46,1.97,25.94,IoT
SENS_R005,2026-08-26T11:00:00,R005,75,3.36,25.85,IoT
SENS_R006,2026-08-26T11:00:00,R006,23,2.71,23.21,IoT
SENS_R007,2026-08-26T11:00:00,R007,23,3.15,26.09,IoT
SENS_R008,2026-08-26T11:00:00,R008,67,3.0,24.73,IoT
SENS_R009,2026-08-26T11:00:00,R009,26,2.54,25.29,IoT
SENS_R010,2026-08-26T11:00:00,R010,48,3.19,25.92,IoT
SENS_R011,2026-08-26T11:00:00,R011,45,2.42,24.22,IoT
SENS_R012,2026-08-26T11:00:00,R012,41,2.66,25.45,IoT
SENS_R013,2026-08-26T11:00:00,R013,64,2.84,25.39,IoT
SENS_R014,2026-08-26T11:00:00,R014,24,2.65,26.88,IoT
SENS_R015,2026-08-26T11:00:00,R015,17,2.57,25.59,IoT
SENS_R016,2026-08-26T11:00:00,R016,28,2.31,24.77,IoT
SENS_R017,2026-08-26T11:00:00,R017,26,2.28,25.2,IoT
SENS_R018,2026-08-26T11:00:00,R018,76,3.47,23.76,IoT
SENS_R019,2026-08-26T11:00:00,R019,46,3.0,26.13,IoT
SENS_R020,2026-08-26T11:00:00,R020,29,2.75,26.07,IoT
SENS_R021,2026-08-26T11:00:00,R021,34,2.74,24.62,IoT
SENS_R022,2026-08-26T11:00:00,R022,36,2.61,24.92,IoT
SENS_R023,2026-08-26T11:00:00,R023,21,2.14,24.94,IoT
SENS_R024,2026-08-26T11:00:00,R024,24,2.2,25.79,IoT
SENS_R025,2026-08-26T11:00:00,R025,69,2.38,23.5,IoT
SENS_R026,2026-08-26T11:00:00,R026,26,2.7,26.34,IoT
SENS_R027,2026-08-26T11:00:00,R027,62,2.09,22.19,IoT
SENS_R028,2026-08-26T11:00:00,R028,28,3.1,25.43,IoT
SENS_R029,2026-08-26T11:00:00,R029,92,2.98,24.52,IoT
SENS_R030,2026-08-26T11:00:00,R030,36,2.29,25.91,IoT
SENS_R001,2026-08-26T12:00:00,R001,29,3.72,26.29,IoT
SENS_R002,2026-08-26T12:00:00,R002,93,3.57,28.58,IoT
SENS_R003,2026-08-26T12:00:00,R003,85,3.59,25.6,IoT
SENS_R004,2026-08-26T12:00:00,R004,90,3.99,26.27,IoT
SENS_R005,2026-08-26T12:00:00,R005,76,3.28,27.12,IoT
SENS_R006,2026-08-26T12:00:00,R006,37,3.62,25.32,IoT
SENS_R007,2026-08-26T12:00:00,R007,25,3.09,26.06,IoT
SENS_R008,2026-08-26T12:00:00,R008,43,2.1,24.33,IoT
SENS_R009,2026-08-26T12:00:00,R009,21,1.96,23.71,IoT
SENS_R010,2026-08-26T12:00:00,R010,55,3.97,25.99,IoT
SENS_R011,2026-08-26T12:00:00,R011,57,3.32,24.79,IoT
SENS_R012,2026-08-26T12:00:00,R012,76,3.89,26.17,IoT
SENS_R013,2026-08-26T12:00:00,R013,59,1.88,25.11,IoT
SENS_R014,2026-08-26T12:00:00,R014,28,2.48,25.33,IoT
SENS_R015,2026-08-26T12:00:00,R015,27,3.12,25.8,IoT
SENS_R016,2026-08-26T12:00:00,R016,44,2.24,25.3,IoT
SENS_R017,2026-08-26T12:00:00,R017,60,4.46,27.15,IoT
SENS_R018,2026-08-26T12:00:00,R018,39,2.26,23.61,IoT
SENS_R019,2026-08-26T12:00:00,R019,42,2.97,25.69,IoT
SENS_R020,2026-08-26T12:00:00,R020,39,2.63,24.43,IoT
SENS_R021,2026-08-26T12:00:00,R021,23,2.21,23.92,IoT
SENS_R022,2026-08-26T12:00:00,R022,32,2.1,24.87,IoT
SENS_R023,2026-08-26T12:00:00,R023,30,3.55,26.16,IoT
SENS_R024,2026-08-26T12:00:00,R024,19,1.99,24.39,IoT
SENS_R025,2026-08-26T12:00:00,R025,66,2.65,25.29,IoT
SENS_R026,2026-08-26T12:00:00,R026,32,2.9,24.98,IoT
SENS_R027,2026-08-26T12:00:00,R027,108,3.53,26.4,IoT
SENS_R028,2026-08-26T12:00:00,R028,32,3.17,25.39,IoT
SENS_R029,2026-08-26T12:00:00,R029,53,1.36,23.1,IoT
SENS_R030,2026-08-26T12:00:00,R030,55,3.63,26.46,IoT
SENS_R001,2026-08-26T13:00:00,R001,28,3.42,25.66,IoT
SENS_R002,2026-08-26T13:00:00,R002,51,2.7,25.35,IoT
SENS_R003,2026-08-26T13:00:00,R003,79,3.1,25.98,IoT
SENS_R004,2026-08-26T13:00:00,R004,46,2.39,25.24,IoT
SENS_R005,2026-08-26T13:00:00,R005,69,2.97,25.63,IoT
SENS_R006,2026-08-26T13:00:00,R006,23,2.53,24.71,IoT
SENS_R007,2026-08-26T13:00:00,R007,16,2.41,24.41,IoT
SENS_R008,2026-08-26T13:00:00,R008,92,3.97,26.69,IoT
SENS_R009,2026-08-26T13:00:00,R009,56,3.76,26.12,IoT
SENS_R010,2026-08-26T13:00:00,R010,46,3.36,25.5,IoT
SENS_R011,2026-08-26T13:00:00,R011,74,2.97,24.74,IoT
SENS_R012,2026-08-26T13:00:00,R012,42,2.77,24.89,IoT
SENS_R013,2026-08-26T13:00:00,R013,103,3.08,25.25,IoT
SENS_R014,2026-08-26T13:00:00,R014,35,3.43,24.58,IoT
SENS_R015,2026-08-26T13:00:00,R015,33,3.68,25.81,IoT
SENS_R016,2026-08-26T13:00:00,R016,63,3.83,25.68,IoT
SENS_R017,2026-08-26T13:00:00,R017,33,2.55,23.88,IoT
SENS_R018,2026-08-26T13:00:00,R018,49,2.39,22.56,IoT
SENS_R019,2026-08-26T13:00:00,R019,52,3.62,25.01,IoT
SENS_R020,2026-08-26T13:00:00,R020,50,3.66,25.82,IoT
SENS_R021,2026-08-26T13:00:00,R021,41,3.0,26.54,IoT
SENS_R022,2026-08-26T13:00:00,R022,52,3.26,25.28,IoT
SENS_R023,2026-08-26T13:00:00,R023,24,3.04,26.56,IoT
SENS_R024,2026-08-26T13:00:00,R024,57,3.49,26.35,IoT
SENS_R025,2026-08-26T13:00:00,R025,58,2.33,26.25,IoT
SENS_R026,2026-08-26T13:00:00,R026,19,1.2,23.98,IoT
SENS_R027,2026-08-26T13:00:00,R027,81,2.41,26.13,IoT
SENS_R028,2026-08-26T13:00:00,R028,33,3.33,25.55,IoT
SENS_R029,2026-08-26T13:00:00,R029,95,2.78,25.42,IoT
SENS_R030,2026-08-26T13:00:00,R030,59,3.52,26.55,IoT
SENS_R001,2026-08-26T14:00:00,R001,15,1.91,23.51,IoT
SENS_R002,2026-08-26T14:00:00,R002,77,2.87,23.49,IoT
SENS_R003,2026-08-26T14:00:00,R003,92,3.57,26.06,IoT
SENS_R004,2026-08-26T14:00:00,R004,81,3.67,26.01,IoT
SENS_R005,2026-08-26T14:00:00,R005,68,3.51,26.62,IoT
SENS_R006,2026-08-26T14:00:00,R006,34,2.84,24.96,IoT
SENS_R007,2026-08-26T14:00:00,R007,30,3.55,24.72,IoT
SENS_R008,2026-08-26T14:00:00,R008,66,3.21,26.91,IoT
SENS_R009,2026-08-26T14:00:00,R009,38,3.39,26.75,IoT
SENS_R010,2026-08-26T14:00:00,R010,54,3.24,26.74,IoT
SENS_R011,2026-08-26T14:00:00,R011,61,3.24,24.96,IoT
SENS_R012,2026-08-26T14:00:00,R012,59,2.91,26.48,IoT
SENS_R013,2026-08-26T14:00:00,R013,103,3.01,25.38,IoT
SENS_R014,2026-08-26T14:00:00,R014,35,3.06,27.06,IoT
SENS_R015,2026-08-26T14:00:00,R015,37,4.03,26.16,IoT
SENS_R016,2026-08-26T14:00:00,R016,63,3.61,25.93,IoT
SENS_R017,2026-08-26T14:00:00,R017,56,3.76,25.19,IoT
SENS_R018,2026-08-26T14:00:00,R018,61,2.87,25.74,IoT
SENS_R019,2026-08-26T14:00:00,R019,39,2.46,25.4,IoT
SENS_R020,2026-08-26T14:00:00,R020,35,2.66,24.59,IoT
SENS_R021,2026-08-26T14:00:00,R021,34,2.74,24.84,IoT
SENS_R022,2026-08-26T14:00:00,R022,59,3.44,26.57,IoT
SENS_R023,2026-08-26T14:00:00,R023,21,2.58,25.49,IoT
SENS_R024,2026-08-26T14:00:00,R024,32,2.37,24.49,IoT
SENS_R025,2026-08-26T14:00:00,R025,37,1.66,23.96,IoT
SENS_R026,2026-08-26T14:00:00,R026,38,3.87,25.33,IoT
SENS_R027,2026-08-26T14:00:00,R027,75,2.5,25.32,IoT
SENS_R028,2026-08-26T14:00:00,R028,16,2.35,24.98,IoT
SENS_R029,2026-08-26T14:00:00,R029,58,1.92,23.86,IoT
SENS_R030,2026-08-26T14:00:00,R030,68,3.72,25.9,IoT
SENS_R001,2026-08-26T15:00:00,R001,27,3.52,25.7,IoT
SENS_R002,2026-08-26T15:00:00,R002,88,3.51,26.88,IoT
SENS_R003,2026-08-26T15:00:00,R003,75,3.15,26.96,IoT
SENS_R004,2026-08-26T15:00:00,R004,69,3.3,24.91,IoT
SENS_R005,2026-08-26T15:00:00,R005,45,2.47,25.08,IoT
SENS_R006,2026-08-26T15:00:00,R006,18,2.78,25.56,IoT
SENS_R007,2026-08-26T15:00:00,R007,33,4.13,27.48,IoT
SENS_R008,2026-08-26T15:00:00,R008,39,2.29,25.32,IoT
SENS_R009,2026-08-26T15:00:00,R009,23,2.57,25.78,IoT
SENS_R010,2026-08-26T15:00:00,R010,63,3.98,26.54,IoT
SENS_R011,2026-08-26T15:00:00,R011,86,3.56,26.32,IoT
SENS_R012,2026-08-26T15:00:00,R012,49,3.01,26.22,IoT
SENS_R013,2026-08-26T15:00:00,R013,96,2.86,24.64,IoT
SENS_R014,2026-08-26T15:00:00,R014,25,2.39,26.56,IoT
SENS_R015,2026-08-26T15:00:00,R015,25,2.65,23.97,IoT
SENS_R016,2026-08-26T15:00:00,R016,37,2.29,25.45,IoT
SENS_R017,2026-08-26T15:00:00,R017,48,3.18,25.5,IoT
SENS_R018,2026-08-26T15:00:00,R018,68,3.18,25.95,IoT
SENS_R019,2026-08-26T15:00:00,R019,38,2.41,24.71,IoT
SENS_R020,2026-08-26T15:00:00,R020,47,3.59,26.62,IoT
SENS_R021,2026-08-26T15:00:00,R021,56,3.73,26.06,IoT
SENS_R022,2026-08-26T15:00:00,R022,22,1.85,24.09,IoT
SENS_R023,2026-08-26T15:00:00,R023,18,2.41,25.26,IoT
SENS_R024,2026-08-26T15:00:00,R024,53,3.29,24.9,IoT
SENS_R025,2026-08-26T15:00:00,R025,91,2.9,26.08,IoT
SENS_R026,2026-08-26T15:00:00,R026,42,3.74,26.52,IoT
SENS_R027,2026-08-26T15:00:00,R027,139,3.91,24.13,IoT
SENS_R028,2026-08-26T15:00:00,R028,13,1.8,23.41,IoT
SENS_R029,2026-08-26T15:00:00,R029,84,2.87,26.53,IoT
SENS_R030,2026-08-26T15:00:00,R030,46,2.49,25.35,IoT
SENS_R001,2026-08-26T16:00:00,R001,16,2.15,25.07,IoT
SENS_R002,2026-08-26T16:00:00,R002,52,2.39,25.62,IoT
SENS_R003,2026-08-26T16:00:00,R003,94,3.66,25.14,IoT
SENS_R004,2026-08-26T16:00:00,R004,86,3.99,26.03,IoT
SENS_R005,2026-08-26T16:00:00,R005,54,2.28,23.83,IoT
SENS_R006,2026-08-26T16:00:00,R006,47,3.84,25.92,IoT
SENS_R007,2026-08-26T16:00:00,R007,11,1.86,23.7,IoT
SENS_R008,2026-08-26T16:00:00,R008,44,2.35,25.44,IoT
SENS_R009,2026-08-26T16:00:00,R009,26,2.45,25.51,IoT
SENS_R010,2026-08-26T16:00:00,R010,26,1.95,23.38,IoT
SENS_R011,2026-08-26T16:00:00,R011,52,2.42,24.65,IoT
SENS_R012,2026-08-26T16:00:00,R012,34,2.47,25.24,IoT
SENS_R013,2026-08-26T16:00:00,R013,37,1.73,25.39,IoT
SENS_R014,2026-08-26T16:00:00,R014,36,3.75,25.52,IoT
SENS_R015,2026-08-26T16:00:00,R015,28,2.93,24.83,IoT
SENS_R016,2026-08-26T16:00:00,R016,57,2.87,25.88,IoT
SENS_R017,2026-08-26T16:00:00,R017,38,2.98,25.67,IoT
SENS_R018,2026-08-26T16:00:00,R018,28,1.76,24.81,IoT
SENS_R019,2026-08-26T16:00:00,R019,44,2.73,24.55,IoT
SENS_R020,2026-08-26T16:00:00,R020,33,2.77,25.24,IoT
SENS_R021,2026-08-26T16:00:00,R021,41,2.83,25.23,IoT
SENS_R022,2026-08-26T16:00:00,R022,42,3.34,27.2,IoT
SENS_R023,2026-08-26T16:00:00,R023,13,1.64,24.11,IoT
SENS_R024,2026-08-26T16:00:00,R024,35,2.83,25.36,IoT
SENS_R025,2026-08-26T16:00:00,R025,95,3.39,26.06,IoT
SENS_R026,2026-08-26T16:00:00,R026,23,2.35,25.15,IoT
SENS_R027,2026-08-26T16:00:00,R027,102,3.1,25.49,IoT
SENS_R028,2026-08-26T16:00:00,R028,25,2.84,25.18,IoT
SENS_R029,2026-08-26T16:00:00,R029,87,3.24,24.77,IoT
SENS_R030,2026-08-26T16:00:00,R030,58,3.48,26.13,IoT
SENS_R001,2026-08-26T17:00:00,R001,32,4.11,28.23,IoT
SENS_R002,2026-08-26T17:00:00,R002,82,3.16,24.96,IoT
SENS_R003,2026-08-26T17:00:00,R003,53,2.27,23.37,IoT
SENS_R004,2026-08-26T17:00:00,R004,79,3.54,25.81,IoT
SENS_R005,2026-08-26T17:00:00,R005,55,3.22,26.11,IoT
SENS_R006,2026-08-26T17:00:00,R006,15,2.05,24.84,IoT
SENS_R007,2026-08-26T17:00:00,R007,23,2.64,23.8,IoT
SENS_R008,2026-08-26T17:00:00,R008,46,2.23,23.06,IoT
SENS_R009,2026-08-26T17:00:00,R009,36,3.06,25.93,IoT
SENS_R010,2026-08-26T17:00:00,R010,32,1.98,23.8,IoT
SENS_R011,2026-08-26T17:00:00,R011,86,3.57,24.96,IoT
SENS_R012,2026-08-26T17:00:00,R012,47,2.87,26.21,IoT
SENS_R013,2026-08-26T17:00:00,R013,82,2.63,26.46,IoT
SENS_R014,2026-08-26T17:00:00,R014,35,3.61,26.63,IoT
SENS_R015,2026-08-26T17:00:00,R015,33,3.4,26.93,IoT
SENS_R016,2026-08-26T17:00:00,R016,43,2.38,23.65,IoT
SENS_R017,2026-08-26T17:00:00,R017,49,3.51,26.23,IoT
SENS_R018,2026-08-26T17:00:00,R018,39,2.03,23.83,IoT
SENS_R019,2026-08-26T17:00:00,R019,33,2.22,24.83,IoT
SENS_R020,2026-08-26T17:00:00,R020,47,3.56,24.89,IoT
SENS_R021,2026-08-26T17:00:00,R021,37,3.02,24.99,IoT
SENS_R022,2026-08-26T17:00:00,R022,55,3.62,25.59,IoT
SENS_R023,2026-08-26T17:00:00,R023,18,2.59,24.68,IoT
SENS_R024,2026-08-26T17:00:00,R024,31,2.23,24.41,IoT
SENS_R025,2026-08-26T17:00:00,R025,76,3.25,25.95,IoT
SENS_R026,2026-08-26T17:00:00,R026,30,3.21,25.25,IoT
SENS_R027,2026-08-26T17:00:00,R027,55,1.97,24.67,IoT
SENS_R028,2026-08-26T17:00:00,R028,21,2.55,25.13,IoT
SENS_R029,2026-08-26T17:00:00,R029,96,2.74,25.34,IoT
SENS_R030,2026-08-26T17:00:00,R030,61,3.7,26.64,IoT
SENS_R001,2026-08-26T18:00:00,R001,9,1.65,25.1,IoT
SENS_R002,2026-08-26T18:00:00,R002,21,1.28,24.77,IoT
SENS_R003,2026-08-26T18:00:00,R003,27,1.82,24.69,IoT
SENS_R004,2026-08-26T18:00:00,R004,35,2.08,25.15,IoT
SENS_R005,2026-08-26T18:00:00,R005,12,1.16,25.01,IoT
SENS_R006,2026-08-26T18:00:00,R006,17,2.05,24.8,IoT
SENS_R007,2026-08-26T18:00:00,R007,7,1.51,24.46,IoT
SENS_R008,2026-08-26T18:00:00,R008,31,1.72,24.11,IoT
SENS_R009,2026-08-26T18:00:00,R009,16,1.65,25.95,IoT
SENS_R010,2026-08-26T18:00:00,R010,19,1.54,24.68,IoT
SENS_R011,2026-08-26T18:00:00,R011,22,1.74,23.3,IoT
SENS_R012,2026-08-26T18:00:00,R012,12,1.41,24.6,IoT
SENS_R013,2026-08-26T18:00:00,R013,28,1.4,23.49,IoT
SENS_R014,2026-08-26T18:00:00,R014,1,1.09,25.48,IoT
SENS_R015,2026-08-26T18:00:00,R015,10,1.64,22.75,IoT
SENS_R016,2026-08-26T18:00:00,R016,24,2.03,25.69,IoT
SENS_R017,2026-08-26T18:00:00,R017,13,1.31,24.81,IoT
SENS_R018,2026-08-26T18:00:00,R018,42,2.14,23.98,IoT
SENS_R019,2026-08-26T18:00:00,R019,8,1.71,24.1,IoT
SENS_R020,2026-08-26T18:00:00,R020,12,1.5,24.09,IoT
SENS_R021,2026-08-26T18:00:00,R021,6,1.09,23.88,IoT
SENS_R022,2026-08-26T18:00:00,R022,17,1.58,24.31,IoT
SENS_R023,2026-08-26T18:00:00,R023,7,1.32,23.46,IoT
SENS_R024,2026-08-26T18:00:00,R024,16,1.18,23.92,IoT
SENS_R025,2026-08-26T18:00:00,R025,28,1.98,25.43,IoT
SENS_R026,2026-08-26T18:00:00,R026,8,1.13,23.95,IoT
SENS_R027,2026-08-26T18:00:00,R027,14,1.03,23.3,IoT
SENS_R028,2026-08-26T18:00:00,R028,8,1.46,23.57,IoT
SENS_R029,2026-08-26T18:00:00,R029,37,1.3,23.91,IoT
SENS_R030,2026-08-26T18:00:00,R030,25,2.05,23.87,IoT
SENS_R001,2026-08-26T19:00:00,R001,8,1.15,23.78,IoT
SENS_R002,2026-08-26T19:00:00,R002,18,1.18,24.25,IoT
SENS_R003,2026-08-26T19:00:00,R003,35,1.78,24.58,IoT
SENS_R004,2026-08-26T19:00:00,R004,17,1.31,23.25,IoT
SENS_R005,2026-08-26T19:00:00,R005,21,2.01,25.57,IoT
SENS_R006,2026-08-26T19:00:00,R006,11,1.73,24.79,IoT
SENS_R007,2026-08-26T19:00:00,R007,10,1.15,23.43,IoT
SENS_R008,2026-08-26T19:00:00,R008,25,1.79,24.08,IoT
SENS_R009,2026-08-26T19:00:00,R009,6,1.02,24.4,IoT
SENS_R010,2026-08-26T19:00:00,R010,21,2.04,24.42,IoT
SENS_R011,2026-08-26T19:00:00,R011,11,0.84,23.08,IoT
SENS_R012,2026-08-26T19:00:00,R012,15,1.78,25.42,IoT
SENS_R013,2026-08-26T19:00:00,R013,41,1.82,23.74,IoT
SENS_R014,2026-08-26T19:00:00,R014,5,1.72,24.47,IoT
SENS_R015,2026-08-26T19:00:00,R015,9,1.46,23.28,IoT
SENS_R016,2026-08-26T19:00:00,R016,17,1.4,23.95,IoT
SENS_R017,2026-08-26T19:00:00,R017,18,1.89,24.78,IoT
SENS_R018,2026-08-26T19:00:00,R018,9,1.21,25.43,IoT
SENS_R019,2026-08-26T19:00:00,R019,16,1.57,24.26,IoT
SENS_R020,2026-08-26T19:00:00,R020,12,1.54,24.01,IoT
SENS_R021,2026-08-26T19:00:00,R021,8,1.52,23.25,IoT
SENS_R022,2026-08-26T19:00:00,R022,15,1.86,24.22,IoT
SENS_R023,2026-08-26T19:00:00,R023,5,1.21,23.54,IoT
SENS_R024,2026-08-26T19:00:00,R024,19,1.24,24.73,IoT
SENS_R025,2026-08-26T19:00:00,R025,10,1.66,24.7,IoT
SENS_R026,2026-08-26T19:00:00,R026,2,0.83,22.95,IoT
SENS_R027,2026-08-26T19:00:00,R027,10,1.47,23.22,IoT
SENS_R028,2026-08-26T19:00:00,R028,18,1.93,24.26,IoT
SENS_R029,2026-08-26T19:00:00,R029,22,1.63,23.29,IoT
SENS_R030,2026-08-26T19:00:00,R030,21,1.74,23.79,IoT
SENS_R001,2026-08-26T20:00:00,R001,6,1.39,24.76,IoT
SENS_R002,2026-08-26T20:00:00,R002,4,1.17,23.54,IoT
SENS_R003,2026-08-26T20:00:00,R003,7,1.1,22.4,IoT
SENS_R004,2026-08-26T20:00:00,R004,23,1.23,23.78,IoT
SENS_R005,2026-08-26T20:00:00,R005,19,1.37,23.41,IoT
SENS_R006,2026-08-26T20:00:00,R006,7,0.67,23.96,IoT
SENS_R007,2026-08-26T20:00:00,R007,8,1.55,24.14,IoT
SENS_R008,2026-08-26T20:00:00,R008,29,1.93,24.78,IoT
SENS_R009,2026-08-26T20:00:00,R009,22,2.16,23.7,IoT
SENS_R010,2026-08-26T20:00:00,R010,21,1.46,22.99,IoT
SENS_R011,2026-08-26T20:00:00,R011,24,2.1,25.19,IoT
SENS_R012,2026-08-26T20:00:00,R012,3,0.8,22.86,IoT
SENS_R013,2026-08-26T20:00:00,R013,33,1.1,23.71,IoT
SENS_R014,2026-08-26T20:00:00,R014,7,1.2,26.28,IoT
SENS_R015,2026-08-26T20:00:00,R015,2,0.59,22.64,IoT
SENS_R016,2026-08-26T20:00:00,R016,11,1.1,22.39,IoT
SENS_R017,2026-08-26T20:00:00,R017,11,1.09,23.39,IoT
SENS_R018,2026-08-26T20:00:00,R018,24,1.55,23.32,IoT
SENS_R019,2026-08-26T20:00:00,R019,15,1.68,24.26,IoT
SENS_R020,2026-08-26T20:00:00,R020,13,1.47,23.82,IoT
SENS_R021,2026-08-26T20:00:00,R021,14,1.39,22.27,IoT
SENS_R022,2026-08-26T20:00:00,R022,13,1.33,23.69,IoT
SENS_R023,2026-08-26T20:00:00,R023,8,1.79,25.78,IoT
SENS_R024,2026-08-26T20:00:00,R024,20,1.8,24.81,IoT
SENS_R025,2026-08-26T20:00:00,R025,0,0.55,23.41,IoT
SENS_R026,2026-08-26T20:00:00,R026,10,1.41,25.0,IoT
SENS_R027,2026-08-26T20:00:00,R027,5,0.96,25.31,IoT
SENS_R028,2026-08-26T20:00:00,R028,5,0.95,23.2,IoT
SENS_R029,2026-08-26T20:00:00,R029,34,1.69,24.67,IoT
SENS_R030,2026-08-26T20:00:00,R030,0,1.06,24.88,IoT
SENS_R001,2026-08-26T21:00:00,R001,3,0.68,23.45,IoT
SENS_R002,2026-08-26T21:00:00,R002,9,0.86,23.77,IoT
SENS_R003,2026-08-26T21:00:00,R003,18,1.12,23.49,IoT
SENS_R004,2026-08-26T21:00:00,R004,17,1.06,24.79,IoT
SENS_R005,2026-08-26T21:00:00,R005,14,1.34,23.65,IoT
SENS_R006,2026-08-26T21:00:00,R006,9,1.61,24.83,IoT
SENS_R007,2026-08-26T21:00:00,R007,7,1.77,24.66,IoT
SENS_R008,2026-08-26T21:00:00,R008,21,1.02,24.41,IoT
SENS_R009,2026-08-26T21:00:00,R009,19,2.24,26.06,IoT
SENS_R010,2026-08-26T21:00:00,R010,21,2.0,24.63,IoT
SENS_R011,2026-08-26T21:00:00,R011,10,1.26,23.59,IoT
SENS_R012,2026-08-26T21:00:00,R012,27,1.69,24.2,IoT
SENS_R013,2026-08-26T21:00:00,R013,32,1.76,25.36,IoT
SENS_R014,2026-08-26T21:00:00,R014,6,0.74,23.99,IoT
SENS_R015,2026-08-26T21:00:00,R015,8,1.58,23.12,IoT
SENS_R016,2026-08-26T21:00:00,R016,32,2.63,25.74,IoT
SENS_R017,2026-08-26T21:00:00,R017,8,1.53,23.97,IoT
SENS_R018,2026-08-26T21:00:00,R018,8,1.0,22.88,IoT
SENS_R019,2026-08-26T21:00:00,R019,22,1.88,25.74,IoT
SENS_R020,2026-08-26T21:00:00,R020,14,1.33,23.55,IoT
SENS_R021,2026-08-26T21:00:00,R021,21,1.91,24.61,IoT
SENS_R022,2026-08-26T21:00:00,R022,19,1.79,25.61,IoT
SENS_R023,2026-08-26T21:00:00,R023,9,1.49,23.55,IoT
SENS_R024,2026-08-26T21:00:00,R024,3,1.03,22.05,IoT
SENS_R025,2026-08-26T21:00:00,R025,41,2.4,25.93,IoT
SENS_R026,2026-08-26T21:00:00,R026,17,1.49,25.63,IoT
SENS_R027,2026-08-26T21:00:00,R027,39,1.89,24.74,IoT
SENS_R028,2026-08-26T21:00:00,R028,6,1.22,23.11,IoT
SENS_R029,2026-08-26T21:00:00,R029,9,0.97,23.63,IoT
SENS_R030,2026-08-26T21:00:00,R030,15,1.67,24.88,IoT
SENS_R001,2026-08-27T06:00:00,R001,7,1.21,23.19,IoT
SENS_R002,2026-08-27T06:00:00,R002,18,0.95,23.83,IoT
SENS_R003,2026-08-27T06:00:00,R003,30,1.66,23.48,IoT
SENS_R004,2026-08-27T06:00:00,R004,18,1.46,23.84,IoT
SENS_R005,2026-08-27T06:00:00,R005,17,1.5,24.11,IoT
SENS_R006,2026-08-27T06:00:00,R006,2,0.96,23.83,IoT
SENS_R007,2026-08-27T06:00:00,R007,10,1.22,23.31,IoT
SENS_R008,2026-08-27T06:00:00,R008,16,1.1,22.05,IoT
SENS_R009,2026-08-27T06:00:00,R009,16,1.57,24.16,IoT
SENS_R010,2026-08-27T06:00:00,R010,9,1.39,23.28,IoT
SENS_R011,2026-08-27T06:00:00,R011,17,1.79,23.51,IoT
SENS_R012,2026-08-27T06:00:00,R012,26,1.61,24.71,IoT
SENS_R013,2026-08-27T06:00:00,R013,36,1.52,24.04,IoT
SENS_R014,2026-08-27T06:00:00,R014,4,1.32,24.61,IoT
SENS_R015,2026-08-27T06:00:00,R015,10,1.62,24.25,IoT
SENS_R016,2026-08-27T06:00:00,R016,30,2.0,26.05,IoT
SENS_R017,2026-08-27T06:00:00,R017,6,0.78,24.89,IoT
SENS_R018,2026-08-27T06:00:00,R018,20,1.43,25.11,IoT
SENS_R019,2026-08-27T06:00:00,R019,8,0.86,23.57,IoT
SENS_R020,2026-08-27T06:00:00,R020,11,1.21,23.29,IoT
SENS_R021,2026-08-27T06:00:00,R021,21,1.34,23.14,IoT
SENS_R022,2026-08-27T06:00:00,R022,19,1.71,24.2,IoT
SENS_R023,2026-08-27T06:00:00,R023,5,1.4,25.71,IoT
SENS_R024,2026-08-27T06:00:00,R024,5,1.18,25.36,IoT
SENS_R025,2026-08-27T06:00:00,R025,12,1.18,22.18,IoT
SENS_R026,2026-08-27T06:00:00,R026,3,0.56,23.51,IoT
SENS_R027,2026-08-27T06:00:00,R027,32,1.18,22.98,IoT
SENS_R028,2026-08-27T06:00:00,R028,10,1.45,24.41,IoT
SENS_R029,2026-08-27T06:00:00,R029,37,1.62,22.46,IoT
SENS_R030,2026-08-27T06:00:00,R030,31,2.03,24.68,IoT
SENS_R001,2026-08-27T07:00:00,R001,8,1.73,24.95,IoT
SENS_R002,2026-08-27T07:00:00,R002,21,1.24,24.73,IoT
SENS_R003,2026-08-27T07:00:00,R003,35,1.95,24.16,IoT
SENS_R004,2026-08-27T07:00:00,R004,32,2.35,25.11,IoT
SENS_R005,2026-08-27T07:00:00,R005,16,1.17,23.44,IoT
SENS_R006,2026-08-27T07:00:00,R006,15,2.13,24.81,IoT
SENS_R007,2026-08-27T07:00:00,R007,9,1.49,24.48,IoT
SENS_R008,2026-08-27T07:00:00,R008,14,1.17,23.81,IoT
SENS_R009,2026-08-27T07:00:00,R009,12,1.1,22.73,IoT
SENS_R010,2026-08-27T07:00:00,R010,17,1.34,25.56,IoT
SENS_R011,2026-08-27T07:00:00,R011,10,1.18,24.01,IoT
SENS_R012,2026-08-27T07:00:00,R012,15,1.46,22.72,IoT
SENS_R013,2026-08-27T07:00:00,R013,40,2.16,25.14,IoT
SENS_R014,2026-08-27T07:00:00,R014,12,1.64,24.59,IoT
SENS_R015,2026-08-27T07:00:00,R015,8,1.31,24.29,IoT
SENS_R016,2026-08-27T07:00:00,R016,29,1.65,23.31,IoT
SENS_R017,2026-08-27T07:00:00,R017,16,1.77,25.0,IoT
SENS_R018,2026-08-27T07:00:00,R018,12,1.16,23.66,IoT
SENS_R019,2026-08-27T07:00:00,R019,21,1.96,25.77,IoT
SENS_R020,2026-08-27T07:00:00,R020,19,2.3,23.89,IoT
SENS_R021,2026-08-27T07:00:00,R021,12,1.32,24.78,IoT
SENS_R022,2026-08-27T07:00:00,R022,23,2.08,24.22,IoT
SENS_R023,2026-08-27T07:00:00,R023,6,1.19,24.86,IoT
SENS_R024,2026-08-27T07:00:00,R024,13,1.3,24.72,IoT
SENS_R025,2026-08-27T07:00:00,R025,28,1.52,24.24,IoT
SENS_R026,2026-08-27T07:00:00,R026,20,2.36,24.07,IoT
SENS_R027,2026-08-27T07:00:00,R027,50,1.85,24.35,IoT
SENS_R028,2026-08-27T07:00:00,R028,9,1.45,23.95,IoT
SENS_R029,2026-08-27T07:00:00,R029,17,0.8,24.14,IoT
SENS_R030,2026-08-27T07:00:00,R030,28,2.5,25.2,IoT
SENS_R001,2026-08-27T08:00:00,R001,18,2.2,24.4,IoT
SENS_R002,2026-08-27T08:00:00,R002,99,4.14,26.89,IoT
SENS_R003,2026-08-27T08:00:00,R003,65,2.94,25.44,IoT
SENS_R004,2026-08-27T08:00:00,R004,41,2.27,25.59,IoT
SENS_R005,2026-08-27T08:00:00,R005,67,2.79,24.99,IoT
SENS_R006,2026-08-27T08:00:00,R006,15,1.9,22.64,IoT
SENS_R007,2026-08-27T08:00:00,R007,30,3.43,25.02,IoT
SENS_R008,2026-08-27T08:00:00,R008,87,3.81,27.38,IoT
SENS_R009,2026-08-27T08:00:00,R009,21,2.42,25.16,IoT
SENS_R010,2026-08-27T08:00:00,R010,50,3.59,24.83,IoT
SENS_R011,2026-08-27T08:00:00,R011,79,3.57,24.4,IoT
SENS_R012,2026-08-27T08:00:00,R012,48,3.45,25.21,IoT
SENS_R013,2026-08-27T08:00:00,R013,83,3.05,25.38,IoT
SENS_R014,2026-08-27T08:00:00,R014,29,2.75,23.86,IoT
SENS_R015,2026-08-27T08:00:00,R015,21,2.91,25.11,IoT
SENS_R016,2026-08-27T08:00:00,R016,73,4.03,27.97,IoT
SENS_R017,2026-08-27T08:00:00,R017,32,2.32,24.27,IoT
SENS_R018,2026-08-27T08:00:00,R018,80,3.63,25.24,IoT
SENS_R019,2026-08-27T08:00:00,R019,38,2.89,25.47,IoT
SENS_R020,2026-08-27T08:00:00,R020,25,2.26,25.97,IoT
SENS_R021,2026-08-27T08:00:00,R021,68,4.41,26.58,IoT
SENS_R022,2026-08-27T08:00:00,R022,54,3.75,24.67,IoT
SENS_R023,2026-08-27T08:00:00,R023,18,2.41,24.94,IoT
SENS_R024,2026-08-27T08:00:00,R024,18,1.48,25.07,IoT
SENS_R025,2026-08-27T08:00:00,R025,80,2.86,25.86,IoT
SENS_R026,2026-08-27T08:00:00,R026,21,2.52,24.41,IoT
SENS_R027,2026-08-27T08:00:00,R027,130,3.65,26.15,IoT
SENS_R028,2026-08-27T08:00:00,R028,36,3.3,26.57,IoT
SENS_R029,2026-08-27T08:00:00,R029,68,2.62,26.54,IoT
SENS_R030,2026-08-27T08:00:00,R030,56,3.29,26.79,IoT
SENS_R001,2026-08-27T09:00:00,R001,17,2.02,24.58,IoT
SENS_R002,2026-08-27T09:00:00,R002,39,1.77,24.23,IoT
SENS_R003,2026-08-27T09:00:00,R003,96,4.28,26.31,IoT
SENS_R004,2026-08-27T09:00:00,R004,28,2.05,23.35,IoT
SENS_R005,2026-08-27T09:00:00,R005,63,3.18,25.71,IoT
SENS_R006,2026-08-27T09:00:00,R006,32,2.92,25.32,IoT
SENS_R007,2026-08-27T09:00:00,R007,16,2.29,25.83,IoT
SENS_R008,2026-08-27T09:00:00,R008,73,3.31,25.37,IoT
SENS_R009,2026-08-27T09:00:00,R009,38,3.01,25.58,IoT
SENS_R010,2026-08-27T09:00:00,R010,48,2.77,26.89,IoT
SENS_R011,2026-08-27T09:00:00,R011,83,3.28,26.98,IoT
SENS_R012,2026-08-27T09:00:00,R012,43,2.92,25.49,IoT
SENS_R013,2026-08-27T09:00:00,R013,98,3.28,26.49,IoT
SENS_R014,2026-08-27T09:00:00,R014,15,1.9,25.19,IoT
SENS_R015,2026-08-27T09:00:00,R015,29,3.32,24.26,IoT
SENS_R016,2026-08-27T09:00:00,R016,50,3.21,25.28,IoT
SENS_R017,2026-08-27T09:00:00,R017,48,3.12,25.12,IoT
SENS_R018,2026-08-27T09:00:00,R018,65,2.71,23.56,IoT
SENS_R019,2026-08-27T09:00:00,R019,55,3.87,26.05,IoT
SENS_R020,2026-08-27T09:00:00,R020,49,3.38,24.75,IoT
SENS_R021,2026-08-27T09:00:00,R021,48,3.57,26.99,IoT
SENS_R022,2026-08-27T09:00:00,R022,57,3.36,24.96,IoT
SENS_R023,2026-08-27T09:00:00,R023,20,2.48,25.47,IoT
SENS_R024,2026-08-27T09:00:00,R024,44,3.19,25.17,IoT
SENS_R025,2026-08-27T09:00:00,R025,83,3.4,25.64,IoT
SENS_R026,2026-08-27T09:00:00,R026,20,2.58,24.85,IoT
SENS_R027,2026-08-27T09:00:00,R027,83,2.98,25.17,IoT
SENS_R028,2026-08-27T09:00:00,R028,18,1.97,24.46,IoT
SENS_R029,2026-08-27T09:00:00,R029,108,3.14,25.57,IoT
SENS_R030,2026-08-27T09:00:00,R030,62,3.57,27.34,IoT
SENS_R001,2026-08-27T10:00:00,R001,29,3.5,25.53,IoT
SENS_R002,2026-08-27T10:00:00,R002,91,3.28,24.57,IoT
SENS_R003,2026-08-27T10:00:00,R003,88,3.43,25.04,IoT
SENS_R004,2026-08-27T10:00:00,R004,57,2.55,25.56,IoT
SENS_R005,2026-08-27T10:00:00,R005,29,1.3,24.1,IoT
SENS_R006,2026-08-27T10:00:00,R006,14,1.9,25.32,IoT
SENS_R007,2026-08-27T10:00:00,R007,23,2.44,25.62,IoT
SENS_R008,2026-08-27T10:00:00,R008,73,3.24,25.66,IoT
SENS_R009,2026-08-27T10:00:00,R009,42,3.28,25.47,IoT
SENS_R010,2026-08-27T10:00:00,R010,33,2.72,25.6,IoT
SENS_R011,2026-08-27T10:00:00,R011,40,2.0,25.14,IoT
SENS_R012,2026-08-27T10:00:00,R012,33,2.18,24.18,IoT
SENS_R013,2026-08-27T10:00:00,R013,78,2.38,26.18,IoT
SENS_R014,2026-08-27T10:00:00,R014,29,2.74,24.95,IoT
SENS_R015,2026-08-27T10:00:00,R015,25,3.49,26.6,IoT
SENS_R016,2026-08-27T10:00:00,R016,66,3.99,25.59,IoT
SENS_R017,2026-08-27T10:00:00,R017,45,2.66,25.66,IoT
SENS_R018,2026-08-27T10:00:00,R018,72,3.28,24.35,IoT
SENS_R019,2026-08-27T10:00:00,R019,40,2.93,24.48,IoT
SENS_R020,2026-08-27T10:00:00,R020,23,2.48,25.04,IoT
SENS_R021,2026-08-27T10:00:00,R021,42,2.69,25.35,IoT
SENS_R022,2026-08-27T10:00:00,R022,34,2.47,24.34,IoT
SENS_R023,2026-08-27T10:00:00,R023,32,3.63,26.83,IoT
SENS_R024,2026-08-27T10:00:00,R024,24,1.7,24.25,IoT
SENS_R025,2026-08-27T10:00:00,R025,72,3.08,25.18,IoT
SENS_R026,2026-08-27T10:00:00,R026,21,2.3,22.86,IoT
SENS_R027,2026-08-27T10:00:00,R027,52,2.5,24.44,IoT
SENS_R028,2026-08-27T10:00:00,R028,35,3.07,25.73,IoT
SENS_R029,2026-08-27T10:00:00,R029,149,4.19,27.03,IoT
SENS_R030,2026-08-27T10:00:00,R030,27,1.91,25.43,IoT
SENS_R001,2026-08-27T11:00:00,R001,23,3.1,27.14,IoT
SENS_R002,2026-08-27T11:00:00,R002,67,2.66,24.89,IoT
SENS_R003,2026-08-27T11:00:00,R003,58,2.47,25.33,IoT
SENS_R004,2026-08-27T11:00:00,R004,76,3.31,25.62,IoT
SENS_R005,2026-08-27T11:00:00,R005,67,3.65,26.34,IoT
SENS_R006,2026-08-27T11:00:00,R006,32,3.14,26.38,IoT
SENS_R007,2026-08-27T11:00:00,R007,30,3.29,26.11,IoT
SENS_R008,2026-08-27T11:00:00,R008,92,3.78,26.41,IoT
SENS_R009,2026-08-27T11:00:00,R009,30,2.01,25.12,IoT
SENS_R010,2026-08-27T11:00:00,R010,46,3.21,25.37,IoT
SENS_R011,2026-08-27T11:00:00,R011,68,3.07,25.47,IoT
SENS_R012,2026-08-27T11:00:00,R012,32,2.13,25.87,IoT
SENS_R013,2026-08-27T11:00:00,R013,115,3.62,24.65,IoT
SENS_R014,2026-08-27T11:00:00,R014,22,2.47,25.19,IoT
SENS_R015,2026-08-27T11:00:00,R015,24,2.51,25.38,IoT
SENS_R016,2026-08-27T11:00:00,R016,51,3.37,26.24,IoT
SENS_R017,2026-08-27T11:00:00,R017,55,3.66,26.02,IoT
SENS_R018,2026-08-27T11:00:00,R018,70,3.09,25.4,IoT
SENS_R019,2026-08-27T11:00:00,R019,48,3.38,24.75,IoT
SENS_R020,2026-08-27T11:00:00,R020,38,2.89,24.88,IoT
SENS_R021,2026-08-27T11:00:00,R021,41,2.97,24.97,IoT
SENS_R022,2026-08-27T11:00:00,R022,32,2.12,24.87,IoT
SENS_R023,2026-08-27T11:00:00,R023,21,2.5,25.01,IoT
SENS_R024,2026-08-27T11:00:00,R024,43,3.21,26.08,IoT
SENS_R025,2026-08-27T11:00:00,R025,67,2.81,26.08,IoT
SENS_R026,2026-08-27T11:00:00,R026,32,2.74,24.38,IoT
SENS_R027,2026-08-27T11:00:00,R027,47,1.77,23.4,IoT
SENS_R028,2026-08-27T11:00:00,R028,28,2.78,25.96,IoT
SENS_R029,2026-08-27T11:00:00,R029,84,3.25,25.14,IoT
SENS_R030,2026-08-27T11:00:00,R030,60,3.69,25.11,IoT
SENS_R001,2026-08-27T12:00:00,R001,21,2.41,24.14,IoT
SENS_R002,2026-08-27T12:00:00,R002,53,2.3,25.38,IoT
SENS_R003,2026-08-27T12:00:00,R003,108,4.29,25.61,IoT
SENS_R004,2026-08-27T12:00:00,R004,66,2.93,25.54,IoT
SENS_R005,2026-08-27T12:00:00,R005,61,3.21,27.36,IoT
SENS_R006,2026-08-27T12:00:00,R006,29,2.69,25.81,IoT
SENS_R007,2026-08-27T12:00:00,R007,15,2.47,23.94,IoT
SENS_R008,2026-08-27T12:00:00,R008,78,3.22,24.85,IoT
SENS_R009,2026-08-27T12:00:00,R009,24,2.18,25.3,IoT
SENS_R010,2026-08-27T12:00:00,R010,58,3.43,26.3,IoT
SENS_R011,2026-08-27T12:00:00,R011,45,2.26,24.07,IoT
SENS_R012,2026-08-27T12:00:00,R012,60,3.25,25.88,IoT
SENS_R013,2026-08-27T12:00:00,R013,62,2.07,24.71,IoT
SENS_R014,2026-08-27T12:00:00,R014,39,3.79,26.28,IoT
SENS_R015,2026-08-27T12:00:00,R015,20,2.77,24.52,IoT
SENS_R016,2026-08-27T12:00:00,R016,64,4.11,27.63,IoT
SENS_R017,2026-08-27T12:00:00,R017,46,3.31,26.37,IoT
SENS_R018,2026-08-27T12:00:00,R018,93,4.3,26.54,IoT
SENS_R019,2026-08-27T12:00:00,R019,54,3.38,26.35,IoT
SENS_R020,2026-08-27T12:00:00,R020,39,3.15,25.62,IoT
SENS_R021,2026-08-27T12:00:00,R021,39,2.04,24.12,IoT
SENS_R022,2026-08-27T12:00:00,R022,57,3.33,26.44,IoT
SENS_R023,2026-08-27T12:00:00,R023,18,2.5,25.66,IoT
SENS_R024,2026-08-27T12:00:00,R024,36,2.42,24.74,IoT
SENS_R025,2026-08-27T12:00:00,R025,45,2.35,23.77,IoT
SENS_R026,2026-08-27T12:00:00,R026,32,2.6,25.07,IoT
SENS_R027,2026-08-27T12:00:00,R027,58,2.14,24.89,IoT
SENS_R028,2026-08-27T12:00:00,R028,34,3.16,25.33,IoT
SENS_R029,2026-08-27T12:00:00,R029,129,3.9,25.4,IoT
SENS_R030,2026-08-27T12:00:00,R030,50,3.2,24.07,IoT
SENS_R001,2026-08-27T13:00:00,R001,31,3.78,26.46,IoT
SENS_R002,2026-08-27T13:00:00,R002,93,3.51,25.65,IoT
SENS_R003,2026-08-27T13:00:00,R003,76,2.48,24.52,IoT
SENS_R004,2026-08-27T13:00:00,R004,42,2.06,24.23,IoT
SENS_R005,2026-08-27T13:00:00,R005,91,4.26,25.32,IoT
SENS_R006,2026-08-27T13:00:00,R006,27,2.68,24.47,IoT
SENS_R007,2026-08-27T13:00:00,R007,20,3.08,26.7,IoT
SENS_R008,2026-08-27T13:00:00,R008,58,2.64,25.71,IoT
SENS_R009,2026-08-27T13:00:00,R009,22,1.92,24.89,IoT
SENS_R010,2026-08-27T13:00:00,R010,30,2.21,23.86,IoT
SENS_R011,2026-08-27T13:00:00,R011,51,2.99,25.34,IoT
SENS_R012,2026-08-27T13:00:00,R012,57,3.33,24.4,IoT
SENS_R013,2026-08-27T13:00:00,R013,86,2.76,25.12,IoT
SENS_R014,2026-08-27T13:00:00,R014,40,3.33,25.96,IoT
SENS_R015,2026-08-27T13:00:00,R015,13,1.89,24.93,IoT
SENS_R016,2026-08-27T13:00:00,R016,62,3.79,26.55,IoT
SENS_R017,2026-08-27T13:00:00,R017,34,2.81,24.87,IoT
SENS_R018,2026-08-27T13:00:00,R018,47,2.05,25.51,IoT
SENS_R019,2026-08-27T13:00:00,R019,39,2.98,24.24,IoT
SENS_R020,2026-08-27T13:00:00,R020,26,2.06,24.68,IoT
SENS_R021,2026-08-27T13:00:00,R021,44,3.03,25.24,IoT
SENS_R022,2026-08-27T13:00:00,R022,53,3.04,24.49,IoT
SENS_R023,2026-08-27T13:00:00,R023,19,2.54,26.03,IoT
SENS_R024,2026-08-27T13:00:00,R024,44,2.37,24.9,IoT
SENS_R025,2026-08-27T13:00:00,R025,44,1.8,24.66,IoT
SENS_R026,2026-08-27T13:00:00,R026,27,2.66,23.83,IoT
SENS_R027,2026-08-27T13:00:00,R027,128,3.7,26.1,IoT
SENS_R028,2026-08-27T13:00:00,R028,16,2.22,24.86,IoT
SENS_R029,2026-08-27T13:00:00,R029,67,2.53,26.55,IoT
SENS_R030,2026-08-27T13:00:00,R030,23,2.03,24.01,IoT
SENS_R001,2026-08-27T14:00:00,R001,29,3.2,25.49,IoT
SENS_R002,2026-08-27T14:00:00,R002,82,3.16,25.58,IoT
SENS_R003,2026-08-27T14:00:00,R003,54,2.77,25.18,IoT
SENS_R004,2026-08-27T14:00:00,R004,84,3.71,26.67,IoT
SENS_R005,2026-08-27T14:00:00,R005,73,3.22,25.39,IoT
SENS_R006,2026-08-27T14:00:00,R006,27,2.51,23.68,IoT
SENS_R007,2026-08-27T14:00:00,R007,33,3.45,26.55,IoT
SENS_R008,2026-08-27T14:00:00,R008,54,2.74,25.89,IoT
SENS_R009,2026-08-27T14:00:00,R009,38,3.59,25.83,IoT
SENS_R010,2026-08-27T14:00:00,R010,19,1.69,23.47,IoT
SENS_R011,2026-08-27T14:00:00,R011,53,2.78,26.04,IoT
SENS_R012,2026-08-27T14:00:00,R012,57,3.68,25.99,IoT
SENS_R013,2026-08-27T14:00:00,R013,68,2.62,25.59,IoT
SENS_R014,2026-08-27T14:00:00,R014,18,1.82,23.7,IoT
SENS_R015,2026-08-27T14:00:00,R015,17,1.95,23.31,IoT
SENS_R016,2026-08-27T14:00:00,R016,39,2.67,25.18,IoT
SENS_R017,2026-08-27T14:00:00,R017,32,2.62,24.65,IoT
SENS_R018,2026-08-27T14:00:00,R018,77,3.21,26.58,IoT
SENS_R019,2026-08-27T14:00:00,R019,59,3.42,25.31,IoT
SENS_R020,2026-08-27T14:00:00,R020,28,2.34,24.67,IoT
SENS_R021,2026-08-27T14:00:00,R021,34,2.64,26.04,IoT
SENS_R022,2026-08-27T14:00:00,R022,20,1.44,23.99,IoT
SENS_R023,2026-08-27T14:00:00,R023,24,2.46,24.25,IoT
SENS_R024,2026-08-27T14:00:00,R024,49,3.65,25.65,IoT
SENS_R025,2026-08-27T14:00:00,R025,69,2.96,25.07,IoT
SENS_R026,2026-08-27T14:00:00,R026,16,1.94,25.11,IoT
SENS_R027,2026-08-27T14:00:00,R027,121,3.52,25.52,IoT
SENS_R028,2026-08-27T14:00:00,R028,28,2.86,25.29,IoT
SENS_R029,2026-08-27T14:00:00,R029,129,4.11,27.39,IoT
SENS_R030,2026-08-27T14:00:00,R030,54,2.95,25.48,IoT
SENS_R001,2026-08-27T15:00:00,R001,32,3.61,26.69,IoT
SENS_R002,2026-08-27T15:00:00,R002,75,2.92,24.61,IoT
SENS_R003,2026-08-27T15:00:00,R003,98,3.62,26.19,IoT
SENS_R004,2026-08-27T15:00:00,R004,75,3.46,26.24,IoT
SENS_R005,2026-08-27T15:00:00,R005,69,3.19,25.99,IoT
SENS_R006,2026-08-27T15:00:00,R006,32,2.68,25.59,IoT
SENS_R007,2026-08-27T15:00:00,R007,25,3.38,26.88,IoT
SENS_R008,2026-08-27T15:00:00,R008,75,3.64,27.36,IoT
SENS_R009,2026-08-27T15:00:00,R009,47,3.57,25.13,IoT
SENS_R010,2026-08-27T15:00:00,R010,45,2.67,24.04,IoT
SENS_R011,2026-08-27T15:00:00,R011,82,3.76,26.73,IoT
SENS_R012,2026-08-27T15:00:00,R012,65,3.81,26.03,IoT
SENS_R013,2026-08-27T15:00:00,R013,75,2.66,26.13,IoT
SENS_R014,2026-08-27T15:00:00,R014,31,3.44,24.81,IoT
SENS_R015,2026-08-27T15:00:00,R015,21,2.84,25.32,IoT
SENS_R016,2026-08-27T15:00:00,R016,63,3.4,25.09,IoT
SENS_R017,2026-08-27T15:00:00,R017,62,3.84,25.46,IoT
SENS_R018,2026-08-27T15:00:00,R018,26,1.65,24.23,IoT
SENS_R019,2026-08-27T15:00:00,R019,51,3.01,25.61,IoT
SENS_R020,2026-08-27T15:00:00,R020,24,2.39,26.09,IoT
SENS_R021,2026-08-27T15:00:00,R021,50,3.19,25.45,IoT
SENS_R022,2026-08-27T15:00:00,R022,42,2.6,24.26,IoT
SENS_R023,2026-08-27T15:00:00,R023,26,3.29,27.03,IoT
SENS_R024,2026-08-27T15:00:00,R024,28,2.26,24.46,IoT
SENS_R025,2026-08-27T15:00:00,R025,87,3.28,24.95,IoT
SENS_R026,2026-08-27T15:00:00,R026,36,3.24,27.13,IoT
SENS_R027,2026-08-27T15:00:00,R027,88,2.84,24.55,IoT
SENS_R028,2026-08-27T15:00:00,R028,40,4.03,25.22,IoT
SENS_R029,2026-08-27T15:00:00,R029,88,3.25,25.49,IoT
SENS_R030,2026-08-27T15:00:00,R030,42,3.01,25.51,IoT
SENS_R001,2026-08-27T16:00:00,R001,25,2.94,25.1,IoT
SENS_R002,2026-08-27T16:00:00,R002,66,2.74,24.74,IoT
SENS_R003,2026-08-27T16:00:00,R003,50,2.29,25.05,IoT
SENS_R004,2026-08-27T16:00:00,R004,61,2.84,24.51,IoT
SENS_R005,2026-08-27T16:00:00,R005,76,3.79,24.44,IoT
SENS_R006,2026-08-27T16:00:00,R006,32,2.92,25.19,IoT
SENS_R007,2026-08-27T16:00:00,R007,25,3.04,25.14,IoT
SENS_R008,2026-08-27T16:00:00,R008,74,3.87,27.04,IoT
SENS_R009,2026-08-27T16:00:00,R009,36,3.09,25.83,IoT
SENS_R010,2026-08-27T16:00:00,R010,43,3.1,25.54,IoT
SENS_R011,2026-08-27T16:00:00,R011,32,1.74,23.71,IoT
SENS_R012,2026-08-27T16:00:00,R012,65,3.84,25.83,IoT
SENS_R013,2026-08-27T16:00:00,R013,122,4.11,25.72,IoT
SENS_R014,2026-08-27T16:00:00,R014,39,3.51,25.12,IoT
SENS_R015,2026-08-27T16:00:00,R015,22,2.68,25.77,IoT
SENS_R016,2026-08-27T16:00:00,R016,53,2.71,25.95,IoT
SENS_R017,2026-08-27T16:00:00,R017,34,2.72,27.29,IoT
SENS_R018,2026-08-27T16:00:00,R018,52,2.52,25.15,IoT
SENS_R019,2026-08-27T16:00:00,R019,22,1.62,25.34,IoT
SENS_R020,2026-08-27T16:00:00,R020,35,3.02,24.35,IoT
SENS_R021,2026-08-27T16:00:00,R021,31,2.67,24.81,IoT
SENS_R022,2026-08-27T16:00:00,R022,23,1.23,22.92,IoT
SENS_R023,2026-08-27T16:00:00,R023,23,2.58,24.1,IoT
SENS_R024,2026-08-27T16:00:00,R024,33,2.09,26.43,IoT
SENS_R025,2026-08-27T16:00:00,R025,91,3.45,25.13,IoT
SENS_R026,2026-08-27T16:00:00,R026,36,3.36,26.23,IoT
SENS_R027,2026-08-27T16:00:00,R027,66,2.61,24.63,IoT
SENS_R028,2026-08-27T16:00:00,R028,32,2.76,25.35,IoT
SENS_R029,2026-08-27T16:00:00,R029,75,2.21,24.31,IoT
SENS_R030,2026-08-27T16:00:00,R030,61,3.42,26.07,IoT
SENS_R001,2026-08-27T17:00:00,R001,21,2.76,24.93,IoT
SENS_R002,2026-08-27T17:00:00,R002,63,2.36,26.37,IoT
SENS_R003,2026-08-27T17:00:00,R003,42,1.93,24.92,IoT
SENS_R004,2026-08-27T17:00:00,R004,67,3.15,24.66,IoT
SENS_R005,2026-08-27T17:00:00,R005,70,2.93,24.66,IoT
SENS_R006,2026-08-27T17:00:00,R006,32,2.86,25.39,IoT
SENS_R007,2026-08-27T17:00:00,R007,31,3.28,25.08,IoT
SENS_R008,2026-08-27T17:00:00,R008,50,3.11,25.95,IoT
SENS_R009,2026-08-27T17:00:00,R009,29,3.02,24.69,IoT
SENS_R010,2026-08-27T17:00:00,R010,32,2.22,25.06,IoT
SENS_R011,2026-08-27T17:00:00,R011,63,2.88,25.04,IoT
SENS_R012,2026-08-27T17:00:00,R012,37,2.31,25.87,IoT
SENS_R013,2026-08-27T17:00:00,R013,98,2.48,24.69,IoT
SENS_R014,2026-08-27T17:00:00,R014,30,3.14,26.42,IoT
SENS_R015,2026-08-27T17:00:00,R015,29,3.44,25.87,IoT
SENS_R016,2026-08-27T17:00:00,R016,54,3.31,26.22,IoT
SENS_R017,2026-08-27T17:00:00,R017,37,2.29,25.12,IoT
SENS_R018,2026-08-27T17:00:00,R018,32,2.02,25.22,IoT
SENS_R019,2026-08-27T17:00:00,R019,28,2.37,24.23,IoT
SENS_R020,2026-08-27T17:00:00,R020,41,3.37,26.54,IoT
SENS_R021,2026-08-27T17:00:00,R021,50,3.45,25.77,IoT
SENS_R022,2026-08-27T17:00:00,R022,26,1.86,24.24,IoT
SENS_R023,2026-08-27T17:00:00,R023,18,2.14,24.85,IoT
SENS_R024,2026-08-27T17:00:00,R024,43,2.98,27.17,IoT
SENS_R025,2026-08-27T17:00:00,R025,73,2.69,26.85,IoT
SENS_R026,2026-08-27T17:00:00,R026,24,2.38,25.48,IoT
SENS_R027,2026-08-27T17:00:00,R027,88,3.09,24.7,IoT
SENS_R028,2026-08-27T17:00:00,R028,26,2.41,25.91,IoT
SENS_R029,2026-08-27T17:00:00,R029,119,4.09,26.55,IoT
SENS_R030,2026-08-27T17:00:00,R030,32,2.22,25.53,IoT
SENS_R001,2026-08-27T18:00:00,R001,5,1.58,24.27,IoT
SENS_R002,2026-08-27T18:00:00,R002,10,1.25,24.27,IoT
SENS_R003,2026-08-27T18:00:00,R003,20,1.59,24.46,IoT
SENS_R004,2026-08-27T18:00:00,R004,15,1.21,24.3,IoT
SENS_R005,2026-08-27T18:00:00,R005,19,1.32,25.17,IoT
SENS_R006,2026-08-27T18:00:00,R006,8,1.32,26.04,IoT
SENS_R007,2026-08-27T18:00:00,R007,4,0.91,24.3,IoT
SENS_R008,2026-08-27T18:00:00,R008,6,1.09,23.18,IoT
SENS_R009,2026-08-27T18:00:00,R009,14,1.47,23.5,IoT
SENS_R010,2026-08-27T18:00:00,R010,13,1.52,24.57,IoT
SENS_R011,2026-08-27T18:00:00,R011,25,1.66,24.22,IoT
SENS_R012,2026-08-27T18:00:00,R012,7,0.98,23.05,IoT
SENS_R013,2026-08-27T18:00:00,R013,15,0.78,24.22,IoT
SENS_R014,2026-08-27T18:00:00,R014,8,1.55,22.6,IoT
SENS_R015,2026-08-27T18:00:00,R015,9,1.66,23.09,IoT
SENS_R016,2026-08-27T18:00:00,R016,38,2.58,25.0,IoT
SENS_R017,2026-08-27T18:00:00,R017,12,1.03,24.44,IoT
SENS_R018,2026-08-27T18:00:00,R018,19,1.49,24.24,IoT
SENS_R019,2026-08-27T18:00:00,R019,19,1.7,23.76,IoT
SENS_R020,2026-08-27T18:00:00,R020,4,0.65,22.45,IoT
SENS_R021,2026-08-27T18:00:00,R021,13,1.38,24.15,IoT
SENS_R022,2026-08-27T18:00:00,R022,14,1.42,24.2,IoT
SENS_R023,2026-08-27T18:00:00,R023,12,1.67,24.95,IoT
SENS_R024,2026-08-27T18:00:00,R024,13,1.46,23.99,IoT
SENS_R025,2026-08-27T18:00:00,R025,19,1.28,24.82,IoT
SENS_R026,2026-08-27T18:00:00,R026,7,1.27,24.22,IoT
SENS_R027,2026-08-27T18:00:00,R027,42,1.75,23.42,IoT
SENS_R028,2026-08-27T18:00:00,R028,8,1.5,25.08,IoT
SENS_R029,2026-08-27T18:00:00,R029,43,1.98,25.32,IoT
SENS_R030,2026-08-27T18:00:00,R030,27,1.83,25.2,IoT
SENS_R001,2026-08-27T19:00:00,R001,10,2.15,23.87,IoT
SENS_R002,2026-08-27T19:00:00,R002,37,2.02,23.68,IoT
SENS_R003,2026-08-27T19:00:00,R003,19,1.32,24.25,IoT
SENS_R004,2026-08-27T19:00:00,R004,7,0.97,22.33,IoT
SENS_R005,2026-08-27T19:00:00,R005,11,0.78,23.52,IoT
SENS_R006,2026-08-27T19:00:00,R006,12,1.5,23.69,IoT
SENS_R007,2026-08-27T19:00:00,R007,7,1.58,25.48,IoT
SENS_R008,2026-08-27T19:00:00,R008,13,1.25,23.68,IoT
SENS_R009,2026-08-27T19:00:00,R009,16,2.17,24.43,IoT
SENS_R010,2026-08-27T19:00:00,R010,25,2.4,24.88,IoT
SENS_R011,2026-08-27T19:00:00,R011,31,1.99,23.41,IoT
SENS_R012,2026-08-27T19:00:00,R012,10,1.08,23.62,IoT
SENS_R013,2026-08-27T19:00:00,R013,54,2.0,25.81,IoT
SENS_R014,2026-08-27T19:00:00,R014,6,1.14,23.91,IoT
SENS_R015,2026-08-27T19:00:00,R015,2,1.06,24.44,IoT
SENS_R016,2026-08-27T19:00:00,R016,3,1.05,25.19,IoT
SENS_R017,2026-08-27T19:00:00,R017,25,2.01,25.49,IoT
SENS_R018,2026-08-27T19:00:00,R018,23,1.53,23.95,IoT
SENS_R019,2026-08-27T19:00:00,R019,9,1.2,23.41,IoT
SENS_R020,2026-08-27T19:00:00,R020,12,1.45,23.07,IoT
SENS_R021,2026-08-27T19:00:00,R021,24,1.7,24.87,IoT
SENS_R022,2026-08-27T19:00:00,R022,24,1.68,24.5,IoT
SENS_R023,2026-08-27T19:00:00,R023,14,1.83,25.81,IoT
SENS_R024,2026-08-27T19:00:00,R024,9,1.43,23.4,IoT
SENS_R025,2026-08-27T19:00:00,R025,28,1.74,25.09,IoT
SENS_R026,2026-08-27T19:00:00,R026,3,0.84,22.79,IoT
SENS_R027,2026-08-27T19:00:00,R027,38,0.97,23.97,IoT
SENS_R028,2026-08-27T19:00:00,R028,2,0.94,22.77,IoT
SENS_R029,2026-08-27T19:00:00,R029,28,1.45,23.28,IoT
SENS_R030,2026-08-27T19:00:00,R030,9,1.38,24.98,IoT
SENS_R001,2026-08-27T20:00:00,R001,7,1.17,23.61,IoT
SENS_R002,2026-08-27T20:00:00,R002,22,1.44,23.5,IoT
SENS_R003,2026-08-27T20:00:00,R003,24,1.74,24.34,IoT
SENS_R004,2026-08-27T20:00:00,R004,17,0.95,25.11,IoT
SENS_R005,2026-08-27T20:00:00,R005,10,1.01,24.14,IoT
SENS_R006,2026-08-27T20:00:00,R006,10,1.38,25.66,IoT
SENS_R007,2026-08-27T20:00:00,R007,6,2.02,24.4,IoT
SENS_R008,2026-08-27T20:00:00,R008,23,1.5,24.65,IoT
SENS_R009,2026-08-27T20:00:00,R009,22,2.01,25.96,IoT
SENS_R010,2026-08-27T20:00:00,R010,13,1.25,22.95,IoT
SENS_R011,2026-08-27T20:00:00,R011,17,1.2,23.25,IoT
SENS_R012,2026-08-27T20:00:00,R012,15,1.5,25.0,IoT
SENS_R013,2026-08-27T20:00:00,R013,52,1.88,26.28,IoT
SENS_R014,2026-08-27T20:00:00,R014,8,1.54,23.65,IoT
SENS_R015,2026-08-27T20:00:00,R015,3,1.27,22.83,IoT
SENS_R016,2026-08-27T20:00:00,R016,22,1.72,24.04,IoT
SENS_R017,2026-08-27T20:00:00,R017,9,1.02,24.23,IoT
SENS_R018,2026-08-27T20:00:00,R018,21,1.71,24.47,IoT
SENS_R019,2026-08-27T20:00:00,R019,18,1.6,24.27,IoT
SENS_R020,2026-08-27T20:00:00,R020,11,1.4,24.21,IoT
SENS_R021,2026-08-27T20:00:00,R021,11,1.53,25.19,IoT
SENS_R022,2026-08-27T20:00:00,R022,11,1.4,24.07,IoT
SENS_R023,2026-08-27T20:00:00,R023,10,1.74,23.62,IoT
SENS_R024,2026-08-27T20:00:00,R024,21,2.04,26.29,IoT
SENS_R025,2026-08-27T20:00:00,R025,18,1.29,23.45,IoT
SENS_R026,2026-08-27T20:00:00,R026,12,1.6,23.76,IoT
SENS_R027,2026-08-27T20:00:00,R027,0,0.86,23.77,IoT
SENS_R028,2026-08-27T20:00:00,R028,8,0.99,24.1,IoT
SENS_R029,2026-08-27T20:00:00,R029,29,1.48,24.68,IoT
SENS_R030,2026-08-27T20:00:00,R030,10,0.95,22.64,IoT
SENS_R001,2026-08-27T21:00:00,R001,7,1.79,23.17,IoT
SENS_R002,2026-08-27T21:00:00,R002,13,1.16,23.63,IoT
SENS_R003,2026-08-27T21:00:00,R003,33,1.66,23.58,IoT
SENS_R004,2026-08-27T21:00:00,R004,19,1.22,24.12,IoT
SENS_R005,2026-08-27T21:00:00,R005,8,1.58,23.83,IoT
SENS_R006,2026-08-27T21:00:00,R006,2,0.87,22.63,IoT
SENS_R007,2026-08-27T21:00:00,R007,9,1.53,23.39,IoT
SENS_R008,2026-08-27T21:00:00,R008,30,2.27,25.35,IoT
SENS_R009,2026-08-27T21:00:00,R009,2,0.91,23.5,IoT
SENS_R010,2026-08-27T21:00:00,R010,10,1.62,23.8,IoT
SENS_R011,2026-08-27T21:00:00,R011,15,1.35,23.72,IoT
SENS_R012,2026-08-27T21:00:00,R012,30,2.13,23.65,IoT
SENS_R013,2026-08-27T21:00:00,R013,34,1.55,23.49,IoT
SENS_R014,2026-08-27T21:00:00,R014,13,1.83,24.93,IoT
SENS_R015,2026-08-27T21:00:00,R015,8,1.48,24.9,IoT
SENS_R016,2026-08-27T21:00:00,R016,5,0.64,23.84,IoT
SENS_R017,2026-08-27T21:00:00,R017,22,1.91,23.8,IoT
SENS_R018,2026-08-27T21:00:00,R018,26,1.58,25.03,IoT
SENS_R019,2026-08-27T21:00:00,R019,14,1.49,24.41,IoT
SENS_R020,2026-08-27T21:00:00,R020,27,2.32,24.83,IoT
SENS_R021,2026-08-27T21:00:00,R021,7,0.79,23.14,IoT
SENS_R022,2026-08-27T21:00:00,R022,21,1.78,23.41,IoT
SENS_R023,2026-08-27T21:00:00,R023,6,1.24,22.83,IoT
SENS_R024,2026-08-27T21:00:00,R024,12,1.44,23.76,IoT
SENS_R025,2026-08-27T21:00:00,R025,27,1.71,23.89,IoT
SENS_R026,2026-08-27T21:00:00,R026,6,1.42,23.28,IoT
SENS_R027,2026-08-27T21:00:00,R027,15,1.39,24.17,IoT
SENS_R028,2026-08-27T21:00:00,R028,11,1.78,23.72,IoT
SENS_R029,2026-08-27T21:00:00,R029,12,1.62,23.04,IoT
SENS_R030,2026-08-27T21:00:00,R030,23,1.55,23.75,IoT
SENS_R001,2026-08-28T06:00:00,R001,7,1.0,25.07,IoT
SENS_R002,2026-08-28T06:00:00,R002,17,1.49,23.53,IoT
SENS_R003,2026-08-28T06:00:00,R003,20,1.11,24.7,IoT
SENS_R004,2026-08-28T06:00:00,R004,23,1.63,24.84,IoT
SENS_R005,2026-08-28T06:00:00,R005,10,0.84,22.86,IoT
SENS_R006,2026-08-28T06:00:00,R006,8,1.46,25.06,IoT
SENS_R007,2026-08-28T06:00:00,R007,6,1.3,23.94,IoT
SENS_R008,2026-08-28T06:00:00,R008,31,2.07,23.38,IoT
SENS_R009,2026-08-28T06:00:00,R009,20,1.95,23.8,IoT
SENS_R010,2026-08-28T06:00:00,R010,19,1.32,22.65,IoT
SENS_R011,2026-08-28T06:00:00,R011,19,1.38,26.13,IoT
SENS_R012,2026-08-28T06:00:00,R012,25,1.79,24.36,IoT
SENS_R013,2026-08-28T06:00:00,R013,40,1.45,24.48,IoT
SENS_R014,2026-08-28T06:00:00,R014,13,1.76,23.92,IoT
SENS_R015,2026-08-28T06:00:00,R015,9,1.7,23.91,IoT
SENS_R016,2026-08-28T06:00:00,R016,24,2.16,26.73,IoT
SENS_R017,2026-08-28T06:00:00,R017,10,1.23,25.28,IoT
SENS_R018,2026-08-28T06:00:00,R018,24,2.11,23.83,IoT
SENS_R019,2026-08-28T06:00:00,R019,10,1.24,24.51,IoT
SENS_R020,2026-08-28T06:00:00,R020,11,1.46,23.26,IoT
SENS_R021,2026-08-28T06:00:00,R021,9,1.31,23.87,IoT
SENS_R022,2026-08-28T06:00:00,R022,19,2.01,25.01,IoT
SENS_R023,2026-08-28T06:00:00,R023,13,1.82,24.51,IoT
SENS_R024,2026-08-28T06:00:00,R024,21,1.68,23.95,IoT
SENS_R025,2026-08-28T06:00:00,R025,23,0.98,24.53,IoT
SENS_R026,2026-08-28T06:00:00,R026,10,1.16,24.33,IoT
SENS_R027,2026-08-28T06:00:00,R027,23,1.06,22.84,IoT
SENS_R028,2026-08-28T06:00:00,R028,18,2.06,25.47,IoT
SENS_R029,2026-08-28T06:00:00,R029,35,1.47,23.65,IoT
SENS_R030,2026-08-28T06:00:00,R030,25,1.82,25.58,IoT
SENS_R001,2026-08-28T07:00:00,R001,4,0.93,23.6,IoT
SENS_R002,2026-08-28T07:00:00,R002,26,1.21,23.95,IoT
SENS_R003,2026-08-28T07:00:00,R003,1,0.84,23.17,IoT
SENS_R004,2026-08-28T07:00:00,R004,9,1.35,23.49,IoT
SENS_R005,2026-08-28T07:00:00,R005,28,1.96,25.79,IoT
SENS_R006,2026-08-28T07:00:00,R006,10,1.91,25.42,IoT
SENS_R007,2026-08-28T07:00:00,R007,9,1.41,22.76,IoT
SENS_R008,2026-08-28T07:00:00,R008,14,1.43,24.51,IoT
SENS_R009,2026-08-28T07:00:00,R009,12,1.35,25.36,IoT
SENS_R010,2026-08-28T07:00:00,R010,7,0.92,22.05,IoT
SENS_R011,2026-08-28T07:00:00,R011,16,1.26,23.38,IoT
SENS_R012,2026-08-28T07:00:00,R012,0,0.68,23.84,IoT
SENS_R013,2026-08-28T07:00:00,R013,20,1.15,23.31,IoT
SENS_R014,2026-08-28T07:00:00,R014,4,0.75,23.78,IoT
SENS_R015,2026-08-28T07:00:00,R015,11,1.74,23.82,IoT
SENS_R016,2026-08-28T07:00:00,R016,18,2.02,24.01,IoT
SENS_R017,2026-08-28T07:00:00,R017,15,1.41,25.34,IoT
SENS_R018,2026-08-28T07:00:00,R018,38,2.04,25.26,IoT
SENS_R019,2026-08-28T07:00:00,R019,10,1.3,23.95,IoT
SENS_R020,2026-08-28T07:00:00,R020,25,2.5,25.28,IoT
SENS_R021,2026-08-28T07:00:00,R021,21,2.03,25.3,IoT
SENS_R022,2026-08-28T07:00:00,R022,10,1.37,23.61,IoT
SENS_R023,2026-08-28T07:00:00,R023,13,1.92,26.05,IoT
SENS_R024,2026-08-28T07:00:00,R024,2,0.68,23.89,IoT
SENS_R025,2026-08-28T07:00:00,R025,18,1.29,22.61,IoT
SENS_R026,2026-08-28T07:00:00,R026,9,1.24,24.23,IoT
SENS_R027,2026-08-28T07:00:00,R027,13,1.32,25.14,IoT
SENS_R028,2026-08-28T07:00:00,R028,10,0.99,22.7,IoT
SENS_R029,2026-08-28T07:00:00,R029,57,2.18,23.96,IoT
SENS_R030,2026-08-28T07:00:00,R030,21,1.67,23.75,IoT
SENS_R001,2026-08-28T08:00:00,R001,34,3.7,25.82,IoT
SENS_R002,2026-08-28T08:00:00,R002,39,1.77,25.25,IoT
SENS_R003,2026-08-28T08:00:00,R003,50,2.2,25.64,IoT
SENS_R004,2026-08-28T08:00:00,R004,81,4.25,27.39,IoT
SENS_R005,2026-08-28T08:00:00,R005,56,2.99,23.94,IoT
SENS_R006,2026-08-28T08:00:00,R006,31,2.68,24.68,IoT
SENS_R007,2026-08-28T08:00:00,R007,18,2.23,25.67,IoT
SENS_R008,2026-08-28T08:00:00,R008,83,3.27,25.1,IoT
SENS_R009,2026-08-28T08:00:00,R009,46,3.76,27.07,IoT
SENS_R010,2026-08-28T08:00:00,R010,55,3.42,24.49,IoT
SENS_R011,2026-08-28T08:00:00,R011,92,3.74,27.05,IoT
SENS_R012,2026-08-28T08:00:00,R012,52,3.12,26.18,IoT
SENS_R013,2026-08-28T08:00:00,R013,76,2.47,25.38,IoT
SENS_R014,2026-08-28T08:00:00,R014,42,3.72,27.06,IoT
SENS_R015,2026-08-28T08:00:00,R015,33,3.92,27.02,IoT
SENS_R016,2026-08-28T08:00:00,R016,53,3.27,24.27,IoT
SENS_R017,2026-08-28T08:00:00,R017,57,4.35,27.37,IoT
SENS_R018,2026-08-28T08:00:00,R018,55,1.97,23.52,IoT
SENS_R019,2026-08-28T08:00:00,R019,48,3.36,25.18,IoT
SENS_R020,2026-08-28T08:00:00,R020,32,2.62,25.8,IoT
SENS_R021,2026-08-28T08:00:00,R021,26,2.2,24.92,IoT
SENS_R022,2026-08-28T08:00:00,R022,44,3.11,25.79,IoT
SENS_R023,2026-08-28T08:00:00,R023,20,2.74,24.35,IoT
SENS_R024,2026-08-28T08:00:00,R024,54,3.4,25.3,IoT
SENS_R025,2026-08-28T08:00:00,R025,60,2.36,23.54,IoT
SENS_R026,2026-08-28T08:00:00,R026,31,3.59,24.22,IoT
SENS_R027,2026-08-28T08:00:00,R027,64,2.22,25.22,IoT
SENS_R028,2026-08-28T08:00:00,R028,31,2.55,25.44,IoT
SENS_R029,2026-08-28T08:00:00,R029,96,3.54,25.3,IoT
SENS_R030,2026-08-28T08:00:00,R030,44,2.63,26.18,IoT
SENS_R001,2026-08-28T09:00:00,R001,22,2.95,25.4,IoT
SENS_R002,2026-08-28T09:00:00,R002,39,2.14,23.88,IoT
SENS_R003,2026-08-28T09:00:00,R003,91,3.1,25.24,IoT
SENS_R004,2026-08-28T09:00:00,R004,43,2.55,23.4,IoT
SENS_R005,2026-08-28T09:00:00,R005,64,2.97,24.35,IoT
SENS_R006,2026-08-28T09:00:00,R006,18,2.19,25.3,IoT
SENS_R007,2026-08-28T09:00:00,R007,14,1.44,23.75,IoT
SENS_R008,2026-08-28T09:00:00,R008,52,2.78,25.76,IoT
SENS_R009,2026-08-28T09:00:00,R009,25,2.65,23.78,IoT
SENS_R010,2026-08-28T09:00:00,R010,40,2.84,25.73,IoT
SENS_R011,2026-08-28T09:00:00,R011,88,3.94,27.94,IoT
SENS_R012,2026-08-28T09:00:00,R012,48,3.4,26.0,IoT
SENS_R013,2026-08-28T09:00:00,R013,136,4.41,27.89,IoT
SENS_R014,2026-08-28T09:00:00,R014,16,2.25,23.64,IoT
SENS_R015,2026-08-28T09:00:00,R015,17,2.54,25.29,IoT
SENS_R016,2026-08-28T09:00:00,R016,44,2.77,24.16,IoT
SENS_R017,2026-08-28T09:00:00,R017,21,2.14,24.53,IoT
SENS_R018,2026-08-28T09:00:00,R018,52,2.47,24.93,IoT
SENS_R019,2026-08-28T09:00:00,R019,28,2.58,24.59,IoT
SENS_R020,2026-08-28T09:00:00,R020,36,3.16,25.5,IoT
SENS_R021,2026-08-28T09:00:00,R021,23,2.2,25.27,IoT
SENS_R022,2026-08-28T09:00:00,R022,25,1.45,24.05,IoT
SENS_R023,2026-08-28T09:00:00,R023,12,1.66,24.9,IoT
SENS_R024,2026-08-28T09:00:00,R024,61,4.04,26.68,IoT
SENS_R025,2026-08-28T09:00:00,R025,72,3.45,26.53,IoT
SENS_R026,2026-08-28T09:00:00,R026,31,3.02,26.65,IoT
SENS_R027,2026-08-28T09:00:00,R027,96,3.23,24.06,IoT
SENS_R028,2026-08-28T09:00:00,R028,22,2.73,24.9,IoT
SENS_R029,2026-08-28T09:00:00,R029,97,3.53,26.26,IoT
SENS_R030,2026-08-28T09:00:00,R030,32,2.5,25.06,IoT
SENS_R001,2026-08-28T10:00:00,R001,17,2.22,24.82,IoT
SENS_R002,2026-08-28T10:00:00,R002,82,3.29,26.9,IoT
SENS_R003,2026-08-28T10:00:00,R003,54,2.03,23.62,IoT
SENS_R004,2026-08-28T10:00:00,R004,56,2.9,26.18,IoT
SENS_R005,2026-08-28T10:00:00,R005,22,1.71,23.26,IoT
SENS_R006,2026-08-28T10:00:00,R006,23,2.8,24.6,IoT
SENS_R007,2026-08-28T10:00:00,R007,16,2.27,25.6,IoT
SENS_R008,2026-08-28T10:00:00,R008,45,2.56,24.11,IoT
SENS_R009,2026-08-28T10:00:00,R009,22,2.14,24.74,IoT
SENS_R010,2026-08-28T10:00:00,R010,43,2.94,24.91,IoT
SENS_R011,2026-08-28T10:00:00,R011,52,2.21,24.43,IoT
SENS_R012,2026-08-28T10:00:00,R012,57,3.35,26.0,IoT
SENS_R013,2026-08-28T10:00:00,R013,67,2.41,25.75,IoT
SENS_R014,2026-08-28T10:00:00,R014,18,2.33,24.69,IoT
SENS_R015,2026-08-28T10:00:00,R015,24,3.12,24.98,IoT
SENS_R016,2026-08-28T10:00:00,R016,63,3.56,25.82,IoT
SENS_R017,2026-08-28T10:00:00,R017,37,2.81,24.88,IoT
SENS_R018,2026-08-28T10:00:00,R018,52,2.01,24.11,IoT
SENS_R019,2026-08-28T10:00:00,R019,51,3.59,26.4,IoT
SENS_R020,2026-08-28T10:00:00,R020,36,2.78,25.04,IoT
SENS_R021,2026-08-28T10:00:00,R021,49,3.3,25.22,IoT
SENS_R022,2026-08-28T10:00:00,R022,45,3.03,24.15,IoT
SENS_R023,2026-08-28T10:00:00,R023,21,2.5,24.6,IoT
SENS_R024,2026-08-28T10:00:00,R024,39,2.72,24.5,IoT
SENS_R025,2026-08-28T10:00:00,R025,71,2.55,25.29,IoT
SENS_R026,2026-08-28T10:00:00,R026,27,2.89,25.26,IoT
SENS_R027,2026-08-28T10:00:00,R027,116,3.39,26.4,IoT
SENS_R028,2026-08-28T10:00:00,R028,17,1.95,23.01,IoT
SENS_R029,2026-08-28T10:00:00,R029,129,3.92,25.06,IoT
SENS_R030,2026-08-28T10:00:00,R030,54,3.2,25.54,IoT
SENS_R001,2026-08-28T11:00:00,R001,24,2.99,24.89,IoT
SENS_R002,2026-08-28T11:00:00,R002,67,3.04,25.5,IoT
SENS_R003,2026-08-28T11:00:00,R003,81,3.35,27.17,IoT
SENS_R004,2026-08-28T11:00:00,R004,80,2.95,26.76,IoT
SENS_R005,2026-08-28T11:00:00,R005,60,2.88,26.16,IoT
SENS_R006,2026-08-28T11:00:00,R006,34,3.01,24.61,IoT
SENS_R007,2026-08-28T11:00:00,R007,20,2.71,25.16,IoT
SENS_R008,2026-08-28T11:00:00,R008,47,2.74,24.2,IoT
SENS_R009,2026-08-28T11:00:00,R009,27,2.78,26.12,IoT
SENS_R010,2026-08-28T11:00:00,R010,53,3.41,27.12,IoT
SENS_R011,2026-08-28T11:00:00,R011,70,3.56,26.01,IoT
SENS_R012,2026-08-28T11:00:00,R012,31,2.62,24.86,IoT
SENS_R013,2026-08-28T11:00:00,R013,64,2.26,24.4,IoT
SENS_R014,2026-08-28T11:00:00,R014,28,2.46,25.27,IoT
SENS_R015,2026-08-28T11:00:00,R015,28,3.9,25.67,IoT
SENS_R016,2026-08-28T11:00:00,R016,46,3.03,23.92,IoT
SENS_R017,2026-08-28T11:00:00,R017,43,3.19,26.49,IoT
SENS_R018,2026-08-28T11:00:00,R018,86,3.94,27.41,IoT
SENS_R019,2026-08-28T11:00:00,R019,38,2.76,24.2,IoT
SENS_R020,2026-08-28T11:00:00,R020,45,3.72,26.26,IoT
SENS_R021,2026-08-28T11:00:00,R021,47,2.85,22.71,IoT
SENS_R022,2026-08-28T11:00:00,R022,33,2.65,26.14,IoT
SENS_R023,2026-08-28T11:00:00,R023,27,3.28,25.18,IoT
SENS_R024,2026-08-28T11:00:00,R024,55,3.48,24.81,IoT
SENS_R025,2026-08-28T11:00:00,R025,110,3.86,26.34,IoT
SENS_R026,2026-08-28T11:00:00,R026,19,2.38,24.75,IoT
SENS_R027,2026-08-28T11:00:00,R027,58,1.89,24.4,IoT
SENS_R028,2026-08-28T11:00:00,R028,24,2.31,26.0,IoT
SENS_R029,2026-08-28T11:00:00,R029,72,2.83,25.83,IoT
SENS_R030,2026-08-28T11:00:00,R030,56,3.35,26.94,IoT
SENS_R001,2026-08-28T12:00:00,R001,25,3.37,26.24,IoT
SENS_R002,2026-08-28T12:00:00,R002,62,2.46,25.02,IoT
SENS_R003,2026-08-28T12:00:00,R003,81,3.85,25.75,IoT
SENS_R004,2026-08-28T12:00:00,R004,55,2.87,26.0,IoT
SENS_R005,2026-08-28T12:00:00,R005,50,2.55,25.78,IoT
SENS_R006,2026-08-28T12:00:00,R006,26,2.75,25.06,IoT
SENS_R007,2026-08-28T12:00:00,R007,21,2.59,24.02,IoT
SENS_R008,2026-08-28T12:00:00,R008,71,3.32,26.08,IoT
SENS_R009,2026-08-28T12:00:00,R009,25,2.09,25.68,IoT
SENS_R010,2026-08-28T12:00:00,R010,49,2.83,25.06,IoT
SENS_R011,2026-08-28T12:00:00,R011,73,3.38,26.56,IoT
SENS_R012,2026-08-28T12:00:00,R012,64,3.27,25.33,IoT
SENS_R013,2026-08-28T12:00:00,R013,62,2.55,24.12,IoT
SENS_R014,2026-08-28T12:00:00,R014,37,3.82,24.68,IoT
SENS_R015,2026-08-28T12:00:00,R015,12,1.95,24.04,IoT
SENS_R016,2026-08-28T12:00:00,R016,58,3.2,25.78,IoT
SENS_R017,2026-08-28T12:00:00,R017,58,3.89,25.42,IoT
SENS_R018,2026-08-28T12:00:00,R018,58,2.72,25.13,IoT
SENS_R019,2026-08-28T12:00:00,R019,46,3.58,25.46,IoT
SENS_R020,2026-08-28T12:00:00,R020,29,2.66,24.37,IoT
SENS_R021,2026-08-28T12:00:00,R021,41,2.77,25.33,IoT
SENS_R022,2026-08-28T12:00:00,R022,31,2.41,23.4,IoT
SENS_R023,2026-08-28T12:00:00,R023,30,3.72,25.33,IoT
SENS_R024,2026-08-28T12:00:00,R024,25,1.96,24.04,IoT
SENS_R025,2026-08-28T12:00:00,R025,52,2.71,25.27,IoT
SENS_R026,2026-08-28T12:00:00,R026,28,2.61,24.8,IoT
SENS_R027,2026-08-28T12:00:00,R027,81,2.61,27.83,IoT
SENS_R028,2026-08-28T12:00:00,R028,33,2.77,25.3,IoT
SENS_R029,2026-08-28T12:00:00,R029,99,2.71,24.16,IoT
SENS_R030,2026-08-28T12:00:00,R030,56,3.37,25.8,IoT
SENS_R001,2026-08-28T13:00:00,R001,30,3.35,25.4,IoT
SENS_R002,2026-08-28T13:00:00,R002,40,2.15,24.6,IoT
SENS_R003,2026-08-28T13:00:00,R003,86,3.22,24.52,IoT
SENS_R004,2026-08-28T13:00:00,R004,89,3.9,25.9,IoT
SENS_R005,2026-08-28T13:00:00,R005,63,2.75,25.53,IoT
SENS_R006,2026-08-28T13:00:00,R006,36,3.57,26.04,IoT
SENS_R007,2026-08-28T13:00:00,R007,31,3.5,24.95,IoT
SENS_R008,2026-08-28T13:00:00,R008,77,3.53,26.32,IoT
SENS_R009,2026-08-28T13:00:00,R009,39,2.98,25.97,IoT
SENS_R010,2026-08-28T13:00:00,R010,43,3.22,25.73,IoT
SENS_R011,2026-08-28T13:00:00,R011,64,2.8,26.18,IoT
SENS_R012,2026-08-28T13:00:00,R012,50,3.18,25.41,IoT
SENS_R013,2026-08-28T13:00:00,R013,112,3.24,26.7,IoT
SENS_R014,2026-08-28T13:00:00,R014,31,2.99,24.92,IoT
SENS_R015,2026-08-28T13:00:00,R015,24,3.14,24.64,IoT
SENS_R016,2026-08-28T13:00:00,R016,57,3.3,24.25,IoT
SENS_R017,2026-08-28T13:00:00,R017,20,1.69,24.35,IoT
SENS_R018,2026-08-28T13:00:00,R018,64,2.6,24.74,IoT
SENS_R019,2026-08-28T13:00:00,R019,58,3.61,26.51,IoT
SENS_R020,2026-08-28T13:00:00,R020,50,3.93,26.58,IoT
SENS_R021,2026-08-28T13:00:00,R021,51,3.08,24.43,IoT
SENS_R022,2026-08-28T13:00:00,R022,25,2.23,24.06,IoT
SENS_R023,2026-08-28T13:00:00,R023,22,2.51,25.3,IoT
SENS_R024,2026-08-28T13:00:00,R024,28,2.22,24.9,IoT
SENS_R025,2026-08-28T13:00:00,R025,61,2.47,25.86,IoT
SENS_R026,2026-08-28T13:00:00,R026,25,2.46,25.95,IoT
SENS_R027,2026-08-28T13:00:00,R027,64,2.22,24.56,IoT
SENS_R028,2026-08-28T13:00:00,R028,17,1.86,22.76,IoT
SENS_R029,2026-08-28T13:00:00,R029,107,3.38,25.34,IoT
SENS_R030,2026-08-28T13:00:00,R030,44,2.64,25.45,IoT
SENS_R001,2026-08-28T14:00:00,R001,19,2.69,24.07,IoT
SENS_R002,2026-08-28T14:00:00,R002,87,3.44,24.7,IoT
SENS_R003,2026-08-28T14:00:00,R003,99,3.61,26.4,IoT
SENS_R004,2026-08-28T14:00:00,R004,69,3.22,26.04,IoT
SENS_R005,2026-08-28T14:00:00,R005,91,4.16,26.42,IoT
SENS_R006,2026-08-28T14:00:00,R006,33,3.21,27.17,IoT
SENS_R007,2026-08-28T14:00:00,R007,13,1.99,24.18,IoT
SENS_R008,2026-08-28T14:00:00,R008,46,2.89,24.96,IoT
SENS_R009,2026-08-28T14:00:00,R009,30,2.25,25.18,IoT
SENS_R010,2026-08-28T14:00:00,R010,50,3.36,26.17,IoT
SENS_R011,2026-08-28T14:00:00,R011,51,2.32,25.47,IoT
SENS_R012,2026-08-28T14:00:00,R012,64,3.45,26.17,IoT
SENS_R013,2026-08-28T14:00:00,R013,128,3.49,26.88,IoT
SENS_R014,2026-08-28T14:00:00,R014,29,2.45,26.33,IoT
SENS_R015,2026-08-28T14:00:00,R015,16,2.1,24.6,IoT
SENS_R016,2026-08-28T14:00:00,R016,58,3.13,26.85,IoT
SENS_R017,2026-08-28T14:00:00,R017,46,3.19,24.54,IoT
SENS_R018,2026-08-28T14:00:00,R018,34,2.62,23.94,IoT
SENS_R019,2026-08-28T14:00:00,R019,42,2.79,25.15,IoT
SENS_R020,2026-08-28T14:00:00,R020,37,2.99,26.13,IoT
SENS_R021,2026-08-28T14:00:00,R021,46,3.56,25.63,IoT
SENS_R022,2026-08-28T14:00:00,R022,33,2.39,26.42,IoT
SENS_R023,2026-08-28T14:00:00,R023,22,2.42,25.34,IoT
SENS_R024,2026-08-28T14:00:00,R024,24,2.05,24.64,IoT
SENS_R025,2026-08-28T14:00:00,R025,59,2.21,23.39,IoT
SENS_R026,2026-08-28T14:00:00,R026,31,2.95,25.08,IoT
SENS_R027,2026-08-28T14:00:00,R027,63,2.46,24.79,IoT
SENS_R028,2026-08-28T14:00:00,R028,26,2.67,25.02,IoT
SENS_R029,2026-08-28T14:00:00,R029,85,2.4,25.49,IoT
SENS_R030,2026-08-28T14:00:00,R030,28,1.73,25.1,IoT
SENS_R001,2026-08-28T15:00:00,R001,15,2.04,23.99,IoT
SENS_R002,2026-08-28T15:00:00,R002,51,2.38,23.99,IoT
SENS_R003,2026-08-28T15:00:00,R003,75,3.06,23.22,IoT
SENS_R004,2026-08-28T15:00:00,R004,68,3.61,24.27,IoT
SENS_R005,2026-08-28T15:00:00,R005,45,2.38,23.84,IoT
SENS_R006,2026-08-28T15:00:00,R006,38,3.54,25.96,IoT
SENS_R007,2026-08-28T15:00:00,R007,18,2.46,25.41,IoT
SENS_R008,2026-08-28T15:00:00,R008,81,3.75,23.61,IoT
SENS_R009,2026-08-28T15:00:00,R009,42,3.81,26.39,IoT
SENS_R010,2026-08-28T15:00:00,R010,57,3.6,26.19,IoT
SENS_R011,2026-08-28T15:00:00,R011,45,2.26,23.65,IoT
SENS_R012,2026-08-28T15:00:00,R012,65,3.44,26.37,IoT
SENS_R013,2026-08-28T15:00:00,R013,126,3.83,26.69,IoT
SENS_R014,2026-08-28T15:00:00,R014,29,2.66,25.39,IoT
SENS_R015,2026-08-28T15:00:00,R015,14,2.01,25.14,IoT
SENS_R016,2026-08-28T15:00:00,R016,46,2.75,24.94,IoT
SENS_R017,2026-08-28T15:00:00,R017,53,3.61,26.23,IoT
SENS_R018,2026-08-28T15:00:00,R018,74,3.69,26.33,IoT
SENS_R019,2026-08-28T15:00:00,R019,39,2.76,25.23,IoT
SENS_R020,2026-08-28T15:00:00,R020,41,3.41,25.78,IoT
SENS_R021,2026-08-28T15:00:00,R021,39,2.85,24.29,IoT
SENS_R022,2026-08-28T15:00:00,R022,27,2.29,25.04,IoT
SENS_R023,2026-08-28T15:00:00,R023,25,2.68,25.16,IoT
SENS_R024,2026-08-28T15:00:00,R024,61,4.16,27.02,IoT
SENS_R025,2026-08-28T15:00:00,R025,53,2.24,25.15,IoT
SENS_R026,2026-08-28T15:00:00,R026,30,3.14,24.38,IoT
SENS_R027,2026-08-28T15:00:00,R027,93,3.08,24.67,IoT
SENS_R028,2026-08-28T15:00:00,R028,38,3.94,25.49,IoT
SENS_R029,2026-08-28T15:00:00,R029,100,3.56,27.13,IoT
SENS_R030,2026-08-28T15:00:00,R030,61,3.76,26.77,IoT
SENS_R001,2026-08-28T16:00:00,R001,23,2.87,25.61,IoT
SENS_R002,2026-08-28T16:00:00,R002,61,2.77,26.13,IoT
SENS_R003,2026-08-28T16:00:00,R003,70,2.49,25.32,IoT
SENS_R004,2026-08-28T16:00:00,R004,80,3.73,24.11,IoT
SENS_R005,2026-08-28T16:00:00,R005,77,3.67,26.18,IoT
SENS_R006,2026-08-28T16:00:00,R006,16,2.2,24.53,IoT
SENS_R007,2026-08-28T16:00:00,R007,35,3.95,26.23,IoT
SENS_R008,2026-08-28T16:00:00,R008,96,3.68,26.13,IoT
SENS_R009,2026-08-28T16:00:00,R009,44,3.38,24.63,IoT
SENS_R010,2026-08-28T16:00:00,R010,64,4.31,27.08,IoT
SENS_R011,2026-08-28T16:00:00,R011,67,2.79,24.75,IoT
SENS_R012,2026-08-28T16:00:00,R012,45,2.78,24.08,IoT
SENS_R013,2026-08-28T16:00:00,R013,64,2.57,26.08,IoT
SENS_R014,2026-08-28T16:00:00,R014,27,2.51,24.43,IoT
SENS_R015,2026-08-28T16:00:00,R015,18,2.08,24.72,IoT
SENS_R016,2026-08-28T16:00:00,R016,45,2.52,25.1,IoT
SENS_R017,2026-08-28T16:00:00,R017,49,3.3,25.0,IoT
SENS_R018,2026-08-28T16:00:00,R018,74,3.83,26.58,IoT
SENS_R019,2026-08-28T16:00:00,R019,32,2.85,26.18,IoT
SENS_R020,2026-08-28T16:00:00,R020,38,2.88,25.09,IoT
SENS_R021,2026-08-28T16:00:00,R021,30,2.36,24.94,IoT
SENS_R022,2026-08-28T16:00:00,R022,65,3.88,26.6,IoT
SENS_R023,2026-08-28T16:00:00,R023,27,3.33,24.58,IoT
SENS_R024,2026-08-28T16:00:00,R024,39,2.26,24.73,IoT
SENS_R025,2026-08-28T16:00:00,R025,68,2.75,24.98,IoT
SENS_R026,2026-08-28T16:00:00,R026,14,1.63,24.44,IoT
SENS_R027,2026-08-28T16:00:00,R027,56,1.94,25.7,IoT
SENS_R028,2026-08-28T16:00:00,R028,37,3.08,24.99,IoT
SENS_R029,2026-08-28T16:00:00,R029,40,1.34,25.24,IoT
SENS_R030,2026-08-28T16:00:00,R030,33,2.11,26.37,IoT
SENS_R001,2026-08-28T17:00:00,R001,30,3.62,25.53,IoT
SENS_R002,2026-08-28T17:00:00,R002,40,1.83,24.83,IoT
SENS_R003,2026-08-28T17:00:00,R003,98,3.54,26.1,IoT
SENS_R004,2026-08-28T17:00:00,R004,72,3.18,25.12,IoT
SENS_R005,2026-08-28T17:00:00,R005,81,3.47,24.64,IoT
SENS_R006,2026-08-28T17:00:00,R006,50,4.08,28.03,IoT
SENS_R007,2026-08-28T17:00:00,R007,21,2.86,24.86,IoT
SENS_R008,2026-08-28T17:00:00,R008,43,2.41,24.23,IoT
SENS_R009,2026-08-28T17:00:00,R009,45,3.59,27.16,IoT
SENS_R010,2026-08-28T17:00:00,R010,37,3.03,25.5,IoT
SENS_R011,2026-08-28T17:00:00,R011,40,2.21,24.35,IoT
SENS_R012,2026-08-28T17:00:00,R012,50,3.1,25.65,IoT
SENS_R013,2026-08-28T17:00:00,R013,67,2.39,24.63,IoT
SENS_R014,2026-08-28T17:00:00,R014,23,2.61,26.23,IoT
SENS_R015,2026-08-28T17:00:00,R015,35,3.78,24.82,IoT
SENS_R016,2026-08-28T17:00:00,R016,41,2.48,26.52,IoT
SENS_R017,2026-08-28T17:00:00,R017,37,2.67,24.34,IoT
SENS_R018,2026-08-28T17:00:00,R018,87,3.88,26.43,IoT
SENS_R019,2026-08-28T17:00:00,R019,56,3.69,26.87,IoT
SENS_R020,2026-08-28T17:00:00,R020,22,1.96,24.62,IoT
SENS_R021,2026-08-28T17:00:00,R021,20,1.72,24.59,IoT
SENS_R022,2026-08-28T17:00:00,R022,44,3.24,25.94,IoT
SENS_R023,2026-08-28T17:00:00,R023,25,2.97,24.51,IoT
SENS_R024,2026-08-28T17:00:00,R024,59,3.6,25.07,IoT
SENS_R025,2026-08-28T17:00:00,R025,98,3.71,24.69,IoT
SENS_R026,2026-08-28T17:00:00,R026,18,2.2,24.8,IoT
SENS_R027,2026-08-28T17:00:00,R027,106,3.27,26.11,IoT
SENS_R028,2026-08-28T17:00:00,R028,33,3.18,25.39,IoT
SENS_R029,2026-08-28T17:00:00,R029,88,3.13,25.19,IoT
SENS_R030,2026-08-28T17:00:00,R030,49,2.79,24.71,IoT
SENS_R001,2026-08-28T18:00:00,R001,7,1.68,24.48,IoT
SENS_R002,2026-08-28T18:00:00,R002,28,1.45,23.77,IoT
SENS_R003,2026-08-28T18:00:00,R003,20,1.17,23.73,IoT
SENS_R004,2026-08-28T18:00:00,R004,19,1.74,24.78,IoT
SENS_R005,2026-08-28T18:00:00,R005,10,1.08,22.6,IoT
SENS_R006,2026-08-28T18:00:00,R006,5,1.67,24.75,IoT
SENS_R007,2026-08-28T18:00:00,R007,12,1.87,24.5,IoT
SENS_R008,2026-08-28T18:00:00,R008,19,1.22,24.65,IoT
SENS_R009,2026-08-28T18:00:00,R009,11,1.45,23.95,IoT
SENS_R010,2026-08-28T18:00:00,R010,22,2.36,25.07,IoT
SENS_R011,2026-08-28T18:00:00,R011,29,1.59,23.93,IoT
SENS_R012,2026-08-28T18:00:00,R012,20,1.26,25.15,IoT
SENS_R013,2026-08-28T18:00:00,R013,25,1.19,23.99,IoT
SENS_R014,2026-08-28T18:00:00,R014,16,1.73,23.69,IoT
SENS_R015,2026-08-28T18:00:00,R015,8,1.01,24.27,IoT
SENS_R016,2026-08-28T18:00:00,R016,13,1.28,25.29,IoT
SENS_R017,2026-08-28T18:00:00,R017,8,1.05,24.24,IoT
SENS_R018,2026-08-28T18:00:00,R018,22,1.55,23.39,IoT
SENS_R019,2026-08-28T18:00:00,R019,3,1.2,24.18,IoT
SENS_R020,2026-08-28T18:00:00,R020,23,2.58,23.16,IoT
SENS_R021,2026-08-28T18:00:00,R021,8,1.08,23.47,IoT
SENS_R022,2026-08-28T18:00:00,R022,12,1.61,23.69,IoT
SENS_R023,2026-08-28T18:00:00,R023,6,1.59,24.01,IoT
SENS_R024,2026-08-28T18:00:00,R024,11,1.28,23.66,IoT
SENS_R025,2026-08-28T18:00:00,R025,39,1.95,25.82,IoT
SENS_R026,2026-08-28T18:00:00,R026,1,1.25,23.58,IoT
SENS_R027,2026-08-28T18:00:00,R027,54,1.88,25.18,IoT
SENS_R028,2026-08-28T18:00:00,R028,15,1.91,23.78,IoT
SENS_R029,2026-08-28T18:00:00,R029,11,0.84,24.23,IoT
SENS_R030,2026-08-28T18:00:00,R030,10,0.72,24.09,IoT
SENS_R001,2026-08-28T19:00:00,R001,16,2.38,24.3,IoT
SENS_R002,2026-08-28T19:00:00,R002,9,0.79,25.06,IoT
SENS_R003,2026-08-28T19:00:00,R003,17,1.54,23.9,IoT
SENS_R004,2026-08-28T19:00:00,R004,37,2.26,24.89,IoT
SENS_R005,2026-08-28T19:00:00,R005,24,1.98,26.61,IoT
SENS_R006,2026-08-28T19:00:00,R006,8,1.4,22.98,IoT
SENS_R007,2026-08-28T19:00:00,R007,9,1.63,23.87,IoT
SENS_R008,2026-08-28T19:00:00,R008,9,1.13,25.21,IoT
SENS_R009,2026-08-28T19:00:00,R009,20,1.62,24.39,IoT
SENS_R010,2026-08-28T19:00:00,R010,23,1.6,24.07,IoT
SENS_R011,2026-08-28T19:00:00,R011,17,1.47,24.34,IoT
SENS_R012,2026-08-28T19:00:00,R012,12,1.77,23.64,IoT
SENS_R013,2026-08-28T19:00:00,R013,48,2.41,25.92,IoT
SENS_R014,2026-08-28T19:00:00,R014,9,1.4,22.11,IoT
SENS_R015,2026-08-28T19:00:00,R015,3,1.38,24.55,IoT
SENS_R016,2026-08-28T19:00:00,R016,17,1.77,23.92,IoT
SENS_R017,2026-08-28T19:00:00,R017,24,2.1,25.29,IoT
SENS_R018,2026-08-28T19:00:00,R018,18,1.71,25.76,IoT
SENS_R019,2026-08-28T19:00:00,R019,8,1.6,25.47,IoT
SENS_R020,2026-08-28T19:00:00,R020,13,1.23,23.56,IoT
SENS_R021,2026-08-28T19:00:00,R021,16,1.51,25.73,IoT
SENS_R022,2026-08-28T19:00:00,R022,6,1.56,25.51,IoT
SENS_R023,2026-08-28T19:00:00,R023,14,2.08,24.79,IoT
SENS_R024,2026-08-28T19:00:00,R024,32,2.12,24.85,IoT
SENS_R025,2026-08-28T19:00:00,R025,32,1.1,22.66,IoT
SENS_R026,2026-08-28T19:00:00,R026,5,0.85,24.06,IoT
SENS_R027,2026-08-28T19:00:00,R027,11,1.35,24.2,IoT
SENS_R028,2026-08-28T19:00:00,R028,13,1.58,24.87,IoT
SENS_R029,2026-08-28T19:00:00,R029,33,1.46,24.53,IoT
SENS_R030,2026-08-28T19:00:00,R030,21,1.47,22.57,IoT
SENS_R001,2026-08-28T20:00:00,R001,5,1.82,23.65,IoT
SENS_R002,2026-08-28T20:00:00,R002,13,1.04,23.34,IoT
SENS_R003,2026-08-28T20:00:00,R003,20,1.44,23.42,IoT
SENS_R004,2026-08-28T20:00:00,R004,36,1.71,24.4,IoT
SENS_R005,2026-08-28T20:00:00,R005,29,2.05,24.6,IoT
SENS_R006,2026-08-28T20:00:00,R006,2,0.23,22.99,IoT
SENS_R007,2026-08-28T20:00:00,R007,16,2.42,25.04,IoT
SENS_R008,2026-08-28T20:00:00,R008,19,1.24,22.99,IoT
SENS_R009,2026-08-28T20:00:00,R009,16,1.96,24.55,IoT
SENS_R010,2026-08-28T20:00:00,R010,4,1.37,24.06,IoT
SENS_R011,2026-08-28T20:00:00,R011,12,1.19,24.13,IoT
SENS_R012,2026-08-28T20:00:00,R012,21,1.75,24.35,IoT
SENS_R013,2026-08-28T20:00:00,R013,39,1.66,24.83,IoT
SENS_R014,2026-08-28T20:00:00,R014,17,1.7,25.16,IoT
SENS_R015,2026-08-28T20:00:00,R015,9,1.42,24.68,IoT
SENS_R016,2026-08-28T20:00:00,R016,15,1.72,24.34,IoT
SENS_R017,2026-08-28T20:00:00,R017,11,1.51,24.75,IoT
SENS_R018,2026-08-28T20:00:00,R018,26,1.78,25.03,IoT
SENS_R019,2026-08-28T20:00:00,R019,4,0.65,23.89,IoT
SENS_R020,2026-08-28T20:00:00,R020,23,2.57,24.23,IoT
SENS_R021,2026-08-28T20:00:00,R021,17,1.78,24.48,IoT
SENS_R022,2026-08-28T20:00:00,R022,26,2.11,25.19,IoT
SENS_R023,2026-08-28T20:00:00,R023,7,1.25,23.74,IoT
SENS_R024,2026-08-28T20:00:00,R024,8,1.56,24.83,IoT
SENS_R025,2026-08-28T20:00:00,R025,25,1.23,25.46,IoT
SENS_R026,2026-08-28T20:00:00,R026,5,0.59,22.44,IoT
SENS_R027,2026-08-28T20:00:00,R027,48,1.77,23.89,IoT
SENS_R028,2026-08-28T20:00:00,R028,12,1.58,24.09,IoT
SENS_R029,2026-08-28T20:00:00,R029,14,1.62,23.4,IoT
SENS_R030,2026-08-28T20:00:00,R030,11,1.26,23.66,IoT
SENS_R001,2026-08-28T21:00:00,R001,8,1.43,23.64,IoT
SENS_R002,2026-08-28T21:00:00,R002,9,0.8,24.37,IoT
SENS_R003,2026-08-28T21:00:00,R003,23,1.63,23.16,IoT
SENS_R004,2026-08-28T21:00:00,R004,13,1.18,23.08,IoT
SENS_R005,2026-08-28T21:00:00,R005,15,0.91,22.86,IoT
SENS_R006,2026-08-28T21:00:00,R006,3,0.91,23.71,IoT
SENS_R007,2026-08-28T21:00:00,R007,5,1.19,25.59,IoT
SENS_R008,2026-08-28T21:00:00,R008,11,1.23,24.37,IoT
SENS_R009,2026-08-28T21:00:00,R009,11,1.63,25.74,IoT
SENS_R010,2026-08-28T21:00:00,R010,28,2.23,25.58,IoT
SENS_R011,2026-08-28T21:00:00,R011,22,1.5,24.99,IoT
SENS_R012,2026-08-28T21:00:00,R012,19,1.67,24.93,IoT
SENS_R013,2026-08-28T21:00:00,R013,32,1.55,24.33,IoT
SENS_R014,2026-08-28T21:00:00,R014,14,1.7,23.77,IoT
SENS_R015,2026-08-28T21:00:00,R015,5,1.51,24.56,IoT
SENS_R016,2026-08-28T21:00:00,R016,14,1.8,24.94,IoT
SENS_R017,2026-08-28T21:00:00,R017,21,1.6,22.76,IoT
SENS_R018,2026-08-28T21:00:00,R018,34,2.36,24.72,IoT
SENS_R019,2026-08-28T21:00:00,R019,3,1.02,22.06,IoT
SENS_R020,2026-08-28T21:00:00,R020,9,0.83,22.42,IoT
SENS_R021,2026-08-28T21:00:00,R021,13,1.42,23.44,IoT
SENS_R022,2026-08-28T21:00:00,R022,7,1.24,23.28,IoT
SENS_R023,2026-08-28T21:00:00,R023,8,1.19,24.02,IoT
SENS_R024,2026-08-28T21:00:00,R024,13,1.47,24.66,IoT
SENS_R025,2026-08-28T21:00:00,R025,49,1.79,25.32,IoT
SENS_R026,2026-08-28T21:00:00,R026,13,1.88,22.66,IoT
SENS_R027,2026-08-28T21:00:00,R027,31,1.71,23.71,IoT
SENS_R028,2026-08-28T21:00:00,R028,11,1.55,23.45,IoT
SENS_R029,2026-08-28T21:00:00,R029,56,2.41,23.92,IoT
SENS_R030,2026-08-28T21:00:00,R030,11,1.38,23.77,IoT
SENS_R001,2026-08-29T06:00:00,R001,2,0.55,24.03,IoT
SENS_R002,2026-08-29T06:00:00,R002,28,1.97,26.15,IoT
SENS_R003,2026-08-29T06:00:00,R003,19,1.64,24.4,IoT
SENS_R004,2026-08-29T06:00:00,R004,11,1.28,24.91,IoT
SENS_R005,2026-08-29T06:00:00,R005,0,1.04,22.46,IoT
SENS_R006,2026-08-29T06:00:00,R006,2,1.07,24.87,IoT
SENS_R007,2026-08-29T06:00:00,R007,5,0.79,24.25,IoT
SENS_R008,2026-08-29T06:00:00,R008,14,1.17,23.29,IoT
SENS_R009,2026-08-29T06:00:00,R009,13,1.93,24.18,IoT
SENS_R010,2026-08-29T06:00:00,R010,4,1.19,24.7,IoT
SENS_R011,2026-08-29T06:00:00,R011,18,1.49,25.1,IoT
SENS_R012,2026-08-29T06:00:00,R012,28,1.87,23.96,IoT
SENS_R013,2026-08-29T06:00:00,R013,44,1.57,23.51,IoT
SENS_R014,2026-08-29T06:00:00,R014,6,1.0,23.66,IoT
SENS_R015,2026-08-29T06:00:00,R015,6,1.28,23.64,IoT
SENS_R016,2026-08-29T06:00:00,R016,16,1.45,24.19,IoT
SENS_R017,2026-08-29T06:00:00,R017,9,1.26,25.93,IoT
SENS_R018,2026-08-29T06:00:00,R018,17,1.85,23.56,IoT
SENS_R019,2026-08-29T06:00:00,R019,14,1.73,23.86,IoT
SENS_R020,2026-08-29T06:00:00,R020,0,0.56,24.64,IoT
SENS_R021,2026-08-29T06:00:00,R021,17,2.18,23.54,IoT
SENS_R022,2026-08-29T06:00:00,R022,15,1.06,23.08,IoT
SENS_R023,2026-08-29T06:00:00,R023,6,0.97,22.85,IoT
SENS_R024,2026-08-29T06:00:00,R024,18,1.22,23.32,IoT
SENS_R025,2026-08-29T06:00:00,R025,7,1.18,23.41,IoT
SENS_R026,2026-08-29T06:00:00,R026,2,0.81,24.53,IoT
SENS_R027,2026-08-29T06:00:00,R027,45,2.34,23.74,IoT
SENS_R028,2026-08-29T06:00:00,R028,6,1.45,24.48,IoT
SENS_R029,2026-08-29T06:00:00,R029,6,0.99,22.54,IoT
SENS_R030,2026-08-29T06:00:00,R030,8,1.2,23.07,IoT
SENS_R001,2026-08-29T07:00:00,R001,6,1.56,24.26,IoT
SENS_R002,2026-08-29T07:00:00,R002,22,1.04,23.3,IoT
SENS_R003,2026-08-29T07:00:00,R003,16,1.05,23.91,IoT
SENS_R004,2026-08-29T07:00:00,R004,18,1.57,25.64,IoT
SENS_R005,2026-08-29T07:00:00,R005,3,1.21,23.47,IoT
SENS_R006,2026-08-29T07:00:00,R006,5,1.63,24.92,IoT
SENS_R007,2026-08-29T07:00:00,R007,7,1.22,23.96,IoT
SENS_R008,2026-08-29T07:00:00,R008,15,1.18,22.45,IoT
SENS_R009,2026-08-29T07:00:00,R009,0,0.86,24.33,IoT
SENS_R010,2026-08-29T07:00:00,R010,9,1.09,23.21,IoT
SENS_R011,2026-08-29T07:00:00,R011,14,1.42,21.65,IoT
SENS_R012,2026-08-29T07:00:00,R012,20,1.57,24.57,IoT
SENS_R013,2026-08-29T07:00:00,R013,26,1.18,25.67,IoT
SENS_R014,2026-08-29T07:00:00,R014,11,1.68,25.38,IoT
SENS_R015,2026-08-29T07:00:00,R015,5,1.05,23.47,IoT
SENS_R016,2026-08-29T07:00:00,R016,12,1.54,24.46,IoT
SENS_R017,2026-08-29T07:00:00,R017,13,1.75,25.57,IoT
SENS_R018,2026-08-29T07:00:00,R018,11,1.45,24.3,IoT
SENS_R019,2026-08-29T07:00:00,R019,20,1.95,25.55,IoT
SENS_R020,2026-08-29T07:00:00,R020,16,1.6,23.72,IoT
SENS_R021,2026-08-29T07:00:00,R021,17,1.94,24.79,IoT
SENS_R022,2026-08-29T07:00:00,R022,6,1.03,22.91,IoT
SENS_R023,2026-08-29T07:00:00,R023,5,1.31,24.33,IoT
SENS_R024,2026-08-29T07:00:00,R024,7,1.13,23.56,IoT
SENS_R025,2026-08-29T07:00:00,R025,16,1.2,24.22,IoT
SENS_R026,2026-08-29T07:00:00,R026,3,1.24,24.33,IoT
SENS_R027,2026-08-29T07:00:00,R027,11,0.67,24.24,IoT
SENS_R028,2026-08-29T07:00:00,R028,15,1.75,24.3,IoT
SENS_R029,2026-08-29T07:00:00,R029,22,1.54,25.37,IoT
SENS_R030,2026-08-29T07:00:00,R030,10,1.25,24.27,IoT
SENS_R001,2026-08-29T08:00:00,R001,7,1.77,24.59,IoT
SENS_R002,2026-08-29T08:00:00,R002,15,1.16,23.96,IoT
SENS_R003,2026-08-29T08:00:00,R003,20,1.97,23.96,IoT
SENS_R004,2026-08-29T08:00:00,R004,4,0.84,24.39,IoT
SENS_R005,2026-08-29T08:00:00,R005,13,1.02,24.4,IoT
SENS_R006,2026-08-29T08:00:00,R006,0,1.19,24.14,IoT
SENS_R007,2026-08-29T08:00:00,R007,4,1.3,24.26,IoT
SENS_R008,2026-08-29T08:00:00,R008,1,0.87,24.62,IoT
SENS_R009,2026-08-29T08:00:00,R009,0,1.25,24.8,IoT
SENS_R010,2026-08-29T08:00:00,R010,22,2.02,23.91,IoT
SENS_R011,2026-08-29T08:00:00,R011,16,1.71,24.42,IoT
SENS_R012,2026-08-29T08:00:00,R012,11,1.26,24.78,IoT
SENS_R013,2026-08-29T08:00:00,R013,19,1.46,23.01,IoT
SENS_R014,2026-08-29T08:00:00,R014,0,0.98,25.39,IoT
SENS_R015,2026-08-29T08:00:00,R015,10,1.51,23.5,IoT
SENS_R016,2026-08-29T08:00:00,R016,23,2.17,24.5,IoT
SENS_R017,2026-08-29T08:00:00,R017,15,1.58,24.64,IoT
SENS_R018,2026-08-29T08:00:00,R018,20,1.96,25.72,IoT
SENS_R019,2026-08-29T08:00:00,R019,7,1.17,22.63,IoT
SENS_R020,2026-08-29T08:00:00,R020,0,0.74,23.08,IoT
SENS_R021,2026-08-29T08:00:00,R021,9,1.16,24.77,IoT
SENS_R022,2026-08-29T08:00:00,R022,13,1.52,25.88,IoT
SENS_R023,2026-08-29T08:00:00,R023,7,1.42,24.31,IoT
SENS_R024,2026-08-29T08:00:00,R024,2,1.14,22.52,IoT
SENS_R025,2026-08-29T08:00:00,R025,10,1.33,23.8,IoT
SENS_R026,2026-08-29T08:00:00,R026,5,1.49,24.08,IoT
SENS_R027,2026-08-29T08:00:00,R027,13,0.78,23.68,IoT
SENS_R028,2026-08-29T08:00:00,R028,1,1.36,23.96,IoT
SENS_R029,2026-08-29T08:00:00,R029,6,0.55,22.33,IoT
SENS_R030,2026-08-29T08:00:00,R030,9,0.83,22.59,IoT
SENS_R001,2026-08-29T09:00:00,R001,12,2.04,24.34,IoT
SENS_R002,2026-08-29T09:00:00,R002,0,0.67,23.34,IoT
SENS_R003,2026-08-29T09:00:00,R003,18,1.36,24.6,IoT
SENS_R004,2026-08-29T09:00:00,R004,24,1.71,24.14,IoT
SENS_R005,2026-08-29T09:00:00,R005,10,1.57,24.45,IoT
SENS_R006,2026-08-29T09:00:00,R006,1,0.81,24.24,IoT
SENS_R007,2026-08-29T09:00:00,R007,8,1.84,23.54,IoT
SENS_R008,2026-08-29T09:00:00,R008,8,1.44,23.51,IoT
SENS_R009,2026-08-29T09:00:00,R009,6,1.72,24.73,IoT
SENS_R010,2026-08-29T09:00:00,R010,7,1.26,24.04,IoT
SENS_R011,2026-08-29T09:00:00,R011,21,1.76,23.64,IoT
SENS_R012,2026-08-29T09:00:00,R012,17,1.49,25.43,IoT
SENS_R013,2026-08-29T09:00:00,R013,10,1.02,23.36,IoT
SENS_R014,2026-08-29T09:00:00,R014,0,0.77,23.44,IoT
SENS_R015,2026-08-29T09:00:00,R015,4,1.27,23.29,IoT
SENS_R016,2026-08-29T09:00:00,R016,18,1.52,24.1,IoT
SENS_R017,2026-08-29T09:00:00,R017,7,1.17,23.29,IoT
SENS_R018,2026-08-29T09:00:00,R018,6,0.56,23.64,IoT
SENS_R019,2026-08-29T09:00:00,R019,6,1.03,25.43,IoT
SENS_R020,2026-08-29T09:00:00,R020,15,1.66,24.34,IoT
SENS_R021,2026-08-29T09:00:00,R021,17,1.98,23.5,IoT
SENS_R022,2026-08-29T09:00:00,R022,9,1.53,23.95,IoT
SENS_R023,2026-08-29T09:00:00,R023,3,1.11,23.69,IoT
SENS_R024,2026-08-29T09:00:00,R024,6,0.87,23.19,IoT
SENS_R025,2026-08-29T09:00:00,R025,28,1.81,25.45,IoT
SENS_R026,2026-08-29T09:00:00,R026,3,0.88,23.56,IoT
SENS_R027,2026-08-29T09:00:00,R027,30,1.41,24.53,IoT
SENS_R028,2026-08-29T09:00:00,R028,6,0.99,23.94,IoT
SENS_R029,2026-08-29T09:00:00,R029,10,1.2,22.73,IoT
SENS_R030,2026-08-29T09:00:00,R030,3,0.7,23.36,IoT
SENS_R001,2026-08-29T10:00:00,R001,6,0.91,22.73,IoT
SENS_R002,2026-08-29T10:00:00,R002,13,1.0,24.5,IoT
SENS_R003,2026-08-29T10:00:00,R003,28,1.71,24.0,IoT
SENS_R004,2026-08-29T10:00:00,R004,1,0.34,23.21,IoT
SENS_R005,2026-08-29T10:00:00,R005,27,1.49,23.61,IoT
SENS_R006,2026-08-29T10:00:00,R006,7,1.53,25.43,IoT
SENS_R007,2026-08-29T10:00:00,R007,8,1.57,23.76,IoT
SENS_R008,2026-08-29T10:00:00,R008,4,1.17,24.35,IoT
SENS_R009,2026-08-29T10:00:00,R009,6,1.08,23.86,IoT
SENS_R010,2026-08-29T10:00:00,R010,7,1.73,24.43,IoT
SENS_R011,2026-08-29T10:00:00,R011,11,1.28,24.52,IoT
SENS_R012,2026-08-29T10:00:00,R012,18,1.52,24.56,IoT
SENS_R013,2026-08-29T10:00:00,R013,44,1.92,23.57,IoT
SENS_R014,2026-08-29T10:00:00,R014,0,0.66,22.86,IoT
SENS_R015,2026-08-29T10:00:00,R015,8,1.5,22.98,IoT
SENS_R016,2026-08-29T10:00:00,R016,3,0.99,24.93,IoT
SENS_R017,2026-08-29T10:00:00,R017,0,0.66,22.27,IoT
SENS_R018,2026-08-29T10:00:00,R018,32,2.44,23.64,IoT
SENS_R019,2026-08-29T10:00:00,R019,11,0.79,23.69,IoT
SENS_R020,2026-08-29T10:00:00,R020,5,0.95,25.02,IoT
SENS_R021,2026-08-29T10:00:00,R021,6,1.19,25.06,IoT
SENS_R022,2026-08-29T10:00:00,R022,28,2.22,24.91,IoT
SENS_R023,2026-08-29T10:00:00,R023,0,0.92,25.18,IoT
SENS_R024,2026-08-29T10:00:00,R024,7,1.4,24.48,IoT
SENS_R025,2026-08-29T10:00:00,R025,23,1.82,24.06,IoT
SENS_R026,2026-08-29T10:00:00,R026,10,1.31,23.63,IoT
SENS_R027,2026-08-29T10:00:00,R027,17,1.08,24.91,IoT
SENS_R028,2026-08-29T10:00:00,R028,6,1.0,22.99,IoT
SENS_R029,2026-08-29T10:00:00,R029,53,2.33,24.73,IoT
SENS_R030,2026-08-29T10:00:00,R030,19,1.62,25.2,IoT
SENS_R001,2026-08-29T11:00:00,R001,10,1.68,22.97,IoT
SENS_R002,2026-08-29T11:00:00,R002,8,0.59,22.61,IoT
SENS_R003,2026-08-29T11:00:00,R003,28,1.29,21.66,IoT
SENS_R004,2026-08-29T11:00:00,R004,11,1.6,23.97,IoT
SENS_R005,2026-08-29T11:00:00,R005,9,1.11,24.24,IoT
SENS_R006,2026-08-29T11:00:00,R006,10,1.67,23.35,IoT
SENS_R007,2026-08-29T11:00:00,R007,5,1.07,24.35,IoT
SENS_R008,2026-08-29T11:00:00,R008,8,0.86,23.82,IoT
SENS_R009,2026-08-29T11:00:00,R009,16,1.66,23.49,IoT
SENS_R010,2026-08-29T11:00:00,R010,13,1.76,25.09,IoT
SENS_R011,2026-08-29T11:00:00,R011,22,1.54,24.06,IoT
SENS_R012,2026-08-29T11:00:00,R012,21,1.86,24.7,IoT
SENS_R013,2026-08-29T11:00:00,R013,2,0.43,22.77,IoT
SENS_R014,2026-08-29T11:00:00,R014,7,1.26,23.4,IoT
SENS_R015,2026-08-29T11:00:00,R015,1,0.73,23.53,IoT
SENS_R016,2026-08-29T11:00:00,R016,1,0.89,23.53,IoT
SENS_R017,2026-08-29T11:00:00,R017,13,1.11,24.43,IoT
SENS_R018,2026-08-29T11:00:00,R018,44,2.59,25.5,IoT
SENS_R019,2026-08-29T11:00:00,R019,0,0.49,24.25,IoT
SENS_R020,2026-08-29T11:00:00,R020,10,1.49,24.89,IoT
SENS_R021,2026-08-29T11:00:00,R021,11,1.43,25.72,IoT
SENS_R022,2026-08-29T11:00:00,R022,12,1.0,23.85,IoT
SENS_R023,2026-08-29T11:00:00,R023,8,1.62,24.17,IoT
SENS_R024,2026-08-29T11:00:00,R024,0,1.27,25.65,IoT
SENS_R025,2026-08-29T11:00:00,R025,22,1.73,24.52,IoT
SENS_R026,2026-08-29T11:00:00,R026,7,0.93,24.28,IoT
SENS_R027,2026-08-29T11:00:00,R027,8,0.77,24.35,IoT
SENS_R028,2026-08-29T11:00:00,R028,11,1.83,24.64,IoT
SENS_R029,2026-08-29T11:00:00,R029,40,1.83,24.6,IoT
SENS_R030,2026-08-29T11:00:00,R030,18,1.44,23.37,IoT
SENS_R001,2026-08-29T12:00:00,R001,6,1.35,25.91,IoT
SENS_R002,2026-08-29T12:00:00,R002,19,1.46,24.22,IoT
SENS_R003,2026-08-29T12:00:00,R003,12,1.27,25.13,IoT
SENS_R004,2026-08-29T12:00:00,R004,23,1.34,23.75,IoT
SENS_R005,2026-08-29T12:00:00,R005,22,1.39,23.23,IoT
SENS_R006,2026-08-29T12:00:00,R006,8,1.52,24.35,IoT
SENS_R007,2026-08-29T12:00:00,R007,5,1.23,23.19,IoT
SENS_R008,2026-08-29T12:00:00,R008,13,1.22,23.97,IoT
SENS_R009,2026-08-29T12:00:00,R009,3,0.94,24.73,IoT
SENS_R010,2026-08-29T12:00:00,R010,9,1.33,23.41,IoT
SENS_R011,2026-08-29T12:00:00,R011,3,0.73,23.65,IoT
SENS_R012,2026-08-29T12:00:00,R012,10,1.07,23.93,IoT
SENS_R013,2026-08-29T12:00:00,R013,2,0.51,23.04,IoT
SENS_R014,2026-08-29T12:00:00,R014,6,1.55,24.75,IoT
SENS_R015,2026-08-29T12:00:00,R015,15,2.37,25.97,IoT
SENS_R016,2026-08-29T12:00:00,R016,20,1.77,24.4,IoT
SENS_R017,2026-08-29T12:00:00,R017,16,1.42,23.54,IoT
SENS_R018,2026-08-29T12:00:00,R018,7,1.48,23.61,IoT
SENS_R019,2026-08-29T12:00:00,R019,9,1.25,23.76,IoT
SENS_R020,2026-08-29T12:00:00,R020,0,0.67,23.86,IoT
SENS_R021,2026-08-29T12:00:00,R021,9,1.06,24.47,IoT
SENS_R022,2026-08-29T12:00:00,R022,10,1.39,25.84,IoT
SENS_R023,2026-08-29T12:00:00,R023,9,1.87,24.2,IoT
SENS_R024,2026-08-29T12:00:00,R024,6,1.35,23.26,IoT
SENS_R025,2026-08-29T12:00:00,R025,22,1.15,23.8,IoT
SENS_R026,2026-08-29T12:00:00,R026,5,0.94,23.26,IoT
SENS_R027,2026-08-29T12:00:00,R027,51,1.87,23.17,IoT
SENS_R028,2026-08-29T12:00:00,R028,4,1.28,24.18,IoT
SENS_R029,2026-08-29T12:00:00,R029,31,1.09,21.97,IoT
SENS_R030,2026-08-29T12:00:00,R030,16,1.68,23.41,IoT
SENS_R001,2026-08-29T13:00:00,R001,6,1.5,23.49,IoT
SENS_R002,2026-08-29T13:00:00,R002,27,1.61,22.76,IoT
SENS_R003,2026-08-29T13:00:00,R003,23,1.12,23.45,IoT
SENS_R004,2026-08-29T13:00:00,R004,15,1.36,23.66,IoT
SENS_R005,2026-08-29T13:00:00,R005,5,0.73,21.55,IoT
SENS_R006,2026-08-29T13:00:00,R006,4,1.01,23.62,IoT
SENS_R007,2026-08-29T13:00:00,R007,13,2.4,24.26,IoT
SENS_R008,2026-08-29T13:00:00,R008,16,1.44,25.96,IoT
SENS_R009,2026-08-29T13:00:00,R009,10,1.39,24.63,IoT
SENS_R010,2026-08-29T13:00:00,R010,12,1.48,24.86,IoT
SENS_R011,2026-08-29T13:00:00,R011,12,1.16,24.99,IoT
SENS_R012,2026-08-29T13:00:00,R012,21,1.85,25.5,IoT
SENS_R013,2026-08-29T13:00:00,R013,14,1.25,22.84,IoT
SENS_R014,2026-08-29T13:00:00,R014,2,0.79,22.47,IoT
SENS_R015,2026-08-29T13:00:00,R015,6,1.4,24.98,IoT
SENS_R016,2026-08-29T13:00:00,R016,13,1.67,25.2,IoT
SENS_R017,2026-08-29T13:00:00,R017,6,1.11,24.97,IoT
SENS_R018,2026-08-29T13:00:00,R018,20,1.23,25.41,IoT
SENS_R019,2026-08-29T13:00:00,R019,18,1.52,24.78,IoT
SENS_R020,2026-08-29T13:00:00,R020,15,1.93,24.18,IoT
SENS_R021,2026-08-29T13:00:00,R021,2,0.9,24.03,IoT
SENS_R022,2026-08-29T13:00:00,R022,3,0.72,24.28,IoT
SENS_R023,2026-08-29T13:00:00,R023,8,1.92,25.13,IoT
SENS_R024,2026-08-29T13:00:00,R024,12,0.82,23.71,IoT
SENS_R025,2026-08-29T13:00:00,R025,6,1.1,23.02,IoT
SENS_R026,2026-08-29T13:00:00,R026,8,1.29,26.28,IoT
SENS_R027,2026-08-29T13:00:00,R027,2,0.73,23.61,IoT
SENS_R028,2026-08-29T13:00:00,R028,7,1.24,24.4,IoT
SENS_R029,2026-08-29T13:00:00,R029,33,1.62,21.73,IoT
SENS_R030,2026-08-29T13:00:00,R030,0,0.91,23.89,IoT
SENS_R001,2026-08-29T14:00:00,R001,3,1.14,24.17,IoT
SENS_R002,2026-08-29T14:00:00,R002,31,1.64,24.42,IoT
SENS_R003,2026-08-29T14:00:00,R003,7,1.12,24.04,IoT
SENS_R004,2026-08-29T14:00:00,R004,19,1.43,23.5,IoT
SENS_R005,2026-08-29T14:00:00,R005,14,1.35,25.15,IoT
SENS_R006,2026-08-29T14:00:00,R006,7,1.5,23.87,IoT
SENS_R007,2026-08-29T14:00:00,R007,3,1.39,24.26,IoT
SENS_R008,2026-08-29T14:00:00,R008,26,2.02,26.45,IoT
SENS_R009,2026-08-29T14:00:00,R009,9,1.28,23.99,IoT
SENS_R010,2026-08-29T14:00:00,R010,7,0.84,23.19,IoT
SENS_R011,2026-08-29T14:00:00,R011,21,1.58,23.88,IoT
SENS_R012,2026-08-29T14:00:00,R012,10,1.08,24.19,IoT
SENS_R013,2026-08-29T14:00:00,R013,24,1.79,23.31,IoT
SENS_R014,2026-08-29T14:00:00,R014,7,1.66,24.35,IoT
SENS_R015,2026-08-29T14:00:00,R015,3,1.37,22.9,IoT
SENS_R016,2026-08-29T14:00:00,R016,9,1.25,25.54,IoT
SENS_R017,2026-08-29T14:00:00,R017,3,0.82,23.81,IoT
SENS_R018,2026-08-29T14:00:00,R018,22,1.82,23.38,IoT
SENS_R019,2026-08-29T14:00:00,R019,0,0.82,23.12,IoT
SENS_R020,2026-08-29T14:00:00,R020,5,0.62,24.13,IoT
SENS_R021,2026-08-29T14:00:00,R021,9,1.55,24.36,IoT
SENS_R022,2026-08-29T14:00:00,R022,10,1.14,24.1,IoT
SENS_R023,2026-08-29T14:00:00,R023,5,1.66,25.04,IoT
SENS_R024,2026-08-29T14:00:00,R024,10,1.42,24.85,IoT
SENS_R025,2026-08-29T14:00:00,R025,15,1.12,24.41,IoT
SENS_R026,2026-08-29T14:00:00,R026,11,1.77,23.95,IoT
SENS_R027,2026-08-29T14:00:00,R027,39,2.08,24.37,IoT
SENS_R028,2026-08-29T14:00:00,R028,4,1.02,23.58,IoT
SENS_R029,2026-08-29T14:00:00,R029,30,1.82,24.6,IoT
SENS_R030,2026-08-29T14:00:00,R030,12,1.59,24.38,IoT
SENS_R001,2026-08-29T15:00:00,R001,5,1.0,24.19,IoT
SENS_R002,2026-08-29T15:00:00,R002,0,0.73,25.33,IoT
SENS_R003,2026-08-29T15:00:00,R003,13,1.28,24.5,IoT
SENS_R004,2026-08-29T15:00:00,R004,34,1.68,24.24,IoT
SENS_R005,2026-08-29T15:00:00,R005,6,1.25,24.18,IoT
SENS_R006,2026-08-29T15:00:00,R006,0,0.85,24.92,IoT
SENS_R007,2026-08-29T15:00:00,R007,4,0.91,23.05,IoT
SENS_R008,2026-08-29T15:00:00,R008,12,1.03,23.73,IoT
SENS_R009,2026-08-29T15:00:00,R009,10,1.55,24.91,IoT
SENS_R010,2026-08-29T15:00:00,R010,8,1.3,24.8,IoT
SENS_R011,2026-08-29T15:00:00,R011,14,1.75,25.06,IoT
SENS_R012,2026-08-29T15:00:00,R012,17,1.15,23.3,IoT
SENS_R013,2026-08-29T15:00:00,R013,31,1.8,23.46,IoT
SENS_R014,2026-08-29T15:00:00,R014,6,0.96,23.92,IoT
SENS_R015,2026-08-29T15:00:00,R015,6,1.96,24.79,IoT
SENS_R016,2026-08-29T15:00:00,R016,19,2.01,25.25,IoT
SENS_R017,2026-08-29T15:00:00,R017,0,0.86,22.72,IoT
SENS_R018,2026-08-29T15:00:00,R018,27,1.52,23.96,IoT
SENS_R019,2026-08-29T15:00:00,R019,5,0.89,23.6,IoT
SENS_R020,2026-08-29T15:00:00,R020,12,1.43,24.58,IoT
SENS_R021,2026-08-29T15:00:00,R021,7,1.26,23.14,IoT
SENS_R022,2026-08-29T15:00:00,R022,15,1.43,24.44,IoT
SENS_R023,2026-08-29T15:00:00,R023,9,1.69,23.86,IoT
SENS_R024,2026-08-29T15:00:00,R024,11,1.06,24.88,IoT
SENS_R025,2026-08-29T15:00:00,R025,6,0.6,23.83,IoT
SENS_R026,2026-08-29T15:00:00,R026,8,1.54,25.16,IoT
SENS_R027,2026-08-29T15:00:00,R027,10,1.17,23.89,IoT
SENS_R028,2026-08-29T15:00:00,R028,10,1.21,23.8,IoT
SENS_R029,2026-08-29T15:00:00,R029,37,1.28,23.62,IoT
SENS_R030,2026-08-29T15:00:00,R030,12,0.97,24.02,IoT
SENS_R001,2026-08-29T16:00:00,R001,14,2.1,23.66,IoT
SENS_R002,2026-08-29T16:00:00,R002,28,1.46,24.51,IoT
SENS_R003,2026-08-29T16:00:00,R003,40,2.21,26.14,IoT
SENS_R004,2026-08-29T16:00:00,R004,6,1.11,23.96,IoT
SENS_R005,2026-08-29T16:00:00,R005,29,1.88,24.17,IoT
SENS_R006,2026-08-29T16:00:00,R006,14,1.62,24.75,IoT
SENS_R007,2026-08-29T16:00:00,R007,6,0.91,23.83,IoT
SENS_R008,2026-08-29T16:00:00,R008,17,1.46,22.85,IoT
SENS_R009,2026-08-29T16:00:00,R009,12,1.14,23.19,IoT
SENS_R010,2026-08-29T16:00:00,R010,3,1.02,23.04,IoT
SENS_R011,2026-08-29T16:00:00,R011,3,1.34,23.06,IoT
SENS_R012,2026-08-29T16:00:00,R012,10,0.92,24.48,IoT
SENS_R013,2026-08-29T16:00:00,R013,29,1.51,24.61,IoT
SENS_R014,2026-08-29T16:00:00,R014,11,1.57,24.7,IoT
SENS_R015,2026-08-29T16:00:00,R015,10,1.87,24.96,IoT
SENS_R016,2026-08-29T16:00:00,R016,18,2.03,23.72,IoT
SENS_R017,2026-08-29T16:00:00,R017,10,1.48,24.5,IoT
SENS_R018,2026-08-29T16:00:00,R018,14,1.22,23.9,IoT
SENS_R019,2026-08-29T16:00:00,R019,16,1.65,24.07,IoT
SENS_R020,2026-08-29T16:00:00,R020,8,1.16,24.81,IoT
SENS_R021,2026-08-29T16:00:00,R021,0,1.13,24.69,IoT
SENS_R022,2026-08-29T16:00:00,R022,18,1.98,24.93,IoT
SENS_R023,2026-08-29T16:00:00,R023,8,1.31,24.68,IoT
SENS_R024,2026-08-29T16:00:00,R024,8,1.02,23.33,IoT
SENS_R025,2026-08-29T16:00:00,R025,0,0.5,24.46,IoT
SENS_R026,2026-08-29T16:00:00,R026,3,1.32,23.15,IoT
SENS_R027,2026-08-29T16:00:00,R027,23,0.97,23.67,IoT
SENS_R028,2026-08-29T16:00:00,R028,0,0.8,22.69,IoT
SENS_R029,2026-08-29T16:00:00,R029,49,2.21,25.99,IoT
SENS_R030,2026-08-29T16:00:00,R030,8,1.06,22.58,IoT
SENS_R001,2026-08-29T17:00:00,R001,17,2.55,26.11,IoT
SENS_R002,2026-08-29T17:00:00,R002,32,1.58,23.83,IoT
SENS_R003,2026-08-29T17:00:00,R003,9,1.1,23.91,IoT
SENS_R004,2026-08-29T17:00:00,R004,6,0.87,23.95,IoT
SENS_R005,2026-08-29T17:00:00,R005,28,1.98,24.02,IoT
SENS_R006,2026-08-29T17:00:00,R006,14,1.95,24.53,IoT
SENS_R007,2026-08-29T17:00:00,R007,4,1.19,24.14,IoT
SENS_R008,2026-08-29T17:00:00,R008,5,1.02,23.27,IoT
SENS_R009,2026-08-29T17:00:00,R009,10,1.57,25.29,IoT
SENS_R010,2026-08-29T17:00:00,R010,8,0.98,22.51,IoT
SENS_R011,2026-08-29T17:00:00,R011,15,1.29,23.27,IoT
SENS_R012,2026-08-29T17:00:00,R012,18,1.9,24.24,IoT
SENS_R013,2026-08-29T17:00:00,R013,9,1.34,23.31,IoT
SENS_R014,2026-08-29T17:00:00,R014,0,0.73,24.0,IoT
SENS_R015,2026-08-29T17:00:00,R015,10,1.61,23.34,IoT
SENS_R016,2026-08-29T17:00:00,R016,3,0.49,22.44,IoT
SENS_R017,2026-08-29T17:00:00,R017,0,1.08,23.99,IoT
SENS_R018,2026-08-29T17:00:00,R018,12,0.93,23.69,IoT
SENS_R019,2026-08-29T17:00:00,R019,18,1.19,25.06,IoT
SENS_R020,2026-08-29T17:00:00,R020,6,1.23,23.7,IoT
SENS_R021,2026-08-29T17:00:00,R021,3,1.02,25.2,IoT
SENS_R022,2026-08-29T17:00:00,R022,14,1.5,25.94,IoT
SENS_R023,2026-08-29T17:00:00,R023,8,1.4,23.22,IoT
SENS_R024,2026-08-29T17:00:00,R024,1,0.59,24.08,IoT
SENS_R025,2026-08-29T17:00:00,R025,6,0.99,24.91,IoT
SENS_R026,2026-08-29T17:00:00,R026,14,1.56,23.07,IoT
SENS_R027,2026-08-29T17:00:00,R027,39,1.95,24.85,IoT
SENS_R028,2026-08-29T17:00:00,R028,7,0.7,24.7,IoT
SENS_R029,2026-08-29T17:00:00,R029,5,0.77,24.12,IoT
SENS_R030,2026-08-29T17:00:00,R030,10,1.81,24.42,IoT
SENS_R001,2026-08-29T18:00:00,R001,0,0.86,24.51,IoT
SENS_R002,2026-08-29T18:00:00,R002,13,1.2,25.4,IoT
SENS_R003,2026-08-29T18:00:00,R003,27,1.31,23.43,IoT
SENS_R004,2026-08-29T18:00:00,R004,10,1.23,24.18,IoT
SENS_R005,2026-08-29T18:00:00,R005,15,1.48,24.87,IoT
SENS_R006,2026-08-29T18:00:00,R006,12,2.05,24.07,IoT
SENS_R007,2026-08-29T18:00:00,R007,11,1.81,24.66,IoT
SENS_R008,2026-08-29T18:00:00,R008,10,1.35,24.22,IoT
SENS_R009,2026-08-29T18:00:00,R009,9,1.08,22.25,IoT
SENS_R010,2026-08-29T18:00:00,R010,2,0.85,23.38,IoT
SENS_R011,2026-08-29T18:00:00,R011,9,1.07,24.2,IoT
SENS_R012,2026-08-29T18:00:00,R012,33,2.31,24.96,IoT
SENS_R013,2026-08-29T18:00:00,R013,10,1.42,23.48,IoT
SENS_R014,2026-08-29T18:00:00,R014,11,1.7,23.53,IoT
SENS_R015,2026-08-29T18:00:00,R015,5,1.11,25.36,IoT
SENS_R016,2026-08-29T18:00:00,R016,5,0.92,23.45,IoT
SENS_R017,2026-08-29T18:00:00,R017,5,1.14,23.54,IoT
SENS_R018,2026-08-29T18:00:00,R018,27,1.45,24.07,IoT
SENS_R019,2026-08-29T18:00:00,R019,7,1.1,24.66,IoT
SENS_R020,2026-08-29T18:00:00,R020,7,1.36,24.86,IoT
SENS_R021,2026-08-29T18:00:00,R021,4,1.2,23.76,IoT
SENS_R022,2026-08-29T18:00:00,R022,19,1.85,23.72,IoT
SENS_R023,2026-08-29T18:00:00,R023,11,1.9,23.03,IoT
SENS_R024,2026-08-29T18:00:00,R024,9,1.32,24.92,IoT
SENS_R025,2026-08-29T18:00:00,R025,32,1.82,24.52,IoT
SENS_R026,2026-08-29T18:00:00,R026,9,1.96,26.85,IoT
SENS_R027,2026-08-29T18:00:00,R027,1,0.79,22.99,IoT
SENS_R028,2026-08-29T18:00:00,R028,2,0.86,24.22,IoT
SENS_R029,2026-08-29T18:00:00,R029,0,0.31,24.24,IoT
SENS_R030,2026-08-29T18:00:00,R030,17,1.35,22.94,IoT
SENS_R001,2026-08-29T19:00:00,R001,0,0.66,21.88,IoT
SENS_R002,2026-08-29T19:00:00,R002,9,0.9,24.32,IoT
SENS_R003,2026-08-29T19:00:00,R003,0,1.26,24.47,IoT
SENS_R004,2026-08-29T19:00:00,R004,20,1.15,24.86,IoT
SENS_R005,2026-08-29T19:00:00,R005,13,1.68,24.05,IoT
SENS_R006,2026-08-29T19:00:00,R006,9,0.99,24.25,IoT
SENS_R007,2026-08-29T19:00:00,R007,4,1.05,22.71,IoT
SENS_R008,2026-08-29T19:00:00,R008,14,1.29,22.42,IoT
SENS_R009,2026-08-29T19:00:00,R009,7,1.31,23.7,IoT
SENS_R010,2026-08-29T19:00:00,R010,3,1.38,25.01,IoT
SENS_R011,2026-08-29T19:00:00,R011,14,1.42,24.25,IoT
SENS_R012,2026-08-29T19:00:00,R012,6,0.86,23.71,IoT
SENS_R013,2026-08-29T19:00:00,R013,15,1.18,24.15,IoT
SENS_R014,2026-08-29T19:00:00,R014,7,1.14,24.47,IoT
SENS_R015,2026-08-29T19:00:00,R015,8,1.44,24.47,IoT
SENS_R016,2026-08-29T19:00:00,R016,13,1.53,24.12,IoT
SENS_R017,2026-08-29T19:00:00,R017,7,0.94,22.32,IoT
SENS_R018,2026-08-29T19:00:00,R018,17,1.36,24.88,IoT
SENS_R019,2026-08-29T19:00:00,R019,10,0.82,22.67,IoT
SENS_R020,2026-08-29T19:00:00,R020,3,1.03,22.54,IoT
SENS_R021,2026-08-29T19:00:00,R021,3,1.28,23.79,IoT
SENS_R022,2026-08-29T19:00:00,R022,8,1.48,24.17,IoT
SENS_R023,2026-08-29T19:00:00,R023,1,1.22,24.1,IoT
SENS_R024,2026-08-29T19:00:00,R024,11,1.78,25.0,IoT
SENS_R025,2026-08-29T19:00:00,R025,2,0.35,23.66,IoT
SENS_R026,2026-08-29T19:00:00,R026,1,1.29,23.33,IoT
SENS_R027,2026-08-29T19:00:00,R027,0,0.75,25.28,IoT
SENS_R028,2026-08-29T19:00:00,R028,11,1.72,23.29,IoT
SENS_R029,2026-08-29T19:00:00,R029,14,1.11,23.93,IoT
SENS_R030,2026-08-29T19:00:00,R030,10,1.32,25.52,IoT
SENS_R001,2026-08-29T20:00:00,R001,4,1.23,23.99,IoT
SENS_R002,2026-08-29T20:00:00,R002,0,0.9,22.78,IoT
SENS_R003,2026-08-29T20:00:00,R003,33,1.8,24.39,IoT
SENS_R004,2026-08-29T20:00:00,R004,28,1.73,23.03,IoT
SENS_R005,2026-08-29T20:00:00,R005,12,1.26,22.84,IoT
SENS_R006,2026-08-29T20:00:00,R006,9,1.16,23.45,IoT
SENS_R007,2026-08-29T20:00:00,R007,3,1.15,22.37,IoT
SENS_R008,2026-08-29T20:00:00,R008,24,1.33,24.89,IoT
SENS_R009,2026-08-29T20:00:00,R009,0,0.78,23.51,IoT
SENS_R010,2026-08-29T20:00:00,R010,0,0.71,24.1,IoT
SENS_R011,2026-08-29T20:00:00,R011,11,1.65,25.4,IoT
SENS_R012,2026-08-29T20:00:00,R012,14,1.51,24.79,IoT
SENS_R013,2026-08-29T20:00:00,R013,10,1.17,24.65,IoT
SENS_R014,2026-08-29T20:00:00,R014,5,0.88,24.75,IoT
SENS_R015,2026-08-29T20:00:00,R015,3,1.45,24.14,IoT
SENS_R016,2026-08-29T20:00:00,R016,15,1.59,24.49,IoT
SENS_R017,2026-08-29T20:00:00,R017,4,1.57,23.49,IoT
SENS_R018,2026-08-29T20:00:00,R018,7,1.1,22.54,IoT
SENS_R019,2026-08-29T20:00:00,R019,3,1.13,25.13,IoT
SENS_R020,2026-08-29T20:00:00,R020,12,1.03,23.82,IoT
SENS_R021,2026-08-29T20:00:00,R021,4,0.71,23.51,IoT
SENS_R022,2026-08-29T20:00:00,R022,14,1.55,23.51,IoT
SENS_R023,2026-08-29T20:00:00,R023,6,1.53,25.52,IoT
SENS_R024,2026-08-29T20:00:00,R024,13,1.45,24.31,IoT
SENS_R025,2026-08-29T20:00:00,R025,25,1.68,23.01,IoT
SENS_R026,2026-08-29T20:00:00,R026,1,1.0,23.97,IoT
SENS_R027,2026-08-29T20:00:00,R027,24,1.48,23.28,IoT
SENS_R028,2026-08-29T20:00:00,R028,1,1.18,23.43,IoT
SENS_R029,2026-08-29T20:00:00,R029,0,1.07,22.73,IoT
SENS_R030,2026-08-29T20:00:00,R030,8,1.3,22.75,IoT
SENS_R001,2026-08-29T21:00:00,R001,9,1.76,25.38,IoT
SENS_R002,2026-08-29T21:00:00,R002,21,1.08,23.23,IoT
SENS_R003,2026-08-29T21:00:00,R003,20,1.37,22.58,IoT
SENS_R004,2026-08-29T21:00:00,R004,21,1.6,23.28,IoT
SENS_R005,2026-08-29T21:00:00,R005,9,1.01,24.5,IoT
SENS_R006,2026-08-29T21:00:00,R006,8,1.52,24.33,IoT
SENS_R007,2026-08-29T21:00:00,R007,9,1.95,24.69,IoT
SENS_R008,2026-08-29T21:00:00,R008,1,0.61,24.62,IoT
SENS_R009,2026-08-29T21:00:00,R009,10,1.27,24.83,IoT
SENS_R010,2026-08-29T21:00:00,R010,10,1.55,24.79,IoT
SENS_R011,2026-08-29T21:00:00,R011,29,1.58,23.76,IoT
SENS_R012,2026-08-29T21:00:00,R012,9,0.79,23.2,IoT
SENS_R013,2026-08-29T21:00:00,R013,9,1.17,22.63,IoT
SENS_R014,2026-08-29T21:00:00,R014,3,1.02,24.81,IoT
SENS_R015,2026-08-29T21:00:00,R015,3,1.18,24.04,IoT
SENS_R016,2026-08-29T21:00:00,R016,22,1.3,21.57,IoT
SENS_R017,2026-08-29T21:00:00,R017,20,2.18,21.96,IoT
SENS_R018,2026-08-29T21:00:00,R018,1,1.25,22.17,IoT
SENS_R019,2026-08-29T21:00:00,R019,15,1.36,24.8,IoT
SENS_R020,2026-08-29T21:00:00,R020,11,1.39,24.21,IoT
SENS_R021,2026-08-29T21:00:00,R021,0,0.84,24.0,IoT
SENS_R022,2026-08-29T21:00:00,R022,8,0.87,23.53,IoT
SENS_R023,2026-08-29T21:00:00,R023,0,1.31,25.47,IoT
SENS_R024,2026-08-29T21:00:00,R024,13,1.4,24.49,IoT
SENS_R025,2026-08-29T21:00:00,R025,15,1.15,23.76,IoT
SENS_R026,2026-08-29T21:00:00,R026,0,0.64,24.77,IoT
SENS_R027,2026-08-29T21:00:00,R027,30,1.59,24.1,IoT
SENS_R028,2026-08-29T21:00:00,R028,8,1.82,23.82,IoT
SENS_R029,2026-08-29T21:00:00,R029,19,1.55,23.59,IoT
SENS_R030,2026-08-29T21:00:00,R030,0,0.32,24.31,IoT
SENS_R001,2026-08-30T06:00:00,R001,5,1.32,23.81,IoT
SENS_R002,2026-08-30T06:00:00,R002,29,1.64,23.88,IoT
SENS_R003,2026-08-30T06:00:00,R003,9,1.08,23.84,IoT
SENS_R004,2026-08-30T06:00:00,R004,30,2.29,25.22,IoT
SENS_R005,2026-08-30T06:00:00,R005,1,0.95,24.05,IoT
SENS_R006,2026-08-30T06:00:00,R006,12,1.79,24.06,IoT
SENS_R007,2026-08-30T06:00:00,R007,1,1.11,25.53,IoT
SENS_R008,2026-08-30T06:00:00,R008,7,1.41,25.02,IoT
SENS_R009,2026-08-30T06:00:00,R009,5,1.07,23.44,IoT
SENS_R010,2026-08-30T06:00:00,R010,20,1.97,23.49,IoT
SENS_R011,2026-08-30T06:00:00,R011,17,1.08,24.53,IoT
SENS_R012,2026-08-30T06:00:00,R012,19,1.27,23.42,IoT
SENS_R013,2026-08-30T06:00:00,R013,14,0.94,23.78,IoT
SENS_R014,2026-08-30T06:00:00,R014,6,1.03,23.31,IoT
SENS_R015,2026-08-30T06:00:00,R015,9,1.55,24.66,IoT
SENS_R016,2026-08-30T06:00:00,R016,20,1.4,24.67,IoT
SENS_R017,2026-08-30T06:00:00,R017,0,0.41,22.21,IoT
SENS_R018,2026-08-30T06:00:00,R018,12,1.21,25.06,IoT
SENS_R019,2026-08-30T06:00:00,R019,3,1.2,24.67,IoT
SENS_R020,2026-08-30T06:00:00,R020,14,1.5,23.22,IoT
SENS_R021,2026-08-30T06:00:00,R021,2,0.33,22.25,IoT
SENS_R022,2026-08-30T06:00:00,R022,6,1.06,23.29,IoT
SENS_R023,2026-08-30T06:00:00,R023,4,1.24,24.08,IoT
SENS_R024,2026-08-30T06:00:00,R024,13,1.65,24.18,IoT
SENS_R025,2026-08-30T06:00:00,R025,15,1.41,24.14,IoT
SENS_R026,2026-08-30T06:00:00,R026,5,1.06,23.07,IoT
SENS_R027,2026-08-30T06:00:00,R027,8,0.85,23.83,IoT
SENS_R028,2026-08-30T06:00:00,R028,1,1.04,24.37,IoT
SENS_R029,2026-08-30T06:00:00,R029,32,1.33,24.73,IoT
SENS_R030,2026-08-30T06:00:00,R030,14,1.16,22.58,IoT
SENS_R001,2026-08-30T07:00:00,R001,7,1.29,24.36,IoT
SENS_R002,2026-08-30T07:00:00,R002,28,1.79,24.24,IoT
SENS_R003,2026-08-30T07:00:00,R003,21,1.4,24.37,IoT
SENS_R004,2026-08-30T07:00:00,R004,8,0.99,23.86,IoT
SENS_R005,2026-08-30T07:00:00,R005,18,1.69,24.68,IoT
SENS_R006,2026-08-30T07:00:00,R006,4,0.64,24.37,IoT
SENS_R007,2026-08-30T07:00:00,R007,8,1.45,24.99,IoT
SENS_R008,2026-08-30T07:00:00,R008,0,0.87,22.74,IoT
SENS_R009,2026-08-30T07:00:00,R009,17,1.58,25.2,IoT
SENS_R010,2026-08-30T07:00:00,R010,7,1.07,23.26,IoT
SENS_R011,2026-08-30T07:00:00,R011,25,1.56,24.55,IoT
SENS_R012,2026-08-30T07:00:00,R012,0,0.84,23.59,IoT
SENS_R013,2026-08-30T07:00:00,R013,21,1.11,23.94,IoT
SENS_R014,2026-08-30T07:00:00,R014,9,0.85,23.57,IoT
SENS_R015,2026-08-30T07:00:00,R015,0,0.75,22.64,IoT
SENS_R016,2026-08-30T07:00:00,R016,16,1.45,25.32,IoT
SENS_R017,2026-08-30T07:00:00,R017,20,1.8,24.28,IoT
SENS_R018,2026-08-30T07:00:00,R018,9,1.25,23.61,IoT
SENS_R019,2026-08-30T07:00:00,R019,0,0.95,22.51,IoT
SENS_R020,2026-08-30T07:00:00,R020,10,1.06,23.47,IoT
SENS_R021,2026-08-30T07:00:00,R021,14,1.34,23.98,IoT
SENS_R022,2026-08-30T07:00:00,R022,13,1.31,23.97,IoT
SENS_R023,2026-08-30T07:00:00,R023,5,1.29,22.67,IoT
SENS_R024,2026-08-30T07:00:00,R024,9,1.09,24.64,IoT
SENS_R025,2026-08-30T07:00:00,R025,28,1.57,22.99,IoT
SENS_R026,2026-08-30T07:00:00,R026,7,1.22,23.37,IoT
SENS_R027,2026-08-30T07:00:00,R027,9,0.62,24.38,IoT
SENS_R028,2026-08-30T07:00:00,R028,2,0.84,23.53,IoT
SENS_R029,2026-08-30T07:00:00,R029,18,1.28,24.59,IoT
SENS_R030,2026-08-30T07:00:00,R030,2,0.74,24.37,IoT
SENS_R001,2026-08-30T08:00:00,R001,7,1.32,24.55,IoT
SENS_R002,2026-08-30T08:00:00,R002,33,1.86,24.52,IoT
SENS_R003,2026-08-30T08:00:00,R003,8,1.2,24.58,IoT
SENS_R004,2026-08-30T08:00:00,R004,7,0.74,23.8,IoT
SENS_R005,2026-08-30T08:00:00,R005,25,2.28,26.28,IoT
SENS_R006,2026-08-30T08:00:00,R006,14,1.75,23.85,IoT
SENS_R007,2026-08-30T08:00:00,R007,6,1.28,24.18,IoT
SENS_R008,2026-08-30T08:00:00,R008,11,1.08,23.65,IoT
SENS_R009,2026-08-30T08:00:00,R009,6,0.92,23.27,IoT
SENS_R010,2026-08-30T08:00:00,R010,8,1.1,24.37,IoT
SENS_R011,2026-08-30T08:00:00,R011,17,1.55,22.91,IoT
SENS_R012,2026-08-30T08:00:00,R012,4,0.68,22.56,IoT
SENS_R013,2026-08-30T08:00:00,R013,4,0.78,22.7,IoT
SENS_R014,2026-08-30T08:00:00,R014,5,1.14,23.83,IoT
SENS_R015,2026-08-30T08:00:00,R015,9,1.66,23.82,IoT
SENS_R016,2026-08-30T08:00:00,R016,18,1.54,24.53,IoT
SENS_R017,2026-08-30T08:00:00,R017,8,1.38,23.81,IoT
SENS_R018,2026-08-30T08:00:00,R018,0,0.66,24.14,IoT
SENS_R019,2026-08-30T08:00:00,R019,7,1.13,23.73,IoT
SENS_R020,2026-08-30T08:00:00,R020,8,1.23,23.86,IoT
SENS_R021,2026-08-30T08:00:00,R021,10,1.37,24.51,IoT
SENS_R022,2026-08-30T08:00:00,R022,16,1.58,23.74,IoT
SENS_R023,2026-08-30T08:00:00,R023,2,1.16,24.59,IoT
SENS_R024,2026-08-30T08:00:00,R024,5,1.07,24.28,IoT
SENS_R025,2026-08-30T08:00:00,R025,13,1.32,23.77,IoT
SENS_R026,2026-08-30T08:00:00,R026,5,1.3,23.58,IoT
SENS_R027,2026-08-30T08:00:00,R027,54,2.11,24.93,IoT
SENS_R028,2026-08-30T08:00:00,R028,13,1.68,24.36,IoT
SENS_R029,2026-08-30T08:00:00,R029,11,0.69,23.3,IoT
SENS_R030,2026-08-30T08:00:00,R030,14,1.74,25.25,IoT
SENS_R001,2026-08-30T09:00:00,R001,3,1.13,24.22,IoT
SENS_R002,2026-08-30T09:00:00,R002,9,1.14,23.33,IoT
SENS_R003,2026-08-30T09:00:00,R003,29,1.29,23.62,IoT
SENS_R004,2026-08-30T09:00:00,R004,25,2.16,24.02,IoT
SENS_R005,2026-08-30T09:00:00,R005,17,1.91,24.36,IoT
SENS_R006,2026-08-30T09:00:00,R006,11,1.88,24.49,IoT
SENS_R007,2026-08-30T09:00:00,R007,6,1.58,24.02,IoT
SENS_R008,2026-08-30T09:00:00,R008,23,1.66,23.71,IoT
SENS_R009,2026-08-30T09:00:00,R009,3,1.07,25.12,IoT
SENS_R010,2026-08-30T09:00:00,R010,16,1.85,24.58,IoT
SENS_R011,2026-08-30T09:00:00,R011,14,0.73,23.18,IoT
SENS_R012,2026-08-30T09:00:00,R012,5,1.31,24.86,IoT
SENS_R013,2026-08-30T09:00:00,R013,58,2.2,25.99,IoT
SENS_R014,2026-08-30T09:00:00,R014,17,2.21,25.36,IoT
SENS_R015,2026-08-30T09:00:00,R015,8,1.14,23.28,IoT
SENS_R016,2026-08-30T09:00:00,R016,0,0.49,23.28,IoT
SENS_R017,2026-08-30T09:00:00,R017,8,1.58,25.51,IoT
SENS_R018,2026-08-30T09:00:00,R018,15,0.92,22.7,IoT
SENS_R019,2026-08-30T09:00:00,R019,8,0.98,23.55,IoT
SENS_R020,2026-08-30T09:00:00,R020,10,1.37,24.81,IoT
SENS_R021,2026-08-30T09:00:00,R021,8,1.31,24.81,IoT
SENS_R022,2026-08-30T09:00:00,R022,23,2.07,26.04,IoT
SENS_R023,2026-08-30T09:00:00,R023,5,1.04,23.1,IoT
SENS_R024,2026-08-30T09:00:00,R024,6,1.46,24.72,IoT
SENS_R025,2026-08-30T09:00:00,R025,32,1.72,23.67,IoT
SENS_R026,2026-08-30T09:00:00,R026,10,1.42,25.67,IoT
SENS_R027,2026-08-30T09:00:00,R027,46,1.92,23.15,IoT
SENS_R028,2026-08-30T09:00:00,R028,5,0.97,22.29,IoT
SENS_R029,2026-08-30T09:00:00,R029,32,1.68,24.58,IoT
SENS_R030,2026-08-30T09:00:00,R030,2,0.82,23.41,IoT
SENS_R001,2026-08-30T10:00:00,R001,9,1.14,24.09,IoT
SENS_R002,2026-08-30T10:00:00,R002,11,1.41,23.42,IoT
SENS_R003,2026-08-30T10:00:00,R003,25,1.08,22.32,IoT
SENS_R004,2026-08-30T10:00:00,R004,0,0.94,24.36,IoT
SENS_R005,2026-08-30T10:00:00,R005,0,1.22,25.15,IoT
SENS_R006,2026-08-30T10:00:00,R006,7,1.29,23.41,IoT
SENS_R007,2026-08-30T10:00:00,R007,0,0.93,22.74,IoT
SENS_R008,2026-08-30T10:00:00,R008,22,1.28,24.16,IoT
SENS_R009,2026-08-30T10:00:00,R009,4,1.17,24.17,IoT
SENS_R010,2026-08-30T10:00:00,R010,14,1.06,23.84,IoT
SENS_R011,2026-08-30T10:00:00,R011,0,0.51,23.59,IoT
SENS_R012,2026-08-30T10:00:00,R012,9,1.27,24.09,IoT
SENS_R013,2026-08-30T10:00:00,R013,47,2.08,24.15,IoT
SENS_R014,2026-08-30T10:00:00,R014,10,1.84,25.15,IoT
SENS_R015,2026-08-30T10:00:00,R015,1,1.03,24.45,IoT
SENS_R016,2026-08-30T10:00:00,R016,5,0.64,24.26,IoT
SENS_R017,2026-08-30T10:00:00,R017,10,1.54,24.19,IoT
SENS_R018,2026-08-30T10:00:00,R018,9,1.06,24.3,IoT
SENS_R019,2026-08-30T10:00:00,R019,3,0.91,22.72,IoT
SENS_R020,2026-08-30T10:00:00,R020,6,0.9,23.87,IoT
SENS_R021,2026-08-30T10:00:00,R021,0,0.52,22.76,IoT
SENS_R022,2026-08-30T10:00:00,R022,6,0.54,25.74,IoT
SENS_R023,2026-08-30T10:00:00,R023,6,1.44,22.2,IoT
SENS_R024,2026-08-30T10:00:00,R024,19,1.62,24.23,IoT
SENS_R025,2026-08-30T10:00:00,R025,7,1.19,22.21,IoT
SENS_R026,2026-08-30T10:00:00,R026,5,1.14,24.89,IoT
SENS_R027,2026-08-30T10:00:00,R027,22,1.67,23.67,IoT
SENS_R028,2026-08-30T10:00:00,R028,5,1.08,21.83,IoT
SENS_R029,2026-08-30T10:00:00,R029,25,1.11,23.62,IoT
SENS_R030,2026-08-30T10:00:00,R030,14,1.41,24.65,IoT
SENS_R001,2026-08-30T11:00:00,R001,6,1.46,25.24,IoT
SENS_R002,2026-08-30T11:00:00,R002,22,1.46,25.36,IoT
SENS_R003,2026-08-30T11:00:00,R003,4,0.61,24.2,IoT
SENS_R004,2026-08-30T11:00:00,R004,18,1.07,23.7,IoT
SENS_R005,2026-08-30T11:00:00,R005,35,1.95,25.19,IoT
SENS_R006,2026-08-30T11:00:00,R006,0,1.11,22.96,IoT
SENS_R007,2026-08-30T11:00:00,R007,0,0.72,22.05,IoT
SENS_R008,2026-08-30T11:00:00,R008,19,1.97,25.81,IoT
SENS_R009,2026-08-30T11:00:00,R009,2,0.85,23.73,IoT
SENS_R010,2026-08-30T11:00:00,R010,7,1.48,23.8,IoT
SENS_R011,2026-08-30T11:00:00,R011,1,1.06,23.59,IoT
SENS_R012,2026-08-30T11:00:00,R012,6,1.18,23.58,IoT
SENS_R013,2026-08-30T11:00:00,R013,50,1.92,23.78,IoT
SENS_R014,2026-08-30T11:00:00,R014,11,1.63,24.79,IoT
SENS_R015,2026-08-30T11:00:00,R015,11,1.71,23.19,IoT
SENS_R016,2026-08-30T11:00:00,R016,2,0.73,24.91,IoT
SENS_R017,2026-08-30T11:00:00,R017,9,0.62,23.33,IoT
SENS_R018,2026-08-30T11:00:00,R018,0,0.85,23.59,IoT
SENS_R019,2026-08-30T11:00:00,R019,2,1.04,24.21,IoT
SENS_R020,2026-08-30T11:00:00,R020,15,1.21,23.79,IoT
SENS_R021,2026-08-30T11:00:00,R021,10,1.28,23.6,IoT
SENS_R022,2026-08-30T11:00:00,R022,10,1.18,22.81,IoT
SENS_R023,2026-08-30T11:00:00,R023,4,1.06,24.95,IoT
SENS_R024,2026-08-30T11:00:00,R024,13,1.41,24.65,IoT
SENS_R025,2026-08-30T11:00:00,R025,13,1.64,24.03,IoT
SENS_R026,2026-08-30T11:00:00,R026,7,0.96,23.59,IoT
SENS_R027,2026-08-30T11:00:00,R027,14,1.42,25.03,IoT
SENS_R028,2026-08-30T11:00:00,R028,11,1.61,23.96,IoT
SENS_R029,2026-08-30T11:00:00,R029,40,1.46,24.42,IoT
SENS_R030,2026-08-30T11:00:00,R030,15,1.51,24.38,IoT
SENS_R001,2026-08-30T12:00:00,R001,12,1.86,24.84,IoT
SENS_R002,2026-08-30T12:00:00,R002,49,2.09,24.69,IoT
SENS_R003,2026-08-30T12:00:00,R003,20,1.45,24.16,IoT
SENS_R004,2026-08-30T12:00:00,R004,16,1.46,24.24,IoT
SENS_R005,2026-08-30T12:00:00,R005,0,0.8,22.29,IoT
SENS_R006,2026-08-30T12:00:00,R006,8,2.11,24.1,IoT
SENS_R007,2026-08-30T12:00:00,R007,4,1.63,23.92,IoT
SENS_R008,2026-08-30T12:00:00,R008,22,1.51,23.25,IoT
SENS_R009,2026-08-30T12:00:00,R009,0,0.95,23.47,IoT
SENS_R010,2026-08-30T12:00:00,R010,5,1.17,22.95,IoT
SENS_R011,2026-08-30T12:00:00,R011,23,1.33,24.58,IoT
SENS_R012,2026-08-30T12:00:00,R012,20,1.63,24.28,IoT
SENS_R013,2026-08-30T12:00:00,R013,39,1.53,25.21,IoT
SENS_R014,2026-08-30T12:00:00,R014,6,1.16,22.45,IoT
SENS_R015,2026-08-30T12:00:00,R015,9,2.12,24.27,IoT
SENS_R016,2026-08-30T12:00:00,R016,20,1.95,23.75,IoT
SENS_R017,2026-08-30T12:00:00,R017,3,0.77,23.15,IoT
SENS_R018,2026-08-30T12:00:00,R018,25,1.98,25.09,IoT
SENS_R019,2026-08-30T12:00:00,R019,9,1.5,23.37,IoT
SENS_R020,2026-08-30T12:00:00,R020,6,1.31,24.47,IoT
SENS_R021,2026-08-30T12:00:00,R021,7,0.92,23.6,IoT
SENS_R022,2026-08-30T12:00:00,R022,5,1.6,26.37,IoT
SENS_R023,2026-08-30T12:00:00,R023,0,0.86,23.26,IoT
SENS_R024,2026-08-30T12:00:00,R024,12,1.29,23.76,IoT
SENS_R025,2026-08-30T12:00:00,R025,17,1.26,24.73,IoT
SENS_R026,2026-08-30T12:00:00,R026,0,0.8,23.86,IoT
SENS_R027,2026-08-30T12:00:00,R027,11,1.04,23.41,IoT
SENS_R028,2026-08-30T12:00:00,R028,7,1.36,24.0,IoT
SENS_R029,2026-08-30T12:00:00,R029,13,1.54,24.42,IoT
SENS_R030,2026-08-30T12:00:00,R030,8,1.39,23.78,IoT
SENS_R001,2026-08-30T13:00:00,R001,8,1.49,23.22,IoT
SENS_R002,2026-08-30T13:00:00,R002,0,0.79,22.79,IoT
SENS_R003,2026-08-30T13:00:00,R003,22,2.0,23.88,IoT
SENS_R004,2026-08-30T13:00:00,R004,20,1.99,25.16,IoT
SENS_R005,2026-08-30T13:00:00,R005,17,1.12,24.55,IoT
SENS_R006,2026-08-30T13:00:00,R006,7,1.31,23.26,IoT
SENS_R007,2026-08-30T13:00:00,R007,12,2.38,25.74,IoT
SENS_R008,2026-08-30T13:00:00,R008,0,1.21,23.57,IoT
SENS_R009,2026-08-30T13:00:00,R009,12,1.46,24.39,IoT
SENS_R010,2026-08-30T13:00:00,R010,8,0.95,23.49,IoT
SENS_R011,2026-08-30T13:00:00,R011,14,1.09,23.21,IoT
SENS_R012,2026-08-30T13:00:00,R012,16,1.41,23.78,IoT
SENS_R013,2026-08-30T13:00:00,R013,27,1.24,23.9,IoT
SENS_R014,2026-08-30T13:00:00,R014,8,1.54,24.38,IoT
SENS_R015,2026-08-30T13:00:00,R015,5,1.54,24.26,IoT
SENS_R016,2026-08-30T13:00:00,R016,20,1.75,25.03,IoT
SENS_R017,2026-08-30T13:00:00,R017,9,1.09,22.99,IoT
SENS_R018,2026-08-30T13:00:00,R018,24,1.69,24.54,IoT
SENS_R019,2026-08-30T13:00:00,R019,13,1.17,24.85,IoT
SENS_R020,2026-08-30T13:00:00,R020,0,0.66,22.77,IoT
SENS_R021,2026-08-30T13:00:00,R021,16,1.54,24.08,IoT
SENS_R022,2026-08-30T13:00:00,R022,5,0.69,23.06,IoT
SENS_R023,2026-08-30T13:00:00,R023,8,1.46,24.66,IoT
SENS_R024,2026-08-30T13:00:00,R024,4,1.78,24.35,IoT
SENS_R025,2026-08-30T13:00:00,R025,5,1.16,25.09,IoT
SENS_R026,2026-08-30T13:00:00,R026,6,0.97,22.99,IoT
SENS_R027,2026-08-30T13:00:00,R027,46,1.66,23.99,IoT
SENS_R028,2026-08-30T13:00:00,R028,13,1.62,25.27,IoT
SENS_R029,2026-08-30T13:00:00,R029,24,1.03,23.06,IoT
SENS_R030,2026-08-30T13:00:00,R030,16,1.77,24.31,IoT
SENS_R001,2026-08-30T14:00:00,R001,8,1.41,25.08,IoT
SENS_R002,2026-08-30T14:00:00,R002,27,1.13,25.22,IoT
SENS_R003,2026-08-30T14:00:00,R003,10,1.04,24.16,IoT
SENS_R004,2026-08-30T14:00:00,R004,7,0.83,23.66,IoT
SENS_R005,2026-08-30T14:00:00,R005,26,1.87,24.41,IoT
SENS_R006,2026-08-30T14:00:00,R006,1,0.93,24.22,IoT
SENS_R007,2026-08-30T14:00:00,R007,13,2.03,24.02,IoT
SENS_R008,2026-08-30T14:00:00,R008,0,1.05,23.68,IoT
SENS_R009,2026-08-30T14:00:00,R009,17,2.03,24.31,IoT
SENS_R010,2026-08-30T14:00:00,R010,11,1.63,24.25,IoT
SENS_R011,2026-08-30T14:00:00,R011,11,1.5,25.12,IoT
SENS_R012,2026-08-30T14:00:00,R012,7,1.37,24.26,IoT
SENS_R013,2026-08-30T14:00:00,R013,24,1.14,25.69,IoT
SENS_R014,2026-08-30T14:00:00,R014,5,0.97,23.71,IoT
SENS_R015,2026-08-30T14:00:00,R015,5,1.05,23.39,IoT
SENS_R016,2026-08-30T14:00:00,R016,7,1.24,23.86,IoT
SENS_R017,2026-08-30T14:00:00,R017,21,1.87,22.98,IoT
SENS_R018,2026-08-30T14:00:00,R018,26,1.96,23.06,IoT
SENS_R019,2026-08-30T14:00:00,R019,18,1.8,24.18,IoT
SENS_R020,2026-08-30T14:00:00,R020,0,0.68,22.51,IoT
SENS_R021,2026-08-30T14:00:00,R021,3,0.49,22.92,IoT
SENS_R022,2026-08-30T14:00:00,R022,15,1.35,23.67,IoT
SENS_R023,2026-08-30T14:00:00,R023,5,1.06,24.1,IoT
SENS_R024,2026-08-30T14:00:00,R024,23,1.77,24.94,IoT
SENS_R025,2026-08-30T14:00:00,R025,13,1.6,24.94,IoT
SENS_R026,2026-08-30T14:00:00,R026,2,0.68,23.64,IoT
SENS_R027,2026-08-30T14:00:00,R027,40,1.68,23.93,IoT
SENS_R028,2026-08-30T14:00:00,R028,9,1.11,23.7,IoT
SENS_R029,2026-08-30T14:00:00,R029,35,1.62,23.69,IoT
SENS_R030,2026-08-30T14:00:00,R030,4,0.94,24.75,IoT
SENS_R001,2026-08-30T15:00:00,R001,3,1.12,23.23,IoT
SENS_R002,2026-08-30T15:00:00,R002,21,1.36,23.92,IoT
SENS_R003,2026-08-30T15:00:00,R003,15,1.51,23.98,IoT
SENS_R004,2026-08-30T15:00:00,R004,9,1.6,24.34,IoT
SENS_R005,2026-08-30T15:00:00,R005,18,1.03,24.88,IoT
SENS_R006,2026-08-30T15:00:00,R006,9,1.88,25.02,IoT
SENS_R007,2026-08-30T15:00:00,R007,9,1.49,24.18,IoT
SENS_R008,2026-08-30T15:00:00,R008,20,1.59,23.61,IoT
SENS_R009,2026-08-30T15:00:00,R009,7,1.26,23.81,IoT
SENS_R010,2026-08-30T15:00:00,R010,0,0.46,23.18,IoT
SENS_R011,2026-08-30T15:00:00,R011,13,1.16,24.98,IoT
SENS_R012,2026-08-30T15:00:00,R012,17,1.42,24.93,IoT
SENS_R013,2026-08-30T15:00:00,R013,24,1.56,23.51,IoT
SENS_R014,2026-08-30T15:00:00,R014,12,1.98,24.23,IoT
SENS_R015,2026-08-30T15:00:00,R015,6,1.55,24.48,IoT
SENS_R016,2026-08-30T15:00:00,R016,21,1.65,26.01,IoT
SENS_R017,2026-08-30T15:00:00,R017,10,1.1,23.42,IoT
SENS_R018,2026-08-30T15:00:00,R018,0,1.29,23.45,IoT
SENS_R019,2026-08-30T15:00:00,R019,19,1.77,23.59,IoT
SENS_R020,2026-08-30T15:00:00,R020,3,1.01,23.93,IoT
SENS_R021,2026-08-30T15:00:00,R021,17,1.64,23.38,IoT
SENS_R022,2026-08-30T15:00:00,R022,9,1.01,23.94,IoT
SENS_R023,2026-08-30T15:00:00,R023,0,1.01,24.86,IoT
SENS_R024,2026-08-30T15:00:00,R024,12,1.42,23.51,IoT
SENS_R025,2026-08-30T15:00:00,R025,15,0.93,23.6,IoT
SENS_R026,2026-08-30T15:00:00,R026,5,1.21,24.47,IoT
SENS_R027,2026-08-30T15:00:00,R027,11,1.63,23.54,IoT
SENS_R028,2026-08-30T15:00:00,R028,0,0.77,23.14,IoT
SENS_R029,2026-08-30T15:00:00,R029,12,1.2,23.87,IoT
SENS_R030,2026-08-30T15:00:00,R030,17,1.58,24.32,IoT
SENS_R001,2026-08-30T16:00:00,R001,7,1.53,23.94,IoT
SENS_R002,2026-08-30T16:00:00,R002,6,0.97,23.76,IoT
SENS_R003,2026-08-30T16:00:00,R003,18,1.33,23.47,IoT
SENS_R004,2026-08-30T16:00:00,R004,9,1.05,23.47,IoT
SENS_R005,2026-08-30T16:00:00,R005,2,0.66,23.2,IoT
SENS_R006,2026-08-30T16:00:00,R006,3,1.03,24.13,IoT
SENS_R007,2026-08-30T16:00:00,R007,5,1.18,24.54,IoT
SENS_R008,2026-08-30T16:00:00,R008,0,1.29,23.65,IoT
SENS_R009,2026-08-30T16:00:00,R009,6,1.31,24.67,IoT
SENS_R010,2026-08-30T16:00:00,R010,13,1.56,24.19,IoT
SENS_R011,2026-08-30T16:00:00,R011,10,1.33,24.05,IoT
SENS_R012,2026-08-30T16:00:00,R012,9,1.19,24.32,IoT
SENS_R013,2026-08-30T16:00:00,R013,43,1.91,24.81,IoT
SENS_R014,2026-08-30T16:00:00,R014,5,1.24,22.84,IoT
SENS_R015,2026-08-30T16:00:00,R015,4,1.17,24.06,IoT
SENS_R016,2026-08-30T16:00:00,R016,3,1.17,24.45,IoT
SENS_R017,2026-08-30T16:00:00,R017,10,1.15,23.81,IoT
SENS_R018,2026-08-30T16:00:00,R018,12,1.18,25.79,IoT
SENS_R019,2026-08-30T16:00:00,R019,6,0.9,23.4,IoT
SENS_R020,2026-08-30T16:00:00,R020,14,1.7,23.17,IoT
SENS_R021,2026-08-30T16:00:00,R021,22,1.92,22.93,IoT
SENS_R022,2026-08-30T16:00:00,R022,2,0.98,23.25,IoT
SENS_R023,2026-08-30T16:00:00,R023,1,0.58,23.37,IoT
SENS_R024,2026-08-30T16:00:00,R024,17,1.46,24.56,IoT
SENS_R025,2026-08-30T16:00:00,R025,23,1.08,24.27,IoT
SENS_R026,2026-08-30T16:00:00,R026,8,1.27,23.06,IoT
SENS_R027,2026-08-30T16:00:00,R027,42,1.31,25.1,IoT
SENS_R028,2026-08-30T16:00:00,R028,0,0.71,23.61,IoT
SENS_R029,2026-08-30T16:00:00,R029,4,0.36,23.33,IoT
SENS_R030,2026-08-30T16:00:00,R030,9,1.37,22.61,IoT
SENS_R001,2026-08-30T17:00:00,R001,5,1.26,23.23,IoT
SENS_R002,2026-08-30T17:00:00,R002,0,0.72,23.16,IoT
SENS_R003,2026-08-30T17:00:00,R003,0,0.58,24.44,IoT
SENS_R004,2026-08-30T17:00:00,R004,11,0.79,24.64,IoT
SENS_R005,2026-08-30T17:00:00,R005,14,1.34,23.09,IoT
SENS_R006,2026-08-30T17:00:00,R006,2,1.1,24.26,IoT
SENS_R007,2026-08-30T17:00:00,R007,3,1.03,22.86,IoT
SENS_R008,2026-08-30T17:00:00,R008,12,1.54,26.24,IoT
SENS_R009,2026-08-30T17:00:00,R009,5,0.49,22.52,IoT
SENS_R010,2026-08-30T17:00:00,R010,10,1.61,24.0,IoT
SENS_R011,2026-08-30T17:00:00,R011,19,1.39,23.58,IoT
SENS_R012,2026-08-30T17:00:00,R012,0,0.38,22.94,IoT
SENS_R013,2026-08-30T17:00:00,R013,23,1.46,24.05,IoT
SENS_R014,2026-08-30T17:00:00,R014,7,1.55,23.09,IoT
SENS_R015,2026-08-30T17:00:00,R015,8,1.44,23.61,IoT
SENS_R016,2026-08-30T17:00:00,R016,14,1.05,24.36,IoT
SENS_R017,2026-08-30T17:00:00,R017,18,1.7,26.47,IoT
SENS_R018,2026-08-30T17:00:00,R018,3,0.8,24.68,IoT
SENS_R019,2026-08-30T17:00:00,R019,15,1.31,23.4,IoT
SENS_R020,2026-08-30T17:00:00,R020,6,1.35,24.45,IoT
SENS_R021,2026-08-30T17:00:00,R021,22,1.26,23.91,IoT
SENS_R022,2026-08-30T17:00:00,R022,11,1.71,24.63,IoT
SENS_R023,2026-08-30T17:00:00,R023,3,1.22,23.71,IoT
SENS_R024,2026-08-30T17:00:00,R024,1,0.58,23.76,IoT
SENS_R025,2026-08-30T17:00:00,R025,0,0.96,23.68,IoT
SENS_R026,2026-08-30T17:00:00,R026,15,1.62,24.53,IoT
SENS_R027,2026-08-30T17:00:00,R027,9,0.71,22.73,IoT
SENS_R028,2026-08-30T17:00:00,R028,13,1.38,24.37,IoT
SENS_R029,2026-08-30T17:00:00,R029,5,0.44,22.94,IoT
SENS_R030,2026-08-30T17:00:00,R030,16,1.23,24.35,IoT
SENS_R001,2026-08-30T18:00:00,R001,14,2.09,24.31,IoT
SENS_R002,2026-08-30T18:00:00,R002,22,1.71,26.79,IoT
SENS_R003,2026-08-30T18:00:00,R003,9,0.93,23.2,IoT
SENS_R004,2026-08-30T18:00:00,R004,15,1.2,24.27,IoT
SENS_R005,2026-08-30T18:00:00,R005,4,0.95,24.02,IoT
SENS_R006,2026-08-30T18:00:00,R006,10,2.02,24.93,IoT
SENS_R007,2026-08-30T18:00:00,R007,2,1.22,23.95,IoT
SENS_R008,2026-08-30T18:00:00,R008,21,1.41,23.17,IoT
SENS_R009,2026-08-30T18:00:00,R009,0,0.94,24.21,IoT
SENS_R010,2026-08-30T18:00:00,R010,4,1.04,23.11,IoT
SENS_R011,2026-08-30T18:00:00,R011,23,1.6,26.15,IoT
SENS_R012,2026-08-30T18:00:00,R012,8,1.01,23.51,IoT
SENS_R013,2026-08-30T18:00:00,R013,35,1.7,23.75,IoT
SENS_R014,2026-08-30T18:00:00,R014,8,1.27,23.7,IoT
SENS_R015,2026-08-30T18:00:00,R015,0,0.62,23.2,IoT
SENS_R016,2026-08-30T18:00:00,R016,15,1.79,23.24,IoT
SENS_R017,2026-08-30T18:00:00,R017,2,1.45,23.71,IoT
SENS_R018,2026-08-30T18:00:00,R018,29,1.73,24.79,IoT
SENS_R019,2026-08-30T18:00:00,R019,4,0.91,23.08,IoT
SENS_R020,2026-08-30T18:00:00,R020,1,0.46,25.42,IoT
SENS_R021,2026-08-30T18:00:00,R021,11,1.55,23.86,IoT
SENS_R022,2026-08-30T18:00:00,R022,18,1.47,23.8,IoT
SENS_R023,2026-08-30T18:00:00,R023,8,1.62,23.88,IoT
SENS_R024,2026-08-30T18:00:00,R024,10,1.35,23.33,IoT
SENS_R025,2026-08-30T18:00:00,R025,21,1.71,24.32,IoT
SENS_R026,2026-08-30T18:00:00,R026,8,1.18,24.43,IoT
SENS_R027,2026-08-30T18:00:00,R027,38,1.49,24.23,IoT
SENS_R028,2026-08-30T18:00:00,R028,1,1.0,23.23,IoT
SENS_R029,2026-08-30T18:00:00,R029,28,1.47,22.8,IoT
SENS_R030,2026-08-30T18:00:00,R030,15,1.45,24.26,IoT
SENS_R001,2026-08-30T19:00:00,R001,1,0.52,22.27,IoT
SENS_R002,2026-08-30T19:00:00,R002,41,2.04,24.35,IoT
SENS_R003,2026-08-30T19:00:00,R003,25,1.82,23.9,IoT
SENS_R004,2026-08-30T19:00:00,R004,1,0.98,25.22,IoT
SENS_R005,2026-08-30T19:00:00,R005,19,1.5,25.62,IoT
SENS_R006,2026-08-30T19:00:00,R006,2,0.78,24.23,IoT
SENS_R007,2026-08-30T19:00:00,R007,5,1.21,24.34,IoT
SENS_R008,2026-08-30T19:00:00,R008,19,1.52,24.75,IoT
SENS_R009,2026-08-30T19:00:00,R009,4,0.91,23.35,IoT
SENS_R010,2026-08-30T19:00:00,R010,12,1.31,22.1,IoT
SENS_R011,2026-08-30T19:00:00,R011,9,1.2,23.13,IoT
SENS_R012,2026-08-30T19:00:00,R012,0,1.15,24.03,IoT
SENS_R013,2026-08-30T19:00:00,R013,22,1.61,25.58,IoT
SENS_R014,2026-08-30T19:00:00,R014,14,1.69,25.69,IoT
SENS_R015,2026-08-30T19:00:00,R015,2,1.0,23.31,IoT
SENS_R016,2026-08-30T19:00:00,R016,6,0.21,22.66,IoT
SENS_R017,2026-08-30T19:00:00,R017,5,0.73,23.43,IoT
SENS_R018,2026-08-30T19:00:00,R018,8,1.29,22.87,IoT
SENS_R019,2026-08-30T19:00:00,R019,0,0.68,23.99,IoT
SENS_R020,2026-08-30T19:00:00,R020,8,0.87,23.21,IoT
SENS_R021,2026-08-30T19:00:00,R021,5,1.5,23.01,IoT
SENS_R022,2026-08-30T19:00:00,R022,5,1.42,23.42,IoT
SENS_R023,2026-08-30T19:00:00,R023,5,1.72,23.94,IoT
SENS_R024,2026-08-30T19:00:00,R024,13,1.09,24.55,IoT
SENS_R025,2026-08-30T19:00:00,R025,39,1.85,26.05,IoT
SENS_R026,2026-08-30T19:00:00,R026,0,0.72,22.66,IoT
SENS_R027,2026-08-30T19:00:00,R027,50,2.13,24.3,IoT
SENS_R028,2026-08-30T19:00:00,R028,12,1.61,23.46,IoT
SENS_R029,2026-08-30T19:00:00,R029,9,1.3,22.99,IoT
SENS_R030,2026-08-30T19:00:00,R030,18,1.52,25.13,IoT
SENS_R001,2026-08-30T20:00:00,R001,2,0.88,23.44,IoT
SENS_R002,2026-08-30T20:00:00,R002,9,0.81,21.47,IoT
SENS_R003,2026-08-30T20:00:00,R003,21,1.44,24.12,IoT
SENS_R004,2026-08-30T20:00:00,R004,10,1.27,24.58,IoT
SENS_R005,2026-08-30T20:00:00,R005,21,1.1,23.03,IoT
SENS_R006,2026-08-30T20:00:00,R006,1,0.9,24.86,IoT
SENS_R007,2026-08-30T20:00:00,R007,3,1.19,23.93,IoT
SENS_R008,2026-08-30T20:00:00,R008,9,1.04,24.33,IoT
SENS_R009,2026-08-30T20:00:00,R009,12,1.2,24.08,IoT
SENS_R010,2026-08-30T20:00:00,R010,3,0.58,24.05,IoT
SENS_R011,2026-08-30T20:00:00,R011,10,1.11,24.53,IoT
SENS_R012,2026-08-30T20:00:00,R012,13,1.19,23.42,IoT
SENS_R013,2026-08-30T20:00:00,R013,14,1.1,23.44,IoT
SENS_R014,2026-08-30T20:00:00,R014,8,1.15,22.17,IoT
SENS_R015,2026-08-30T20:00:00,R015,4,1.5,23.36,IoT
SENS_R016,2026-08-30T20:00:00,R016,6,0.99,24.59,IoT
SENS_R017,2026-08-30T20:00:00,R017,8,1.53,25.35,IoT
SENS_R018,2026-08-30T20:00:00,R018,30,1.69,22.63,IoT
SENS_R019,2026-08-30T20:00:00,R019,0,0.89,23.62,IoT
SENS_R020,2026-08-30T20:00:00,R020,0,0.95,22.6,IoT
SENS_R021,2026-08-30T20:00:00,R021,11,1.46,24.43,IoT
SENS_R022,2026-08-30T20:00:00,R022,19,1.99,25.37,IoT
SENS_R023,2026-08-30T20:00:00,R023,8,1.29,23.14,IoT
SENS_R024,2026-08-30T20:00:00,R024,9,1.63,24.78,IoT
SENS_R025,2026-08-30T20:00:00,R025,27,1.33,23.96,IoT
SENS_R026,2026-08-30T20:00:00,R026,0,0.89,24.68,IoT
SENS_R027,2026-08-30T20:00:00,R027,23,0.92,23.46,IoT
SENS_R028,2026-08-30T20:00:00,R028,8,1.26,22.87,IoT
SENS_R029,2026-08-30T20:00:00,R029,7,1.06,24.52,IoT
SENS_R030,2026-08-30T20:00:00,R030,17,1.5,26.35,IoT
SENS_R001,2026-08-30T21:00:00,R001,2,0.96,24.2,IoT
SENS_R002,2026-08-30T21:00:00,R002,20,1.33,23.97,IoT
SENS_R003,2026-08-30T21:00:00,R003,10,1.48,24.98,IoT
SENS_R004,2026-08-30T21:00:00,R004,19,1.45,23.38,IoT
SENS_R005,2026-08-30T21:00:00,R005,17,1.4,24.49,IoT
SENS_R006,2026-08-30T21:00:00,R006,2,1.21,23.03,IoT
SENS_R007,2026-08-30T21:00:00,R007,13,1.84,24.08,IoT
SENS_R008,2026-08-30T21:00:00,R008,5,1.03,24.67,IoT
SENS_R009,2026-08-30T21:00:00,R009,7,1.27,25.03,IoT
SENS_R010,2026-08-30T21:00:00,R010,17,1.84,25.88,IoT
SENS_R011,2026-08-30T21:00:00,R011,0,0.86,24.11,IoT
SENS_R012,2026-08-30T21:00:00,R012,25,2.04,24.33,IoT
SENS_R013,2026-08-30T21:00:00,R013,40,1.79,24.76,IoT
SENS_R014,2026-08-30T21:00:00,R014,5,0.92,25.13,IoT
SENS_R015,2026-08-30T21:00:00,R015,4,1.05,24.8,IoT
SENS_R016,2026-08-30T21:00:00,R016,0,0.98,23.36,IoT
SENS_R017,2026-08-30T21:00:00,R017,12,1.83,24.15,IoT
SENS_R018,2026-08-30T21:00:00,R018,23,1.39,23.94,IoT
SENS_R019,2026-08-30T21:00:00,R019,19,1.74,24.8,IoT
SENS_R020,2026-08-30T21:00:00,R020,8,0.87,24.0,IoT
SENS_R021,2026-08-30T21:00:00,R021,1,0.98,24.46,IoT
SENS_R022,2026-08-30T21:00:00,R022,9,1.47,24.26,IoT
SENS_R023,2026-08-30T21:00:00,R023,2,0.43,22.42,IoT
SENS_R024,2026-08-30T21:00:00,R024,8,1.17,23.55,IoT
SENS_R025,2026-08-30T21:00:00,R025,36,1.46,23.23,IoT
SENS_R026,2026-08-30T21:00:00,R026,9,1.76,24.43,IoT
SENS_R027,2026-08-30T21:00:00,R027,44,1.94,25.16,IoT
SENS_R028,2026-08-30T21:00:00,R028,13,1.36,23.32,IoT
SENS_R029,2026-08-30T21:00:00,R029,26,1.37,23.55,IoT
SENS_R030,2026-08-30T21:00:00,R030,15,1.51,23.81,IoT
SENS_R001,2026-08-31T06:00:00,R001,11,2.05,24.32,IoT
SENS_R002,2026-08-31T06:00:00,R002,2,1.23,24.19,IoT
SENS_R003,2026-08-31T06:00:00,R003,26,1.72,24.95,IoT
SENS_R004,2026-08-31T06:00:00,R004,20,1.49,23.93,IoT
SENS_R005,2026-08-31T06:00:00,R005,0,0.87,23.75,IoT
SENS_R006,2026-08-31T06:00:00,R006,12,1.18,24.05,IoT
SENS_R007,2026-08-31T06:00:00,R007,8,1.21,24.17,IoT
SENS_R008,2026-08-31T06:00:00,R008,13,0.9,24.18,IoT
SENS_R009,2026-08-31T06:00:00,R009,16,1.64,22.69,IoT
SENS_R010,2026-08-31T06:00:00,R010,20,1.69,24.81,IoT
SENS_R011,2026-08-31T06:00:00,R011,23,2.0,23.94,IoT
SENS_R012,2026-08-31T06:00:00,R012,20,1.79,23.01,IoT
SENS_R013,2026-08-31T06:00:00,R013,26,2.09,24.91,IoT
SENS_R014,2026-08-31T06:00:00,R014,10,1.42,24.35,IoT
SENS_R015,2026-08-31T06:00:00,R015,9,1.65,23.64,IoT
SENS_R016,2026-08-31T06:00:00,R016,10,0.95,25.09,IoT
SENS_R017,2026-08-31T06:00:00,R017,21,2.08,23.91,IoT
SENS_R018,2026-08-31T06:00:00,R018,38,2.49,25.76,IoT
SENS_R019,2026-08-31T06:00:00,R019,13,1.73,25.97,IoT
SENS_R020,2026-08-31T06:00:00,R020,27,2.37,23.71,IoT
SENS_R021,2026-08-31T06:00:00,R021,6,1.16,24.54,IoT
SENS_R022,2026-08-31T06:00:00,R022,19,1.66,24.31,IoT
SENS_R023,2026-08-31T06:00:00,R023,8,1.78,23.87,IoT
SENS_R024,2026-08-31T06:00:00,R024,21,2.18,25.35,IoT
SENS_R025,2026-08-31T06:00:00,R025,8,0.94,23.5,IoT
SENS_R026,2026-08-31T06:00:00,R026,7,1.02,22.85,IoT
SENS_R027,2026-08-31T06:00:00,R027,8,1.26,25.35,IoT
SENS_R028,2026-08-31T06:00:00,R028,14,2.03,24.42,IoT
SENS_R029,2026-08-31T06:00:00,R029,50,2.05,24.94,IoT
SENS_R030,2026-08-31T06:00:00,R030,24,1.79,24.08,IoT
SENS_R001,2026-08-31T07:00:00,R001,0,1.24,25.07,IoT
SENS_R002,2026-08-31T07:00:00,R002,35,1.77,24.28,IoT
SENS_R003,2026-08-31T07:00:00,R003,20,1.16,25.03,IoT
SENS_R004,2026-08-31T07:00:00,R004,15,1.15,24.15,IoT
SENS_R005,2026-08-31T07:00:00,R005,29,1.81,23.89,IoT
SENS_R006,2026-08-31T07:00:00,R006,9,1.52,24.95,IoT
SENS_R007,2026-08-31T07:00:00,R007,4,1.31,24.09,IoT
SENS_R008,2026-08-31T07:00:00,R008,25,1.57,23.67,IoT
SENS_R009,2026-08-31T07:00:00,R009,9,1.58,25.4,IoT
SENS_R010,2026-08-31T07:00:00,R010,8,1.25,24.09,IoT
SENS_R011,2026-08-31T07:00:00,R011,16,1.12,24.5,IoT
SENS_R012,2026-08-31T07:00:00,R012,13,1.58,23.46,IoT
SENS_R013,2026-08-31T07:00:00,R013,28,1.68,25.15,IoT
SENS_R014,2026-08-31T07:00:00,R014,11,2.03,24.78,IoT
SENS_R015,2026-08-31T07:00:00,R015,7,1.87,22.38,IoT
SENS_R016,2026-08-31T07:00:00,R016,19,1.31,25.01,IoT
SENS_R017,2026-08-31T07:00:00,R017,20,1.8,24.4,IoT
SENS_R018,2026-08-31T07:00:00,R018,24,1.57,23.24,IoT
SENS_R019,2026-08-31T07:00:00,R019,17,1.71,23.33,IoT
SENS_R020,2026-08-31T07:00:00,R020,9,1.35,23.51,IoT
SENS_R021,2026-08-31T07:00:00,R021,9,1.35,24.48,IoT
SENS_R022,2026-08-31T07:00:00,R022,14,1.2,23.65,IoT
SENS_R023,2026-08-31T07:00:00,R023,11,1.77,23.99,IoT
SENS_R024,2026-08-31T07:00:00,R024,24,1.99,24.91,IoT
SENS_R025,2026-08-31T07:00:00,R025,34,1.87,24.86,IoT
SENS_R026,2026-08-31T07:00:00,R026,14,1.9,24.66,IoT
SENS_R027,2026-08-31T07:00:00,R027,23,1.02,23.95,IoT
SENS_R028,2026-08-31T07:00:00,R028,9,1.6,25.24,IoT
SENS_R029,2026-08-31T07:00:00,R029,28,1.43,23.81,IoT
SENS_R030,2026-08-31T07:00:00,R030,21,1.5,23.75,IoT
SENS_R001,2026-08-31T08:00:00,R001,16,2.4,24.16,IoT
SENS_R002,2026-08-31T08:00:00,R002,95,3.74,26.43,IoT
SENS_R003,2026-08-31T08:00:00,R003,104,4.11,27.67,IoT
SENS_R004,2026-08-31T08:00:00,R004,73,3.74,26.05,IoT
SENS_R005,2026-08-31T08:00:00,R005,72,3.41,25.78,IoT
SENS_R006,2026-08-31T08:00:00,R006,17,1.64,25.63,IoT
SENS_R007,2026-08-31T08:00:00,R007,29,2.94,24.81,IoT
SENS_R008,2026-08-31T08:00:00,R008,37,1.71,25.02,IoT
SENS_R009,2026-08-31T08:00:00,R009,40,2.9,26.09,IoT
SENS_R010,2026-08-31T08:00:00,R010,55,3.43,26.28,IoT
SENS_R011,2026-08-31T08:00:00,R011,79,3.74,25.79,IoT
SENS_R012,2026-08-31T08:00:00,R012,49,3.24,26.7,IoT
SENS_R013,2026-08-31T08:00:00,R013,82,2.79,25.24,IoT
SENS_R014,2026-08-31T08:00:00,R014,10,1.82,25.4,IoT
SENS_R015,2026-08-31T08:00:00,R015,20,2.67,26.53,IoT
SENS_R016,2026-08-31T08:00:00,R016,50,2.83,25.57,IoT
SENS_R017,2026-08-31T08:00:00,R017,47,3.05,27.33,IoT
SENS_R018,2026-08-31T08:00:00,R018,67,3.08,25.57,IoT
SENS_R019,2026-08-31T08:00:00,R019,19,2.08,25.4,IoT
SENS_R020,2026-08-31T08:00:00,R020,26,2.58,25.73,IoT
SENS_R021,2026-08-31T08:00:00,R021,56,3.78,26.48,IoT
SENS_R022,2026-08-31T08:00:00,R022,21,2.11,25.17,IoT
SENS_R023,2026-08-31T08:00:00,R023,22,2.79,25.39,IoT
SENS_R024,2026-08-31T08:00:00,R024,46,2.78,27.06,IoT
SENS_R025,2026-08-31T08:00:00,R025,73,2.77,27.28,IoT
SENS_R026,2026-08-31T08:00:00,R026,32,2.87,25.32,IoT
SENS_R027,2026-08-31T08:00:00,R027,85,2.91,25.68,IoT
SENS_R028,2026-08-31T08:00:00,R028,15,1.64,24.61,IoT
SENS_R029,2026-08-31T08:00:00,R029,110,3.25,24.82,IoT
SENS_R030,2026-08-31T08:00:00,R030,60,3.18,25.01,IoT
SENS_R001,2026-08-31T09:00:00,R001,21,2.43,24.67,IoT
SENS_R002,2026-08-31T09:00:00,R002,99,3.83,24.76,IoT
SENS_R003,2026-08-31T09:00:00,R003,75,3.24,26.81,IoT
SENS_R004,2026-08-31T09:00:00,R004,85,4.2,25.64,IoT
SENS_R005,2026-08-31T09:00:00,R005,68,3.05,25.62,IoT
SENS_R006,2026-08-31T09:00:00,R006,27,2.86,25.52,IoT
SENS_R007,2026-08-31T09:00:00,R007,18,2.4,24.8,IoT
SENS_R008,2026-08-31T09:00:00,R008,43,2.28,25.65,IoT
SENS_R009,2026-08-31T09:00:00,R009,14,1.96,24.32,IoT
SENS_R010,2026-08-31T09:00:00,R010,21,1.96,24.73,IoT
SENS_R011,2026-08-31T09:00:00,R011,50,2.27,24.9,IoT
SENS_R012,2026-08-31T09:00:00,R012,65,4.05,26.55,IoT
SENS_R013,2026-08-31T09:00:00,R013,77,2.63,26.47,IoT
SENS_R014,2026-08-31T09:00:00,R014,37,3.53,24.89,IoT
SENS_R015,2026-08-31T09:00:00,R015,26,2.97,24.18,IoT
SENS_R016,2026-08-31T09:00:00,R016,47,2.71,26.26,IoT
SENS_R017,2026-08-31T09:00:00,R017,55,3.49,26.24,IoT
SENS_R018,2026-08-31T09:00:00,R018,50,2.5,24.86,IoT
SENS_R019,2026-08-31T09:00:00,R019,52,3.2,24.7,IoT
SENS_R020,2026-08-31T09:00:00,R020,37,3.33,24.93,IoT
SENS_R021,2026-08-31T09:00:00,R021,36,2.42,24.96,IoT
SENS_R022,2026-08-31T09:00:00,R022,19,1.49,24.39,IoT
SENS_R023,2026-08-31T09:00:00,R023,11,1.47,24.73,IoT
SENS_R024,2026-08-31T09:00:00,R024,54,3.94,27.2,IoT
SENS_R025,2026-08-31T09:00:00,R025,110,4.18,27.08,IoT
SENS_R026,2026-08-31T09:00:00,R026,48,3.84,26.17,IoT
SENS_R027,2026-08-31T09:00:00,R027,81,2.9,24.14,IoT
SENS_R028,2026-08-31T09:00:00,R028,33,3.2,26.75,IoT
SENS_R029,2026-08-31T09:00:00,R029,84,2.59,24.71,IoT
SENS_R030,2026-08-31T09:00:00,R030,43,2.94,26.07,IoT
SENS_R001,2026-08-31T10:00:00,R001,32,4.02,26.82,IoT
SENS_R002,2026-08-31T10:00:00,R002,61,2.94,24.31,IoT
SENS_R003,2026-08-31T10:00:00,R003,100,3.83,26.49,IoT
SENS_R004,2026-08-31T10:00:00,R004,40,1.68,24.77,IoT
SENS_R005,2026-08-31T10:00:00,R005,79,3.77,26.52,IoT
SENS_R006,2026-08-31T10:00:00,R006,43,3.61,24.89,IoT
SENS_R007,2026-08-31T10:00:00,R007,30,3.32,25.13,IoT
SENS_R008,2026-08-31T10:00:00,R008,81,3.89,25.53,IoT
SENS_R009,2026-08-31T10:00:00,R009,54,4.16,26.71,IoT
SENS_R010,2026-08-31T10:00:00,R010,51,3.13,24.87,IoT
SENS_R011,2026-08-31T10:00:00,R011,56,3.09,25.43,IoT
SENS_R012,2026-08-31T10:00:00,R012,68,3.86,25.89,IoT
SENS_R013,2026-08-31T10:00:00,R013,69,2.88,25.52,IoT
SENS_R014,2026-08-31T10:00:00,R014,34,3.0,25.05,IoT
SENS_R015,2026-08-31T10:00:00,R015,23,3.27,25.9,IoT
SENS_R016,2026-08-31T10:00:00,R016,32,1.96,24.33,IoT
SENS_R017,2026-08-31T10:00:00,R017,28,2.06,24.54,IoT
SENS_R018,2026-08-31T10:00:00,R018,45,2.86,24.74,IoT
SENS_R019,2026-08-31T10:00:00,R019,42,2.89,24.73,IoT
SENS_R020,2026-08-31T10:00:00,R020,42,3.49,25.66,IoT
SENS_R021,2026-08-31T10:00:00,R021,59,3.66,25.86,IoT
SENS_R022,2026-08-31T10:00:00,R022,22,1.65,24.11,IoT
SENS_R023,2026-08-31T10:00:00,R023,23,2.58,23.76,IoT
SENS_R024,2026-08-31T10:00:00,R024,30,2.42,25.89,IoT
SENS_R025,2026-08-31T10:00:00,R025,63,2.29,25.61,IoT
SENS_R026,2026-08-31T10:00:00,R026,30,3.17,25.15,IoT
SENS_R027,2026-08-31T10:00:00,R027,82,2.79,24.65,IoT
SENS_R028,2026-08-31T10:00:00,R028,19,1.98,23.68,IoT
SENS_R029,2026-08-31T10:00:00,R029,100,2.73,25.49,IoT
SENS_R030,2026-08-31T10:00:00,R030,61,4.05,26.23,IoT
SENS_R001,2026-08-31T11:00:00,R001,20,2.42,24.46,IoT
SENS_R002,2026-08-31T11:00:00,R002,87,3.35,26.08,IoT
SENS_R003,2026-08-31T11:00:00,R003,75,3.27,26.17,IoT
SENS_R004,2026-08-31T11:00:00,R004,31,1.62,24.71,IoT
SENS_R005,2026-08-31T11:00:00,R005,54,2.69,26.08,IoT
SENS_R006,2026-08-31T11:00:00,R006,28,2.87,24.35,IoT
SENS_R007,2026-08-31T11:00:00,R007,13,1.9,23.78,IoT
SENS_R008,2026-08-31T11:00:00,R008,77,3.06,25.8,IoT
SENS_R009,2026-08-31T11:00:00,R009,44,3.25,24.89,IoT
SENS_R010,2026-08-31T11:00:00,R010,36,2.93,25.65,IoT
SENS_R011,2026-08-31T11:00:00,R011,61,2.63,23.94,IoT
SENS_R012,2026-08-31T11:00:00,R012,44,2.34,24.5,IoT
SENS_R013,2026-08-31T11:00:00,R013,130,3.66,26.2,IoT
SENS_R014,2026-08-31T11:00:00,R014,30,3.06,26.15,IoT
SENS_R015,2026-08-31T11:00:00,R015,13,1.81,25.12,IoT
SENS_R016,2026-08-31T11:00:00,R016,41,2.89,24.88,IoT
SENS_R017,2026-08-31T11:00:00,R017,29,2.11,24.22,IoT
SENS_R018,2026-08-31T11:00:00,R018,54,3.34,25.68,IoT
SENS_R019,2026-08-31T11:00:00,R019,57,3.69,25.33,IoT
SENS_R020,2026-08-31T11:00:00,R020,28,2.37,24.35,IoT
SENS_R021,2026-08-31T11:00:00,R021,23,1.28,24.93,IoT
SENS_R022,2026-08-31T11:00:00,R022,40,3.23,27.51,IoT
SENS_R023,2026-08-31T11:00:00,R023,25,2.91,25.15,IoT
SENS_R024,2026-08-31T11:00:00,R024,20,1.85,24.18,IoT
SENS_R025,2026-08-31T11:00:00,R025,41,2.12,24.69,IoT
SENS_R026,2026-08-31T11:00:00,R026,44,4.07,26.23,IoT
SENS_R027,2026-08-31T11:00:00,R027,108,3.68,25.85,IoT
SENS_R028,2026-08-31T11:00:00,R028,29,2.9,24.83,IoT
SENS_R029,2026-08-31T11:00:00,R029,97,3.09,26.37,IoT
SENS_R030,2026-08-31T11:00:00,R030,51,3.19,25.55,IoT
SENS_R001,2026-08-31T12:00:00,R001,14,2.22,24.43,IoT
SENS_R002,2026-08-31T12:00:00,R002,79,2.75,26.01,IoT
SENS_R003,2026-08-31T12:00:00,R003,83,3.42,25.33,IoT
SENS_R004,2026-08-31T12:00:00,R004,78,3.53,24.89,IoT
SENS_R005,2026-08-31T12:00:00,R005,49,2.32,24.29,IoT
SENS_R006,2026-08-31T12:00:00,R006,37,3.66,25.04,IoT
SENS_R007,2026-08-31T12:00:00,R007,21,2.7,24.35,IoT
SENS_R008,2026-08-31T12:00:00,R008,70,2.85,25.53,IoT
SENS_R009,2026-08-31T12:00:00,R009,51,3.86,25.97,IoT
SENS_R010,2026-08-31T12:00:00,R010,38,2.6,24.06,IoT
SENS_R011,2026-08-31T12:00:00,R011,65,3.01,25.34,IoT
SENS_R012,2026-08-31T12:00:00,R012,47,2.87,25.26,IoT
SENS_R013,2026-08-31T12:00:00,R013,79,2.71,24.78,IoT
SENS_R014,2026-08-31T12:00:00,R014,27,2.45,25.25,IoT
SENS_R015,2026-08-31T12:00:00,R015,27,3.3,25.99,IoT
SENS_R016,2026-08-31T12:00:00,R016,53,3.22,26.31,IoT
SENS_R017,2026-08-31T12:00:00,R017,27,2.13,25.54,IoT
SENS_R018,2026-08-31T12:00:00,R018,63,2.59,23.88,IoT
SENS_R019,2026-08-31T12:00:00,R019,51,3.01,24.8,IoT
SENS_R020,2026-08-31T12:00:00,R020,40,3.02,26.3,IoT
SENS_R021,2026-08-31T12:00:00,R021,43,2.76,23.72,IoT
SENS_R022,2026-08-31T12:00:00,R022,35,1.96,23.4,IoT
SENS_R023,2026-08-31T12:00:00,R023,31,3.64,26.04,IoT
SENS_R024,2026-08-31T12:00:00,R024,27,2.02,24.32,IoT
SENS_R025,2026-08-31T12:00:00,R025,106,4.05,23.7,IoT
SENS_R026,2026-08-31T12:00:00,R026,27,3.16,24.8,IoT
SENS_R027,2026-08-31T12:00:00,R027,66,2.55,25.63,IoT
SENS_R028,2026-08-31T12:00:00,R028,24,2.46,24.4,IoT
SENS_R029,2026-08-31T12:00:00,R029,96,3.05,24.42,IoT
SENS_R030,2026-08-31T12:00:00,R030,41,2.43,25.23,IoT
SENS_R001,2026-08-31T13:00:00,R001,30,3.36,25.39,IoT
SENS_R002,2026-08-31T13:00:00,R002,80,2.97,26.33,IoT
SENS_R003,2026-08-31T13:00:00,R003,59,2.58,25.07,IoT
SENS_R004,2026-08-31T13:00:00,R004,73,2.95,24.72,IoT
SENS_R005,2026-08-31T13:00:00,R005,41,2.42,24.83,IoT
SENS_R006,2026-08-31T13:00:00,R006,25,3.35,24.29,IoT
SENS_R007,2026-08-31T13:00:00,R007,24,2.82,26.96,IoT
SENS_R008,2026-08-31T13:00:00,R008,79,3.36,25.13,IoT
SENS_R009,2026-08-31T13:00:00,R009,37,2.83,26.02,IoT
SENS_R010,2026-08-31T13:00:00,R010,26,2.35,23.21,IoT
SENS_R011,2026-08-31T13:00:00,R011,57,2.99,24.7,IoT
SENS_R012,2026-08-31T13:00:00,R012,37,2.36,24.84,IoT
SENS_R013,2026-08-31T13:00:00,R013,103,3.61,25.49,IoT
SENS_R014,2026-08-31T13:00:00,R014,41,3.78,26.91,IoT
SENS_R015,2026-08-31T13:00:00,R015,24,2.73,25.45,IoT
SENS_R016,2026-08-31T13:00:00,R016,57,3.28,26.44,IoT
SENS_R017,2026-08-31T13:00:00,R017,42,3.14,26.34,IoT
SENS_R018,2026-08-31T13:00:00,R018,68,3.07,26.02,IoT
SENS_R019,2026-08-31T13:00:00,R019,24,1.77,23.61,IoT
SENS_R020,2026-08-31T13:00:00,R020,30,2.58,25.01,IoT
SENS_R021,2026-08-31T13:00:00,R021,50,2.86,26.0,IoT
SENS_R022,2026-08-31T13:00:00,R022,38,2.79,25.65,IoT
SENS_R023,2026-08-31T13:00:00,R023,27,2.55,25.65,IoT
SENS_R024,2026-08-31T13:00:00,R024,45,2.93,24.77,IoT
SENS_R025,2026-08-31T13:00:00,R025,52,2.28,25.1,IoT
SENS_R026,2026-08-31T13:00:00,R026,14,1.96,24.88,IoT
SENS_R027,2026-08-31T13:00:00,R027,126,4.2,27.32,IoT
SENS_R028,2026-08-31T13:00:00,R028,41,3.75,25.44,IoT
SENS_R029,2026-08-31T13:00:00,R029,110,2.86,23.34,IoT
SENS_R030,2026-08-31T13:00:00,R030,35,2.59,24.51,IoT
SENS_R001,2026-08-31T14:00:00,R001,19,1.86,23.29,IoT
SENS_R002,2026-08-31T14:00:00,R002,79,2.78,25.26,IoT
SENS_R003,2026-08-31T14:00:00,R003,49,2.52,25.52,IoT
SENS_R004,2026-08-31T14:00:00,R004,70,2.89,26.75,IoT
SENS_R005,2026-08-31T14:00:00,R005,74,3.57,25.59,IoT
SENS_R006,2026-08-31T14:00:00,R006,21,2.18,23.35,IoT
SENS_R007,2026-08-31T14:00:00,R007,32,3.43,25.1,IoT
SENS_R008,2026-08-31T14:00:00,R008,24,1.75,24.71,IoT
SENS_R009,2026-08-31T14:00:00,R009,27,2.37,26.2,IoT
SENS_R010,2026-08-31T14:00:00,R010,56,3.45,26.47,IoT
SENS_R011,2026-08-31T14:00:00,R011,67,3.08,23.87,IoT
SENS_R012,2026-08-31T14:00:00,R012,57,3.07,25.64,IoT
SENS_R013,2026-08-31T14:00:00,R013,118,3.9,28.12,IoT
SENS_R014,2026-08-31T14:00:00,R014,46,4.08,26.64,IoT
SENS_R015,2026-08-31T14:00:00,R015,26,3.01,24.86,IoT
SENS_R016,2026-08-31T14:00:00,R016,46,2.8,26.67,IoT
SENS_R017,2026-08-31T14:00:00,R017,67,4.14,26.51,IoT
SENS_R018,2026-08-31T14:00:00,R018,92,4.01,27.37,IoT
SENS_R019,2026-08-31T14:00:00,R019,28,1.8,24.71,IoT
SENS_R020,2026-08-31T14:00:00,R020,45,3.48,25.52,IoT
SENS_R021,2026-08-31T14:00:00,R021,27,2.35,26.63,IoT
SENS_R022,2026-08-31T14:00:00,R022,61,3.78,26.99,IoT
SENS_R023,2026-08-31T14:00:00,R023,31,3.48,24.86,IoT
SENS_R024,2026-08-31T14:00:00,R024,52,3.33,23.39,IoT
SENS_R025,2026-08-31T14:00:00,R025,69,3.02,24.95,IoT
SENS_R026,2026-08-31T14:00:00,R026,14,1.6,23.29,IoT
SENS_R027,2026-08-31T14:00:00,R027,120,3.68,26.37,IoT
SENS_R028,2026-08-31T14:00:00,R028,20,2.35,24.02,IoT
SENS_R029,2026-08-31T14:00:00,R029,104,3.45,24.21,IoT
SENS_R030,2026-08-31T14:00:00,R030,40,2.86,25.37,IoT
SENS_R001,2026-08-31T15:00:00,R001,33,4.09,26.85,IoT
SENS_R002,2026-08-31T15:00:00,R002,72,2.99,24.85,IoT
SENS_R003,2026-08-31T15:00:00,R003,84,3.33,26.41,IoT
SENS_R004,2026-08-31T15:00:00,R004,83,3.92,26.04,IoT
SENS_R005,2026-08-31T15:00:00,R005,58,2.92,24.78,IoT
SENS_R006,2026-08-31T15:00:00,R006,46,3.93,26.65,IoT
SENS_R007,2026-08-31T15:00:00,R007,17,2.84,25.67,IoT
SENS_R008,2026-08-31T15:00:00,R008,76,3.38,25.42,IoT
SENS_R009,2026-08-31T15:00:00,R009,24,2.39,24.29,IoT
SENS_R010,2026-08-31T15:00:00,R010,49,3.16,25.5,IoT
SENS_R011,2026-08-31T15:00:00,R011,50,2.75,25.15,IoT
SENS_R012,2026-08-31T15:00:00,R012,33,2.13,24.04,IoT
SENS_R013,2026-08-31T15:00:00,R013,85,3.07,25.78,IoT
SENS_R014,2026-08-31T15:00:00,R014,39,3.81,25.21,IoT
SENS_R015,2026-08-31T15:00:00,R015,18,2.18,24.15,IoT
SENS_R016,2026-08-31T15:00:00,R016,55,3.49,26.51,IoT
SENS_R017,2026-08-31T15:00:00,R017,49,3.59,25.18,IoT
SENS_R018,2026-08-31T15:00:00,R018,57,2.72,24.85,IoT
SENS_R019,2026-08-31T15:00:00,R019,39,3.04,25.2,IoT
SENS_R020,2026-08-31T15:00:00,R020,14,1.38,23.91,IoT
SENS_R021,2026-08-31T15:00:00,R021,49,2.6,23.94,IoT
SENS_R022,2026-08-31T15:00:00,R022,36,2.69,23.51,IoT
SENS_R023,2026-08-31T15:00:00,R023,22,2.55,24.64,IoT
SENS_R024,2026-08-31T15:00:00,R024,43,2.56,25.19,IoT
SENS_R025,2026-08-31T15:00:00,R025,100,4.1,27.22,IoT
SENS_R026,2026-08-31T15:00:00,R026,35,3.25,26.18,IoT
SENS_R027,2026-08-31T15:00:00,R027,110,3.84,24.28,IoT
SENS_R028,2026-08-31T15:00:00,R028,36,3.7,25.67,IoT
SENS_R029,2026-08-31T15:00:00,R029,73,2.62,25.49,IoT
SENS_R030,2026-08-31T15:00:00,R030,60,3.47,26.64,IoT
SENS_R001,2026-08-31T16:00:00,R001,19,2.5,26.41,IoT
SENS_R002,2026-08-31T16:00:00,R002,50,2.53,25.77,IoT
SENS_R003,2026-08-31T16:00:00,R003,59,3.07,25.79,IoT
SENS_R004,2026-08-31T16:00:00,R004,41,2.36,24.52,IoT
SENS_R005,2026-08-31T16:00:00,R005,41,2.62,23.75,IoT
SENS_R006,2026-08-31T16:00:00,R006,37,3.23,25.39,IoT
SENS_R007,2026-08-31T16:00:00,R007,17,2.41,25.04,IoT
SENS_R008,2026-08-31T16:00:00,R008,49,2.52,25.06,IoT
SENS_R009,2026-08-31T16:00:00,R009,26,2.04,24.51,IoT
SENS_R010,2026-08-31T16:00:00,R010,49,3.31,25.7,IoT
SENS_R011,2026-08-31T16:00:00,R011,74,2.98,24.46,IoT
SENS_R012,2026-08-31T16:00:00,R012,58,3.16,24.39,IoT
SENS_R013,2026-08-31T16:00:00,R013,64,1.85,24.04,IoT
SENS_R014,2026-08-31T16:00:00,R014,19,2.05,24.88,IoT
SENS_R015,2026-08-31T16:00:00,R015,19,2.38,23.22,IoT
SENS_R016,2026-08-31T16:00:00,R016,37,2.34,25.41,IoT
SENS_R017,2026-08-31T16:00:00,R017,54,3.15,24.8,IoT
SENS_R018,2026-08-31T16:00:00,R018,70,3.18,26.92,IoT
SENS_R019,2026-08-31T16:00:00,R019,55,3.42,25.6,IoT
SENS_R020,2026-08-31T16:00:00,R020,29,1.89,25.75,IoT
SENS_R021,2026-08-31T16:00:00,R021,31,2.3,24.52,IoT
SENS_R022,2026-08-31T16:00:00,R022,33,2.37,22.33,IoT
SENS_R023,2026-08-31T16:00:00,R023,20,2.56,23.27,IoT
SENS_R024,2026-08-31T16:00:00,R024,24,2.08,24.07,IoT
SENS_R025,2026-08-31T16:00:00,R025,68,2.77,24.44,IoT
SENS_R026,2026-08-31T16:00:00,R026,31,2.71,26.67,IoT
SENS_R027,2026-08-31T16:00:00,R027,61,1.74,25.09,IoT
SENS_R028,2026-08-31T16:00:00,R028,23,2.4,25.23,IoT
SENS_R029,2026-08-31T16:00:00,R029,130,3.65,26.4,IoT
SENS_R030,2026-08-31T16:00:00,R030,56,3.15,24.31,IoT
SENS_R001,2026-08-31T17:00:00,R001,34,4.46,25.74,IoT
SENS_R002,2026-08-31T17:00:00,R002,52,2.11,24.92,IoT
SENS_R003,2026-08-31T17:00:00,R003,74,3.19,23.93,IoT
SENS_R004,2026-08-31T17:00:00,R004,50,2.5,24.84,IoT
SENS_R005,2026-08-31T17:00:00,R005,63,2.79,25.99,IoT
SENS_R006,2026-08-31T17:00:00,R006,20,2.05,24.9,IoT
SENS_R007,2026-08-31T17:00:00,R007,29,3.05,26.33,IoT
SENS_R008,2026-08-31T17:00:00,R008,57,2.59,25.52,IoT
SENS_R009,2026-08-31T17:00:00,R009,29,2.67,25.19,IoT
SENS_R010,2026-08-31T17:00:00,R010,43,2.45,24.38,IoT
SENS_R011,2026-08-31T17:00:00,R011,56,1.96,25.02,IoT
SENS_R012,2026-08-31T17:00:00,R012,48,2.56,25.15,IoT
SENS_R013,2026-08-31T17:00:00,R013,62,2.02,25.39,IoT
SENS_R014,2026-08-31T17:00:00,R014,20,2.1,24.77,IoT
SENS_R015,2026-08-31T17:00:00,R015,22,2.45,25.82,IoT
SENS_R016,2026-08-31T17:00:00,R016,39,2.61,25.14,IoT
SENS_R017,2026-08-31T17:00:00,R017,44,2.78,22.95,IoT
SENS_R018,2026-08-31T17:00:00,R018,61,3.23,25.36,IoT
SENS_R019,2026-08-31T17:00:00,R019,42,3.07,24.89,IoT
SENS_R020,2026-08-31T17:00:00,R020,29,2.92,26.08,IoT
SENS_R021,2026-08-31T17:00:00,R021,53,3.77,25.89,IoT
SENS_R022,2026-08-31T17:00:00,R022,64,4.41,26.02,IoT
SENS_R023,2026-08-31T17:00:00,R023,21,1.97,24.44,IoT
SENS_R024,2026-08-31T17:00:00,R024,25,1.84,24.53,IoT
SENS_R025,2026-08-31T17:00:00,R025,37,1.88,23.58,IoT
SENS_R026,2026-08-31T17:00:00,R026,21,2.31,25.14,IoT
SENS_R027,2026-08-31T17:00:00,R027,101,3.26,24.51,IoT
SENS_R028,2026-08-31T17:00:00,R028,23,2.74,25.88,IoT
SENS_R029,2026-08-31T17:00:00,R029,89,3.0,25.88,IoT
SENS_R030,2026-08-31T17:00:00,R030,33,2.02,24.07,IoT
SENS_R001,2026-08-31T18:00:00,R001,12,1.92,24.66,IoT
SENS_R002,2026-08-31T18:00:00,R002,24,2.02,24.57,IoT
SENS_R003,2026-08-31T18:00:00,R003,39,1.57,25.58,IoT
SENS_R004,2026-08-31T18:00:00,R004,13,0.9,23.32,IoT
SENS_R005,2026-08-31T18:00:00,R005,13,1.29,23.82,IoT
SENS_R006,2026-08-31T18:00:00,R006,12,1.62,24.29,IoT
SENS_R007,2026-08-31T18:00:00,R007,10,2.03,25.78,IoT
SENS_R008,2026-08-31T18:00:00,R008,23,1.93,24.54,IoT
SENS_R009,2026-08-31T18:00:00,R009,17,2.13,25.05,IoT
SENS_R010,2026-08-31T18:00:00,R010,11,1.28,23.32,IoT
SENS_R011,2026-08-31T18:00:00,R011,36,2.21,24.93,IoT
SENS_R012,2026-08-31T18:00:00,R012,28,1.94,26.13,IoT
SENS_R013,2026-08-31T18:00:00,R013,53,1.48,24.15,IoT
SENS_R014,2026-08-31T18:00:00,R014,11,1.97,23.49,IoT
SENS_R015,2026-08-31T18:00:00,R015,10,1.94,24.88,IoT
SENS_R016,2026-08-31T18:00:00,R016,22,2.02,24.11,IoT
SENS_R017,2026-08-31T18:00:00,R017,10,1.28,24.9,IoT
SENS_R018,2026-08-31T18:00:00,R018,11,1.28,24.01,IoT
SENS_R019,2026-08-31T18:00:00,R019,19,1.19,23.47,IoT
SENS_R020,2026-08-31T18:00:00,R020,0,0.89,23.72,IoT
SENS_R021,2026-08-31T18:00:00,R021,19,2.09,24.27,IoT
SENS_R022,2026-08-31T18:00:00,R022,15,1.67,24.48,IoT
SENS_R023,2026-08-31T18:00:00,R023,12,2.01,24.61,IoT
SENS_R024,2026-08-31T18:00:00,R024,14,1.75,22.29,IoT
SENS_R025,2026-08-31T18:00:00,R025,17,1.19,24.73,IoT
SENS_R026,2026-08-31T18:00:00,R026,12,1.87,24.7,IoT
SENS_R027,2026-08-31T18:00:00,R027,30,1.67,23.68,IoT
SENS_R028,2026-08-31T18:00:00,R028,15,1.9,24.7,IoT
SENS_R029,2026-08-31T18:00:00,R029,34,1.72,23.38,IoT
SENS_R030,2026-08-31T18:00:00,R030,25,2.18,24.77,IoT
SENS_R001,2026-08-31T19:00:00,R001,8,1.68,23.32,IoT
SENS_R002,2026-08-31T19:00:00,R002,33,1.57,23.95,IoT
SENS_R003,2026-08-31T19:00:00,R003,16,1.21,23.42,IoT
SENS_R004,2026-08-31T19:00:00,R004,29,1.9,23.59,IoT
SENS_R005,2026-08-31T19:00:00,R005,23,1.44,23.96,IoT
SENS_R006,2026-08-31T19:00:00,R006,15,1.66,25.22,IoT
SENS_R007,2026-08-31T19:00:00,R007,6,1.2,24.03,IoT
SENS_R008,2026-08-31T19:00:00,R008,30,2.15,25.31,IoT
SENS_R009,2026-08-31T19:00:00,R009,22,2.7,24.17,IoT
SENS_R010,2026-08-31T19:00:00,R010,9,1.13,24.83,IoT
SENS_R011,2026-08-31T19:00:00,R011,17,1.45,22.79,IoT
SENS_R012,2026-08-31T19:00:00,R012,3,0.86,24.09,IoT
SENS_R013,2026-08-31T19:00:00,R013,28,1.32,23.36,IoT
SENS_R014,2026-08-31T19:00:00,R014,12,2.12,25.4,IoT
SENS_R015,2026-08-31T19:00:00,R015,9,1.91,23.57,IoT
SENS_R016,2026-08-31T19:00:00,R016,13,1.35,25.44,IoT
SENS_R017,2026-08-31T19:00:00,R017,17,1.36,25.62,IoT
SENS_R018,2026-08-31T19:00:00,R018,16,1.82,25.05,IoT
SENS_R019,2026-08-31T19:00:00,R019,17,1.27,24.54,IoT
SENS_R020,2026-08-31T19:00:00,R020,13,1.41,23.83,IoT
SENS_R021,2026-08-31T19:00:00,R021,8,1.2,24.64,IoT
SENS_R022,2026-08-31T19:00:00,R022,22,1.97,25.22,IoT
SENS_R023,2026-08-31T19:00:00,R023,4,1.23,23.24,IoT
SENS_R024,2026-08-31T19:00:00,R024,24,2.55,23.88,IoT
SENS_R025,2026-08-31T19:00:00,R025,8,1.3,23.53,IoT
SENS_R026,2026-08-31T19:00:00,R026,11,2.0,25.08,IoT
SENS_R027,2026-08-31T19:00:00,R027,50,1.9,23.75,IoT
SENS_R028,2026-08-31T19:00:00,R028,11,1.52,24.5,IoT
SENS_R029,2026-08-31T19:00:00,R029,31,1.7,25.23,IoT
SENS_R030,2026-08-31T19:00:00,R030,21,1.78,24.44,IoT
SENS_R001,2026-08-31T20:00:00,R001,7,1.59,23.86,IoT
SENS_R002,2026-08-31T20:00:00,R002,13,1.03,23.33,IoT
SENS_R003,2026-08-31T20:00:00,R003,25,1.64,24.29,IoT
SENS_R004,2026-08-31T20:00:00,R004,22,2.38,24.08,IoT
SENS_R005,2026-08-31T20:00:00,R005,20,1.25,23.96,IoT
SENS_R006,2026-08-31T20:00:00,R006,7,1.24,23.58,IoT
SENS_R007,2026-08-31T20:00:00,R007,12,1.77,23.58,IoT
SENS_R008,2026-08-31T20:00:00,R008,19,1.4,23.66,IoT
SENS_R009,2026-08-31T20:00:00,R009,2,0.63,24.12,IoT
SENS_R010,2026-08-31T20:00:00,R010,24,1.78,26.07,IoT
SENS_R011,2026-08-31T20:00:00,R011,16,1.71,23.93,IoT
SENS_R012,2026-08-31T20:00:00,R012,31,2.45,24.22,IoT
SENS_R013,2026-08-31T20:00:00,R013,10,1.39,23.3,IoT
SENS_R014,2026-08-31T20:00:00,R014,1,0.47,24.97,IoT
SENS_R015,2026-08-31T20:00:00,R015,5,1.51,23.17,IoT
SENS_R016,2026-08-31T20:00:00,R016,21,1.93,24.76,IoT
SENS_R017,2026-08-31T20:00:00,R017,3,1.33,22.66,IoT
SENS_R018,2026-08-31T20:00:00,R018,20,1.24,25.17,IoT
SENS_R019,2026-08-31T20:00:00,R019,32,2.17,24.28,IoT
SENS_R020,2026-08-31T20:00:00,R020,15,1.53,24.95,IoT
SENS_R021,2026-08-31T20:00:00,R021,13,1.51,23.89,IoT
SENS_R022,2026-08-31T20:00:00,R022,10,1.35,24.47,IoT
SENS_R023,2026-08-31T20:00:00,R023,2,1.2,24.19,IoT
SENS_R024,2026-08-31T20:00:00,R024,16,1.44,23.13,IoT
SENS_R025,2026-08-31T20:00:00,R025,31,1.47,22.87,IoT
SENS_R026,2026-08-31T20:00:00,R026,4,1.28,23.95,IoT
SENS_R027,2026-08-31T20:00:00,R027,34,1.64,24.98,IoT
SENS_R028,2026-08-31T20:00:00,R028,13,1.86,26.12,IoT
SENS_R029,2026-08-31T20:00:00,R029,19,1.22,24.39,IoT
SENS_R030,2026-08-31T20:00:00,R030,2,0.9,23.96,IoT
SENS_R001,2026-08-31T21:00:00,R001,10,1.88,24.39,IoT
SENS_R002,2026-08-31T21:00:00,R002,0,0.69,24.6,IoT
SENS_R003,2026-08-31T21:00:00,R003,0,0.87,24.84,IoT
SENS_R004,2026-08-31T21:00:00,R004,33,1.84,24.14,IoT
SENS_R005,2026-08-31T21:00:00,R005,25,1.44,25.25,IoT
SENS_R006,2026-08-31T21:00:00,R006,13,1.62,23.62,IoT
SENS_R007,2026-08-31T21:00:00,R007,0,0.75,23.73,IoT
SENS_R008,2026-08-31T21:00:00,R008,13,0.66,23.68,IoT
SENS_R009,2026-08-31T21:00:00,R009,6,1.47,24.3,IoT
SENS_R010,2026-08-31T21:00:00,R010,11,1.61,23.74,IoT
SENS_R011,2026-08-31T21:00:00,R011,7,0.84,24.23,IoT
SENS_R012,2026-08-31T21:00:00,R012,17,1.64,22.64,IoT
SENS_R013,2026-08-31T21:00:00,R013,61,1.84,24.46,IoT
SENS_R014,2026-08-31T21:00:00,R014,5,1.28,23.67,IoT
SENS_R015,2026-08-31T21:00:00,R015,8,1.62,23.74,IoT
SENS_R016,2026-08-31T21:00:00,R016,7,1.6,24.15,IoT
SENS_R017,2026-08-31T21:00:00,R017,12,1.18,24.5,IoT
SENS_R018,2026-08-31T21:00:00,R018,19,1.59,23.68,IoT
SENS_R019,2026-08-31T21:00:00,R019,10,1.42,24.76,IoT
SENS_R020,2026-08-31T21:00:00,R020,6,0.42,23.43,IoT
SENS_R021,2026-08-31T21:00:00,R021,19,1.92,25.12,IoT
SENS_R022,2026-08-31T21:00:00,R022,7,0.96,23.92,IoT
SENS_R023,2026-08-31T21:00:00,R023,10,1.42,23.29,IoT
SENS_R024,2026-08-31T21:00:00,R024,14,1.53,23.67,IoT
SENS_R025,2026-08-31T21:00:00,R025,17,1.24,24.3,IoT
SENS_R026,2026-08-31T21:00:00,R026,5,1.23,22.97,IoT
SENS_R027,2026-08-31T21:00:00,R027,25,1.76,23.45,IoT
SENS_R028,2026-08-31T21:00:00,R028,6,1.23,25.12,IoT
SENS_R029,2026-08-31T21:00:00,R029,42,1.54,23.95,IoT
SENS_R030,2026-08-31T21:00:00,R030,14,1.93,24.69,IoT
SENS_R001,2026-09-01T06:00:00,R001,5,1.04,24.41,IoT
SENS_R002,2026-09-01T06:00:00,R002,39,1.92,24.48,IoT
SENS_R003,2026-09-01T06:00:00,R003,42,1.68,26.22,IoT
SENS_R004,2026-09-01T06:00:00,R004,19,1.21,25.38,IoT
SENS_R005,2026-09-01T06:00:00,R005,29,1.89,23.54,IoT
SENS_R006,2026-09-01T06:00:00,R006,4,0.93,23.54,IoT
SENS_R007,2026-09-01T06:00:00,R007,7,1.38,22.73,IoT
SENS_R008,2026-09-01T06:00:00,R008,22,1.43,24.5,IoT
SENS_R009,2026-09-01T06:00:00,R009,7,0.81,24.35,IoT
SENS_R010,2026-09-01T06:00:00,R010,11,1.73,24.45,IoT
SENS_R011,2026-09-01T06:00:00,R011,16,1.26,24.42,IoT
SENS_R012,2026-09-01T06:00:00,R012,8,1.67,24.16,IoT
SENS_R013,2026-09-01T06:00:00,R013,52,2.4,26.16,IoT
SENS_R014,2026-09-01T06:00:00,R014,4,1.23,22.53,IoT
SENS_R015,2026-09-01T06:00:00,R015,3,1.06,23.76,IoT
SENS_R016,2026-09-01T06:00:00,R016,12,1.28,23.56,IoT
SENS_R017,2026-09-01T06:00:00,R017,20,1.51,23.47,IoT
SENS_R018,2026-09-01T06:00:00,R018,12,1.47,23.64,IoT
SENS_R019,2026-09-01T06:00:00,R019,16,1.34,23.66,IoT
SENS_R020,2026-09-01T06:00:00,R020,9,1.25,24.27,IoT
SENS_R021,2026-09-01T06:00:00,R021,0,1.0,24.35,IoT
SENS_R022,2026-09-01T06:00:00,R022,12,1.24,24.87,IoT
SENS_R023,2026-09-01T06:00:00,R023,8,1.74,23.68,IoT
SENS_R024,2026-09-01T06:00:00,R024,16,1.75,24.32,IoT
SENS_R025,2026-09-01T06:00:00,R025,4,0.69,24.2,IoT
SENS_R026,2026-09-01T06:00:00,R026,22,2.34,23.49,IoT
SENS_R027,2026-09-01T06:00:00,R027,48,1.5,24.38,IoT
SENS_R028,2026-09-01T06:00:00,R028,12,1.7,24.13,IoT
SENS_R029,2026-09-01T06:00:00,R029,58,2.04,24.34,IoT
SENS_R030,2026-09-01T06:00:00,R030,37,2.27,24.88,IoT
SENS_R001,2026-09-01T07:00:00,R001,11,1.51,25.65,IoT
SENS_R002,2026-09-01T07:00:00,R002,41,1.54,22.04,IoT
SENS_R003,2026-09-01T07:00:00,R003,18,1.28,23.13,IoT
SENS_R004,2026-09-01T07:00:00,R004,11,1.26,24.51,IoT
SENS_R005,2026-09-01T07:00:00,R005,13,1.65,25.63,IoT
SENS_R006,2026-09-01T07:00:00,R006,11,1.97,26.03,IoT
SENS_R007,2026-09-01T07:00:00,R007,3,1.23,24.33,IoT
SENS_R008,2026-09-01T07:00:00,R008,18,1.2,22.89,IoT
SENS_R009,2026-09-01T07:00:00,R009,16,2.0,23.58,IoT
SENS_R010,2026-09-01T07:00:00,R010,0,1.42,23.81,IoT
SENS_R011,2026-09-01T07:00:00,R011,23,1.51,23.0,IoT
SENS_R012,2026-09-01T07:00:00,R012,18,1.55,22.94,IoT
SENS_R013,2026-09-01T07:00:00,R013,23,0.87,22.04,IoT
SENS_R014,2026-09-01T07:00:00,R014,6,1.19,23.51,IoT
SENS_R015,2026-09-01T07:00:00,R015,20,2.73,25.81,IoT
SENS_R016,2026-09-01T07:00:00,R016,23,2.16,24.21,IoT
SENS_R017,2026-09-01T07:00:00,R017,2,0.79,24.01,IoT
SENS_R018,2026-09-01T07:00:00,R018,29,1.83,23.52,IoT
SENS_R019,2026-09-01T07:00:00,R019,10,1.49,23.66,IoT
SENS_R020,2026-09-01T07:00:00,R020,6,1.87,24.54,IoT
SENS_R021,2026-09-01T07:00:00,R021,1,0.78,22.57,IoT
SENS_R022,2026-09-01T07:00:00,R022,22,1.64,24.64,IoT
SENS_R023,2026-09-01T07:00:00,R023,5,0.94,23.19,IoT
SENS_R024,2026-09-01T07:00:00,R024,16,1.64,23.11,IoT
SENS_R025,2026-09-01T07:00:00,R025,37,1.99,24.57,IoT
SENS_R026,2026-09-01T07:00:00,R026,17,2.26,22.76,IoT
SENS_R027,2026-09-01T07:00:00,R027,10,0.88,25.23,IoT
SENS_R028,2026-09-01T07:00:00,R028,8,1.67,23.98,IoT
SENS_R029,2026-09-01T07:00:00,R029,51,2.11,26.57,IoT
SENS_R030,2026-09-01T07:00:00,R030,7,1.11,25.96,IoT
SENS_R001,2026-09-01T08:00:00,R001,22,2.67,26.23,IoT
SENS_R002,2026-09-01T08:00:00,R002,80,3.19,25.82,IoT
SENS_R003,2026-09-01T08:00:00,R003,96,3.84,25.76,IoT
SENS_R004,2026-09-01T08:00:00,R004,40,2.44,25.23,IoT
SENS_R005,2026-09-01T08:00:00,R005,72,3.58,25.7,IoT
SENS_R006,2026-09-01T08:00:00,R006,36,2.83,26.5,IoT
SENS_R007,2026-09-01T08:00:00,R007,29,3.51,25.96,IoT
SENS_R008,2026-09-01T08:00:00,R008,53,2.84,26.12,IoT
SENS_R009,2026-09-01T08:00:00,R009,40,3.08,25.68,IoT
SENS_R010,2026-09-01T08:00:00,R010,44,3.08,24.09,IoT
SENS_R011,2026-09-01T08:00:00,R011,36,2.69,25.62,IoT
SENS_R012,2026-09-01T08:00:00,R012,36,2.45,25.61,IoT
SENS_R013,2026-09-01T08:00:00,R013,118,3.49,24.78,IoT
SENS_R014,2026-09-01T08:00:00,R014,28,2.65,26.15,IoT
SENS_R015,2026-09-01T08:00:00,R015,16,2.38,26.34,IoT
SENS_R016,2026-09-01T08:00:00,R016,36,1.94,25.16,IoT
SENS_R017,2026-09-01T08:00:00,R017,21,2.04,24.51,IoT
SENS_R018,2026-09-01T08:00:00,R018,71,3.0,23.85,IoT
SENS_R019,2026-09-01T08:00:00,R019,53,3.75,25.63,IoT
SENS_R020,2026-09-01T08:00:00,R020,35,2.79,24.9,IoT
SENS_R021,2026-09-01T08:00:00,R021,39,2.23,24.65,IoT
SENS_R022,2026-09-01T08:00:00,R022,19,1.69,22.41,IoT
SENS_R023,2026-09-01T08:00:00,R023,26,3.03,25.09,IoT
SENS_R024,2026-09-01T08:00:00,R024,41,2.55,25.67,IoT
SENS_R025,2026-09-01T08:00:00,R025,80,3.46,25.08,IoT
SENS_R026,2026-09-01T08:00:00,R026,39,3.31,25.31,IoT
SENS_R027,2026-09-01T08:00:00,R027,78,2.2,24.23,IoT
SENS_R028,2026-09-01T08:00:00,R028,40,3.48,23.77,IoT
SENS_R029,2026-09-01T08:00:00,R029,58,1.54,24.72,IoT
SENS_R030,2026-09-01T08:00:00,R030,64,3.48,25.12,IoT
SENS_R001,2026-09-01T09:00:00,R001,22,2.74,27.14,IoT
SENS_R002,2026-09-01T09:00:00,R002,95,3.94,26.42,IoT
SENS_R003,2026-09-01T09:00:00,R003,59,2.46,24.23,IoT
SENS_R004,2026-09-01T09:00:00,R004,78,3.47,25.78,IoT
SENS_R005,2026-09-01T09:00:00,R005,97,4.14,27.9,IoT
SENS_R006,2026-09-01T09:00:00,R006,38,3.16,26.31,IoT
SENS_R007,2026-09-01T09:00:00,R007,29,2.89,25.32,IoT
SENS_R008,2026-09-01T09:00:00,R008,66,3.02,24.17,IoT
SENS_R009,2026-09-01T09:00:00,R009,52,3.73,24.1,IoT
SENS_R010,2026-09-01T09:00:00,R010,53,3.36,26.15,IoT
SENS_R011,2026-09-01T09:00:00,R011,79,3.27,26.02,IoT
SENS_R012,2026-09-01T09:00:00,R012,69,3.79,26.82,IoT
SENS_R013,2026-09-01T09:00:00,R013,91,2.96,24.59,IoT
SENS_R014,2026-09-01T09:00:00,R014,37,2.9,26.05,IoT
SENS_R015,2026-09-01T09:00:00,R015,20,2.64,25.7,IoT
SENS_R016,2026-09-01T09:00:00,R016,14,1.4,24.02,IoT
SENS_R017,2026-09-01T09:00:00,R017,44,3.18,24.6,IoT
SENS_R018,2026-09-01T09:00:00,R018,90,3.49,25.72,IoT
SENS_R019,2026-09-01T09:00:00,R019,28,2.09,24.93,IoT
SENS_R020,2026-09-01T09:00:00,R020,47,3.37,26.26,IoT
SENS_R021,2026-09-01T09:00:00,R021,35,2.43,25.07,IoT
SENS_R022,2026-09-01T09:00:00,R022,63,4.45,26.7,IoT
SENS_R023,2026-09-01T09:00:00,R023,22,2.75,26.58,IoT
SENS_R024,2026-09-01T09:00:00,R024,37,2.77,25.56,IoT
SENS_R025,2026-09-01T09:00:00,R025,54,2.41,24.69,IoT
SENS_R026,2026-09-01T09:00:00,R026,33,3.08,26.46,IoT
SENS_R027,2026-09-01T09:00:00,R027,68,2.43,24.49,IoT
SENS_R028,2026-09-01T09:00:00,R028,24,2.8,26.16,IoT
SENS_R029,2026-09-01T09:00:00,R029,139,4.15,27.74,IoT
SENS_R030,2026-09-01T09:00:00,R030,52,2.76,25.82,IoT
SENS_R001,2026-09-01T10:00:00,R001,20,2.98,26.45,IoT
SENS_R002,2026-09-01T10:00:00,R002,83,3.57,26.07,IoT
SENS_R003,2026-09-01T10:00:00,R003,82,2.88,25.33,IoT
SENS_R004,2026-09-01T10:00:00,R004,56,3.05,27.05,IoT
SENS_R005,2026-09-01T10:00:00,R005,40,2.17,23.87,IoT
SENS_R006,2026-09-01T10:00:00,R006,45,3.75,25.75,IoT
SENS_R007,2026-09-01T10:00:00,R007,20,2.7,24.09,IoT
SENS_R008,2026-09-01T10:00:00,R008,79,3.8,27.54,IoT
SENS_R009,2026-09-01T10:00:00,R009,37,2.77,25.37,IoT
SENS_R010,2026-09-01T10:00:00,R010,40,3.03,24.83,IoT
SENS_R011,2026-09-01T10:00:00,R011,39,2.39,26.86,IoT
SENS_R012,2026-09-01T10:00:00,R012,69,4.16,25.84,IoT
SENS_R013,2026-09-01T10:00:00,R013,103,3.01,25.8,IoT
SENS_R014,2026-09-01T10:00:00,R014,38,3.79,27.42,IoT
SENS_R015,2026-09-01T10:00:00,R015,22,2.9,25.95,IoT
SENS_R016,2026-09-01T10:00:00,R016,48,2.76,25.5,IoT
SENS_R017,2026-09-01T10:00:00,R017,23,1.93,24.83,IoT
SENS_R018,2026-09-01T10:00:00,R018,78,3.84,25.56,IoT
SENS_R019,2026-09-01T10:00:00,R019,33,2.6,25.78,IoT
SENS_R020,2026-09-01T10:00:00,R020,35,3.42,26.02,IoT
SENS_R021,2026-09-01T10:00:00,R021,30,1.59,24.0,IoT
SENS_R022,2026-09-01T10:00:00,R022,32,2.65,24.68,IoT
SENS_R023,2026-09-01T10:00:00,R023,26,3.06,25.16,IoT
SENS_R024,2026-09-01T10:00:00,R024,39,2.28,25.18,IoT
SENS_R025,2026-09-01T10:00:00,R025,68,2.48,25.48,IoT
SENS_R026,2026-09-01T10:00:00,R026,22,1.94,23.92,IoT
SENS_R027,2026-09-01T10:00:00,R027,98,3.14,26.3,IoT
SENS_R028,2026-09-01T10:00:00,R028,29,2.73,24.31,IoT
SENS_R029,2026-09-01T10:00:00,R029,47,2.02,24.71,IoT
SENS_R030,2026-09-01T10:00:00,R030,34,2.06,25.68,IoT
SENS_R001,2026-09-01T11:00:00,R001,28,2.83,26.37,IoT
SENS_R002,2026-09-01T11:00:00,R002,44,1.88,23.68,IoT
SENS_R003,2026-09-01T11:00:00,R003,83,3.03,25.48,IoT
SENS_R004,2026-09-01T11:00:00,R004,23,1.36,24.88,IoT
SENS_R005,2026-09-01T11:00:00,R005,66,3.35,24.74,IoT
SENS_R006,2026-09-01T11:00:00,R006,43,3.9,26.49,IoT
SENS_R007,2026-09-01T11:00:00,R007,28,3.32,25.13,IoT
SENS_R008,2026-09-01T11:00:00,R008,64,3.31,24.97,IoT
SENS_R009,2026-09-01T11:00:00,R009,28,2.32,26.38,IoT
SENS_R010,2026-09-01T11:00:00,R010,57,3.86,24.86,IoT
SENS_R011,2026-09-01T11:00:00,R011,44,2.26,25.14,IoT
SENS_R012,2026-09-01T11:00:00,R012,45,2.97,25.76,IoT
SENS_R013,2026-09-01T11:00:00,R013,57,1.69,25.4,IoT
SENS_R014,2026-09-01T11:00:00,R014,40,3.31,25.89,IoT
SENS_R015,2026-09-01T11:00:00,R015,15,1.48,24.21,IoT
SENS_R016,2026-09-01T11:00:00,R016,62,3.68,24.53,IoT
SENS_R017,2026-09-01T11:00:00,R017,30,2.34,24.9,IoT
SENS_R018,2026-09-01T11:00:00,R018,45,2.19,25.21,IoT
SENS_R019,2026-09-01T11:00:00,R019,50,3.44,24.84,IoT
SENS_R020,2026-09-01T11:00:00,R020,47,3.24,25.22,IoT
SENS_R021,2026-09-01T11:00:00,R021,62,3.72,23.99,IoT
SENS_R022,2026-09-01T11:00:00,R022,59,3.85,24.99,IoT
SENS_R023,2026-09-01T11:00:00,R023,35,3.89,25.13,IoT
SENS_R024,2026-09-01T11:00:00,R024,28,2.06,24.96,IoT
SENS_R025,2026-09-01T11:00:00,R025,64,2.66,25.57,IoT
SENS_R026,2026-09-01T11:00:00,R026,40,4.29,25.93,IoT
SENS_R027,2026-09-01T11:00:00,R027,104,3.32,26.02,IoT
SENS_R028,2026-09-01T11:00:00,R028,33,3.23,25.62,IoT
SENS_R029,2026-09-01T11:00:00,R029,106,3.27,26.08,IoT
SENS_R030,2026-09-01T11:00:00,R030,42,2.44,23.8,IoT
SENS_R001,2026-09-01T12:00:00,R001,20,2.86,23.04,IoT
SENS_R002,2026-09-01T12:00:00,R002,84,3.41,26.92,IoT
SENS_R003,2026-09-01T12:00:00,R003,56,2.58,25.24,IoT
SENS_R004,2026-09-01T12:00:00,R004,78,3.76,25.98,IoT
SENS_R005,2026-09-01T12:00:00,R005,66,3.35,25.92,IoT
SENS_R006,2026-09-01T12:00:00,R006,41,3.41,24.77,IoT
SENS_R007,2026-09-01T12:00:00,R007,31,3.53,27.4,IoT
SENS_R008,2026-09-01T12:00:00,R008,38,2.37,25.17,IoT
SENS_R009,2026-09-01T12:00:00,R009,45,3.35,27.16,IoT
SENS_R010,2026-09-01T12:00:00,R010,21,1.76,23.9,IoT
SENS_R011,2026-09-01T12:00:00,R011,46,2.37,25.28,IoT
SENS_R012,2026-09-01T12:00:00,R012,63,3.87,27.44,IoT
SENS_R013,2026-09-01T12:00:00,R013,59,2.2,24.27,IoT
SENS_R014,2026-09-01T12:00:00,R014,35,3.04,25.4,IoT
SENS_R015,2026-09-01T12:00:00,R015,21,2.28,24.27,IoT
SENS_R016,2026-09-01T12:00:00,R016,49,2.78,25.68,IoT
SENS_R017,2026-09-01T12:00:00,R017,33,2.22,24.89,IoT
SENS_R018,2026-09-01T12:00:00,R018,34,2.13,24.92,IoT
SENS_R019,2026-09-01T12:00:00,R019,59,3.85,26.22,IoT
SENS_R020,2026-09-01T12:00:00,R020,44,3.36,26.01,IoT
SENS_R021,2026-09-01T12:00:00,R021,45,2.95,24.73,IoT
SENS_R022,2026-09-01T12:00:00,R022,31,2.01,24.1,IoT
SENS_R023,2026-09-01T12:00:00,R023,29,2.82,26.88,IoT
SENS_R024,2026-09-01T12:00:00,R024,45,2.77,25.5,IoT
SENS_R025,2026-09-01T12:00:00,R025,78,3.49,26.32,IoT
SENS_R026,2026-09-01T12:00:00,R026,42,3.89,26.17,IoT
SENS_R027,2026-09-01T12:00:00,R027,134,3.88,25.84,IoT
SENS_R028,2026-09-01T12:00:00,R028,41,3.53,25.83,IoT
SENS_R029,2026-09-01T12:00:00,R029,110,3.42,25.99,IoT
SENS_R030,2026-09-01T12:00:00,R030,51,3.05,26.71,IoT
SENS_R001,2026-09-01T13:00:00,R001,39,4.01,25.6,IoT
SENS_R002,2026-09-01T13:00:00,R002,69,2.75,25.26,IoT
SENS_R003,2026-09-01T13:00:00,R003,114,4.03,26.27,IoT
SENS_R004,2026-09-01T13:00:00,R004,59,3.01,25.05,IoT
SENS_R005,2026-09-01T13:00:00,R005,78,3.69,25.9,IoT
SENS_R006,2026-09-01T13:00:00,R006,21,1.94,25.42,IoT
SENS_R007,2026-09-01T13:00:00,R007,22,2.55,25.93,IoT
SENS_R008,2026-09-01T13:00:00,R008,55,2.46,24.17,IoT
SENS_R009,2026-09-01T13:00:00,R009,37,2.99,26.53,IoT
SENS_R010,2026-09-01T13:00:00,R010,37,2.43,24.18,IoT
SENS_R011,2026-09-01T13:00:00,R011,64,2.98,24.88,IoT
SENS_R012,2026-09-01T13:00:00,R012,51,2.86,24.72,IoT
SENS_R013,2026-09-01T13:00:00,R013,89,3.17,25.72,IoT
SENS_R014,2026-09-01T13:00:00,R014,34,2.98,25.04,IoT
SENS_R015,2026-09-01T13:00:00,R015,20,2.64,25.48,IoT
SENS_R016,2026-09-01T13:00:00,R016,53,3.09,25.61,IoT
SENS_R017,2026-09-01T13:00:00,R017,38,2.77,24.62,IoT
SENS_R018,2026-09-01T13:00:00,R018,46,2.12,23.59,IoT
SENS_R019,2026-09-01T13:00:00,R019,27,2.23,24.8,IoT
SENS_R020,2026-09-01T13:00:00,R020,19,2.18,24.57,IoT
SENS_R021,2026-09-01T13:00:00,R021,39,2.34,24.5,IoT
SENS_R022,2026-09-01T13:00:00,R022,41,2.77,26.05,IoT
SENS_R023,2026-09-01T13:00:00,R023,22,2.51,26.78,IoT
SENS_R024,2026-09-01T13:00:00,R024,36,2.76,26.81,IoT
SENS_R025,2026-09-01T13:00:00,R025,64,2.86,25.25,IoT
SENS_R026,2026-09-01T13:00:00,R026,29,3.02,25.5,IoT
SENS_R027,2026-09-01T13:00:00,R027,72,2.51,25.53,IoT
SENS_R028,2026-09-01T13:00:00,R028,26,2.47,25.39,IoT
SENS_R029,2026-09-01T13:00:00,R029,93,3.08,26.29,IoT
SENS_R030,2026-09-01T13:00:00,R030,29,2.31,24.15,IoT
SENS_R001,2026-09-01T14:00:00,R001,21,2.42,24.61,IoT
SENS_R002,2026-09-01T14:00:00,R002,76,3.25,25.84,IoT
SENS_R003,2026-09-01T14:00:00,R003,69,3.05,25.48,IoT
SENS_R004,2026-09-01T14:00:00,R004,42,2.0,24.44,IoT
SENS_R005,2026-09-01T14:00:00,R005,59,2.7,25.42,IoT
SENS_R006,2026-09-01T14:00:00,R006,18,1.98,25.19,IoT
SENS_R007,2026-09-01T14:00:00,R007,26,3.36,24.45,IoT
SENS_R008,2026-09-01T14:00:00,R008,60,2.72,24.7,IoT
SENS_R009,2026-09-01T14:00:00,R009,30,2.45,24.46,IoT
SENS_R010,2026-09-01T14:00:00,R010,59,3.76,24.38,IoT
SENS_R011,2026-09-01T14:00:00,R011,82,3.62,26.44,IoT
SENS_R012,2026-09-01T14:00:00,R012,62,3.61,24.51,IoT
SENS_R013,2026-09-01T14:00:00,R013,79,2.88,26.02,IoT
SENS_R014,2026-09-01T14:00:00,R014,38,3.47,26.87,IoT
SENS_R015,2026-09-01T14:00:00,R015,27,3.34,25.46,IoT
SENS_R016,2026-09-01T14:00:00,R016,52,3.0,26.42,IoT
SENS_R017,2026-09-01T14:00:00,R017,34,2.46,25.05,IoT
SENS_R018,2026-09-01T14:00:00,R018,64,3.24,24.53,IoT
SENS_R019,2026-09-01T14:00:00,R019,35,2.6,26.14,IoT
SENS_R020,2026-09-01T14:00:00,R020,47,3.82,26.98,IoT
SENS_R021,2026-09-01T14:00:00,R021,49,3.31,26.68,IoT
SENS_R022,2026-09-01T14:00:00,R022,55,3.23,24.29,IoT
SENS_R023,2026-09-01T14:00:00,R023,25,3.09,25.32,IoT
SENS_R024,2026-09-01T14:00:00,R024,26,2.95,24.79,IoT
SENS_R025,2026-09-01T14:00:00,R025,70,2.76,25.3,IoT
SENS_R026,2026-09-01T14:00:00,R026,19,2.4,23.88,IoT
SENS_R027,2026-09-01T14:00:00,R027,71,2.3,26.32,IoT
SENS_R028,2026-09-01T14:00:00,R028,33,3.02,26.64,IoT
SENS_R029,2026-09-01T14:00:00,R029,82,2.48,26.21,IoT
SENS_R030,2026-09-01T14:00:00,R030,31,2.17,24.52,IoT
SENS_R001,2026-09-01T15:00:00,R001,17,2.18,25.72,IoT
SENS_R002,2026-09-01T15:00:00,R002,82,3.12,25.69,IoT
SENS_R003,2026-09-01T15:00:00,R003,78,3.09,25.74,IoT
SENS_R004,2026-09-01T15:00:00,R004,36,2.47,23.99,IoT
SENS_R005,2026-09-01T15:00:00,R005,48,2.51,24.48,IoT
SENS_R006,2026-09-01T15:00:00,R006,41,3.55,26.53,IoT
SENS_R007,2026-09-01T15:00:00,R007,21,2.57,24.29,IoT
SENS_R008,2026-09-01T15:00:00,R008,52,2.42,25.96,IoT
SENS_R009,2026-09-01T15:00:00,R009,37,3.55,25.87,IoT
SENS_R010,2026-09-01T15:00:00,R010,59,4.04,26.73,IoT
SENS_R011,2026-09-01T15:00:00,R011,37,2.45,25.48,IoT
SENS_R012,2026-09-01T15:00:00,R012,50,3.13,26.65,IoT
SENS_R013,2026-09-01T15:00:00,R013,69,2.43,25.25,IoT
SENS_R014,2026-09-01T15:00:00,R014,41,3.6,25.8,IoT
SENS_R015,2026-09-01T15:00:00,R015,16,2.33,24.53,IoT
SENS_R016,2026-09-01T15:00:00,R016,60,3.8,25.5,IoT
SENS_R017,2026-09-01T15:00:00,R017,25,2.05,25.33,IoT
SENS_R018,2026-09-01T15:00:00,R018,38,2.11,25.23,IoT
SENS_R019,2026-09-01T15:00:00,R019,27,2.03,25.74,IoT
SENS_R020,2026-09-01T15:00:00,R020,44,3.01,26.07,IoT
SENS_R021,2026-09-01T15:00:00,R021,57,3.41,24.56,IoT
SENS_R022,2026-09-01T15:00:00,R022,40,3.11,25.67,IoT
SENS_R023,2026-09-01T15:00:00,R023,26,3.28,25.41,IoT
SENS_R024,2026-09-01T15:00:00,R024,53,3.76,27.24,IoT
SENS_R025,2026-09-01T15:00:00,R025,51,2.22,24.65,IoT
SENS_R026,2026-09-01T15:00:00,R026,37,3.19,24.6,IoT
SENS_R027,2026-09-01T15:00:00,R027,122,3.46,26.02,IoT
SENS_R028,2026-09-01T15:00:00,R028,28,2.79,25.44,IoT
SENS_R029,2026-09-01T15:00:00,R029,76,2.51,25.43,IoT
SENS_R030,2026-09-01T15:00:00,R030,45,2.83,24.53,IoT
SENS_R001,2026-09-01T16:00:00,R001,14,2.19,25.62,IoT
SENS_R002,2026-09-01T16:00:00,R002,98,3.46,26.11,IoT
SENS_R003,2026-09-01T16:00:00,R003,70,2.58,26.45,IoT
SENS_R004,2026-09-01T16:00:00,R004,81,3.73,26.44,IoT
SENS_R005,2026-09-01T16:00:00,R005,64,3.29,26.8,IoT
SENS_R006,2026-09-01T16:00:00,R006,21,2.49,25.06,IoT
SENS_R007,2026-09-01T16:00:00,R007,26,3.21,25.91,IoT
SENS_R008,2026-09-01T16:00:00,R008,39,2.33,24.94,IoT
SENS_R009,2026-09-01T16:00:00,R009,25,1.88,24.98,IoT
SENS_R010,2026-09-01T16:00:00,R010,29,2.61,24.27,IoT
SENS_R011,2026-09-01T16:00:00,R011,57,2.9,24.53,IoT
SENS_R012,2026-09-01T16:00:00,R012,49,3.0,24.32,IoT
SENS_R013,2026-09-01T16:00:00,R013,70,2.51,24.45,IoT
SENS_R014,2026-09-01T16:00:00,R014,33,3.28,26.64,IoT
SENS_R015,2026-09-01T16:00:00,R015,16,2.68,25.96,IoT
SENS_R016,2026-09-01T16:00:00,R016,67,3.7,24.95,IoT
SENS_R017,2026-09-01T16:00:00,R017,39,2.57,25.1,IoT
SENS_R018,2026-09-01T16:00:00,R018,42,2.14,22.79,IoT
SENS_R019,2026-09-01T16:00:00,R019,34,2.65,25.6,IoT
SENS_R020,2026-09-01T16:00:00,R020,23,2.47,24.79,IoT
SENS_R021,2026-09-01T16:00:00,R021,49,3.68,25.94,IoT
SENS_R022,2026-09-01T16:00:00,R022,26,1.97,22.61,IoT
SENS_R023,2026-09-01T16:00:00,R023,29,3.39,25.91,IoT
SENS_R024,2026-09-01T16:00:00,R024,39,2.27,25.43,IoT
SENS_R025,2026-09-01T16:00:00,R025,88,3.55,24.81,IoT
SENS_R026,2026-09-01T16:00:00,R026,27,2.61,23.09,IoT
SENS_R027,2026-09-01T16:00:00,R027,121,3.27,25.78,IoT
SENS_R028,2026-09-01T16:00:00,R028,27,2.81,24.51,IoT
SENS_R029,2026-09-01T16:00:00,R029,88,3.14,23.88,IoT
SENS_R030,2026-09-01T16:00:00,R030,35,2.31,25.64,IoT
SENS_R001,2026-09-01T17:00:00,R001,27,3.23,27.19,IoT
SENS_R002,2026-09-01T17:00:00,R002,96,3.67,25.06,IoT
SENS_R003,2026-09-01T17:00:00,R003,49,1.65,24.25,IoT
SENS_R004,2026-09-01T17:00:00,R004,34,1.96,24.78,IoT
SENS_R005,2026-09-01T17:00:00,R005,84,3.79,25.31,IoT
SENS_R006,2026-09-01T17:00:00,R006,19,1.74,24.13,IoT
SENS_R007,2026-09-01T17:00:00,R007,32,3.58,25.42,IoT
SENS_R008,2026-09-01T17:00:00,R008,47,2.45,25.48,IoT
SENS_R009,2026-09-01T17:00:00,R009,42,3.66,25.41,IoT
SENS_R010,2026-09-01T17:00:00,R010,33,3.05,26.57,IoT
SENS_R011,2026-09-01T17:00:00,R011,36,1.77,24.67,IoT
SENS_R012,2026-09-01T17:00:00,R012,36,2.16,25.73,IoT
SENS_R013,2026-09-01T17:00:00,R013,74,2.83,24.72,IoT
SENS_R014,2026-09-01T17:00:00,R014,29,3.24,24.51,IoT
SENS_R015,2026-09-01T17:00:00,R015,24,3.34,26.13,IoT
SENS_R016,2026-09-01T17:00:00,R016,31,2.5,25.25,IoT
SENS_R017,2026-09-01T17:00:00,R017,30,2.37,25.2,IoT
SENS_R018,2026-09-01T17:00:00,R018,75,3.14,24.68,IoT
SENS_R019,2026-09-01T17:00:00,R019,33,2.23,26.3,IoT
SENS_R020,2026-09-01T17:00:00,R020,52,3.68,25.96,IoT
SENS_R021,2026-09-01T17:00:00,R021,22,1.65,24.36,IoT
SENS_R022,2026-09-01T17:00:00,R022,23,2.0,25.47,IoT
SENS_R023,2026-09-01T17:00:00,R023,16,2.07,25.16,IoT
SENS_R024,2026-09-01T17:00:00,R024,29,2.08,25.21,IoT
SENS_R025,2026-09-01T17:00:00,R025,63,2.76,24.22,IoT
SENS_R026,2026-09-01T17:00:00,R026,31,3.07,25.03,IoT
SENS_R027,2026-09-01T17:00:00,R027,64,2.26,23.58,IoT
SENS_R028,2026-09-01T17:00:00,R028,39,3.59,26.5,IoT
SENS_R029,2026-09-01T17:00:00,R029,87,3.17,24.48,IoT
SENS_R030,2026-09-01T17:00:00,R030,27,2.14,23.92,IoT
SENS_R001,2026-09-01T18:00:00,R001,7,1.45,24.1,IoT
SENS_R002,2026-09-01T18:00:00,R002,26,1.57,24.15,IoT
SENS_R003,2026-09-01T18:00:00,R003,13,1.01,22.56,IoT
SENS_R004,2026-09-01T18:00:00,R004,38,2.51,25.6,IoT
SENS_R005,2026-09-01T18:00:00,R005,12,1.28,23.18,IoT
SENS_R006,2026-09-01T18:00:00,R006,8,1.31,23.56,IoT
SENS_R007,2026-09-01T18:00:00,R007,9,1.51,23.81,IoT
SENS_R008,2026-09-01T18:00:00,R008,22,1.56,23.42,IoT
SENS_R009,2026-09-01T18:00:00,R009,1,0.58,23.74,IoT
SENS_R010,2026-09-01T18:00:00,R010,10,1.56,25.8,IoT
SENS_R011,2026-09-01T18:00:00,R011,30,1.95,24.6,IoT
SENS_R012,2026-09-01T18:00:00,R012,13,1.24,23.87,IoT
SENS_R013,2026-09-01T18:00:00,R013,24,1.6,24.41,IoT
SENS_R014,2026-09-01T18:00:00,R014,16,2.1,25.58,IoT
SENS_R015,2026-09-01T18:00:00,R015,4,0.93,25.18,IoT
SENS_R016,2026-09-01T18:00:00,R016,19,1.57,24.38,IoT
SENS_R017,2026-09-01T18:00:00,R017,16,1.45,25.24,IoT
SENS_R018,2026-09-01T18:00:00,R018,28,1.8,25.04,IoT
SENS_R019,2026-09-01T18:00:00,R019,30,2.44,23.89,IoT
SENS_R020,2026-09-01T18:00:00,R020,13,1.41,23.66,IoT
SENS_R021,2026-09-01T18:00:00,R021,24,2.11,25.46,IoT
SENS_R022,2026-09-01T18:00:00,R022,6,0.92,22.78,IoT
SENS_R023,2026-09-01T18:00:00,R023,1,0.78,22.99,IoT
SENS_R024,2026-09-01T18:00:00,R024,11,1.32,23.5,IoT
SENS_R025,2026-09-01T18:00:00,R025,27,1.63,24.11,IoT
SENS_R026,2026-09-01T18:00:00,R026,6,1.33,23.61,IoT
SENS_R027,2026-09-01T18:00:00,R027,38,2.02,25.07,IoT
SENS_R028,2026-09-01T18:00:00,R028,9,1.78,26.02,IoT
SENS_R029,2026-09-01T18:00:00,R029,27,1.8,25.05,IoT
SENS_R030,2026-09-01T18:00:00,R030,20,1.78,24.22,IoT
SENS_R001,2026-09-01T19:00:00,R001,8,1.65,25.02,IoT
SENS_R002,2026-09-01T19:00:00,R002,18,1.07,23.86,IoT
SENS_R003,2026-09-01T19:00:00,R003,28,1.88,25.15,IoT
SENS_R004,2026-09-01T19:00:00,R004,11,1.16,24.92,IoT
SENS_R005,2026-09-01T19:00:00,R005,33,2.37,24.8,IoT
SENS_R006,2026-09-01T19:00:00,R006,13,1.68,24.13,IoT
SENS_R007,2026-09-01T19:00:00,R007,6,1.06,23.45,IoT
SENS_R008,2026-09-01T19:00:00,R008,21,1.25,24.35,IoT
SENS_R009,2026-09-01T19:00:00,R009,24,2.11,25.34,IoT
SENS_R010,2026-09-01T19:00:00,R010,11,1.16,24.45,IoT
SENS_R011,2026-09-01T19:00:00,R011,25,1.5,24.61,IoT
SENS_R012,2026-09-01T19:00:00,R012,22,1.43,23.42,IoT
SENS_R013,2026-09-01T19:00:00,R013,31,1.46,23.84,IoT
SENS_R014,2026-09-01T19:00:00,R014,11,1.98,23.97,IoT
SENS_R015,2026-09-01T19:00:00,R015,11,1.78,24.56,IoT
SENS_R016,2026-09-01T19:00:00,R016,22,1.91,24.66,IoT
SENS_R017,2026-09-01T19:00:00,R017,5,1.19,26.05,IoT
SENS_R018,2026-09-01T19:00:00,R018,15,1.03,23.91,IoT
SENS_R019,2026-09-01T19:00:00,R019,21,1.9,23.29,IoT
SENS_R020,2026-09-01T19:00:00,R020,18,1.51,24.41,IoT
SENS_R021,2026-09-01T19:00:00,R021,2,0.92,22.67,IoT
SENS_R022,2026-09-01T19:00:00,R022,22,1.65,23.64,IoT
SENS_R023,2026-09-01T19:00:00,R023,9,1.41,23.34,IoT
SENS_R024,2026-09-01T19:00:00,R024,15,1.55,24.08,IoT
SENS_R025,2026-09-01T19:00:00,R025,18,1.09,24.21,IoT
SENS_R026,2026-09-01T19:00:00,R026,9,1.42,22.88,IoT
SENS_R027,2026-09-01T19:00:00,R027,29,1.38,24.54,IoT
SENS_R028,2026-09-01T19:00:00,R028,10,1.34,24.93,IoT
SENS_R029,2026-09-01T19:00:00,R029,34,1.77,24.82,IoT
SENS_R030,2026-09-01T19:00:00,R030,10,1.31,23.46,IoT
SENS_R001,2026-09-01T20:00:00,R001,9,1.84,23.87,IoT
SENS_R002,2026-09-01T20:00:00,R002,0,0.57,24.42,IoT
SENS_R003,2026-09-01T20:00:00,R003,41,2.19,23.83,IoT
SENS_R004,2026-09-01T20:00:00,R004,27,1.43,23.71,IoT
SENS_R005,2026-09-01T20:00:00,R005,5,0.66,24.27,IoT
SENS_R006,2026-09-01T20:00:00,R006,5,0.89,23.94,IoT
SENS_R007,2026-09-01T20:00:00,R007,5,1.31,25.57,IoT
SENS_R008,2026-09-01T20:00:00,R008,17,1.53,25.79,IoT
SENS_R009,2026-09-01T20:00:00,R009,9,0.99,24.72,IoT
SENS_R010,2026-09-01T20:00:00,R010,13,1.51,25.11,IoT
SENS_R011,2026-09-01T20:00:00,R011,24,1.84,24.83,IoT
SENS_R012,2026-09-01T20:00:00,R012,6,0.85,22.95,IoT
SENS_R013,2026-09-01T20:00:00,R013,20,1.38,23.39,IoT
SENS_R014,2026-09-01T20:00:00,R014,17,2.2,25.28,IoT
SENS_R015,2026-09-01T20:00:00,R015,11,1.76,24.38,IoT
SENS_R016,2026-09-01T20:00:00,R016,5,1.19,24.74,IoT
SENS_R017,2026-09-01T20:00:00,R017,12,1.72,23.63,IoT
SENS_R018,2026-09-01T20:00:00,R018,18,1.2,22.58,IoT
SENS_R019,2026-09-01T20:00:00,R019,24,2.09,26.36,IoT
SENS_R020,2026-09-01T20:00:00,R020,8,0.87,22.77,IoT
SENS_R021,2026-09-01T20:00:00,R021,21,1.58,25.94,IoT
SENS_R022,2026-09-01T20:00:00,R022,14,1.42,23.36,IoT
SENS_R023,2026-09-01T20:00:00,R023,6,1.21,23.98,IoT
SENS_R024,2026-09-01T20:00:00,R024,13,1.46,22.89,IoT
SENS_R025,2026-09-01T20:00:00,R025,44,2.26,25.79,IoT
SENS_R026,2026-09-01T20:00:00,R026,24,1.99,24.37,IoT
SENS_R027,2026-09-01T20:00:00,R027,25,1.38,24.42,IoT
SENS_R028,2026-09-01T20:00:00,R028,10,1.01,22.56,IoT
SENS_R029,2026-09-01T20:00:00,R029,16,1.51,23.6,IoT
SENS_R030,2026-09-01T20:00:00,R030,19,1.36,23.5,IoT
SENS_R001,2026-09-01T21:00:00,R001,3,1.07,25.08,IoT
SENS_R002,2026-09-01T21:00:00,R002,9,0.66,23.55,IoT
SENS_R003,2026-09-01T21:00:00,R003,7,0.92,22.47,IoT
SENS_R004,2026-09-01T21:00:00,R004,25,1.4,24.98,IoT
SENS_R005,2026-09-01T21:00:00,R005,21,1.12,23.61,IoT
SENS_R006,2026-09-01T21:00:00,R006,14,1.49,25.39,IoT
SENS_R007,2026-09-01T21:00:00,R007,9,1.38,24.32,IoT
SENS_R008,2026-09-01T21:00:00,R008,25,1.11,23.1,IoT
SENS_R009,2026-09-01T21:00:00,R009,18,1.88,25.13,IoT
SENS_R010,2026-09-01T21:00:00,R010,16,1.32,23.03,IoT
SENS_R011,2026-09-01T21:00:00,R011,15,1.57,23.57,IoT
SENS_R012,2026-09-01T21:00:00,R012,27,1.65,24.7,IoT
SENS_R013,2026-09-01T21:00:00,R013,14,0.93,23.18,IoT
SENS_R014,2026-09-01T21:00:00,R014,18,1.92,25.82,IoT
SENS_R015,2026-09-01T21:00:00,R015,13,1.9,24.62,IoT
SENS_R016,2026-09-01T21:00:00,R016,12,1.38,23.24,IoT
SENS_R017,2026-09-01T21:00:00,R017,8,0.88,23.72,IoT
SENS_R018,2026-09-01T21:00:00,R018,16,1.48,23.66,IoT
SENS_R019,2026-09-01T21:00:00,R019,19,1.91,24.38,IoT
SENS_R020,2026-09-01T21:00:00,R020,12,1.29,24.01,IoT
SENS_R021,2026-09-01T21:00:00,R021,14,1.52,25.74,IoT
SENS_R022,2026-09-01T21:00:00,R022,19,1.63,23.91,IoT
SENS_R023,2026-09-01T21:00:00,R023,12,1.55,24.02,IoT
SENS_R024,2026-09-01T21:00:00,R024,22,1.81,25.47,IoT
SENS_R025,2026-09-01T21:00:00,R025,13,1.17,24.05,IoT
SENS_R026,2026-09-01T21:00:00,R026,10,1.34,23.25,IoT
SENS_R027,2026-09-01T21:00:00,R027,39,2.36,25.02,IoT
SENS_R028,2026-09-01T21:00:00,R028,9,1.48,24.05,IoT
SENS_R029,2026-09-01T21:00:00,R029,25,1.45,24.11,IoT
SENS_R030,2026-09-01T21:00:00,R030,22,1.25,23.44,IoT
SENS_R001,2026-09-02T06:00:00,R001,4,0.96,23.59,IoT
SENS_R002,2026-09-02T06:00:00,R002,24,1.43,24.44,IoT
SENS_R003,2026-09-02T06:00:00,R003,12,0.86,23.34,IoT
SENS_R004,2026-09-02T06:00:00,R004,14,1.61,23.27,IoT
SENS_R005,2026-09-02T06:00:00,R005,15,1.17,25.32,IoT
SENS_R006,2026-09-02T06:00:00,R006,15,1.55,23.35,IoT
SENS_R007,2026-09-02T06:00:00,R007,4,1.65,22.26,IoT
SENS_R008,2026-09-02T06:00:00,R008,23,1.17,24.74,IoT
SENS_R009,2026-09-02T06:00:00,R009,4,1.28,23.63,IoT
SENS_R010,2026-09-02T06:00:00,R010,11,1.36,24.09,IoT
SENS_R011,2026-09-02T06:00:00,R011,0,0.66,24.19,IoT
SENS_R012,2026-09-02T06:00:00,R012,17,1.96,25.57,IoT
SENS_R013,2026-09-02T06:00:00,R013,36,1.54,24.66,IoT
SENS_R014,2026-09-02T06:00:00,R014,16,2.16,24.48,IoT
SENS_R015,2026-09-02T06:00:00,R015,6,1.3,25.07,IoT
SENS_R016,2026-09-02T06:00:00,R016,13,1.74,24.23,IoT
SENS_R017,2026-09-02T06:00:00,R017,25,1.98,25.42,IoT
SENS_R018,2026-09-02T06:00:00,R018,14,1.33,22.3,IoT
SENS_R019,2026-09-02T06:00:00,R019,20,1.62,23.49,IoT
SENS_R020,2026-09-02T06:00:00,R020,9,1.65,23.32,IoT
SENS_R021,2026-09-02T06:00:00,R021,6,0.99,23.4,IoT
SENS_R022,2026-09-02T06:00:00,R022,14,1.47,23.94,IoT
SENS_R023,2026-09-02T06:00:00,R023,8,1.33,25.94,IoT
SENS_R024,2026-09-02T06:00:00,R024,1,0.38,22.18,IoT
SENS_R025,2026-09-02T06:00:00,R025,17,1.26,24.73,IoT
SENS_R026,2026-09-02T06:00:00,R026,8,1.57,23.79,IoT
SENS_R027,2026-09-02T06:00:00,R027,45,2.15,26.35,IoT
SENS_R028,2026-09-02T06:00:00,R028,14,1.81,24.04,IoT
SENS_R029,2026-09-02T06:00:00,R029,17,1.01,24.7,IoT
SENS_R030,2026-09-02T06:00:00,R030,18,1.97,25.98,IoT
SENS_R001,2026-09-02T07:00:00,R001,8,1.7,25.8,IoT
SENS_R002,2026-09-02T07:00:00,R002,9,1.25,24.03,IoT
SENS_R003,2026-09-02T07:00:00,R003,30,1.55,23.71,IoT
SENS_R004,2026-09-02T07:00:00,R004,32,1.91,25.21,IoT
SENS_R005,2026-09-02T07:00:00,R005,19,1.4,24.74,IoT
SENS_R006,2026-09-02T07:00:00,R006,14,1.66,24.74,IoT
SENS_R007,2026-09-02T07:00:00,R007,2,1.21,25.33,IoT
SENS_R008,2026-09-02T07:00:00,R008,22,1.36,23.94,IoT
SENS_R009,2026-09-02T07:00:00,R009,10,1.5,24.41,IoT
SENS_R010,2026-09-02T07:00:00,R010,22,1.83,24.77,IoT
SENS_R011,2026-09-02T07:00:00,R011,22,1.79,23.61,IoT
SENS_R012,2026-09-02T07:00:00,R012,0,0.8,24.06,IoT
SENS_R013,2026-09-02T07:00:00,R013,0,1.22,24.85,IoT
SENS_R014,2026-09-02T07:00:00,R014,14,1.81,23.87,IoT
SENS_R015,2026-09-02T07:00:00,R015,12,2.26,26.47,IoT
SENS_R016,2026-09-02T07:00:00,R016,19,1.45,24.45,IoT
SENS_R017,2026-09-02T07:00:00,R017,17,1.61,23.19,IoT
SENS_R018,2026-09-02T07:00:00,R018,31,1.83,23.78,IoT
SENS_R019,2026-09-02T07:00:00,R019,9,1.41,25.21,IoT
SENS_R020,2026-09-02T07:00:00,R020,13,1.63,23.94,IoT
SENS_R021,2026-09-02T07:00:00,R021,9,1.35,24.32,IoT
SENS_R022,2026-09-02T07:00:00,R022,9,0.91,23.8,IoT
SENS_R023,2026-09-02T07:00:00,R023,2,1.5,24.8,IoT
SENS_R024,2026-09-02T07:00:00,R024,13,1.29,23.46,IoT
SENS_R025,2026-09-02T07:00:00,R025,26,1.54,25.11,IoT
SENS_R026,2026-09-02T07:00:00,R026,8,1.39,24.87,IoT
SENS_R027,2026-09-02T07:00:00,R027,24,1.39,23.45,IoT
SENS_R028,2026-09-02T07:00:00,R028,10,1.44,22.6,IoT
SENS_R029,2026-09-02T07:00:00,R029,23,1.58,22.93,IoT
SENS_R030,2026-09-02T07:00:00,R030,1,0.5,22.8,IoT
SENS_R001,2026-09-02T08:00:00,R001,37,3.85,26.24,IoT
SENS_R002,2026-09-02T08:00:00,R002,89,3.34,25.54,IoT
SENS_R003,2026-09-02T08:00:00,R003,51,2.23,24.77,IoT
SENS_R004,2026-09-02T08:00:00,R004,57,2.54,24.88,IoT
SENS_R005,2026-09-02T08:00:00,R005,68,3.33,25.89,IoT
SENS_R006,2026-09-02T08:00:00,R006,33,2.77,25.07,IoT
SENS_R007,2026-09-02T08:00:00,R007,14,2.3,24.47,IoT
SENS_R008,2026-09-02T08:00:00,R008,59,3.22,24.64,IoT
SENS_R009,2026-09-02T08:00:00,R009,39,2.98,25.78,IoT
SENS_R010,2026-09-02T08:00:00,R010,47,3.22,26.19,IoT
SENS_R011,2026-09-02T08:00:00,R011,83,3.86,27.2,IoT
SENS_R012,2026-09-02T08:00:00,R012,26,2.21,25.62,IoT
SENS_R013,2026-09-02T08:00:00,R013,90,2.98,24.9,IoT
SENS_R014,2026-09-02T08:00:00,R014,23,2.48,26.43,IoT
SENS_R015,2026-09-02T08:00:00,R015,27,3.45,26.06,IoT
SENS_R016,2026-09-02T08:00:00,R016,58,3.1,26.44,IoT
SENS_R017,2026-09-02T08:00:00,R017,25,2.01,25.38,IoT
SENS_R018,2026-09-02T08:00:00,R018,52,2.21,24.94,IoT
SENS_R019,2026-09-02T08:00:00,R019,61,3.64,25.47,IoT
SENS_R020,2026-09-02T08:00:00,R020,49,3.84,26.03,IoT
SENS_R021,2026-09-02T08:00:00,R021,60,4.02,27.04,IoT
SENS_R022,2026-09-02T08:00:00,R022,25,1.73,25.38,IoT
SENS_R023,2026-09-02T08:00:00,R023,14,2.09,24.53,IoT
SENS_R024,2026-09-02T08:00:00,R024,32,2.35,24.78,IoT
SENS_R025,2026-09-02T08:00:00,R025,37,2.2,25.08,IoT
SENS_R026,2026-09-02T08:00:00,R026,26,2.63,25.25,IoT
SENS_R027,2026-09-02T08:00:00,R027,121,3.81,24.99,IoT
SENS_R028,2026-09-02T08:00:00,R028,26,2.71,25.36,IoT
SENS_R029,2026-09-02T08:00:00,R029,80,2.56,24.48,IoT
SENS_R030,2026-09-02T08:00:00,R030,44,2.58,24.42,IoT
SENS_R001,2026-09-02T09:00:00,R001,29,3.04,25.34,IoT
SENS_R002,2026-09-02T09:00:00,R002,86,3.75,25.43,IoT
SENS_R003,2026-09-02T09:00:00,R003,60,2.32,25.06,IoT
SENS_R004,2026-09-02T09:00:00,R004,46,2.61,24.68,IoT
SENS_R005,2026-09-02T09:00:00,R005,64,2.69,25.22,IoT
SENS_R006,2026-09-02T09:00:00,R006,30,2.9,24.9,IoT
SENS_R007,2026-09-02T09:00:00,R007,26,3.33,26.35,IoT
SENS_R008,2026-09-02T09:00:00,R008,44,2.71,25.74,IoT
SENS_R009,2026-09-02T09:00:00,R009,30,2.19,24.47,IoT
SENS_R010,2026-09-02T09:00:00,R010,47,3.08,25.23,IoT
SENS_R011,2026-09-02T09:00:00,R011,29,1.66,24.24,IoT
SENS_R012,2026-09-02T09:00:00,R012,59,3.72,24.66,IoT
SENS_R013,2026-09-02T09:00:00,R013,84,3.13,24.91,IoT
SENS_R014,2026-09-02T09:00:00,R014,35,3.42,25.42,IoT
SENS_R015,2026-09-02T09:00:00,R015,18,2.53,25.39,IoT
SENS_R016,2026-09-02T09:00:00,R016,61,3.09,26.08,IoT
SENS_R017,2026-09-02T09:00:00,R017,25,2.76,25.14,IoT
SENS_R018,2026-09-02T09:00:00,R018,47,2.52,25.53,IoT
SENS_R019,2026-09-02T09:00:00,R019,21,1.62,24.17,IoT
SENS_R020,2026-09-02T09:00:00,R020,37,2.54,24.72,IoT
SENS_R021,2026-09-02T09:00:00,R021,42,2.34,23.39,IoT
SENS_R022,2026-09-02T09:00:00,R022,42,3.43,26.67,IoT
SENS_R023,2026-09-02T09:00:00,R023,18,2.84,25.38,IoT
SENS_R024,2026-09-02T09:00:00,R024,43,2.54,23.83,IoT
SENS_R025,2026-09-02T09:00:00,R025,100,3.65,24.81,IoT
SENS_R026,2026-09-02T09:00:00,R026,16,2.14,25.26,IoT
SENS_R027,2026-09-02T09:00:00,R027,67,2.23,25.72,IoT
SENS_R028,2026-09-02T09:00:00,R028,27,2.54,25.29,IoT
SENS_R029,2026-09-02T09:00:00,R029,112,3.17,26.34,IoT
SENS_R030,2026-09-02T09:00:00,R030,58,3.33,24.67,IoT
SENS_R001,2026-09-02T10:00:00,R001,17,2.18,22.74,IoT
SENS_R002,2026-09-02T10:00:00,R002,42,2.14,24.11,IoT
SENS_R003,2026-09-02T10:00:00,R003,42,1.7,25.17,IoT
SENS_R004,2026-09-02T10:00:00,R004,26,1.32,23.41,IoT
SENS_R005,2026-09-02T10:00:00,R005,33,1.96,26.15,IoT
SENS_R006,2026-09-02T10:00:00,R006,18,1.81,24.04,IoT
SENS_R007,2026-09-02T10:00:00,R007,17,2.44,24.4,IoT
SENS_R008,2026-09-02T10:00:00,R008,44,2.05,25.11,IoT
SENS_R009,2026-09-02T10:00:00,R009,45,3.28,26.5,IoT
SENS_R010,2026-09-02T10:00:00,R010,24,1.87,24.49,IoT
SENS_R011,2026-09-02T10:00:00,R011,48,2.61,25.25,IoT
SENS_R012,2026-09-02T10:00:00,R012,44,2.48,25.18,IoT
SENS_R013,2026-09-02T10:00:00,R013,124,4.1,25.7,IoT
SENS_R014,2026-09-02T10:00:00,R014,30,3.02,26.71,IoT
SENS_R015,2026-09-02T10:00:00,R015,14,1.86,24.69,IoT
SENS_R016,2026-09-02T10:00:00,R016,37,2.37,24.1,IoT
SENS_R017,2026-09-02T10:00:00,R017,28,1.93,25.69,IoT
SENS_R018,2026-09-02T10:00:00,R018,33,2.18,24.78,IoT
SENS_R019,2026-09-02T10:00:00,R019,39,3.04,24.48,IoT
SENS_R020,2026-09-02T10:00:00,R020,49,3.96,26.78,IoT
SENS_R021,2026-09-02T10:00:00,R021,27,2.1,24.39,IoT
SENS_R022,2026-09-02T10:00:00,R022,46,2.92,25.85,IoT
SENS_R023,2026-09-02T10:00:00,R023,26,2.86,24.98,IoT
SENS_R024,2026-09-02T10:00:00,R024,44,3.18,26.06,IoT
SENS_R025,2026-09-02T10:00:00,R025,52,2.65,24.82,IoT
SENS_R026,2026-09-02T10:00:00,R026,34,3.47,24.28,IoT
SENS_R027,2026-09-02T10:00:00,R027,108,3.34,25.85,IoT
SENS_R028,2026-09-02T10:00:00,R028,17,1.29,22.52,IoT
SENS_R029,2026-09-02T10:00:00,R029,112,3.22,25.97,IoT
SENS_R030,2026-09-02T10:00:00,R030,46,2.86,25.59,IoT
SENS_R001,2026-09-02T11:00:00,R001,28,3.23,27.06,IoT
SENS_R002,2026-09-02T11:00:00,R002,80,3.6,26.66,IoT
SENS_R003,2026-09-02T11:00:00,R003,69,2.6,23.17,IoT
SENS_R004,2026-09-02T11:00:00,R004,49,2.69,24.7,IoT
SENS_R005,2026-09-02T11:00:00,R005,78,3.39,25.21,IoT
SENS_R006,2026-09-02T11:00:00,R006,40,3.83,26.27,IoT
SENS_R007,2026-09-02T11:00:00,R007,19,2.58,26.01,IoT
SENS_R008,2026-09-02T11:00:00,R008,29,1.64,24.35,IoT
SENS_R009,2026-09-02T11:00:00,R009,19,1.74,24.44,IoT
SENS_R010,2026-09-02T11:00:00,R010,29,2.57,23.79,IoT
SENS_R011,2026-09-02T11:00:00,R011,50,2.54,25.67,IoT
SENS_R012,2026-09-02T11:00:00,R012,34,2.29,24.25,IoT
SENS_R013,2026-09-02T11:00:00,R013,72,2.49,25.15,IoT
SENS_R014,2026-09-02T11:00:00,R014,28,2.84,24.48,IoT
SENS_R015,2026-09-02T11:00:00,R015,26,2.91,23.83,IoT
SENS_R016,2026-09-02T11:00:00,R016,56,2.74,23.9,IoT
SENS_R017,2026-09-02T11:00:00,R017,54,3.36,25.48,IoT
SENS_R018,2026-09-02T11:00:00,R018,57,3.17,24.07,IoT
SENS_R019,2026-09-02T11:00:00,R019,41,2.9,23.71,IoT
SENS_R020,2026-09-02T11:00:00,R020,51,3.48,27.05,IoT
SENS_R021,2026-09-02T11:00:00,R021,31,2.46,24.35,IoT
SENS_R022,2026-09-02T11:00:00,R022,50,2.84,25.72,IoT
SENS_R023,2026-09-02T11:00:00,R023,14,2.01,25.13,IoT
SENS_R024,2026-09-02T11:00:00,R024,53,3.17,26.0,IoT
SENS_R025,2026-09-02T11:00:00,R025,94,3.63,26.16,IoT
SENS_R026,2026-09-02T11:00:00,R026,28,2.86,24.73,IoT
SENS_R027,2026-09-02T11:00:00,R027,107,3.38,25.23,IoT
SENS_R028,2026-09-02T11:00:00,R028,41,3.31,24.92,IoT
SENS_R029,2026-09-02T11:00:00,R029,91,2.75,25.18,IoT
SENS_R030,2026-09-02T11:00:00,R030,51,2.89,24.7,IoT
SENS_R001,2026-09-02T12:00:00,R001,24,2.88,24.75,IoT
SENS_R002,2026-09-02T12:00:00,R002,63,2.6,25.1,IoT
SENS_R003,2026-09-02T12:00:00,R003,50,2.26,24.91,IoT
SENS_R004,2026-09-02T12:00:00,R004,32,2.43,23.95,IoT
SENS_R005,2026-09-02T12:00:00,R005,49,2.16,24.64,IoT
SENS_R006,2026-09-02T12:00:00,R006,32,3.35,25.83,IoT
SENS_R007,2026-09-02T12:00:00,R007,20,2.29,25.98,IoT
SENS_R008,2026-09-02T12:00:00,R008,100,4.38,26.37,IoT
SENS_R009,2026-09-02T12:00:00,R009,48,3.72,25.53,IoT
SENS_R010,2026-09-02T12:00:00,R010,20,2.15,24.97,IoT
SENS_R011,2026-09-02T12:00:00,R011,56,2.89,25.78,IoT
SENS_R012,2026-09-02T12:00:00,R012,35,2.72,25.33,IoT
SENS_R013,2026-09-02T12:00:00,R013,63,1.94,23.87,IoT
SENS_R014,2026-09-02T12:00:00,R014,26,2.66,25.75,IoT
SENS_R015,2026-09-02T12:00:00,R015,36,3.97,27.19,IoT
SENS_R016,2026-09-02T12:00:00,R016,34,2.0,23.72,IoT
SENS_R017,2026-09-02T12:00:00,R017,36,3.14,25.0,IoT
SENS_R018,2026-09-02T12:00:00,R018,31,1.78,26.37,IoT
SENS_R019,2026-09-02T12:00:00,R019,22,1.86,23.47,IoT
SENS_R020,2026-09-02T12:00:00,R020,29,2.34,25.26,IoT
SENS_R021,2026-09-02T12:00:00,R021,51,3.22,25.86,IoT
SENS_R022,2026-09-02T12:00:00,R022,23,2.43,24.87,IoT
SENS_R023,2026-09-02T12:00:00,R023,29,3.35,25.8,IoT
SENS_R024,2026-09-02T12:00:00,R024,52,3.27,24.49,IoT
SENS_R025,2026-09-02T12:00:00,R025,53,2.6,25.66,IoT
SENS_R026,2026-09-02T12:00:00,R026,35,3.46,25.92,IoT
SENS_R027,2026-09-02T12:00:00,R027,99,3.31,26.11,IoT
SENS_R028,2026-09-02T12:00:00,R028,19,2.44,25.03,IoT
SENS_R029,2026-09-02T12:00:00,R029,100,3.08,25.24,IoT
SENS_R030,2026-09-02T12:00:00,R030,55,3.22,25.38,IoT
SENS_R001,2026-09-02T13:00:00,R001,22,2.79,24.46,IoT
SENS_R002,2026-09-02T13:00:00,R002,96,3.58,25.56,IoT
SENS_R003,2026-09-02T13:00:00,R003,51,2.02,25.16,IoT
SENS_R004,2026-09-02T13:00:00,R004,24,1.49,24.96,IoT
SENS_R005,2026-09-02T13:00:00,R005,44,2.61,25.43,IoT
SENS_R006,2026-09-02T13:00:00,R006,18,2.37,24.61,IoT
SENS_R007,2026-09-02T13:00:00,R007,16,2.25,24.27,IoT
SENS_R008,2026-09-02T13:00:00,R008,53,2.82,26.55,IoT
SENS_R009,2026-09-02T13:00:00,R009,36,2.95,25.67,IoT
SENS_R010,2026-09-02T13:00:00,R010,28,2.32,23.9,IoT
SENS_R011,2026-09-02T13:00:00,R011,81,3.54,25.89,IoT
SENS_R012,2026-09-02T13:00:00,R012,43,2.76,25.52,IoT
SENS_R013,2026-09-02T13:00:00,R013,110,3.35,27.3,IoT
SENS_R014,2026-09-02T13:00:00,R014,34,3.13,26.31,IoT
SENS_R015,2026-09-02T13:00:00,R015,20,2.23,24.81,IoT
SENS_R016,2026-09-02T13:00:00,R016,45,2.86,25.27,IoT
SENS_R017,2026-09-02T13:00:00,R017,61,3.64,26.1,IoT
SENS_R018,2026-09-02T13:00:00,R018,57,2.93,25.3,IoT
SENS_R019,2026-09-02T13:00:00,R019,31,2.19,26.25,IoT
SENS_R020,2026-09-02T13:00:00,R020,60,4.46,27.13,IoT
SENS_R021,2026-09-02T13:00:00,R021,21,1.74,24.66,IoT
SENS_R022,2026-09-02T13:00:00,R022,28,2.37,24.56,IoT
SENS_R023,2026-09-02T13:00:00,R023,11,2.29,24.33,IoT
SENS_R024,2026-09-02T13:00:00,R024,53,3.65,25.99,IoT
SENS_R025,2026-09-02T13:00:00,R025,102,3.32,26.17,IoT
SENS_R026,2026-09-02T13:00:00,R026,46,3.98,26.3,IoT
SENS_R027,2026-09-02T13:00:00,R027,117,3.22,26.11,IoT
SENS_R028,2026-09-02T13:00:00,R028,24,2.5,25.42,IoT
SENS_R029,2026-09-02T13:00:00,R029,78,2.42,24.05,IoT
SENS_R030,2026-09-02T13:00:00,R030,29,1.45,23.41,IoT
SENS_R001,2026-09-02T14:00:00,R001,34,3.75,26.73,IoT
SENS_R002,2026-09-02T14:00:00,R002,88,3.17,25.16,IoT
SENS_R003,2026-09-02T14:00:00,R003,60,2.63,25.38,IoT
SENS_R004,2026-09-02T14:00:00,R004,78,3.29,27.3,IoT
SENS_R005,2026-09-02T14:00:00,R005,56,2.84,24.86,IoT
SENS_R006,2026-09-02T14:00:00,R006,29,3.41,24.0,IoT
SENS_R007,2026-09-02T14:00:00,R007,27,3.11,24.06,IoT
SENS_R008,2026-09-02T14:00:00,R008,84,3.73,27.0,IoT
SENS_R009,2026-09-02T14:00:00,R009,44,3.62,25.37,IoT
SENS_R010,2026-09-02T14:00:00,R010,31,2.4,25.68,IoT
SENS_R011,2026-09-02T14:00:00,R011,38,2.43,25.0,IoT
SENS_R012,2026-09-02T14:00:00,R012,47,2.84,26.23,IoT
SENS_R013,2026-09-02T14:00:00,R013,69,2.55,24.12,IoT
SENS_R014,2026-09-02T14:00:00,R014,22,2.04,24.22,IoT
SENS_R015,2026-09-02T14:00:00,R015,20,2.31,24.14,IoT
SENS_R016,2026-09-02T14:00:00,R016,31,2.13,24.95,IoT
SENS_R017,2026-09-02T14:00:00,R017,40,2.75,24.23,IoT
SENS_R018,2026-09-02T14:00:00,R018,82,4.2,25.02,IoT
SENS_R019,2026-09-02T14:00:00,R019,38,3.04,25.17,IoT
SENS_R020,2026-09-02T14:00:00,R020,49,3.81,23.87,IoT
SENS_R021,2026-09-02T14:00:00,R021,40,2.77,26.07,IoT
SENS_R022,2026-09-02T14:00:00,R022,44,3.28,25.33,IoT
SENS_R023,2026-09-02T14:00:00,R023,17,2.01,24.17,IoT
SENS_R024,2026-09-02T14:00:00,R024,30,2.17,24.92,IoT
SENS_R025,2026-09-02T14:00:00,R025,93,3.94,28.6,IoT
SENS_R026,2026-09-02T14:00:00,R026,20,2.14,23.51,IoT
SENS_R027,2026-09-02T14:00:00,R027,104,3.38,25.14,IoT
SENS_R028,2026-09-02T14:00:00,R028,24,2.79,24.3,IoT
SENS_R029,2026-09-02T14:00:00,R029,40,2.05,24.77,IoT
SENS_R030,2026-09-02T14:00:00,R030,30,2.22,23.5,IoT
SENS_R001,2026-09-02T15:00:00,R001,31,3.19,25.86,IoT
SENS_R002,2026-09-02T15:00:00,R002,80,3.44,25.77,IoT
SENS_R003,2026-09-02T15:00:00,R003,75,2.89,25.17,IoT
SENS_R004,2026-09-02T15:00:00,R004,47,2.43,24.98,IoT
SENS_R005,2026-09-02T15:00:00,R005,79,3.63,25.63,IoT
SENS_R006,2026-09-02T15:00:00,R006,35,3.24,25.13,IoT
SENS_R007,2026-09-02T15:00:00,R007,23,2.75,24.71,IoT
SENS_R008,2026-09-02T15:00:00,R008,60,3.08,24.42,IoT
SENS_R009,2026-09-02T15:00:00,R009,54,3.7,25.55,IoT
SENS_R010,2026-09-02T15:00:00,R010,45,3.08,25.49,IoT
SENS_R011,2026-09-02T15:00:00,R011,69,3.05,26.3,IoT
SENS_R012,2026-09-02T15:00:00,R012,44,3.15,26.3,IoT
SENS_R013,2026-09-02T15:00:00,R013,134,2.9,26.99,IoT
SENS_R014,2026-09-02T15:00:00,R014,33,3.16,25.57,IoT
SENS_R015,2026-09-02T15:00:00,R015,24,3.08,24.57,IoT
SENS_R016,2026-09-02T15:00:00,R016,37,2.47,25.81,IoT
SENS_R017,2026-09-02T15:00:00,R017,51,3.32,25.07,IoT
SENS_R018,2026-09-02T15:00:00,R018,60,3.18,25.13,IoT
SENS_R019,2026-09-02T15:00:00,R019,33,2.73,25.78,IoT
SENS_R020,2026-09-02T15:00:00,R020,32,2.59,24.4,IoT
SENS_R021,2026-09-02T15:00:00,R021,31,1.95,23.92,IoT
SENS_R022,2026-09-02T15:00:00,R022,28,2.55,25.17,IoT
SENS_R023,2026-09-02T15:00:00,R023,30,3.38,25.45,IoT
SENS_R024,2026-09-02T15:00:00,R024,34,2.52,24.37,IoT
SENS_R025,2026-09-02T15:00:00,R025,64,2.44,25.21,IoT
SENS_R026,2026-09-02T15:00:00,R026,31,2.8,24.87,IoT
SENS_R027,2026-09-02T15:00:00,R027,116,3.47,26.58,IoT
SENS_R028,2026-09-02T15:00:00,R028,32,3.02,25.07,IoT
SENS_R029,2026-09-02T15:00:00,R029,98,3.05,26.58,IoT
SENS_R030,2026-09-02T15:00:00,R030,30,2.39,25.96,IoT
SENS_R001,2026-09-02T16:00:00,R001,28,3.2,25.13,IoT
SENS_R002,2026-09-02T16:00:00,R002,46,2.19,25.61,IoT
SENS_R003,2026-09-02T16:00:00,R003,105,3.86,26.12,IoT
SENS_R004,2026-09-02T16:00:00,R004,83,3.65,26.05,IoT
SENS_R005,2026-09-02T16:00:00,R005,57,3.02,24.81,IoT
SENS_R006,2026-09-02T16:00:00,R006,41,3.9,25.61,IoT
SENS_R007,2026-09-02T16:00:00,R007,33,3.27,27.27,IoT
SENS_R008,2026-09-02T16:00:00,R008,56,3.07,27.01,IoT
SENS_R009,2026-09-02T16:00:00,R009,28,2.4,24.95,IoT
SENS_R010,2026-09-02T16:00:00,R010,13,0.88,21.99,IoT
SENS_R011,2026-09-02T16:00:00,R011,61,3.18,26.5,IoT
SENS_R012,2026-09-02T16:00:00,R012,30,2.31,25.4,IoT
SENS_R013,2026-09-02T16:00:00,R013,62,2.4,25.93,IoT
SENS_R014,2026-09-02T16:00:00,R014,25,2.36,24.63,IoT
SENS_R015,2026-09-02T16:00:00,R015,30,3.01,26.4,IoT
SENS_R016,2026-09-02T16:00:00,R016,19,1.49,23.86,IoT
SENS_R017,2026-09-02T16:00:00,R017,28,2.13,24.85,IoT
SENS_R018,2026-09-02T16:00:00,R018,45,2.38,25.35,IoT
SENS_R019,2026-09-02T16:00:00,R019,37,3.08,26.34,IoT
SENS_R020,2026-09-02T16:00:00,R020,47,3.71,27.62,IoT
SENS_R021,2026-09-02T16:00:00,R021,46,3.45,25.69,IoT
SENS_R022,2026-09-02T16:00:00,R022,32,2.45,25.06,IoT
SENS_R023,2026-09-02T16:00:00,R023,29,3.71,25.55,IoT
SENS_R024,2026-09-02T16:00:00,R024,26,2.08,23.81,IoT
SENS_R025,2026-09-02T16:00:00,R025,54,2.79,24.85,IoT
SENS_R026,2026-09-02T16:00:00,R026,39,3.72,25.87,IoT
SENS_R027,2026-09-02T16:00:00,R027,82,3.2,26.03,IoT
SENS_R028,2026-09-02T16:00:00,R028,35,3.79,24.66,IoT
SENS_R029,2026-09-02T16:00:00,R029,74,2.6,26.19,IoT
SENS_R030,2026-09-02T16:00:00,R030,47,2.97,25.3,IoT
SENS_R001,2026-09-02T17:00:00,R001,22,2.75,25.96,IoT
SENS_R002,2026-09-02T17:00:00,R002,75,3.2,23.38,IoT
SENS_R003,2026-09-02T17:00:00,R003,96,3.42,27.18,IoT
SENS_R004,2026-09-02T17:00:00,R004,49,2.14,26.36,IoT
SENS_R005,2026-09-02T17:00:00,R005,45,2.68,25.14,IoT
SENS_R006,2026-09-02T17:00:00,R006,19,2.08,25.0,IoT
SENS_R007,2026-09-02T17:00:00,R007,18,2.55,23.98,IoT
SENS_R008,2026-09-02T17:00:00,R008,55,2.7,25.18,IoT
SENS_R009,2026-09-02T17:00:00,R009,36,2.5,25.72,IoT
SENS_R010,2026-09-02T17:00:00,R010,47,3.55,25.26,IoT
SENS_R011,2026-09-02T17:00:00,R011,77,3.62,25.39,IoT
SENS_R012,2026-09-02T17:00:00,R012,41,3.05,24.71,IoT
SENS_R013,2026-09-02T17:00:00,R013,136,3.71,26.51,IoT
SENS_R014,2026-09-02T17:00:00,R014,34,3.43,24.57,IoT
SENS_R015,2026-09-02T17:00:00,R015,19,2.36,24.96,IoT
SENS_R016,2026-09-02T17:00:00,R016,34,2.45,25.16,IoT
SENS_R017,2026-09-02T17:00:00,R017,24,1.5,25.17,IoT
SENS_R018,2026-09-02T17:00:00,R018,84,3.63,26.88,IoT
SENS_R019,2026-09-02T17:00:00,R019,54,3.63,25.84,IoT
SENS_R020,2026-09-02T17:00:00,R020,26,2.29,25.38,IoT
SENS_R021,2026-09-02T17:00:00,R021,32,2.32,23.23,IoT
SENS_R022,2026-09-02T17:00:00,R022,50,2.72,24.6,IoT
SENS_R023,2026-09-02T17:00:00,R023,21,2.45,25.94,IoT
SENS_R024,2026-09-02T17:00:00,R024,50,2.97,24.56,IoT
SENS_R025,2026-09-02T17:00:00,R025,51,2.27,26.22,IoT
SENS_R026,2026-09-02T17:00:00,R026,14,1.47,24.9,IoT
SENS_R027,2026-09-02T17:00:00,R027,112,3.35,25.41,IoT
SENS_R028,2026-09-02T17:00:00,R028,14,1.62,23.33,IoT
SENS_R029,2026-09-02T17:00:00,R029,104,3.13,25.41,IoT
SENS_R030,2026-09-02T17:00:00,R030,24,1.85,26.06,IoT
SENS_R001,2026-09-02T18:00:00,R001,10,1.6,24.96,IoT
SENS_R002,2026-09-02T18:00:00,R002,33,1.64,25.9,IoT
SENS_R003,2026-09-02T18:00:00,R003,8,1.07,24.12,IoT
SENS_R004,2026-09-02T18:00:00,R004,31,1.66,23.9,IoT
SENS_R005,2026-09-02T18:00:00,R005,32,1.76,24.76,IoT
SENS_R006,2026-09-02T18:00:00,R006,13,1.64,24.61,IoT
SENS_R007,2026-09-02T18:00:00,R007,3,1.17,24.03,IoT
SENS_R008,2026-09-02T18:00:00,R008,49,2.4,25.3,IoT
SENS_R009,2026-09-02T18:00:00,R009,8,1.62,24.93,IoT
SENS_R010,2026-09-02T18:00:00,R010,11,1.74,24.62,IoT
SENS_R011,2026-09-02T18:00:00,R011,14,0.82,22.39,IoT
SENS_R012,2026-09-02T18:00:00,R012,24,1.93,24.01,IoT
SENS_R013,2026-09-02T18:00:00,R013,26,1.33,22.95,IoT
SENS_R014,2026-09-02T18:00:00,R014,8,1.44,24.24,IoT
SENS_R015,2026-09-02T18:00:00,R015,2,1.14,23.91,IoT
SENS_R016,2026-09-02T18:00:00,R016,15,1.14,23.58,IoT
SENS_R017,2026-09-02T18:00:00,R017,10,1.4,24.03,IoT
SENS_R018,2026-09-02T18:00:00,R018,26,1.75,24.43,IoT
SENS_R019,2026-09-02T18:00:00,R019,9,1.67,23.77,IoT
SENS_R020,2026-09-02T18:00:00,R020,2,0.92,22.8,IoT
SENS_R021,2026-09-02T18:00:00,R021,16,1.79,23.22,IoT
SENS_R022,2026-09-02T18:00:00,R022,12,1.8,24.82,IoT
SENS_R023,2026-09-02T18:00:00,R023,7,1.44,22.49,IoT
SENS_R024,2026-09-02T18:00:00,R024,9,1.48,24.13,IoT
SENS_R025,2026-09-02T18:00:00,R025,30,2.43,24.6,IoT
SENS_R026,2026-09-02T18:00:00,R026,5,1.13,24.96,IoT
SENS_R027,2026-09-02T18:00:00,R027,29,1.75,24.28,IoT
SENS_R028,2026-09-02T18:00:00,R028,6,1.6,22.94,IoT
SENS_R029,2026-09-02T18:00:00,R029,55,2.64,26.05,IoT
SENS_R030,2026-09-02T18:00:00,R030,17,1.46,24.58,IoT
SENS_R001,2026-09-02T19:00:00,R001,4,1.0,23.88,IoT
SENS_R002,2026-09-02T19:00:00,R002,18,1.51,23.57,IoT
SENS_R003,2026-09-02T19:00:00,R003,29,1.22,24.22,IoT
SENS_R004,2026-09-02T19:00:00,R004,27,1.91,24.73,IoT
SENS_R005,2026-09-02T19:00:00,R005,14,1.06,24.28,IoT
SENS_R006,2026-09-02T19:00:00,R006,10,1.07,23.75,IoT
SENS_R007,2026-09-02T19:00:00,R007,8,1.57,23.89,IoT
SENS_R008,2026-09-02T19:00:00,R008,10,0.8,22.88,IoT
SENS_R009,2026-09-02T19:00:00,R009,12,1.29,24.64,IoT
SENS_R010,2026-09-02T19:00:00,R010,6,0.82,23.45,IoT
SENS_R011,2026-09-02T19:00:00,R011,34,2.49,25.4,IoT
SENS_R012,2026-09-02T19:00:00,R012,19,2.06,25.72,IoT
SENS_R013,2026-09-02T19:00:00,R013,13,1.09,24.01,IoT
SENS_R014,2026-09-02T19:00:00,R014,20,1.78,24.0,IoT
SENS_R015,2026-09-02T19:00:00,R015,8,1.56,24.21,IoT
SENS_R016,2026-09-02T19:00:00,R016,5,1.0,25.41,IoT
SENS_R017,2026-09-02T19:00:00,R017,15,1.57,23.71,IoT
SENS_R018,2026-09-02T19:00:00,R018,22,1.83,26.42,IoT
SENS_R019,2026-09-02T19:00:00,R019,12,1.02,23.1,IoT
SENS_R020,2026-09-02T19:00:00,R020,9,1.21,23.28,IoT
SENS_R021,2026-09-02T19:00:00,R021,15,1.31,24.27,IoT
SENS_R022,2026-09-02T19:00:00,R022,12,1.19,24.51,IoT
SENS_R023,2026-09-02T19:00:00,R023,11,2.08,25.11,IoT
SENS_R024,2026-09-02T19:00:00,R024,0,0.17,22.06,IoT
SENS_R025,2026-09-02T19:00:00,R025,30,1.48,22.39,IoT
SENS_R026,2026-09-02T19:00:00,R026,21,2.34,25.02,IoT
SENS_R027,2026-09-02T19:00:00,R027,12,0.9,24.09,IoT
SENS_R028,2026-09-02T19:00:00,R028,4,1.34,24.48,IoT
SENS_R029,2026-09-02T19:00:00,R029,13,1.13,24.14,IoT
SENS_R030,2026-09-02T19:00:00,R030,15,1.57,23.36,IoT
SENS_R001,2026-09-02T20:00:00,R001,0,0.84,23.03,IoT
SENS_R002,2026-09-02T20:00:00,R002,16,1.27,23.63,IoT
SENS_R003,2026-09-02T20:00:00,R003,27,1.61,24.72,IoT
SENS_R004,2026-09-02T20:00:00,R004,21,1.51,24.49,IoT
SENS_R005,2026-09-02T20:00:00,R005,11,1.15,24.28,IoT
SENS_R006,2026-09-02T20:00:00,R006,10,1.54,23.94,IoT
SENS_R007,2026-09-02T20:00:00,R007,8,1.55,24.05,IoT
SENS_R008,2026-09-02T20:00:00,R008,12,1.43,23.73,IoT
SENS_R009,2026-09-02T20:00:00,R009,12,1.53,22.96,IoT
SENS_R010,2026-09-02T20:00:00,R010,19,1.67,23.56,IoT
SENS_R011,2026-09-02T20:00:00,R011,30,1.91,26.13,IoT
SENS_R012,2026-09-02T20:00:00,R012,27,1.88,25.11,IoT
SENS_R013,2026-09-02T20:00:00,R013,13,1.15,23.92,IoT
SENS_R014,2026-09-02T20:00:00,R014,7,1.33,22.3,IoT
SENS_R015,2026-09-02T20:00:00,R015,8,1.52,23.75,IoT
SENS_R016,2026-09-02T20:00:00,R016,10,1.4,22.81,IoT
SENS_R017,2026-09-02T20:00:00,R017,19,1.95,25.19,IoT
SENS_R018,2026-09-02T20:00:00,R018,10,0.97,25.0,IoT
SENS_R019,2026-09-02T20:00:00,R019,9,1.53,25.26,IoT
SENS_R020,2026-09-02T20:00:00,R020,18,2.04,24.24,IoT
SENS_R021,2026-09-02T20:00:00,R021,7,1.17,24.7,IoT
SENS_R022,2026-09-02T20:00:00,R022,16,1.37,24.07,IoT
SENS_R023,2026-09-02T20:00:00,R023,6,0.9,25.05,IoT
SENS_R024,2026-09-02T20:00:00,R024,3,0.79,22.68,IoT
SENS_R025,2026-09-02T20:00:00,R025,17,1.29,23.88,IoT
SENS_R026,2026-09-02T20:00:00,R026,3,0.9,25.02,IoT
SENS_R027,2026-09-02T20:00:00,R027,57,1.99,25.07,IoT
SENS_R028,2026-09-02T20:00:00,R028,7,1.22,24.02,IoT
SENS_R029,2026-09-02T20:00:00,R029,17,1.42,24.67,IoT
SENS_R030,2026-09-02T20:00:00,R030,3,0.8,23.64,IoT
SENS_R001,2026-09-02T21:00:00,R001,9,1.56,25.41,IoT
SENS_R002,2026-09-02T21:00:00,R002,22,1.33,23.62,IoT
SENS_R003,2026-09-02T21:00:00,R003,23,1.58,24.4,IoT
SENS_R004,2026-09-02T21:00:00,R004,24,1.94,24.42,IoT
SENS_R005,2026-09-02T21:00:00,R005,26,1.87,24.06,IoT
SENS_R006,2026-09-02T21:00:00,R006,8,1.21,25.44,IoT
SENS_R007,2026-09-02T21:00:00,R007,6,1.21,23.27,IoT
SENS_R008,2026-09-02T21:00:00,R008,3,1.0,24.35,IoT
SENS_R009,2026-09-02T21:00:00,R009,15,1.57,23.51,IoT
SENS_R010,2026-09-02T21:00:00,R010,8,0.9,24.03,IoT
SENS_R011,2026-09-02T21:00:00,R011,31,2.16,24.71,IoT
SENS_R012,2026-09-02T21:00:00,R012,15,1.63,24.96,IoT
SENS_R013,2026-09-02T21:00:00,R013,44,1.77,24.01,IoT
SENS_R014,2026-09-02T21:00:00,R014,7,1.54,23.27,IoT
SENS_R015,2026-09-02T21:00:00,R015,17,2.37,25.87,IoT
SENS_R016,2026-09-02T21:00:00,R016,21,1.34,24.26,IoT
SENS_R017,2026-09-02T21:00:00,R017,16,1.97,25.78,IoT
SENS_R018,2026-09-02T21:00:00,R018,13,0.97,23.75,IoT
SENS_R019,2026-09-02T21:00:00,R019,10,1.61,23.54,IoT
SENS_R020,2026-09-02T21:00:00,R020,9,0.74,23.39,IoT
SENS_R021,2026-09-02T21:00:00,R021,23,1.8,24.12,IoT
SENS_R022,2026-09-02T21:00:00,R022,7,1.03,24.49,IoT
SENS_R023,2026-09-02T21:00:00,R023,6,1.77,24.47,IoT
SENS_R024,2026-09-02T21:00:00,R024,20,2.12,24.32,IoT
SENS_R025,2026-09-02T21:00:00,R025,5,1.03,24.62,IoT
SENS_R026,2026-09-02T21:00:00,R026,4,1.36,23.48,IoT
SENS_R027,2026-09-02T21:00:00,R027,35,2.03,24.21,IoT
SENS_R028,2026-09-02T21:00:00,R028,17,1.82,23.27,IoT
SENS_R029,2026-09-02T21:00:00,R029,27,1.69,24.67,IoT
SENS_R030,2026-09-02T21:00:00,R030,21,1.34,24.36,IoT
SENS_R001,2026-09-03T06:00:00,R001,6,1.59,25.58,IoT
SENS_R002,2026-09-03T06:00:00,R002,45,2.23,24.33,IoT
SENS_R003,2026-09-03T06:00:00,R003,14,1.18,25.49,IoT
SENS_R004,2026-09-03T06:00:00,R004,21,1.8,23.42,IoT
SENS_R005,2026-09-03T06:00:00,R005,1,0.81,23.15,IoT
SENS_R006,2026-09-03T06:00:00,R006,2,1.1,24.91,IoT
SENS_R007,2026-09-03T06:00:00,R007,9,1.66,24.52,IoT
SENS_R008,2026-09-03T06:00:00,R008,21,1.18,25.15,IoT
SENS_R009,2026-09-03T06:00:00,R009,10,1.59,24.91,IoT
SENS_R010,2026-09-03T06:00:00,R010,13,1.65,24.56,IoT
SENS_R011,2026-09-03T06:00:00,R011,47,2.33,24.76,IoT
SENS_R012,2026-09-03T06:00:00,R012,11,0.97,23.44,IoT
SENS_R013,2026-09-03T06:00:00,R013,30,1.08,25.21,IoT
SENS_R014,2026-09-03T06:00:00,R014,10,1.53,24.2,IoT
SENS_R015,2026-09-03T06:00:00,R015,9,1.64,23.83,IoT
SENS_R016,2026-09-03T06:00:00,R016,20,1.66,21.73,IoT
SENS_R017,2026-09-03T06:00:00,R017,18,1.71,24.24,IoT
SENS_R018,2026-09-03T06:00:00,R018,44,2.46,24.64,IoT
SENS_R019,2026-09-03T06:00:00,R019,20,1.7,24.37,IoT
SENS_R020,2026-09-03T06:00:00,R020,12,1.6,24.33,IoT
SENS_R021,2026-09-03T06:00:00,R021,1,0.89,23.61,IoT
SENS_R022,2026-09-03T06:00:00,R022,9,1.5,24.19,IoT
SENS_R023,2026-09-03T06:00:00,R023,14,2.08,24.52,IoT
SENS_R024,2026-09-03T06:00:00,R024,11,1.41,24.14,IoT
SENS_R025,2026-09-03T06:00:00,R025,37,1.95,25.36,IoT
SENS_R026,2026-09-03T06:00:00,R026,15,1.85,25.13,IoT
SENS_R027,2026-09-03T06:00:00,R027,36,1.94,23.28,IoT
SENS_R028,2026-09-03T06:00:00,R028,6,0.82,23.12,IoT
SENS_R029,2026-09-03T06:00:00,R029,0,0.82,24.67,IoT
SENS_R030,2026-09-03T06:00:00,R030,21,1.78,24.37,IoT
SENS_R001,2026-09-03T07:00:00,R001,5,1.41,23.86,IoT
SENS_R002,2026-09-03T07:00:00,R002,19,1.12,24.94,IoT
SENS_R003,2026-09-03T07:00:00,R003,19,1.24,23.87,IoT
SENS_R004,2026-09-03T07:00:00,R004,20,1.49,23.62,IoT
SENS_R005,2026-09-03T07:00:00,R005,20,1.73,25.51,IoT
SENS_R006,2026-09-03T07:00:00,R006,8,1.45,23.8,IoT
SENS_R007,2026-09-03T07:00:00,R007,5,1.32,23.55,IoT
SENS_R008,2026-09-03T07:00:00,R008,33,1.83,25.78,IoT
SENS_R009,2026-09-03T07:00:00,R009,13,2.0,25.15,IoT
SENS_R010,2026-09-03T07:00:00,R010,7,0.81,23.99,IoT
SENS_R011,2026-09-03T07:00:00,R011,25,1.53,24.36,IoT
SENS_R012,2026-09-03T07:00:00,R012,19,1.53,24.65,IoT
SENS_R013,2026-09-03T07:00:00,R013,33,1.32,23.27,IoT
SENS_R014,2026-09-03T07:00:00,R014,14,1.77,24.42,IoT
SENS_R015,2026-09-03T07:00:00,R015,10,1.25,24.59,IoT
SENS_R016,2026-09-03T07:00:00,R016,14,1.18,23.97,IoT
SENS_R017,2026-09-03T07:00:00,R017,7,1.26,23.65,IoT
SENS_R018,2026-09-03T07:00:00,R018,28,1.49,22.63,IoT
SENS_R019,2026-09-03T07:00:00,R019,16,1.68,23.93,IoT
SENS_R020,2026-09-03T07:00:00,R020,5,1.13,24.2,IoT
SENS_R021,2026-09-03T07:00:00,R021,2,1.0,23.2,IoT
SENS_R022,2026-09-03T07:00:00,R022,26,1.95,24.12,IoT
SENS_R023,2026-09-03T07:00:00,R023,4,1.43,23.6,IoT
SENS_R024,2026-09-03T07:00:00,R024,7,1.5,25.87,IoT
SENS_R025,2026-09-03T07:00:00,R025,23,1.76,26.19,IoT
SENS_R026,2026-09-03T07:00:00,R026,3,1.14,24.1,IoT
SENS_R027,2026-09-03T07:00:00,R027,10,0.9,23.13,IoT
SENS_R028,2026-09-03T07:00:00,R028,5,1.47,24.58,IoT
SENS_R029,2026-09-03T07:00:00,R029,46,2.08,24.62,IoT
SENS_R030,2026-09-03T07:00:00,R030,17,1.52,24.03,IoT
SENS_R001,2026-09-03T08:00:00,R001,40,3.9,25.41,IoT
SENS_R002,2026-09-03T08:00:00,R002,80,3.04,26.8,IoT
SENS_R003,2026-09-03T08:00:00,R003,70,2.85,24.68,IoT
SENS_R004,2026-09-03T08:00:00,R004,74,3.34,26.25,IoT
SENS_R005,2026-09-03T08:00:00,R005,82,3.56,25.61,IoT
SENS_R006,2026-09-03T08:00:00,R006,35,3.57,26.03,IoT
SENS_R007,2026-09-03T08:00:00,R007,30,3.61,25.89,IoT
SENS_R008,2026-09-03T08:00:00,R008,33,2.15,24.59,IoT
SENS_R009,2026-09-03T08:00:00,R009,22,2.26,25.7,IoT
SENS_R010,2026-09-03T08:00:00,R010,29,2.08,25.6,IoT
SENS_R011,2026-09-03T08:00:00,R011,32,2.16,23.96,IoT
SENS_R012,2026-09-03T08:00:00,R012,30,2.24,24.95,IoT
SENS_R013,2026-09-03T08:00:00,R013,121,3.54,26.02,IoT
SENS_R014,2026-09-03T08:00:00,R014,26,2.45,24.62,IoT
SENS_R015,2026-09-03T08:00:00,R015,19,2.62,25.14,IoT
SENS_R016,2026-09-03T08:00:00,R016,66,3.67,26.29,IoT
SENS_R017,2026-09-03T08:00:00,R017,29,1.92,24.89,IoT
SENS_R018,2026-09-03T08:00:00,R018,60,2.76,24.95,IoT
SENS_R019,2026-09-03T08:00:00,R019,36,2.57,24.7,IoT
SENS_R020,2026-09-03T08:00:00,R020,29,2.47,24.56,IoT
SENS_R021,2026-09-03T08:00:00,R021,35,2.82,24.98,IoT
SENS_R022,2026-09-03T08:00:00,R022,25,2.26,23.91,IoT
SENS_R023,2026-09-03T08:00:00,R023,19,2.07,25.8,IoT
SENS_R024,2026-09-03T08:00:00,R024,27,2.49,25.17,IoT
SENS_R025,2026-09-03T08:00:00,R025,43,2.12,24.16,IoT
SENS_R026,2026-09-03T08:00:00,R026,18,1.75,23.75,IoT
SENS_R027,2026-09-03T08:00:00,R027,122,3.82,25.66,IoT
SENS_R028,2026-09-03T08:00:00,R028,17,2.13,24.88,IoT
SENS_R029,2026-09-03T08:00:00,R029,75,2.44,25.41,IoT
SENS_R030,2026-09-03T08:00:00,R030,35,2.44,24.97,IoT
SENS_R001,2026-09-03T09:00:00,R001,13,1.95,24.2,IoT
SENS_R002,2026-09-03T09:00:00,R002,84,3.14,26.64,IoT
SENS_R003,2026-09-03T09:00:00,R003,37,2.05,23.9,IoT
SENS_R004,2026-09-03T09:00:00,R004,67,3.02,24.94,IoT
SENS_R005,2026-09-03T09:00:00,R005,46,2.68,26.02,IoT
SENS_R006,2026-09-03T09:00:00,R006,29,3.28,27.19,IoT
SENS_R007,2026-09-03T09:00:00,R007,26,3.11,26.96,IoT
SENS_R008,2026-09-03T09:00:00,R008,54,2.51,23.9,IoT
SENS_R009,2026-09-03T09:00:00,R009,30,2.67,25.46,IoT
SENS_R010,2026-09-03T09:00:00,R010,66,4.53,26.69,IoT
SENS_R011,2026-09-03T09:00:00,R011,53,2.94,25.59,IoT
SENS_R012,2026-09-03T09:00:00,R012,37,1.85,23.56,IoT
SENS_R013,2026-09-03T09:00:00,R013,91,2.94,24.29,IoT
SENS_R014,2026-09-03T09:00:00,R014,40,3.5,25.95,IoT
SENS_R015,2026-09-03T09:00:00,R015,30,3.57,25.69,IoT
SENS_R016,2026-09-03T09:00:00,R016,51,2.83,25.09,IoT
SENS_R017,2026-09-03T09:00:00,R017,31,2.63,25.45,IoT
SENS_R018,2026-09-03T09:00:00,R018,54,2.74,24.46,IoT
SENS_R019,2026-09-03T09:00:00,R019,45,3.2,26.79,IoT
SENS_R020,2026-09-03T09:00:00,R020,30,2.61,23.86,IoT
SENS_R021,2026-09-03T09:00:00,R021,40,2.55,25.15,IoT
SENS_R022,2026-09-03T09:00:00,R022,36,2.59,24.44,IoT
SENS_R023,2026-09-03T09:00:00,R023,23,2.58,23.9,IoT
SENS_R024,2026-09-03T09:00:00,R024,43,3.39,24.98,IoT
SENS_R025,2026-09-03T09:00:00,R025,79,3.0,26.1,IoT
SENS_R026,2026-09-03T09:00:00,R026,27,2.44,25.59,IoT
SENS_R027,2026-09-03T09:00:00,R027,63,2.29,24.76,IoT
SENS_R028,2026-09-03T09:00:00,R028,24,2.64,26.29,IoT
SENS_R029,2026-09-03T09:00:00,R029,91,2.82,24.89,IoT
SENS_R030,2026-09-03T09:00:00,R030,60,3.38,26.17,IoT
SENS_R001,2026-09-03T10:00:00,R001,21,2.48,24.66,IoT
SENS_R002,2026-09-03T10:00:00,R002,24,1.99,24.72,IoT
SENS_R003,2026-09-03T10:00:00,R003,141,5.21,28.71,IoT
SENS_R004,2026-09-03T10:00:00,R004,32,1.78,24.21,IoT
SENS_R005,2026-09-03T10:00:00,R005,39,2.55,25.15,IoT
SENS_R006,2026-09-03T10:00:00,R006,27,2.87,26.38,IoT
SENS_R007,2026-09-03T10:00:00,R007,18,2.37,24.91,IoT
SENS_R008,2026-09-03T10:00:00,R008,84,4.1,25.34,IoT
SENS_R009,2026-09-03T10:00:00,R009,21,1.79,24.02,IoT
SENS_R010,2026-09-03T10:00:00,R010,25,1.85,24.57,IoT
SENS_R011,2026-09-03T10:00:00,R011,43,2.23,23.7,IoT
SENS_R012,2026-09-03T10:00:00,R012,18,1.61,23.24,IoT
SENS_R013,2026-09-03T10:00:00,R013,78,2.65,24.13,IoT
SENS_R014,2026-09-03T10:00:00,R014,17,2.24,26.08,IoT
SENS_R015,2026-09-03T10:00:00,R015,19,2.63,24.93,IoT
SENS_R016,2026-09-03T10:00:00,R016,63,3.47,24.99,IoT
SENS_R017,2026-09-03T10:00:00,R017,82,4.63,26.54,IoT
SENS_R018,2026-09-03T10:00:00,R018,68,3.09,26.06,IoT
SENS_R019,2026-09-03T10:00:00,R019,18,1.6,23.52,IoT
SENS_R020,2026-09-03T10:00:00,R020,42,2.99,25.53,IoT
SENS_R021,2026-09-03T10:00:00,R021,32,2.32,26.09,IoT
SENS_R022,2026-09-03T10:00:00,R022,50,3.27,25.73,IoT
SENS_R023,2026-09-03T10:00:00,R023,24,2.74,25.31,IoT
SENS_R024,2026-09-03T10:00:00,R024,41,2.6,25.37,IoT
SENS_R025,2026-09-03T10:00:00,R025,41,2.02,25.0,IoT
SENS_R026,2026-09-03T10:00:00,R026,38,3.79,25.11,IoT
SENS_R027,2026-09-03T10:00:00,R027,62,1.97,23.47,IoT
SENS_R028,2026-09-03T10:00:00,R028,14,1.63,22.29,IoT
SENS_R029,2026-09-03T10:00:00,R029,95,3.38,25.23,IoT
SENS_R030,2026-09-03T10:00:00,R030,46,2.74,26.65,IoT
SENS_R001,2026-09-03T11:00:00,R001,20,2.55,24.15,IoT
SENS_R002,2026-09-03T11:00:00,R002,54,2.24,24.13,IoT
SENS_R003,2026-09-03T11:00:00,R003,141,5.42,26.82,IoT
SENS_R004,2026-09-03T11:00:00,R004,90,3.61,26.47,IoT
SENS_R005,2026-09-03T11:00:00,R005,63,2.88,25.0,IoT
SENS_R006,2026-09-03T11:00:00,R006,44,4.1,24.78,IoT
SENS_R007,2026-09-03T11:00:00,R007,30,2.94,25.62,IoT
SENS_R008,2026-09-03T11:00:00,R008,27,1.7,24.31,IoT
SENS_R009,2026-09-03T11:00:00,R009,25,2.46,24.05,IoT
SENS_R010,2026-09-03T11:00:00,R010,48,3.38,26.8,IoT
SENS_R011,2026-09-03T11:00:00,R011,32,2.08,25.56,IoT
SENS_R012,2026-09-03T11:00:00,R012,53,3.1,26.11,IoT
SENS_R013,2026-09-03T11:00:00,R013,90,3.0,25.95,IoT
SENS_R014,2026-09-03T11:00:00,R014,22,2.26,25.26,IoT
SENS_R015,2026-09-03T11:00:00,R015,30,3.18,25.16,IoT
SENS_R016,2026-09-03T11:00:00,R016,58,3.57,25.91,IoT
SENS_R017,2026-09-03T11:00:00,R017,82,4.5,26.3,IoT
SENS_R018,2026-09-03T11:00:00,R018,60,2.92,24.51,IoT
SENS_R019,2026-09-03T11:00:00,R019,47,3.1,26.36,IoT
SENS_R020,2026-09-03T11:00:00,R020,31,2.25,25.31,IoT
SENS_R021,2026-09-03T11:00:00,R021,26,2.73,25.34,IoT
SENS_R022,2026-09-03T11:00:00,R022,48,3.27,27.23,IoT
SENS_R023,2026-09-03T11:00:00,R023,25,2.83,26.48,IoT
SENS_R024,2026-09-03T11:00:00,R024,45,3.39,26.41,IoT
SENS_R025,2026-09-03T11:00:00,R025,48,2.26,23.74,IoT
SENS_R026,2026-09-03T11:00:00,R026,46,4.45,26.84,IoT
SENS_R027,2026-09-03T11:00:00,R027,88,3.18,26.1,IoT
SENS_R028,2026-09-03T11:00:00,R028,13,1.35,24.16,IoT
SENS_R029,2026-09-03T11:00:00,R029,99,3.26,25.92,IoT
SENS_R030,2026-09-03T11:00:00,R030,49,3.11,25.14,IoT
SENS_R001,2026-09-03T12:00:00,R001,20,2.93,25.75,IoT
SENS_R002,2026-09-03T12:00:00,R002,58,2.5,23.46,IoT
SENS_R003,2026-09-03T12:00:00,R003,141,4.76,27.47,IoT
SENS_R004,2026-09-03T12:00:00,R004,75,3.5,25.46,IoT
SENS_R005,2026-09-03T12:00:00,R005,86,3.82,25.24,IoT
SENS_R006,2026-09-03T12:00:00,R006,40,3.96,25.36,IoT
SENS_R007,2026-09-03T12:00:00,R007,23,2.7,26.34,IoT
SENS_R008,2026-09-03T12:00:00,R008,43,2.47,23.76,IoT
SENS_R009,2026-09-03T12:00:00,R009,40,3.26,25.44,IoT
SENS_R010,2026-09-03T12:00:00,R010,37,2.54,24.04,IoT
SENS_R011,2026-09-03T12:00:00,R011,53,2.69,24.48,IoT
SENS_R012,2026-09-03T12:00:00,R012,33,1.78,24.86,IoT
SENS_R013,2026-09-03T12:00:00,R013,97,3.74,26.27,IoT
SENS_R014,2026-09-03T12:00:00,R014,28,2.76,24.36,IoT
SENS_R015,2026-09-03T12:00:00,R015,17,2.67,25.42,IoT
SENS_R016,2026-09-03T12:00:00,R016,56,3.54,25.29,IoT
SENS_R017,2026-09-03T12:00:00,R017,82,5.18,27.3,IoT
SENS_R018,2026-09-03T12:00:00,R018,60,3.01,26.84,IoT
SENS_R019,2026-09-03T12:00:00,R019,49,3.39,24.04,IoT
SENS_R020,2026-09-03T12:00:00,R020,34,3.05,26.42,IoT
SENS_R021,2026-09-03T12:00:00,R021,34,2.72,24.59,IoT
SENS_R022,2026-09-03T12:00:00,R022,44,2.98,25.71,IoT
SENS_R023,2026-09-03T12:00:00,R023,15,1.82,24.38,IoT
SENS_R024,2026-09-03T12:00:00,R024,40,2.66,25.96,IoT
SENS_R025,2026-09-03T12:00:00,R025,66,2.34,24.01,IoT
SENS_R026,2026-09-03T12:00:00,R026,28,2.76,24.16,IoT
SENS_R027,2026-09-03T12:00:00,R027,55,2.02,24.18,IoT
SENS_R028,2026-09-03T12:00:00,R028,32,2.68,24.1,IoT
SENS_R029,2026-09-03T12:00:00,R029,119,3.63,25.89,IoT
SENS_R030,2026-09-03T12:00:00,R030,62,3.62,24.81,IoT
SENS_R001,2026-09-03T13:00:00,R001,34,3.97,25.23,IoT
SENS_R002,2026-09-03T13:00:00,R002,64,2.75,25.51,IoT
SENS_R003,2026-09-03T13:00:00,R003,73,2.89,26.88,IoT
SENS_R004,2026-09-03T13:00:00,R004,46,2.38,24.6,IoT
SENS_R005,2026-09-03T13:00:00,R005,69,3.1,24.69,IoT
SENS_R006,2026-09-03T13:00:00,R006,25,2.68,26.61,IoT
SENS_R007,2026-09-03T13:00:00,R007,26,2.95,25.63,IoT
SENS_R008,2026-09-03T13:00:00,R008,77,3.26,24.14,IoT
SENS_R009,2026-09-03T13:00:00,R009,34,3.09,25.11,IoT
SENS_R010,2026-09-03T13:00:00,R010,35,2.8,23.93,IoT
SENS_R011,2026-09-03T13:00:00,R011,36,2.52,24.97,IoT
SENS_R012,2026-09-03T13:00:00,R012,55,2.89,25.37,IoT
SENS_R013,2026-09-03T13:00:00,R013,97,2.83,26.75,IoT
SENS_R014,2026-09-03T13:00:00,R014,19,2.22,23.93,IoT
SENS_R015,2026-09-03T13:00:00,R015,22,2.75,25.15,IoT
SENS_R016,2026-09-03T13:00:00,R016,47,3.02,24.45,IoT
SENS_R017,2026-09-03T13:00:00,R017,31,2.23,24.54,IoT
SENS_R018,2026-09-03T13:00:00,R018,54,2.59,24.14,IoT
SENS_R019,2026-09-03T13:00:00,R019,60,3.85,27.73,IoT
SENS_R020,2026-09-03T13:00:00,R020,37,2.98,26.09,IoT
SENS_R021,2026-09-03T13:00:00,R021,60,3.55,24.89,IoT
SENS_R022,2026-09-03T13:00:00,R022,29,2.05,25.44,IoT
SENS_R023,2026-09-03T13:00:00,R023,33,2.93,26.14,IoT
SENS_R024,2026-09-03T13:00:00,R024,50,3.51,26.09,IoT
SENS_R025,2026-09-03T13:00:00,R025,76,3.11,26.2,IoT
SENS_R026,2026-09-03T13:00:00,R026,44,3.26,25.22,IoT
SENS_R027,2026-09-03T13:00:00,R027,102,2.9,24.96,IoT
SENS_R028,2026-09-03T13:00:00,R028,35,3.15,25.02,IoT
SENS_R029,2026-09-03T13:00:00,R029,52,2.32,26.15,IoT
SENS_R030,2026-09-03T13:00:00,R030,55,3.19,24.66,IoT
SENS_R001,2026-09-03T14:00:00,R001,28,3.0,25.88,IoT
SENS_R002,2026-09-03T14:00:00,R002,83,3.04,25.94,IoT
SENS_R003,2026-09-03T14:00:00,R003,61,2.38,23.87,IoT
SENS_R004,2026-09-03T14:00:00,R004,47,2.24,23.96,IoT
SENS_R005,2026-09-03T14:00:00,R005,59,2.93,25.19,IoT
SENS_R006,2026-09-03T14:00:00,R006,25,2.86,23.95,IoT
SENS_R007,2026-09-03T14:00:00,R007,27,3.14,25.08,IoT
SENS_R008,2026-09-03T14:00:00,R008,70,3.03,25.37,IoT
SENS_R009,2026-09-03T14:00:00,R009,20,1.89,24.59,IoT
SENS_R010,2026-09-03T14:00:00,R010,41,3.48,24.93,IoT
SENS_R011,2026-09-03T14:00:00,R011,62,2.89,26.14,IoT
SENS_R012,2026-09-03T14:00:00,R012,19,1.98,24.8,IoT
SENS_R013,2026-09-03T14:00:00,R013,64,1.98,23.34,IoT
SENS_R014,2026-09-03T14:00:00,R014,42,3.5,26.03,IoT
SENS_R015,2026-09-03T14:00:00,R015,27,2.95,24.87,IoT
SENS_R016,2026-09-03T14:00:00,R016,42,2.78,24.74,IoT
SENS_R017,2026-09-03T14:00:00,R017,47,2.74,24.97,IoT
SENS_R018,2026-09-03T14:00:00,R018,33,2.12,23.98,IoT
SENS_R019,2026-09-03T14:00:00,R019,43,2.6,23.33,IoT
SENS_R020,2026-09-03T14:00:00,R020,47,3.69,27.01,IoT
SENS_R021,2026-09-03T14:00:00,R021,46,3.32,26.1,IoT
SENS_R022,2026-09-03T14:00:00,R022,33,2.8,24.77,IoT
SENS_R023,2026-09-03T14:00:00,R023,24,3.08,24.94,IoT
SENS_R024,2026-09-03T14:00:00,R024,23,2.03,23.85,IoT
SENS_R025,2026-09-03T14:00:00,R025,63,2.35,24.53,IoT
SENS_R026,2026-09-03T14:00:00,R026,42,3.75,26.4,IoT
SENS_R027,2026-09-03T14:00:00,R027,52,2.02,24.12,IoT
SENS_R028,2026-09-03T14:00:00,R028,43,3.99,27.81,IoT
SENS_R029,2026-09-03T14:00:00,R029,76,2.55,25.75,IoT
SENS_R030,2026-09-03T14:00:00,R030,61,3.36,25.32,IoT
SENS_R001,2026-09-03T15:00:00,R001,19,2.84,25.26,IoT
SENS_R002,2026-09-03T15:00:00,R002,104,3.92,25.94,IoT
SENS_R003,2026-09-03T15:00:00,R003,68,2.77,23.76,IoT
SENS_R004,2026-09-03T15:00:00,R004,86,3.9,26.49,IoT
SENS_R005,2026-09-03T15:00:00,R005,79,3.64,26.96,IoT
SENS_R006,2026-09-03T15:00:00,R006,35,3.39,25.54,IoT
SENS_R007,2026-09-03T15:00:00,R007,17,2.27,24.9,IoT
SENS_R008,2026-09-03T15:00:00,R008,81,3.61,26.76,IoT
SENS_R009,2026-09-03T15:00:00,R009,46,3.56,25.72,IoT
SENS_R010,2026-09-03T15:00:00,R010,44,2.84,24.57,IoT
SENS_R011,2026-09-03T15:00:00,R011,34,1.99,24.0,IoT
SENS_R012,2026-09-03T15:00:00,R012,47,3.15,24.12,IoT
SENS_R013,2026-09-03T15:00:00,R013,86,2.7,25.61,IoT
SENS_R014,2026-09-03T15:00:00,R014,34,3.16,26.87,IoT
SENS_R015,2026-09-03T15:00:00,R015,29,3.51,24.51,IoT
SENS_R016,2026-09-03T15:00:00,R016,49,2.94,25.49,IoT
SENS_R017,2026-09-03T15:00:00,R017,34,2.19,25.48,IoT
SENS_R018,2026-09-03T15:00:00,R018,80,3.85,25.48,IoT
SENS_R019,2026-09-03T15:00:00,R019,38,2.93,24.61,IoT
SENS_R020,2026-09-03T15:00:00,R020,47,3.54,26.6,IoT
SENS_R021,2026-09-03T15:00:00,R021,50,3.18,25.81,IoT
SENS_R022,2026-09-03T15:00:00,R022,26,2.28,25.43,IoT
SENS_R023,2026-09-03T15:00:00,R023,17,2.41,23.91,IoT
SENS_R024,2026-09-03T15:00:00,R024,53,3.25,25.48,IoT
SENS_R025,2026-09-03T15:00:00,R025,61,2.43,25.44,IoT
SENS_R026,2026-09-03T15:00:00,R026,39,4.01,25.89,IoT
SENS_R027,2026-09-03T15:00:00,R027,117,3.72,27.16,IoT
SENS_R028,2026-09-03T15:00:00,R028,41,3.79,26.93,IoT
SENS_R029,2026-09-03T15:00:00,R029,65,2.63,24.86,IoT
SENS_R030,2026-09-03T15:00:00,R030,31,1.97,25.11,IoT
SENS_R001,2026-09-03T16:00:00,R001,32,3.91,25.8,IoT
SENS_R002,2026-09-03T16:00:00,R002,51,2.37,25.58,IoT
SENS_R003,2026-09-03T16:00:00,R003,81,2.72,24.28,IoT
SENS_R004,2026-09-03T16:00:00,R004,64,3.18,24.58,IoT
SENS_R005,2026-09-03T16:00:00,R005,77,3.6,24.62,IoT
SENS_R006,2026-09-03T16:00:00,R006,24,2.34,25.79,IoT
SENS_R007,2026-09-03T16:00:00,R007,23,3.13,25.33,IoT
SENS_R008,2026-09-03T16:00:00,R008,51,2.24,24.82,IoT
SENS_R009,2026-09-03T16:00:00,R009,32,2.67,25.01,IoT
SENS_R010,2026-09-03T16:00:00,R010,32,2.4,25.41,IoT
SENS_R011,2026-09-03T16:00:00,R011,52,2.75,24.75,IoT
SENS_R012,2026-09-03T16:00:00,R012,52,3.08,26.18,IoT
SENS_R013,2026-09-03T16:00:00,R013,100,3.12,23.31,IoT
SENS_R014,2026-09-03T16:00:00,R014,29,2.9,25.66,IoT
SENS_R015,2026-09-03T16:00:00,R015,12,1.94,24.56,IoT
SENS_R016,2026-09-03T16:00:00,R016,41,2.38,23.95,IoT
SENS_R017,2026-09-03T16:00:00,R017,34,2.11,25.6,IoT
SENS_R018,2026-09-03T16:00:00,R018,74,3.98,25.49,IoT
SENS_R019,2026-09-03T16:00:00,R019,30,2.2,24.29,IoT
SENS_R020,2026-09-03T16:00:00,R020,27,2.25,26.63,IoT
SENS_R021,2026-09-03T16:00:00,R021,40,2.79,25.37,IoT
SENS_R022,2026-09-03T16:00:00,R022,37,2.45,24.64,IoT
SENS_R023,2026-09-03T16:00:00,R023,33,3.84,25.32,IoT
SENS_R024,2026-09-03T16:00:00,R024,21,1.65,23.76,IoT
SENS_R025,2026-09-03T16:00:00,R025,71,2.77,24.62,IoT
SENS_R026,2026-09-03T16:00:00,R026,30,2.71,24.1,IoT
SENS_R027,2026-09-03T16:00:00,R027,80,3.01,25.49,IoT
SENS_R028,2026-09-03T16:00:00,R028,31,3.15,26.31,IoT
SENS_R029,2026-09-03T16:00:00,R029,67,2.39,24.74,IoT
SENS_R030,2026-09-03T16:00:00,R030,58,3.6,25.84,IoT
SENS_R001,2026-09-03T17:00:00,R001,35,4.34,27.62,IoT
SENS_R002,2026-09-03T17:00:00,R002,67,2.66,24.84,IoT
SENS_R003,2026-09-03T17:00:00,R003,103,4.24,25.84,IoT
SENS_R004,2026-09-03T17:00:00,R004,59,3.32,25.41,IoT
SENS_R005,2026-09-03T17:00:00,R005,66,3.27,24.98,IoT
SENS_R006,2026-09-03T17:00:00,R006,21,2.55,25.06,IoT
SENS_R007,2026-09-03T17:00:00,R007,18,2.36,24.85,IoT
SENS_R008,2026-09-03T17:00:00,R008,67,2.65,26.14,IoT
SENS_R009,2026-09-03T17:00:00,R009,41,3.05,26.23,IoT
SENS_R010,2026-09-03T17:00:00,R010,46,2.86,24.23,IoT
SENS_R011,2026-09-03T17:00:00,R011,92,3.9,27.62,IoT
SENS_R012,2026-09-03T17:00:00,R012,49,3.0,24.74,IoT
SENS_R013,2026-09-03T17:00:00,R013,62,2.19,24.07,IoT
SENS_R014,2026-09-03T17:00:00,R014,35,3.09,24.71,IoT
SENS_R015,2026-09-03T17:00:00,R015,27,3.23,25.29,IoT
SENS_R016,2026-09-03T17:00:00,R016,26,1.77,24.45,IoT
SENS_R017,2026-09-03T17:00:00,R017,40,2.14,24.76,IoT
SENS_R018,2026-09-03T17:00:00,R018,38,1.76,25.06,IoT
SENS_R019,2026-09-03T17:00:00,R019,46,3.13,25.72,IoT
SENS_R020,2026-09-03T17:00:00,R020,36,3.11,24.34,IoT
SENS_R021,2026-09-03T17:00:00,R021,51,3.29,24.58,IoT
SENS_R022,2026-09-03T17:00:00,R022,39,2.85,26.11,IoT
SENS_R023,2026-09-03T17:00:00,R023,17,2.24,23.34,IoT
SENS_R024,2026-09-03T17:00:00,R024,59,3.57,27.29,IoT
SENS_R025,2026-09-03T17:00:00,R025,54,2.04,23.75,IoT
SENS_R026,2026-09-03T17:00:00,R026,29,3.24,25.81,IoT
SENS_R027,2026-09-03T17:00:00,R027,92,3.23,24.55,IoT
SENS_R028,2026-09-03T17:00:00,R028,28,3.36,26.53,IoT
SENS_R029,2026-09-03T17:00:00,R029,59,2.31,24.14,IoT
SENS_R030,2026-09-03T17:00:00,R030,29,2.07,24.35,IoT
SENS_R001,2026-09-03T18:00:00,R001,8,2.05,25.02,IoT
SENS_R002,2026-09-03T18:00:00,R002,22,1.49,23.45,IoT
SENS_R003,2026-09-03T18:00:00,R003,10,1.12,25.06,IoT
SENS_R004,2026-09-03T18:00:00,R004,29,1.73,24.21,IoT
SENS_R005,2026-09-03T18:00:00,R005,33,2.02,25.19,IoT
SENS_R006,2026-09-03T18:00:00,R006,7,1.69,24.99,IoT
SENS_R007,2026-09-03T18:00:00,R007,5,1.06,24.68,IoT
SENS_R008,2026-09-03T18:00:00,R008,6,1.0,23.44,IoT
SENS_R009,2026-09-03T18:00:00,R009,20,1.78,24.61,IoT
SENS_R010,2026-09-03T18:00:00,R010,20,1.61,24.77,IoT
SENS_R011,2026-09-03T18:00:00,R011,21,1.72,24.92,IoT
SENS_R012,2026-09-03T18:00:00,R012,12,1.33,24.01,IoT
SENS_R013,2026-09-03T18:00:00,R013,26,0.96,22.88,IoT
SENS_R014,2026-09-03T18:00:00,R014,6,1.17,23.25,IoT
SENS_R015,2026-09-03T18:00:00,R015,7,0.71,23.0,IoT
SENS_R016,2026-09-03T18:00:00,R016,29,2.07,26.47,IoT
SENS_R017,2026-09-03T18:00:00,R017,10,1.36,24.35,IoT
SENS_R018,2026-09-03T18:00:00,R018,9,0.97,22.81,IoT
SENS_R019,2026-09-03T18:00:00,R019,22,2.22,26.38,IoT
SENS_R020,2026-09-03T18:00:00,R020,12,1.52,24.99,IoT
SENS_R021,2026-09-03T18:00:00,R021,24,1.64,23.9,IoT
SENS_R022,2026-09-03T18:00:00,R022,11,1.76,24.18,IoT
SENS_R023,2026-09-03T18:00:00,R023,9,1.55,24.21,IoT
SENS_R024,2026-09-03T18:00:00,R024,15,1.76,25.44,IoT
SENS_R025,2026-09-03T18:00:00,R025,8,1.2,23.58,IoT
SENS_R026,2026-09-03T18:00:00,R026,10,1.09,22.92,IoT
SENS_R027,2026-09-03T18:00:00,R027,32,1.4,24.82,IoT
SENS_R028,2026-09-03T18:00:00,R028,2,1.25,23.55,IoT
SENS_R029,2026-09-03T18:00:00,R029,34,1.59,24.43,IoT
SENS_R030,2026-09-03T18:00:00,R030,20,2.02,23.82,IoT
SENS_R001,2026-09-03T19:00:00,R001,10,1.38,24.18,IoT
SENS_R002,2026-09-03T19:00:00,R002,23,0.74,22.7,IoT
SENS_R003,2026-09-03T19:00:00,R003,30,2.02,26.55,IoT
SENS_R004,2026-09-03T19:00:00,R004,31,1.6,23.63,IoT
SENS_R005,2026-09-03T19:00:00,R005,29,1.75,23.19,IoT
SENS_R006,2026-09-03T19:00:00,R006,12,1.6,24.84,IoT
SENS_R007,2026-09-03T19:00:00,R007,0,0.57,21.86,IoT
SENS_R008,2026-09-03T19:00:00,R008,42,2.19,25.0,IoT
SENS_R009,2026-09-03T19:00:00,R009,12,1.2,23.62,IoT
SENS_R010,2026-09-03T19:00:00,R010,8,1.26,23.44,IoT
SENS_R011,2026-09-03T19:00:00,R011,27,2.02,25.37,IoT
SENS_R012,2026-09-03T19:00:00,R012,17,1.99,24.54,IoT
SENS_R013,2026-09-03T19:00:00,R013,35,1.64,24.44,IoT
SENS_R014,2026-09-03T19:00:00,R014,13,2.02,23.94,IoT
SENS_R015,2026-09-03T19:00:00,R015,11,1.99,24.37,IoT
SENS_R016,2026-09-03T19:00:00,R016,6,0.68,23.7,IoT
SENS_R017,2026-09-03T19:00:00,R017,14,1.75,23.49,IoT
SENS_R018,2026-09-03T19:00:00,R018,31,2.12,25.57,IoT
SENS_R019,2026-09-03T19:00:00,R019,0,0.72,23.68,IoT
SENS_R020,2026-09-03T19:00:00,R020,10,1.69,24.85,IoT
SENS_R021,2026-09-03T19:00:00,R021,4,1.01,24.45,IoT
SENS_R022,2026-09-03T19:00:00,R022,16,1.35,24.15,IoT
SENS_R023,2026-09-03T19:00:00,R023,6,1.43,23.78,IoT
SENS_R024,2026-09-03T19:00:00,R024,10,1.31,23.27,IoT
SENS_R025,2026-09-03T19:00:00,R025,9,1.07,23.99,IoT
SENS_R026,2026-09-03T19:00:00,R026,8,1.64,24.75,IoT
SENS_R027,2026-09-03T19:00:00,R027,46,1.55,25.28,IoT
SENS_R028,2026-09-03T19:00:00,R028,21,2.81,25.31,IoT
SENS_R029,2026-09-03T19:00:00,R029,17,1.74,24.94,IoT
SENS_R030,2026-09-03T19:00:00,R030,20,1.7,25.16,IoT
SENS_R001,2026-09-03T20:00:00,R001,5,1.35,23.4,IoT
SENS_R002,2026-09-03T20:00:00,R002,18,0.97,23.56,IoT
SENS_R003,2026-09-03T20:00:00,R003,27,1.16,24.59,IoT
SENS_R004,2026-09-03T20:00:00,R004,17,1.36,24.03,IoT
SENS_R005,2026-09-03T20:00:00,R005,23,1.73,24.49,IoT
SENS_R006,2026-09-03T20:00:00,R006,8,1.42,23.58,IoT
SENS_R007,2026-09-03T20:00:00,R007,3,1.03,23.95,IoT
SENS_R008,2026-09-03T20:00:00,R008,6,1.1,24.33,IoT
SENS_R009,2026-09-03T20:00:00,R009,12,1.51,23.17,IoT
SENS_R010,2026-09-03T20:00:00,R010,7,0.82,24.83,IoT
SENS_R011,2026-09-03T20:00:00,R011,22,1.87,22.61,IoT
SENS_R012,2026-09-03T20:00:00,R012,2,0.67,22.85,IoT
SENS_R013,2026-09-03T20:00:00,R013,16,1.36,23.41,IoT
SENS_R014,2026-09-03T20:00:00,R014,19,2.68,24.54,IoT
SENS_R015,2026-09-03T20:00:00,R015,13,1.93,25.18,IoT
SENS_R016,2026-09-03T20:00:00,R016,18,1.66,24.26,IoT
SENS_R017,2026-09-03T20:00:00,R017,11,1.03,23.44,IoT
SENS_R018,2026-09-03T20:00:00,R018,39,2.32,24.6,IoT
SENS_R019,2026-09-03T20:00:00,R019,12,1.07,23.46,IoT
SENS_R020,2026-09-03T20:00:00,R020,7,0.97,23.54,IoT
SENS_R021,2026-09-03T20:00:00,R021,8,1.0,23.68,IoT
SENS_R022,2026-09-03T20:00:00,R022,21,1.8,25.14,IoT
SENS_R023,2026-09-03T20:00:00,R023,14,2.11,25.09,IoT
SENS_R024,2026-09-03T20:00:00,R024,14,1.41,24.43,IoT
SENS_R025,2026-09-03T20:00:00,R025,30,2.04,25.03,IoT
SENS_R026,2026-09-03T20:00:00,R026,7,1.33,25.52,IoT
SENS_R027,2026-09-03T20:00:00,R027,18,1.1,24.09,IoT
SENS_R028,2026-09-03T20:00:00,R028,0,0.84,23.69,IoT
SENS_R029,2026-09-03T20:00:00,R029,27,1.16,22.89,IoT
SENS_R030,2026-09-03T20:00:00,R030,28,1.91,24.76,IoT
SENS_R001,2026-09-03T21:00:00,R001,5,1.48,24.16,IoT
SENS_R002,2026-09-03T21:00:00,R002,22,2.0,25.46,IoT
SENS_R003,2026-09-03T21:00:00,R003,21,1.58,24.5,IoT
SENS_R004,2026-09-03T21:00:00,R004,27,1.99,24.34,IoT
SENS_R005,2026-09-03T21:00:00,R005,24,1.61,24.53,IoT
SENS_R006,2026-09-03T21:00:00,R006,6,1.0,23.46,IoT
SENS_R007,2026-09-03T21:00:00,R007,10,1.62,24.81,IoT
SENS_R008,2026-09-03T21:00:00,R008,30,1.74,25.36,IoT
SENS_R009,2026-09-03T21:00:00,R009,5,0.95,24.2,IoT
SENS_R010,2026-09-03T21:00:00,R010,20,1.89,25.69,IoT
SENS_R011,2026-09-03T21:00:00,R011,22,2.09,24.0,IoT
SENS_R012,2026-09-03T21:00:00,R012,22,1.65,25.13,IoT
SENS_R013,2026-09-03T21:00:00,R013,13,1.06,22.51,IoT
SENS_R014,2026-09-03T21:00:00,R014,18,1.86,23.74,IoT
SENS_R015,2026-09-03T21:00:00,R015,6,1.32,23.38,IoT
SENS_R016,2026-09-03T21:00:00,R016,17,1.31,23.64,IoT
SENS_R017,2026-09-03T21:00:00,R017,28,2.33,25.27,IoT
SENS_R018,2026-09-03T21:00:00,R018,30,1.78,23.51,IoT
SENS_R019,2026-09-03T21:00:00,R019,14,1.27,23.72,IoT
SENS_R020,2026-09-03T21:00:00,R020,6,0.95,24.4,IoT
SENS_R021,2026-09-03T21:00:00,R021,25,2.83,24.79,IoT
SENS_R022,2026-09-03T21:00:00,R022,9,1.51,23.03,IoT
SENS_R023,2026-09-03T21:00:00,R023,2,0.93,25.31,IoT
SENS_R024,2026-09-03T21:00:00,R024,16,1.73,24.69,IoT
SENS_R025,2026-09-03T21:00:00,R025,28,1.43,24.86,IoT
SENS_R026,2026-09-03T21:00:00,R026,11,1.65,23.96,IoT
SENS_R027,2026-09-03T21:00:00,R027,35,1.56,23.72,IoT
SENS_R028,2026-09-03T21:00:00,R028,13,1.93,27.31,IoT
SENS_R029,2026-09-03T21:00:00,R029,21,1.28,24.54,IoT
SENS_R030,2026-09-03T21:00:00,R030,18,1.71,24.81,IoT
SENS_R001,2026-09-04T06:00:00,R001,6,0.97,24.66,IoT
SENS_R002,2026-09-04T06:00:00,R002,44,1.73,25.5,IoT
SENS_R003,2026-09-04T06:00:00,R003,37,1.87,25.36,IoT
SENS_R004,2026-09-04T06:00:00,R004,32,1.64,23.44,IoT
SENS_R005,2026-09-04T06:00:00,R005,13,1.03,23.67,IoT
SENS_R006,2026-09-04T06:00:00,R006,10,1.75,25.32,IoT
SENS_R007,2026-09-04T06:00:00,R007,4,1.47,24.86,IoT
SENS_R008,2026-09-04T06:00:00,R008,3,0.76,23.85,IoT
SENS_R009,2026-09-04T06:00:00,R009,13,1.65,24.9,IoT
SENS_R010,2026-09-04T06:00:00,R010,10,1.58,24.04,IoT
SENS_R011,2026-09-04T06:00:00,R011,20,1.38,23.86,IoT
SENS_R012,2026-09-04T06:00:00,R012,17,1.63,23.43,IoT
SENS_R013,2026-09-04T06:00:00,R013,25,1.53,23.68,IoT
SENS_R014,2026-09-04T06:00:00,R014,8,1.07,25.28,IoT
SENS_R015,2026-09-04T06:00:00,R015,5,1.44,23.83,IoT
SENS_R016,2026-09-04T06:00:00,R016,18,1.51,24.02,IoT
SENS_R017,2026-09-04T06:00:00,R017,20,1.81,24.64,IoT
SENS_R018,2026-09-04T06:00:00,R018,32,1.76,24.81,IoT
SENS_R019,2026-09-04T06:00:00,R019,8,1.13,23.45,IoT
SENS_R020,2026-09-04T06:00:00,R020,12,1.9,24.46,IoT
SENS_R021,2026-09-04T06:00:00,R021,4,1.19,24.58,IoT
SENS_R022,2026-09-04T06:00:00,R022,18,1.73,24.69,IoT
SENS_R023,2026-09-04T06:00:00,R023,15,1.48,24.1,IoT
SENS_R024,2026-09-04T06:00:00,R024,18,1.53,24.61,IoT
SENS_R025,2026-09-04T06:00:00,R025,22,1.68,23.95,IoT
SENS_R026,2026-09-04T06:00:00,R026,13,1.59,24.72,IoT
SENS_R027,2026-09-04T06:00:00,R027,45,1.74,24.99,IoT
SENS_R028,2026-09-04T06:00:00,R028,13,1.75,23.99,IoT
SENS_R029,2026-09-04T06:00:00,R029,11,1.05,23.62,IoT
SENS_R030,2026-09-04T06:00:00,R030,20,1.57,23.01,IoT
SENS_R001,2026-09-04T07:00:00,R001,2,0.93,23.75,IoT
SENS_R002,2026-09-04T07:00:00,R002,17,0.9,24.28,IoT
SENS_R003,2026-09-04T07:00:00,R003,19,1.49,24.95,IoT
SENS_R004,2026-09-04T07:00:00,R004,9,1.1,23.86,IoT
SENS_R005,2026-09-04T07:00:00,R005,26,1.73,24.27,IoT
SENS_R006,2026-09-04T07:00:00,R006,0,0.76,23.11,IoT
SENS_R007,2026-09-04T07:00:00,R007,11,2.11,24.56,IoT
SENS_R008,2026-09-04T07:00:00,R008,35,2.51,24.44,IoT
SENS_R009,2026-09-04T07:00:00,R009,6,1.53,23.79,IoT
SENS_R010,2026-09-04T07:00:00,R010,17,1.44,24.38,IoT
SENS_R011,2026-09-04T07:00:00,R011,14,1.19,23.76,IoT
SENS_R012,2026-09-04T07:00:00,R012,28,2.41,24.78,IoT
SENS_R013,2026-09-04T07:00:00,R013,32,1.22,24.08,IoT
SENS_R014,2026-09-04T07:00:00,R014,10,1.35,26.79,IoT
SENS_R015,2026-09-04T07:00:00,R015,9,1.56,26.02,IoT
SENS_R016,2026-09-04T07:00:00,R016,24,2.25,25.08,IoT
SENS_R017,2026-09-04T07:00:00,R017,12,1.42,24.01,IoT
SENS_R018,2026-09-04T07:00:00,R018,22,1.46,23.04,IoT
SENS_R019,2026-09-04T07:00:00,R019,16,1.16,24.74,IoT
SENS_R020,2026-09-04T07:00:00,R020,13,1.85,25.43,IoT
SENS_R021,2026-09-04T07:00:00,R021,33,2.44,25.73,IoT
SENS_R022,2026-09-04T07:00:00,R022,7,1.32,24.9,IoT
SENS_R023,2026-09-04T07:00:00,R023,12,2.18,23.76,IoT
SENS_R024,2026-09-04T07:00:00,R024,8,1.28,23.75,IoT
SENS_R025,2026-09-04T07:00:00,R025,39,1.73,24.11,IoT
SENS_R026,2026-09-04T07:00:00,R026,8,1.46,24.18,IoT
SENS_R027,2026-09-04T07:00:00,R027,31,1.17,24.41,IoT
SENS_R028,2026-09-04T07:00:00,R028,19,2.41,26.43,IoT
SENS_R029,2026-09-04T07:00:00,R029,33,1.95,24.34,IoT
SENS_R030,2026-09-04T07:00:00,R030,5,0.86,23.7,IoT
SENS_R001,2026-09-04T08:00:00,R001,30,3.28,25.07,IoT
SENS_R002,2026-09-04T08:00:00,R002,90,3.42,24.5,IoT
SENS_R003,2026-09-04T08:00:00,R003,59,2.23,24.7,IoT
SENS_R004,2026-09-04T08:00:00,R004,42,2.44,24.83,IoT
SENS_R005,2026-09-04T08:00:00,R005,71,3.01,25.15,IoT
SENS_R006,2026-09-04T08:00:00,R006,20,1.74,23.94,IoT
SENS_R007,2026-09-04T08:00:00,R007,13,1.69,24.24,IoT
SENS_R008,2026-09-04T08:00:00,R008,36,2.01,23.38,IoT
SENS_R009,2026-09-04T08:00:00,R009,28,2.28,24.19,IoT
SENS_R010,2026-09-04T08:00:00,R010,41,3.19,25.41,IoT
SENS_R011,2026-09-04T08:00:00,R011,89,4.16,26.17,IoT
SENS_R012,2026-09-04T08:00:00,R012,55,3.09,26.23,IoT
SENS_R013,2026-09-04T08:00:00,R013,87,2.78,26.6,IoT
SENS_R014,2026-09-04T08:00:00,R014,26,2.85,24.61,IoT
SENS_R015,2026-09-04T08:00:00,R015,30,3.73,24.74,IoT
SENS_R016,2026-09-04T08:00:00,R016,45,2.9,26.7,IoT
SENS_R017,2026-09-04T08:00:00,R017,25,1.74,24.11,IoT
SENS_R018,2026-09-04T08:00:00,R018,40,2.42,25.34,IoT
SENS_R019,2026-09-04T08:00:00,R019,24,1.8,24.81,IoT
SENS_R020,2026-09-04T08:00:00,R020,30,2.27,25.11,IoT
SENS_R021,2026-09-04T08:00:00,R021,55,3.37,26.73,IoT
SENS_R022,2026-09-04T08:00:00,R022,49,3.07,25.88,IoT
SENS_R023,2026-09-04T08:00:00,R023,25,3.17,25.06,IoT
SENS_R024,2026-09-04T08:00:00,R024,55,3.68,26.74,IoT
SENS_R025,2026-09-04T08:00:00,R025,85,3.53,25.86,IoT
SENS_R026,2026-09-04T08:00:00,R026,24,2.03,24.43,IoT
SENS_R027,2026-09-04T08:00:00,R027,96,3.17,25.01,IoT
SENS_R028,2026-09-04T08:00:00,R028,21,2.49,25.33,IoT
SENS_R029,2026-09-04T08:00:00,R029,46,2.0,24.91,IoT
SENS_R030,2026-09-04T08:00:00,R030,36,2.34,25.16,IoT
SENS_R001,2026-09-04T09:00:00,R001,31,3.07,24.26,IoT
SENS_R002,2026-09-04T09:00:00,R002,27,1.74,22.96,IoT
SENS_R003,2026-09-04T09:00:00,R003,35,1.56,24.8,IoT
SENS_R004,2026-09-04T09:00:00,R004,44,2.16,24.68,IoT
SENS_R005,2026-09-04T09:00:00,R005,58,2.76,25.25,IoT
SENS_R006,2026-09-04T09:00:00,R006,23,2.6,25.15,IoT
SENS_R007,2026-09-04T09:00:00,R007,16,2.36,24.43,IoT
SENS_R008,2026-09-04T09:00:00,R008,87,3.94,26.61,IoT
SENS_R009,2026-09-04T09:00:00,R009,46,3.55,25.93,IoT
SENS_R010,2026-09-04T09:00:00,R010,58,3.66,24.94,IoT
SENS_R011,2026-09-04T09:00:00,R011,69,3.33,27.92,IoT
SENS_R012,2026-09-04T09:00:00,R012,44,2.71,25.47,IoT
SENS_R013,2026-09-04T09:00:00,R013,62,1.95,24.06,IoT
SENS_R014,2026-09-04T09:00:00,R014,26,2.93,25.79,IoT
SENS_R015,2026-09-04T09:00:00,R015,25,3.37,24.37,IoT
SENS_R016,2026-09-04T09:00:00,R016,62,3.61,25.59,IoT
SENS_R017,2026-09-04T09:00:00,R017,40,3.12,25.43,IoT
SENS_R018,2026-09-04T09:00:00,R018,50,2.33,25.7,IoT
SENS_R019,2026-09-04T09:00:00,R019,41,2.68,26.83,IoT
SENS_R020,2026-09-04T09:00:00,R020,40,2.87,26.39,IoT
SENS_R021,2026-09-04T09:00:00,R021,52,2.66,25.25,IoT
SENS_R022,2026-09-04T09:00:00,R022,58,3.92,26.2,IoT
SENS_R023,2026-09-04T09:00:00,R023,29,3.65,25.62,IoT
SENS_R024,2026-09-04T09:00:00,R024,48,3.45,25.08,IoT
SENS_R025,2026-09-04T09:00:00,R025,99,3.56,25.72,IoT
SENS_R026,2026-09-04T09:00:00,R026,36,3.72,25.98,IoT
SENS_R027,2026-09-04T09:00:00,R027,65,2.62,26.39,IoT
SENS_R028,2026-09-04T09:00:00,R028,38,3.67,23.93,IoT
SENS_R029,2026-09-04T09:00:00,R029,84,2.09,24.26,IoT
SENS_R030,2026-09-04T09:00:00,R030,41,2.25,24.66,IoT
SENS_R001,2026-09-04T10:00:00,R001,31,3.04,25.73,IoT
SENS_R002,2026-09-04T10:00:00,R002,37,1.92,25.56,IoT
SENS_R003,2026-09-04T10:00:00,R003,76,2.82,25.42,IoT
SENS_R004,2026-09-04T10:00:00,R004,62,2.82,25.84,IoT
SENS_R005,2026-09-04T10:00:00,R005,66,3.06,25.2,IoT
SENS_R006,2026-09-04T10:00:00,R006,39,3.47,23.25,IoT
SENS_R007,2026-09-04T10:00:00,R007,22,2.7,24.63,IoT
SENS_R008,2026-09-04T10:00:00,R008,54,2.69,24.73,IoT
SENS_R009,2026-09-04T10:00:00,R009,34,2.85,24.34,IoT
SENS_R010,2026-09-04T10:00:00,R010,42,2.31,24.68,IoT
SENS_R011,2026-09-04T10:00:00,R011,41,2.07,24.94,IoT
SENS_R012,2026-09-04T10:00:00,R012,50,3.25,27.07,IoT
SENS_R013,2026-09-04T10:00:00,R013,65,2.07,23.65,IoT
SENS_R014,2026-09-04T10:00:00,R014,21,2.12,24.24,IoT
SENS_R015,2026-09-04T10:00:00,R015,24,3.01,24.84,IoT
SENS_R016,2026-09-04T10:00:00,R016,43,3.26,26.93,IoT
SENS_R017,2026-09-04T10:00:00,R017,29,2.5,25.01,IoT
SENS_R018,2026-09-04T10:00:00,R018,81,3.78,28.06,IoT
SENS_R019,2026-09-04T10:00:00,R019,59,3.84,26.25,IoT
SENS_R020,2026-09-04T10:00:00,R020,51,4.17,25.67,IoT
SENS_R021,2026-09-04T10:00:00,R021,27,2.01,24.49,IoT
SENS_R022,2026-09-04T10:00:00,R022,53,3.8,25.06,IoT
SENS_R023,2026-09-04T10:00:00,R023,29,3.1,25.16,IoT
SENS_R024,2026-09-04T10:00:00,R024,44,3.3,24.04,IoT
SENS_R025,2026-09-04T10:00:00,R025,101,3.77,26.9,IoT
SENS_R026,2026-09-04T10:00:00,R026,20,2.13,24.37,IoT
SENS_R027,2026-09-04T10:00:00,R027,77,2.65,25.06,IoT
SENS_R028,2026-09-04T10:00:00,R028,22,2.47,25.77,IoT
SENS_R029,2026-09-04T10:00:00,R029,118,3.92,26.57,IoT
SENS_R030,2026-09-04T10:00:00,R030,55,3.42,25.64,IoT
SENS_R001,2026-09-04T11:00:00,R001,15,2.21,23.82,IoT
SENS_R002,2026-09-04T11:00:00,R002,94,4.03,26.8,IoT
SENS_R003,2026-09-04T11:00:00,R003,63,2.37,25.08,IoT
SENS_R004,2026-09-04T11:00:00,R004,49,2.49,26.11,IoT
SENS_R005,2026-09-04T11:00:00,R005,48,2.26,24.82,IoT
SENS_R006,2026-09-04T11:00:00,R006,29,3.24,26.28,IoT
SENS_R007,2026-09-04T11:00:00,R007,35,3.49,25.48,IoT
SENS_R008,2026-09-04T11:00:00,R008,78,3.53,24.93,IoT
SENS_R009,2026-09-04T11:00:00,R009,20,1.78,24.07,IoT
SENS_R010,2026-09-04T11:00:00,R010,48,3.0,25.16,IoT
SENS_R011,2026-09-04T11:00:00,R011,53,2.35,24.08,IoT
SENS_R012,2026-09-04T11:00:00,R012,53,2.86,25.86,IoT
SENS_R013,2026-09-04T11:00:00,R013,106,3.02,25.15,IoT
SENS_R014,2026-09-04T11:00:00,R014,20,2.34,24.94,IoT
SENS_R015,2026-09-04T11:00:00,R015,12,1.75,24.44,IoT
SENS_R016,2026-09-04T11:00:00,R016,20,1.58,24.49,IoT
SENS_R017,2026-09-04T11:00:00,R017,20,1.55,23.37,IoT
SENS_R018,2026-09-04T11:00:00,R018,25,1.92,23.48,IoT
SENS_R019,2026-09-04T11:00:00,R019,44,3.04,25.09,IoT
SENS_R020,2026-09-04T11:00:00,R020,47,3.35,24.88,IoT
SENS_R021,2026-09-04T11:00:00,R021,39,3.0,24.25,IoT
SENS_R022,2026-09-04T11:00:00,R022,26,2.15,23.26,IoT
SENS_R023,2026-09-04T11:00:00,R023,16,2.21,24.68,IoT
SENS_R024,2026-09-04T11:00:00,R024,41,2.74,23.67,IoT
SENS_R025,2026-09-04T11:00:00,R025,59,2.58,24.89,IoT
SENS_R026,2026-09-04T11:00:00,R026,31,3.05,26.81,IoT
SENS_R027,2026-09-04T11:00:00,R027,80,2.86,26.09,IoT
SENS_R028,2026-09-04T11:00:00,R028,43,3.9,27.83,IoT
SENS_R029,2026-09-04T11:00:00,R029,100,3.38,25.34,IoT
SENS_R030,2026-09-04T11:00:00,R030,34,2.75,24.16,IoT
SENS_R001,2026-09-04T12:00:00,R001,16,2.09,25.44,IoT
SENS_R002,2026-09-04T12:00:00,R002,57,2.2,24.7,IoT
SENS_R003,2026-09-04T12:00:00,R003,51,2.26,24.24,IoT
SENS_R004,2026-09-04T12:00:00,R004,86,3.61,26.93,IoT
SENS_R005,2026-09-04T12:00:00,R005,33,1.77,24.46,IoT
SENS_R006,2026-09-04T12:00:00,R006,23,2.63,26.38,IoT
SENS_R007,2026-09-04T12:00:00,R007,28,3.29,26.32,IoT
SENS_R008,2026-09-04T12:00:00,R008,47,2.91,25.74,IoT
SENS_R009,2026-09-04T12:00:00,R009,23,2.11,24.5,IoT
SENS_R010,2026-09-04T12:00:00,R010,23,2.19,25.26,IoT
SENS_R011,2026-09-04T12:00:00,R011,55,2.85,24.88,IoT
SENS_R012,2026-09-04T12:00:00,R012,45,2.85,24.72,IoT
SENS_R013,2026-09-04T12:00:00,R013,67,2.67,25.02,IoT
SENS_R014,2026-09-04T12:00:00,R014,20,2.28,24.96,IoT
SENS_R015,2026-09-04T12:00:00,R015,30,3.77,25.66,IoT
SENS_R016,2026-09-04T12:00:00,R016,47,2.87,23.42,IoT
SENS_R017,2026-09-04T12:00:00,R017,57,3.78,24.52,IoT
SENS_R018,2026-09-04T12:00:00,R018,49,2.25,24.61,IoT
SENS_R019,2026-09-04T12:00:00,R019,29,2.25,23.32,IoT
SENS_R020,2026-09-04T12:00:00,R020,48,3.27,24.83,IoT
SENS_R021,2026-09-04T12:00:00,R021,40,2.33,25.48,IoT
SENS_R022,2026-09-04T12:00:00,R022,43,2.46,24.59,IoT
SENS_R023,2026-09-04T12:00:00,R023,18,2.24,24.27,IoT
SENS_R024,2026-09-04T12:00:00,R024,48,3.17,26.37,IoT
SENS_R025,2026-09-04T12:00:00,R025,59,2.28,25.3,IoT
SENS_R026,2026-09-04T12:00:00,R026,36,3.74,26.2,IoT
SENS_R027,2026-09-04T12:00:00,R027,71,2.51,23.73,IoT
SENS_R028,2026-09-04T12:00:00,R028,18,2.04,24.79,IoT
SENS_R029,2026-09-04T12:00:00,R029,62,2.57,24.63,IoT
SENS_R030,2026-09-04T12:00:00,R030,51,3.05,24.49,IoT
SENS_R001,2026-09-04T13:00:00,R001,21,2.88,26.02,IoT
SENS_R002,2026-09-04T13:00:00,R002,63,2.1,25.2,IoT
SENS_R003,2026-09-04T13:00:00,R003,75,2.95,24.93,IoT
SENS_R004,2026-09-04T13:00:00,R004,59,3.06,25.94,IoT
SENS_R005,2026-09-04T13:00:00,R005,68,3.16,24.27,IoT
SENS_R006,2026-09-04T13:00:00,R006,12,1.75,23.77,IoT
SENS_R007,2026-09-04T13:00:00,R007,18,2.32,24.2,IoT
SENS_R008,2026-09-04T13:00:00,R008,40,2.28,24.31,IoT
SENS_R009,2026-09-04T13:00:00,R009,33,2.17,26.5,IoT
SENS_R010,2026-09-04T13:00:00,R010,51,3.02,25.07,IoT
SENS_R011,2026-09-04T13:00:00,R011,45,2.38,25.76,IoT
SENS_R012,2026-09-04T13:00:00,R012,34,2.81,24.67,IoT
SENS_R013,2026-09-04T13:00:00,R013,79,2.78,23.74,IoT
SENS_R014,2026-09-04T13:00:00,R014,40,3.29,26.46,IoT
SENS_R015,2026-09-04T13:00:00,R015,21,2.48,24.43,IoT
SENS_R016,2026-09-04T13:00:00,R016,33,2.55,25.6,IoT
SENS_R017,2026-09-04T13:00:00,R017,39,3.27,24.85,IoT
SENS_R018,2026-09-04T13:00:00,R018,46,2.43,24.97,IoT
SENS_R019,2026-09-04T13:00:00,R019,19,1.83,24.87,IoT
SENS_R020,2026-09-04T13:00:00,R020,38,3.28,26.2,IoT
SENS_R021,2026-09-04T13:00:00,R021,32,2.5,24.43,IoT
SENS_R022,2026-09-04T13:00:00,R022,66,4.16,27.67,IoT
SENS_R023,2026-09-04T13:00:00,R023,30,3.3,24.95,IoT
SENS_R024,2026-09-04T13:00:00,R024,53,3.4,25.13,IoT
SENS_R025,2026-09-04T13:00:00,R025,87,3.18,24.17,IoT
SENS_R026,2026-09-04T13:00:00,R026,19,2.12,24.28,IoT
SENS_R027,2026-09-04T13:00:00,R027,118,3.75,25.23,IoT
SENS_R028,2026-09-04T13:00:00,R028,19,2.01,24.16,IoT
SENS_R029,2026-09-04T13:00:00,R029,80,3.09,24.88,IoT
SENS_R030,2026-09-04T13:00:00,R030,43,2.82,24.67,IoT
SENS_R001,2026-09-04T14:00:00,R001,36,4.35,26.72,IoT
SENS_R002,2026-09-04T14:00:00,R002,81,3.12,25.0,IoT
SENS_R003,2026-09-04T14:00:00,R003,63,2.73,25.91,IoT
SENS_R004,2026-09-04T14:00:00,R004,69,3.02,24.96,IoT
SENS_R005,2026-09-04T14:00:00,R005,68,3.09,25.6,IoT
SENS_R006,2026-09-04T14:00:00,R006,24,2.38,25.64,IoT
SENS_R007,2026-09-04T14:00:00,R007,16,2.48,26.72,IoT
SENS_R008,2026-09-04T14:00:00,R008,34,2.12,23.23,IoT
SENS_R009,2026-09-04T14:00:00,R009,25,2.2,24.22,IoT
SENS_R010,2026-09-04T14:00:00,R010,42,2.81,25.16,IoT
SENS_R011,2026-09-04T14:00:00,R011,97,4.09,24.16,IoT
SENS_R012,2026-09-04T14:00:00,R012,51,3.26,25.02,IoT
SENS_R013,2026-09-04T14:00:00,R013,66,2.62,25.19,IoT
SENS_R014,2026-09-04T14:00:00,R014,30,3.03,25.62,IoT
SENS_R015,2026-09-04T14:00:00,R015,18,2.42,24.56,IoT
SENS_R016,2026-09-04T14:00:00,R016,39,2.38,24.53,IoT
SENS_R017,2026-09-04T14:00:00,R017,49,3.09,26.19,IoT
SENS_R018,2026-09-04T14:00:00,R018,84,3.96,25.7,IoT
SENS_R019,2026-09-04T14:00:00,R019,41,3.01,24.84,IoT
SENS_R020,2026-09-04T14:00:00,R020,23,1.96,24.38,IoT
SENS_R021,2026-09-04T14:00:00,R021,48,3.13,25.71,IoT
SENS_R022,2026-09-04T14:00:00,R022,44,3.0,24.1,IoT
SENS_R023,2026-09-04T14:00:00,R023,26,3.35,24.98,IoT
SENS_R024,2026-09-04T14:00:00,R024,32,2.42,23.79,IoT
SENS_R025,2026-09-04T14:00:00,R025,76,2.56,25.63,IoT
SENS_R026,2026-09-04T14:00:00,R026,25,2.84,25.87,IoT
SENS_R027,2026-09-04T14:00:00,R027,72,3.07,24.53,IoT
SENS_R028,2026-09-04T14:00:00,R028,45,3.93,26.13,IoT
SENS_R029,2026-09-04T14:00:00,R029,57,2.2,24.06,IoT
SENS_R030,2026-09-04T14:00:00,R030,62,3.98,25.98,IoT
SENS_R001,2026-09-04T15:00:00,R001,26,3.05,26.09,IoT
SENS_R002,2026-09-04T15:00:00,R002,89,3.57,25.28,IoT
SENS_R003,2026-09-04T15:00:00,R003,45,1.81,24.24,IoT
SENS_R004,2026-09-04T15:00:00,R004,55,2.59,26.35,IoT
SENS_R005,2026-09-04T15:00:00,R005,85,4.3,27.18,IoT
SENS_R006,2026-09-04T15:00:00,R006,13,1.66,23.1,IoT
SENS_R007,2026-09-04T15:00:00,R007,15,1.79,24.55,IoT
SENS_R008,2026-09-04T15:00:00,R008,43,2.23,25.09,IoT
SENS_R009,2026-09-04T15:00:00,R009,42,2.99,24.88,IoT
SENS_R010,2026-09-04T15:00:00,R010,38,2.78,24.73,IoT
SENS_R011,2026-09-04T15:00:00,R011,29,1.74,23.78,IoT
SENS_R012,2026-09-04T15:00:00,R012,46,2.75,26.04,IoT
SENS_R013,2026-09-04T15:00:00,R013,105,2.98,25.82,IoT
SENS_R014,2026-09-04T15:00:00,R014,21,2.03,24.49,IoT
SENS_R015,2026-09-04T15:00:00,R015,14,2.34,25.6,IoT
SENS_R016,2026-09-04T15:00:00,R016,54,3.17,26.23,IoT
SENS_R017,2026-09-04T15:00:00,R017,47,2.88,26.99,IoT
SENS_R018,2026-09-04T15:00:00,R018,41,1.95,24.96,IoT
SENS_R019,2026-09-04T15:00:00,R019,28,2.56,25.92,IoT
SENS_R020,2026-09-04T15:00:00,R020,28,2.13,24.4,IoT
SENS_R021,2026-09-04T15:00:00,R021,27,1.96,24.03,IoT
SENS_R022,2026-09-04T15:00:00,R022,49,3.13,25.7,IoT
SENS_R023,2026-09-04T15:00:00,R023,31,3.65,25.23,IoT
SENS_R024,2026-09-04T15:00:00,R024,51,3.42,25.36,IoT
SENS_R025,2026-09-04T15:00:00,R025,64,2.52,24.77,IoT
SENS_R026,2026-09-04T15:00:00,R026,45,3.91,25.37,IoT
SENS_R027,2026-09-04T15:00:00,R027,69,2.37,24.39,IoT
SENS_R028,2026-09-04T15:00:00,R028,33,3.27,25.79,IoT
SENS_R029,2026-09-04T15:00:00,R029,66,1.83,24.44,IoT
SENS_R030,2026-09-04T15:00:00,R030,71,3.82,25.38,IoT
SENS_R001,2026-09-04T16:00:00,R001,32,3.35,24.09,IoT
SENS_R002,2026-09-04T16:00:00,R002,48,2.17,25.08,IoT
SENS_R003,2026-09-04T16:00:00,R003,61,2.72,25.84,IoT
SENS_R004,2026-09-04T16:00:00,R004,69,3.29,25.82,IoT
SENS_R005,2026-09-04T16:00:00,R005,49,2.4,24.69,IoT
SENS_R006,2026-09-04T16:00:00,R006,14,1.95,23.91,IoT
SENS_R007,2026-09-04T16:00:00,R007,25,3.16,24.74,IoT
SENS_R008,2026-09-04T16:00:00,R008,37,2.22,24.26,IoT
SENS_R009,2026-09-04T16:00:00,R009,22,1.87,25.96,IoT
SENS_R010,2026-09-04T16:00:00,R010,51,3.41,26.18,IoT
SENS_R011,2026-09-04T16:00:00,R011,48,2.52,25.16,IoT
SENS_R012,2026-09-04T16:00:00,R012,59,3.35,24.34,IoT
SENS_R013,2026-09-04T16:00:00,R013,119,3.71,26.33,IoT
SENS_R014,2026-09-04T16:00:00,R014,23,2.49,26.01,IoT
SENS_R015,2026-09-04T16:00:00,R015,16,2.05,24.05,IoT
SENS_R016,2026-09-04T16:00:00,R016,50,3.11,25.38,IoT
SENS_R017,2026-09-04T16:00:00,R017,30,2.31,25.93,IoT
SENS_R018,2026-09-04T16:00:00,R018,39,2.41,24.0,IoT
SENS_R019,2026-09-04T16:00:00,R019,45,3.08,25.97,IoT
SENS_R020,2026-09-04T16:00:00,R020,33,2.75,24.53,IoT
SENS_R021,2026-09-04T16:00:00,R021,48,3.24,25.12,IoT
SENS_R022,2026-09-04T16:00:00,R022,43,2.8,25.46,IoT
SENS_R023,2026-09-04T16:00:00,R023,14,2.45,25.45,IoT
SENS_R024,2026-09-04T16:00:00,R024,59,3.76,27.34,IoT
SENS_R025,2026-09-04T16:00:00,R025,78,2.54,25.32,IoT
SENS_R026,2026-09-04T16:00:00,R026,33,3.06,26.48,IoT
SENS_R027,2026-09-04T16:00:00,R027,117,3.31,26.51,IoT
SENS_R028,2026-09-04T16:00:00,R028,35,2.96,26.56,IoT
SENS_R029,2026-09-04T16:00:00,R029,37,1.34,21.53,IoT
SENS_R030,2026-09-04T16:00:00,R030,75,3.7,26.79,IoT
SENS_R001,2026-09-04T17:00:00,R001,23,3.08,25.84,IoT
SENS_R002,2026-09-04T17:00:00,R002,89,3.63,25.71,IoT
SENS_R003,2026-09-04T17:00:00,R003,39,1.88,24.29,IoT
SENS_R004,2026-09-04T17:00:00,R004,94,3.99,26.38,IoT
SENS_R005,2026-09-04T17:00:00,R005,48,2.66,25.1,IoT
SENS_R006,2026-09-04T17:00:00,R006,27,2.48,24.61,IoT
SENS_R007,2026-09-04T17:00:00,R007,22,2.0,25.5,IoT
SENS_R008,2026-09-04T17:00:00,R008,51,2.61,24.24,IoT
SENS_R009,2026-09-04T17:00:00,R009,30,2.57,25.6,IoT
SENS_R010,2026-09-04T17:00:00,R010,35,2.34,23.18,IoT
SENS_R011,2026-09-04T17:00:00,R011,34,1.71,23.35,IoT
SENS_R012,2026-09-04T17:00:00,R012,51,2.93,25.86,IoT
SENS_R013,2026-09-04T17:00:00,R013,64,2.57,24.18,IoT
SENS_R014,2026-09-04T17:00:00,R014,43,3.48,25.83,IoT
SENS_R015,2026-09-04T17:00:00,R015,22,2.67,25.42,IoT
SENS_R016,2026-09-04T17:00:00,R016,59,3.63,24.97,IoT
SENS_R017,2026-09-04T17:00:00,R017,32,2.52,26.07,IoT
SENS_R018,2026-09-04T17:00:00,R018,99,4.19,26.85,IoT
SENS_R019,2026-09-04T17:00:00,R019,51,3.16,25.91,IoT
SENS_R020,2026-09-04T17:00:00,R020,43,3.32,26.71,IoT
SENS_R021,2026-09-04T17:00:00,R021,45,3.38,26.47,IoT
SENS_R022,2026-09-04T17:00:00,R022,42,2.59,24.64,IoT
SENS_R023,2026-09-04T17:00:00,R023,14,1.62,23.24,IoT
SENS_R024,2026-09-04T17:00:00,R024,42,2.76,24.52,IoT
SENS_R025,2026-09-04T17:00:00,R025,40,2.06,26.56,IoT
SENS_R026,2026-09-04T17:00:00,R026,20,1.86,25.35,IoT
SENS_R027,2026-09-04T17:00:00,R027,106,3.24,25.27,IoT
SENS_R028,2026-09-04T17:00:00,R028,23,2.24,24.8,IoT
SENS_R029,2026-09-04T17:00:00,R029,54,2.42,25.38,IoT
SENS_R030,2026-09-04T17:00:00,R030,45,2.86,23.39,IoT
SENS_R001,2026-09-04T18:00:00,R001,8,1.15,22.96,IoT
SENS_R002,2026-09-04T18:00:00,R002,48,2.24,24.7,IoT
SENS_R003,2026-09-04T18:00:00,R003,27,1.44,24.57,IoT
SENS_R004,2026-09-04T18:00:00,R004,19,1.55,24.54,IoT
SENS_R005,2026-09-04T18:00:00,R005,4,1.01,22.76,IoT
SENS_R006,2026-09-04T18:00:00,R006,10,1.54,23.44,IoT
SENS_R007,2026-09-04T18:00:00,R007,5,1.21,24.41,IoT
SENS_R008,2026-09-04T18:00:00,R008,16,1.43,23.73,IoT
SENS_R009,2026-09-04T18:00:00,R009,12,1.38,25.38,IoT
SENS_R010,2026-09-04T18:00:00,R010,8,1.34,23.08,IoT
SENS_R011,2026-09-04T18:00:00,R011,23,1.6,23.22,IoT
SENS_R012,2026-09-04T18:00:00,R012,12,1.18,23.45,IoT
SENS_R013,2026-09-04T18:00:00,R013,19,1.33,23.5,IoT
SENS_R014,2026-09-04T18:00:00,R014,13,2.04,25.2,IoT
SENS_R015,2026-09-04T18:00:00,R015,2,0.5,24.31,IoT
SENS_R016,2026-09-04T18:00:00,R016,31,2.06,24.51,IoT
SENS_R017,2026-09-04T18:00:00,R017,8,1.26,24.0,IoT
SENS_R018,2026-09-04T18:00:00,R018,18,1.26,23.83,IoT
SENS_R019,2026-09-04T18:00:00,R019,5,1.14,24.15,IoT
SENS_R020,2026-09-04T18:00:00,R020,20,2.18,25.97,IoT
SENS_R021,2026-09-04T18:00:00,R021,18,2.03,25.53,IoT
SENS_R022,2026-09-04T18:00:00,R022,6,0.77,22.84,IoT
SENS_R023,2026-09-04T18:00:00,R023,8,1.5,23.67,IoT
SENS_R024,2026-09-04T18:00:00,R024,12,1.57,24.16,IoT
SENS_R025,2026-09-04T18:00:00,R025,36,1.6,24.73,IoT
SENS_R026,2026-09-04T18:00:00,R026,11,1.76,24.24,IoT
SENS_R027,2026-09-04T18:00:00,R027,30,1.41,25.59,IoT
SENS_R028,2026-09-04T18:00:00,R028,12,1.6,23.96,IoT
SENS_R029,2026-09-04T18:00:00,R029,13,1.34,24.44,IoT
SENS_R030,2026-09-04T18:00:00,R030,29,2.85,25.88,IoT
SENS_R001,2026-09-04T19:00:00,R001,7,1.63,24.74,IoT
SENS_R002,2026-09-04T19:00:00,R002,49,1.88,23.91,IoT
SENS_R003,2026-09-04T19:00:00,R003,27,1.64,24.4,IoT
SENS_R004,2026-09-04T19:00:00,R004,29,1.5,22.7,IoT
SENS_R005,2026-09-04T19:00:00,R005,34,2.29,25.07,IoT
SENS_R006,2026-09-04T19:00:00,R006,10,1.27,24.43,IoT
SENS_R007,2026-09-04T19:00:00,R007,8,2.32,23.33,IoT
SENS_R008,2026-09-04T19:00:00,R008,3,1.22,24.47,IoT
SENS_R009,2026-09-04T19:00:00,R009,4,1.0,24.19,IoT
SENS_R010,2026-09-04T19:00:00,R010,13,1.54,25.13,IoT
SENS_R011,2026-09-04T19:00:00,R011,15,1.17,24.83,IoT
SENS_R012,2026-09-04T19:00:00,R012,20,1.85,24.47,IoT
SENS_R013,2026-09-04T19:00:00,R013,28,1.11,24.44,IoT
SENS_R014,2026-09-04T19:00:00,R014,13,1.57,23.44,IoT
SENS_R015,2026-09-04T19:00:00,R015,12,1.71,24.07,IoT
SENS_R016,2026-09-04T19:00:00,R016,13,1.58,24.52,IoT
SENS_R017,2026-09-04T19:00:00,R017,16,1.92,23.23,IoT
SENS_R018,2026-09-04T19:00:00,R018,27,2.13,25.79,IoT
SENS_R019,2026-09-04T19:00:00,R019,23,2.26,25.51,IoT
SENS_R020,2026-09-04T19:00:00,R020,20,2.31,22.4,IoT
SENS_R021,2026-09-04T19:00:00,R021,12,0.91,24.09,IoT
SENS_R022,2026-09-04T19:00:00,R022,5,1.34,23.65,IoT
SENS_R023,2026-09-04T19:00:00,R023,7,1.38,24.49,IoT
SENS_R024,2026-09-04T19:00:00,R024,15,1.21,24.25,IoT
SENS_R025,2026-09-04T19:00:00,R025,18,1.81,23.44,IoT
SENS_R026,2026-09-04T19:00:00,R026,7,1.45,23.92,IoT
SENS_R027,2026-09-04T19:00:00,R027,38,1.83,23.84,IoT
SENS_R028,2026-09-04T19:00:00,R028,9,1.53,23.83,IoT
SENS_R029,2026-09-04T19:00:00,R029,20,0.66,22.84,IoT
SENS_R030,2026-09-04T19:00:00,R030,11,1.14,23.4,IoT
SENS_R001,2026-09-04T20:00:00,R001,10,1.54,23.58,IoT
SENS_R002,2026-09-04T20:00:00,R002,22,1.59,24.27,IoT
SENS_R003,2026-09-04T20:00:00,R003,11,1.27,24.46,IoT
SENS_R004,2026-09-04T20:00:00,R004,7,1.02,23.49,IoT
SENS_R005,2026-09-04T20:00:00,R005,21,1.41,24.85,IoT
SENS_R006,2026-09-04T20:00:00,R006,9,1.59,24.16,IoT
SENS_R007,2026-09-04T20:00:00,R007,4,0.71,23.13,IoT
SENS_R008,2026-09-04T20:00:00,R008,21,1.69,24.35,IoT
SENS_R009,2026-09-04T20:00:00,R009,16,1.7,22.67,IoT
SENS_R010,2026-09-04T20:00:00,R010,2,0.76,23.12,IoT
SENS_R011,2026-09-04T20:00:00,R011,32,2.28,25.32,IoT
SENS_R012,2026-09-04T20:00:00,R012,25,1.61,23.66,IoT
SENS_R013,2026-09-04T20:00:00,R013,18,1.42,23.75,IoT
SENS_R014,2026-09-04T20:00:00,R014,6,1.15,24.94,IoT
SENS_R015,2026-09-04T20:00:00,R015,15,2.13,24.98,IoT
SENS_R016,2026-09-04T20:00:00,R016,14,1.12,23.29,IoT
SENS_R017,2026-09-04T20:00:00,R017,5,0.84,23.98,IoT
SENS_R018,2026-09-04T20:00:00,R018,12,1.03,24.27,IoT
SENS_R019,2026-09-04T20:00:00,R019,16,1.56,24.68,IoT
SENS_R020,2026-09-04T20:00:00,R020,12,1.12,24.31,IoT
SENS_R021,2026-09-04T20:00:00,R021,11,1.25,24.27,IoT
SENS_R022,2026-09-04T20:00:00,R022,16,1.55,24.34,IoT
SENS_R023,2026-09-04T20:00:00,R023,12,1.9,24.53,IoT
SENS_R024,2026-09-04T20:00:00,R024,7,0.9,26.57,IoT
SENS_R025,2026-09-04T20:00:00,R025,44,2.22,25.14,IoT
SENS_R026,2026-09-04T20:00:00,R026,20,1.94,25.35,IoT
SENS_R027,2026-09-04T20:00:00,R027,60,2.32,24.38,IoT
SENS_R028,2026-09-04T20:00:00,R028,14,1.35,23.98,IoT
SENS_R029,2026-09-04T20:00:00,R029,0,1.46,24.24,IoT
SENS_R030,2026-09-04T20:00:00,R030,26,1.67,24.86,IoT
SENS_R001,2026-09-04T21:00:00,R001,8,1.41,26.25,IoT
SENS_R002,2026-09-04T21:00:00,R002,29,1.34,24.16,IoT
SENS_R003,2026-09-04T21:00:00,R003,31,1.57,24.54,IoT
SENS_R004,2026-09-04T21:00:00,R004,31,2.25,25.92,IoT
SENS_R005,2026-09-04T21:00:00,R005,28,1.87,24.84,IoT
SENS_R006,2026-09-04T21:00:00,R006,11,1.64,24.73,IoT
SENS_R007,2026-09-04T21:00:00,R007,6,1.29,24.73,IoT
SENS_R008,2026-09-04T21:00:00,R008,0,1.18,27.2,IoT
SENS_R009,2026-09-04T21:00:00,R009,11,1.44,24.19,IoT
SENS_R010,2026-09-04T21:00:00,R010,16,1.55,23.23,IoT
SENS_R011,2026-09-04T21:00:00,R011,13,1.31,23.5,IoT
SENS_R012,2026-09-04T21:00:00,R012,20,1.77,24.65,IoT
SENS_R013,2026-09-04T21:00:00,R013,12,0.85,22.38,IoT
SENS_R014,2026-09-04T21:00:00,R014,21,2.18,25.39,IoT
SENS_R015,2026-09-04T21:00:00,R015,15,1.98,24.74,IoT
SENS_R016,2026-09-04T21:00:00,R016,14,1.28,23.94,IoT
SENS_R017,2026-09-04T21:00:00,R017,19,1.82,23.63,IoT
SENS_R018,2026-09-04T21:00:00,R018,8,0.97,22.65,IoT
SENS_R019,2026-09-04T21:00:00,R019,23,1.88,24.42,IoT
SENS_R020,2026-09-04T21:00:00,R020,17,1.73,24.35,IoT
SENS_R021,2026-09-04T21:00:00,R021,24,2.1,24.71,IoT
SENS_R022,2026-09-04T21:00:00,R022,21,2.01,25.0,IoT
SENS_R023,2026-09-04T21:00:00,R023,20,2.72,24.97,IoT
SENS_R024,2026-09-04T21:00:00,R024,3,0.74,24.76,IoT
SENS_R025,2026-09-04T21:00:00,R025,14,0.67,23.42,IoT
SENS_R026,2026-09-04T21:00:00,R026,12,1.62,25.19,IoT
SENS_R027,2026-09-04T21:00:00,R027,10,0.64,23.88,IoT
SENS_R028,2026-09-04T21:00:00,R028,5,1.0,23.64,IoT
SENS_R029,2026-09-04T21:00:00,R029,23,1.07,22.23,IoT
SENS_R030,2026-09-04T21:00:00,R030,7,0.79,24.52,IoT
SENS_R001,2026-09-05T06:00:00,R001,2,1.28,23.43,IoT
SENS_R002,2026-09-05T06:00:00,R002,34,1.71,23.86,IoT
SENS_R003,2026-09-05T06:00:00,R003,14,1.26,22.83,IoT
SENS_R004,2026-09-05T06:00:00,R004,5,1.13,22.91,IoT
SENS_R005,2026-09-05T06:00:00,R005,30,1.31,24.68,IoT
SENS_R006,2026-09-05T06:00:00,R006,8,1.47,23.45,IoT
SENS_R007,2026-09-05T06:00:00,R007,5,1.14,24.56,IoT
SENS_R008,2026-09-05T06:00:00,R008,14,1.13,24.68,IoT
SENS_R009,2026-09-05T06:00:00,R009,0,0.45,22.82,IoT
SENS_R010,2026-09-05T06:00:00,R010,0,0.81,23.13,IoT
SENS_R011,2026-09-05T06:00:00,R011,25,1.94,24.56,IoT
SENS_R012,2026-09-05T06:00:00,R012,22,1.69,24.25,IoT
SENS_R013,2026-09-05T06:00:00,R013,41,1.99,23.99,IoT
SENS_R014,2026-09-05T06:00:00,R014,11,1.35,24.42,IoT
SENS_R015,2026-09-05T06:00:00,R015,10,1.48,24.72,IoT
SENS_R016,2026-09-05T06:00:00,R016,6,0.87,23.88,IoT
SENS_R017,2026-09-05T06:00:00,R017,11,1.59,24.49,IoT
SENS_R018,2026-09-05T06:00:00,R018,21,1.04,24.77,IoT
SENS_R019,2026-09-05T06:00:00,R019,0,0.6,23.23,IoT
SENS_R020,2026-09-05T06:00:00,R020,15,1.89,24.78,IoT
SENS_R021,2026-09-05T06:00:00,R021,24,1.84,24.43,IoT
SENS_R022,2026-09-05T06:00:00,R022,15,1.44,23.84,IoT
SENS_R023,2026-09-05T06:00:00,R023,12,1.69,24.73,IoT
SENS_R024,2026-09-05T06:00:00,R024,6,1.36,22.74,IoT
SENS_R025,2026-09-05T06:00:00,R025,10,1.24,22.61,IoT
SENS_R026,2026-09-05T06:00:00,R026,7,1.21,23.44,IoT
SENS_R027,2026-09-05T06:00:00,R027,0,0.8,24.19,IoT
SENS_R028,2026-09-05T06:00:00,R028,2,0.96,23.13,IoT
SENS_R029,2026-09-05T06:00:00,R029,7,1.05,24.12,IoT
SENS_R030,2026-09-05T06:00:00,R030,14,1.42,25.76,IoT
SENS_R001,2026-09-05T07:00:00,R001,9,1.48,24.83,IoT
SENS_R002,2026-09-05T07:00:00,R002,20,1.57,23.38,IoT
SENS_R003,2026-09-05T07:00:00,R003,14,1.34,24.91,IoT
SENS_R004,2026-09-05T07:00:00,R004,19,1.67,24.4,IoT
SENS_R005,2026-09-05T07:00:00,R005,21,2.32,25.88,IoT
SENS_R006,2026-09-05T07:00:00,R006,4,0.89,22.78,IoT
SENS_R007,2026-09-05T07:00:00,R007,4,0.96,23.33,IoT
SENS_R008,2026-09-05T07:00:00,R008,21,1.66,23.75,IoT
SENS_R009,2026-09-05T07:00:00,R009,12,1.61,23.38,IoT
SENS_R010,2026-09-05T07:00:00,R010,4,0.9,25.45,IoT
SENS_R011,2026-09-05T07:00:00,R011,15,1.18,24.15,IoT
SENS_R012,2026-09-05T07:00:00,R012,10,1.16,23.69,IoT
SENS_R013,2026-09-05T07:00:00,R013,0,0.19,23.33,IoT
SENS_R014,2026-09-05T07:00:00,R014,11,1.6,24.12,IoT
SENS_R015,2026-09-05T07:00:00,R015,2,0.42,23.75,IoT
SENS_R016,2026-09-05T07:00:00,R016,3,1.21,24.8,IoT
SENS_R017,2026-09-05T07:00:00,R017,16,1.8,23.98,IoT
SENS_R018,2026-09-05T07:00:00,R018,4,1.24,22.81,IoT
SENS_R019,2026-09-05T07:00:00,R019,7,1.61,24.16,IoT
SENS_R020,2026-09-05T07:00:00,R020,18,1.97,24.5,IoT
SENS_R021,2026-09-05T07:00:00,R021,15,1.59,24.47,IoT
SENS_R022,2026-09-05T07:00:00,R022,19,1.97,24.29,IoT
SENS_R023,2026-09-05T07:00:00,R023,2,1.08,23.96,IoT
SENS_R024,2026-09-05T07:00:00,R024,18,1.85,24.85,IoT
SENS_R025,2026-09-05T07:00:00,R025,2,0.73,23.99,IoT
SENS_R026,2026-09-05T07:00:00,R026,4,1.16,24.07,IoT
SENS_R027,2026-09-05T07:00:00,R027,0,1.19,24.12,IoT
SENS_R028,2026-09-05T07:00:00,R028,15,1.63,24.63,IoT
SENS_R029,2026-09-05T07:00:00,R029,2,0.63,24.57,IoT
SENS_R030,2026-09-05T07:00:00,R030,14,1.38,23.83,IoT
SENS_R001,2026-09-05T08:00:00,R001,5,1.03,24.68,IoT
SENS_R002,2026-09-05T08:00:00,R002,12,0.33,24.13,IoT
SENS_R003,2026-09-05T08:00:00,R003,21,1.42,24.16,IoT
SENS_R004,2026-09-05T08:00:00,R004,10,0.9,24.92,IoT
SENS_R005,2026-09-05T08:00:00,R005,12,1.22,23.64,IoT
SENS_R006,2026-09-05T08:00:00,R006,0,0.61,22.84,IoT
SENS_R007,2026-09-05T08:00:00,R007,5,1.26,23.36,IoT
SENS_R008,2026-09-05T08:00:00,R008,0,0.61,23.73,IoT
SENS_R009,2026-09-05T08:00:00,R009,0,1.21,24.07,IoT
SENS_R010,2026-09-05T08:00:00,R010,13,1.67,24.08,IoT
SENS_R011,2026-09-05T08:00:00,R011,2,0.83,23.31,IoT
SENS_R012,2026-09-05T08:00:00,R012,0,0.52,23.7,IoT
SENS_R013,2026-09-05T08:00:00,R013,36,1.59,23.56,IoT
SENS_R014,2026-09-05T08:00:00,R014,3,0.81,22.68,IoT
SENS_R015,2026-09-05T08:00:00,R015,14,2.08,24.74,IoT
SENS_R016,2026-09-05T08:00:00,R016,24,1.41,23.64,IoT
SENS_R017,2026-09-05T08:00:00,R017,7,1.07,23.9,IoT
SENS_R018,2026-09-05T08:00:00,R018,22,1.67,23.26,IoT
SENS_R019,2026-09-05T08:00:00,R019,9,1.26,25.21,IoT
SENS_R020,2026-09-05T08:00:00,R020,4,0.77,22.76,IoT
SENS_R021,2026-09-05T08:00:00,R021,1,0.5,24.38,IoT
SENS_R022,2026-09-05T08:00:00,R022,12,1.45,24.74,IoT
SENS_R023,2026-09-05T08:00:00,R023,2,0.92,23.36,IoT
SENS_R024,2026-09-05T08:00:00,R024,6,1.38,25.44,IoT
SENS_R025,2026-09-05T08:00:00,R025,19,1.09,22.91,IoT
SENS_R026,2026-09-05T08:00:00,R026,5,1.03,24.24,IoT
SENS_R027,2026-09-05T08:00:00,R027,8,1.41,24.9,IoT
SENS_R028,2026-09-05T08:00:00,R028,8,1.39,24.33,IoT
SENS_R029,2026-09-05T08:00:00,R029,40,1.75,25.91,IoT
SENS_R030,2026-09-05T08:00:00,R030,8,1.16,25.26,IoT
SENS_R001,2026-09-05T09:00:00,R001,9,1.42,22.6,IoT
SENS_R002,2026-09-05T09:00:00,R002,5,1.07,24.05,IoT
SENS_R003,2026-09-05T09:00:00,R003,10,0.81,22.99,IoT
SENS_R004,2026-09-05T09:00:00,R004,19,1.34,24.45,IoT
SENS_R005,2026-09-05T09:00:00,R005,19,1.47,23.19,IoT
SENS_R006,2026-09-05T09:00:00,R006,2,0.62,23.55,IoT
SENS_R007,2026-09-05T09:00:00,R007,14,1.8,24.45,IoT
SENS_R008,2026-09-05T09:00:00,R008,0,1.33,23.91,IoT
SENS_R009,2026-09-05T09:00:00,R009,25,2.33,25.14,IoT
SENS_R010,2026-09-05T09:00:00,R010,16,1.57,24.08,IoT
SENS_R011,2026-09-05T09:00:00,R011,13,1.02,24.81,IoT
SENS_R012,2026-09-05T09:00:00,R012,13,1.48,24.98,IoT
SENS_R013,2026-09-05T09:00:00,R013,61,2.32,26.5,IoT
SENS_R014,2026-09-05T09:00:00,R014,0,0.9,24.12,IoT
SENS_R015,2026-09-05T09:00:00,R015,0,0.97,23.58,IoT
SENS_R016,2026-09-05T09:00:00,R016,12,1.33,26.02,IoT
SENS_R017,2026-09-05T09:00:00,R017,8,0.75,24.76,IoT
SENS_R018,2026-09-05T09:00:00,R018,0,0.55,23.6,IoT
SENS_R019,2026-09-05T09:00:00,R019,11,1.02,23.74,IoT
SENS_R020,2026-09-05T09:00:00,R020,13,1.48,25.6,IoT
SENS_R021,2026-09-05T09:00:00,R021,8,1.11,24.19,IoT
SENS_R022,2026-09-05T09:00:00,R022,6,0.95,23.27,IoT
SENS_R023,2026-09-05T09:00:00,R023,7,0.83,22.66,IoT
SENS_R024,2026-09-05T09:00:00,R024,14,1.07,25.09,IoT
SENS_R025,2026-09-05T09:00:00,R025,18,1.56,25.18,IoT
SENS_R026,2026-09-05T09:00:00,R026,18,2.1,23.35,IoT
SENS_R027,2026-09-05T09:00:00,R027,56,2.07,24.17,IoT
SENS_R028,2026-09-05T09:00:00,R028,12,1.61,23.05,IoT
SENS_R029,2026-09-05T09:00:00,R029,25,1.23,23.7,IoT
SENS_R030,2026-09-05T09:00:00,R030,21,1.7,24.79,IoT
SENS_R001,2026-09-05T10:00:00,R001,6,1.53,24.77,IoT
SENS_R002,2026-09-05T10:00:00,R002,17,1.28,24.08,IoT
SENS_R003,2026-09-05T10:00:00,R003,4,1.09,25.47,IoT
SENS_R004,2026-09-05T10:00:00,R004,3,1.29,23.91,IoT
SENS_R005,2026-09-05T10:00:00,R005,25,1.48,23.1,IoT
SENS_R006,2026-09-05T10:00:00,R006,8,1.2,24.73,IoT
SENS_R007,2026-09-05T10:00:00,R007,2,1.06,23.51,IoT
SENS_R008,2026-09-05T10:00:00,R008,3,0.52,23.26,IoT
SENS_R009,2026-09-05T10:00:00,R009,0,0.98,23.87,IoT
SENS_R010,2026-09-05T10:00:00,R010,7,1.29,24.53,IoT
SENS_R011,2026-09-05T10:00:00,R011,20,1.82,22.84,IoT
SENS_R012,2026-09-05T10:00:00,R012,14,1.44,23.63,IoT
SENS_R013,2026-09-05T10:00:00,R013,23,1.62,23.46,IoT
SENS_R014,2026-09-05T10:00:00,R014,5,1.09,23.27,IoT
SENS_R015,2026-09-05T10:00:00,R015,3,1.32,23.62,IoT
SENS_R016,2026-09-05T10:00:00,R016,15,1.22,24.25,IoT
SENS_R017,2026-09-05T10:00:00,R017,5,1.08,24.3,IoT
SENS_R018,2026-09-05T10:00:00,R018,20,1.8,24.32,IoT
SENS_R019,2026-09-05T10:00:00,R019,7,1.72,25.93,IoT
SENS_R020,2026-09-05T10:00:00,R020,9,1.35,23.91,IoT
SENS_R021,2026-09-05T10:00:00,R021,8,1.7,24.87,IoT
SENS_R022,2026-09-05T10:00:00,R022,23,1.8,26.17,IoT
SENS_R023,2026-09-05T10:00:00,R023,0,0.98,22.53,IoT
SENS_R024,2026-09-05T10:00:00,R024,15,1.78,26.83,IoT
SENS_R025,2026-09-05T10:00:00,R025,20,1.6,23.3,IoT
SENS_R026,2026-09-05T10:00:00,R026,20,2.48,24.67,IoT
SENS_R027,2026-09-05T10:00:00,R027,20,1.14,22.89,IoT
SENS_R028,2026-09-05T10:00:00,R028,9,1.42,23.8,IoT
SENS_R029,2026-09-05T10:00:00,R029,5,1.14,23.95,IoT
SENS_R030,2026-09-05T10:00:00,R030,11,1.12,23.49,IoT
SENS_R001,2026-09-05T11:00:00,R001,3,1.18,23.73,IoT
SENS_R002,2026-09-05T11:00:00,R002,8,0.85,24.29,IoT
SENS_R003,2026-09-05T11:00:00,R003,19,1.42,23.8,IoT
SENS_R004,2026-09-05T11:00:00,R004,0,0.78,24.39,IoT
SENS_R005,2026-09-05T11:00:00,R005,29,2.3,23.83,IoT
SENS_R006,2026-09-05T11:00:00,R006,6,1.52,22.34,IoT
SENS_R007,2026-09-05T11:00:00,R007,10,2.15,25.52,IoT
SENS_R008,2026-09-05T11:00:00,R008,7,1.22,24.44,IoT
SENS_R009,2026-09-05T11:00:00,R009,12,1.39,22.45,IoT
SENS_R010,2026-09-05T11:00:00,R010,14,1.42,24.07,IoT
SENS_R011,2026-09-05T11:00:00,R011,14,1.26,22.96,IoT
SENS_R012,2026-09-05T11:00:00,R012,13,1.35,23.43,IoT
SENS_R013,2026-09-05T11:00:00,R013,16,1.26,24.11,IoT
SENS_R014,2026-09-05T11:00:00,R014,1,0.73,24.23,IoT
SENS_R015,2026-09-05T11:00:00,R015,0,0.95,24.01,IoT
SENS_R016,2026-09-05T11:00:00,R016,17,1.18,23.78,IoT
SENS_R017,2026-09-05T11:00:00,R017,3,0.78,22.9,IoT
SENS_R018,2026-09-05T11:00:00,R018,23,1.56,24.45,IoT
SENS_R019,2026-09-05T11:00:00,R019,10,1.23,23.7,IoT
SENS_R020,2026-09-05T11:00:00,R020,1,1.08,23.54,IoT
SENS_R021,2026-09-05T11:00:00,R021,3,0.49,23.51,IoT
SENS_R022,2026-09-05T11:00:00,R022,25,2.67,25.6,IoT
SENS_R023,2026-09-05T11:00:00,R023,12,2.01,25.34,IoT
SENS_R024,2026-09-05T11:00:00,R024,16,2.03,25.65,IoT
SENS_R025,2026-09-05T11:00:00,R025,21,1.05,23.39,IoT
SENS_R026,2026-09-05T11:00:00,R026,4,1.17,24.15,IoT
SENS_R027,2026-09-05T11:00:00,R027,23,1.57,23.89,IoT
SENS_R028,2026-09-05T11:00:00,R028,7,1.41,24.07,IoT
SENS_R029,2026-09-05T11:00:00,R029,0,0.34,23.55,IoT
SENS_R030,2026-09-05T11:00:00,R030,2,0.54,22.83,IoT
SENS_R001,2026-09-05T12:00:00,R001,3,1.14,24.7,IoT
SENS_R002,2026-09-05T12:00:00,R002,6,1.19,24.13,IoT
SENS_R003,2026-09-05T12:00:00,R003,6,1.28,23.84,IoT
SENS_R004,2026-09-05T12:00:00,R004,3,0.89,24.86,IoT
SENS_R005,2026-09-05T12:00:00,R005,0,0.67,24.12,IoT
SENS_R006,2026-09-05T12:00:00,R006,12,1.46,24.0,IoT
SENS_R007,2026-09-05T12:00:00,R007,10,2.0,24.52,IoT
SENS_R008,2026-09-05T12:00:00,R008,16,1.37,23.62,IoT
SENS_R009,2026-09-05T12:00:00,R009,9,1.21,24.23,IoT
SENS_R010,2026-09-05T12:00:00,R010,12,1.45,23.26,IoT
SENS_R011,2026-09-05T12:00:00,R011,27,1.95,24.85,IoT
SENS_R012,2026-09-05T12:00:00,R012,14,1.65,23.96,IoT
SENS_R013,2026-09-05T12:00:00,R013,16,1.19,23.9,IoT
SENS_R014,2026-09-05T12:00:00,R014,6,1.26,24.45,IoT
SENS_R015,2026-09-05T12:00:00,R015,4,1.3,25.69,IoT
SENS_R016,2026-09-05T12:00:00,R016,17,1.3,24.14,IoT
SENS_R017,2026-09-05T12:00:00,R017,19,1.82,23.93,IoT
SENS_R018,2026-09-05T12:00:00,R018,19,1.17,22.82,IoT
SENS_R019,2026-09-05T12:00:00,R019,3,1.02,24.17,IoT
SENS_R020,2026-09-05T12:00:00,R020,14,1.86,24.19,IoT
SENS_R021,2026-09-05T12:00:00,R021,6,1.41,24.16,IoT
SENS_R022,2026-09-05T12:00:00,R022,19,1.78,24.39,IoT
SENS_R023,2026-09-05T12:00:00,R023,8,1.61,24.1,IoT
SENS_R024,2026-09-05T12:00:00,R024,17,1.93,24.59,IoT
SENS_R025,2026-09-05T12:00:00,R025,13,0.81,23.21,IoT
SENS_R026,2026-09-05T12:00:00,R026,8,1.08,23.96,IoT
SENS_R027,2026-09-05T12:00:00,R027,3,0.86,22.35,IoT
SENS_R028,2026-09-05T12:00:00,R028,1,0.88,23.04,IoT
SENS_R029,2026-09-05T12:00:00,R029,5,0.82,22.8,IoT
SENS_R030,2026-09-05T12:00:00,R030,0,0.79,23.66,IoT
SENS_R001,2026-09-05T13:00:00,R001,7,1.96,24.66,IoT
SENS_R002,2026-09-05T13:00:00,R002,26,1.69,24.48,IoT
SENS_R003,2026-09-05T13:00:00,R003,52,2.45,25.48,IoT
SENS_R004,2026-09-05T13:00:00,R004,11,1.26,25.19,IoT
SENS_R005,2026-09-05T13:00:00,R005,14,1.27,23.1,IoT
SENS_R006,2026-09-05T13:00:00,R006,11,1.19,21.97,IoT
SENS_R007,2026-09-05T13:00:00,R007,4,0.73,22.34,IoT
SENS_R008,2026-09-05T13:00:00,R008,16,1.25,24.18,IoT
SENS_R009,2026-09-05T13:00:00,R009,10,1.3,23.76,IoT
SENS_R010,2026-09-05T13:00:00,R010,11,1.17,23.46,IoT
SENS_R011,2026-09-05T13:00:00,R011,8,1.11,23.08,IoT
SENS_R012,2026-09-05T13:00:00,R012,4,0.68,22.78,IoT
SENS_R013,2026-09-05T13:00:00,R013,22,1.33,24.72,IoT
SENS_R014,2026-09-05T13:00:00,R014,8,1.75,24.54,IoT
SENS_R015,2026-09-05T13:00:00,R015,0,1.24,23.39,IoT
SENS_R016,2026-09-05T13:00:00,R016,18,1.83,24.4,IoT
SENS_R017,2026-09-05T13:00:00,R017,24,2.09,25.51,IoT
SENS_R018,2026-09-05T13:00:00,R018,18,1.39,23.72,IoT
SENS_R019,2026-09-05T13:00:00,R019,12,1.57,24.54,IoT
SENS_R020,2026-09-05T13:00:00,R020,14,1.54,23.38,IoT
SENS_R021,2026-09-05T13:00:00,R021,10,1.22,25.14,IoT
SENS_R022,2026-09-05T13:00:00,R022,15,1.57,23.54,IoT
SENS_R023,2026-09-05T13:00:00,R023,13,1.85,24.31,IoT
SENS_R024,2026-09-05T13:00:00,R024,5,1.43,24.43,IoT
SENS_R025,2026-09-05T13:00:00,R025,0,0.43,24.25,IoT
SENS_R026,2026-09-05T13:00:00,R026,9,1.73,24.44,IoT
SENS_R027,2026-09-05T13:00:00,R027,8,0.8,24.49,IoT
SENS_R028,2026-09-05T13:00:00,R028,1,0.85,24.58,IoT
SENS_R029,2026-09-05T13:00:00,R029,2,0.54,23.71,IoT
SENS_R030,2026-09-05T13:00:00,R030,14,1.45,24.81,IoT
SENS_R001,2026-09-05T14:00:00,R001,1,0.97,24.67,IoT
SENS_R002,2026-09-05T14:00:00,R002,28,1.7,24.96,IoT
SENS_R003,2026-09-05T14:00:00,R003,15,0.82,23.03,IoT
SENS_R004,2026-09-05T14:00:00,R004,12,1.61,24.05,IoT
SENS_R005,2026-09-05T14:00:00,R005,28,2.03,24.55,IoT
SENS_R006,2026-09-05T14:00:00,R006,9,1.65,23.05,IoT
SENS_R007,2026-09-05T14:00:00,R007,5,1.39,25.96,IoT
SENS_R008,2026-09-05T14:00:00,R008,32,1.76,23.03,IoT
SENS_R009,2026-09-05T14:00:00,R009,4,0.75,24.64,IoT
SENS_R010,2026-09-05T14:00:00,R010,3,0.77,24.06,IoT
SENS_R011,2026-09-05T14:00:00,R011,28,1.65,24.06,IoT
SENS_R012,2026-09-05T14:00:00,R012,12,1.23,23.4,IoT
SENS_R013,2026-09-05T14:00:00,R013,8,1.49,24.55,IoT
SENS_R014,2026-09-05T14:00:00,R014,10,1.7,25.14,IoT
SENS_R015,2026-09-05T14:00:00,R015,9,1.9,25.13,IoT
SENS_R016,2026-09-05T14:00:00,R016,0,0.91,23.77,IoT
SENS_R017,2026-09-05T14:00:00,R017,7,1.17,23.29,IoT
SENS_R018,2026-09-05T14:00:00,R018,19,1.34,24.08,IoT
SENS_R019,2026-09-05T14:00:00,R019,20,1.82,24.72,IoT
SENS_R020,2026-09-05T14:00:00,R020,14,1.5,21.84,IoT
SENS_R021,2026-09-05T14:00:00,R021,16,1.28,24.58,IoT
SENS_R022,2026-09-05T14:00:00,R022,14,1.15,23.13,IoT
SENS_R023,2026-09-05T14:00:00,R023,13,1.98,24.26,IoT
SENS_R024,2026-09-05T14:00:00,R024,12,1.34,23.02,IoT
SENS_R025,2026-09-05T14:00:00,R025,21,1.26,23.68,IoT
SENS_R026,2026-09-05T14:00:00,R026,8,0.96,23.6,IoT
SENS_R027,2026-09-05T14:00:00,R027,42,1.61,25.68,IoT
SENS_R028,2026-09-05T14:00:00,R028,15,2.02,25.64,IoT
SENS_R029,2026-09-05T14:00:00,R029,32,1.23,25.67,IoT
SENS_R030,2026-09-05T14:00:00,R030,7,0.53,22.9,IoT
SENS_R001,2026-09-05T15:00:00,R001,7,1.36,23.91,IoT
SENS_R002,2026-09-05T15:00:00,R002,15,1.42,24.33,IoT
SENS_R003,2026-09-05T15:00:00,R003,23,1.22,24.27,IoT
SENS_R004,2026-09-05T15:00:00,R004,10,1.02,24.06,IoT
SENS_R005,2026-09-05T15:00:00,R005,39,2.6,25.3,IoT
SENS_R006,2026-09-05T15:00:00,R006,0,1.17,23.82,IoT
SENS_R007,2026-09-05T15:00:00,R007,3,1.51,24.85,IoT
SENS_R008,2026-09-05T15:00:00,R008,22,1.18,23.34,IoT
SENS_R009,2026-09-05T15:00:00,R009,19,2.33,24.7,IoT
SENS_R010,2026-09-05T15:00:00,R010,17,2.03,23.35,IoT
SENS_R011,2026-09-05T15:00:00,R011,11,1.68,24.28,IoT
SENS_R012,2026-09-05T15:00:00,R012,0,1.17,23.78,IoT
SENS_R013,2026-09-05T15:00:00,R013,22,1.13,22.73,IoT
SENS_R014,2026-09-05T15:00:00,R014,3,0.79,23.02,IoT
SENS_R015,2026-09-05T15:00:00,R015,0,0.52,23.72,IoT
SENS_R016,2026-09-05T15:00:00,R016,16,1.77,25.01,IoT
SENS_R017,2026-09-05T15:00:00,R017,8,1.07,24.96,IoT
SENS_R018,2026-09-05T15:00:00,R018,9,0.86,23.82,IoT
SENS_R019,2026-09-05T15:00:00,R019,24,1.75,23.32,IoT
SENS_R020,2026-09-05T15:00:00,R020,10,1.48,23.4,IoT
SENS_R021,2026-09-05T15:00:00,R021,4,1.24,24.53,IoT
SENS_R022,2026-09-05T15:00:00,R022,3,1.24,23.29,IoT
SENS_R023,2026-09-05T15:00:00,R023,0,1.05,23.63,IoT
SENS_R024,2026-09-05T15:00:00,R024,2,0.38,22.82,IoT
SENS_R025,2026-09-05T15:00:00,R025,29,2.04,24.83,IoT
SENS_R026,2026-09-05T15:00:00,R026,4,1.14,22.78,IoT
SENS_R027,2026-09-05T15:00:00,R027,26,1.13,24.53,IoT
SENS_R028,2026-09-05T15:00:00,R028,0,0.55,23.8,IoT
SENS_R029,2026-09-05T15:00:00,R029,41,1.43,24.05,IoT
SENS_R030,2026-09-05T15:00:00,R030,11,1.04,24.09,IoT
SENS_R001,2026-09-05T16:00:00,R001,9,1.81,24.4,IoT
SENS_R002,2026-09-05T16:00:00,R002,9,1.36,23.55,IoT
SENS_R003,2026-09-05T16:00:00,R003,15,0.9,23.46,IoT
SENS_R004,2026-09-05T16:00:00,R004,5,0.81,23.36,IoT
SENS_R005,2026-09-05T16:00:00,R005,19,1.33,23.97,IoT
SENS_R006,2026-09-05T16:00:00,R006,7,1.01,23.94,IoT
SENS_R007,2026-09-05T16:00:00,R007,8,1.97,24.33,IoT
SENS_R008,2026-09-05T16:00:00,R008,15,1.8,24.68,IoT
SENS_R009,2026-09-05T16:00:00,R009,14,1.34,25.04,IoT
SENS_R010,2026-09-05T16:00:00,R010,0,0.9,23.78,IoT
SENS_R011,2026-09-05T16:00:00,R011,17,1.51,24.04,IoT
SENS_R012,2026-09-05T16:00:00,R012,10,1.58,23.39,IoT
SENS_R013,2026-09-05T16:00:00,R013,40,1.58,24.1,IoT
SENS_R014,2026-09-05T16:00:00,R014,5,1.3,23.08,IoT
SENS_R015,2026-09-05T16:00:00,R015,14,1.87,25.14,IoT
SENS_R016,2026-09-05T16:00:00,R016,20,1.41,23.94,IoT
SENS_R017,2026-09-05T16:00:00,R017,8,1.32,23.48,IoT
SENS_R018,2026-09-05T16:00:00,R018,14,1.63,24.7,IoT
SENS_R019,2026-09-05T16:00:00,R019,15,1.89,24.54,IoT
SENS_R020,2026-09-05T16:00:00,R020,1,0.56,22.81,IoT
SENS_R021,2026-09-05T16:00:00,R021,8,0.75,24.09,IoT
SENS_R022,2026-09-05T16:00:00,R022,9,0.75,21.68,IoT
SENS_R023,2026-09-05T16:00:00,R023,12,1.58,23.19,IoT
SENS_R024,2026-09-05T16:00:00,R024,0,0.92,23.78,IoT
SENS_R025,2026-09-05T16:00:00,R025,38,1.89,24.62,IoT
SENS_R026,2026-09-05T16:00:00,R026,5,0.88,24.41,IoT
SENS_R027,2026-09-05T16:00:00,R027,5,1.12,25.07,IoT
SENS_R028,2026-09-05T16:00:00,R028,7,1.11,22.97,IoT
SENS_R029,2026-09-05T16:00:00,R029,20,1.34,24.59,IoT
SENS_R030,2026-09-05T16:00:00,R030,15,1.09,22.96,IoT
SENS_R001,2026-09-05T17:00:00,R001,9,1.74,24.44,IoT
SENS_R002,2026-09-05T17:00:00,R002,26,1.62,23.38,IoT
SENS_R003,2026-09-05T17:00:00,R003,16,1.69,23.82,IoT
SENS_R004,2026-09-05T17:00:00,R004,19,1.76,23.75,IoT
SENS_R005,2026-09-05T17:00:00,R005,16,1.33,25.51,IoT
SENS_R006,2026-09-05T17:00:00,R006,11,1.61,26.21,IoT
SENS_R007,2026-09-05T17:00:00,R007,5,1.22,24.15,IoT
SENS_R008,2026-09-05T17:00:00,R008,15,0.89,23.76,IoT
SENS_R009,2026-09-05T17:00:00,R009,2,0.79,23.13,IoT
SENS_R010,2026-09-05T17:00:00,R010,0,0.63,22.58,IoT
SENS_R011,2026-09-05T17:00:00,R011,24,1.4,22.55,IoT
SENS_R012,2026-09-05T17:00:00,R012,0,0.74,22.61,IoT
SENS_R013,2026-09-05T17:00:00,R013,22,1.41,25.24,IoT
SENS_R014,2026-09-05T17:00:00,R014,8,1.23,24.42,IoT
SENS_R015,2026-09-05T17:00:00,R015,6,1.26,25.15,IoT
SENS_R016,2026-09-05T17:00:00,R016,29,2.43,24.76,IoT
SENS_R017,2026-09-05T17:00:00,R017,1,1.12,23.47,IoT
SENS_R018,2026-09-05T17:00:00,R018,27,1.95,23.88,IoT
SENS_R019,2026-09-05T17:00:00,R019,18,1.24,23.4,IoT
SENS_R020,2026-09-05T17:00:00,R020,2,1.24,23.47,IoT
SENS_R021,2026-09-05T17:00:00,R021,31,2.01,23.46,IoT
SENS_R022,2026-09-05T17:00:00,R022,14,1.65,26.49,IoT
SENS_R023,2026-09-05T17:00:00,R023,5,1.05,23.77,IoT
SENS_R024,2026-09-05T17:00:00,R024,0,0.66,22.77,IoT
SENS_R025,2026-09-05T17:00:00,R025,12,0.59,23.8,IoT
SENS_R026,2026-09-05T17:00:00,R026,11,1.53,24.68,IoT
SENS_R027,2026-09-05T17:00:00,R027,35,1.24,24.78,IoT
SENS_R028,2026-09-05T17:00:00,R028,6,1.02,22.85,IoT
SENS_R029,2026-09-05T17:00:00,R029,24,1.64,23.38,IoT
SENS_R030,2026-09-05T17:00:00,R030,17,1.36,22.59,IoT
SENS_R001,2026-09-05T18:00:00,R001,0,1.2,24.15,IoT
SENS_R002,2026-09-05T18:00:00,R002,11,1.19,23.23,IoT
SENS_R003,2026-09-05T18:00:00,R003,0,0.55,22.88,IoT
SENS_R004,2026-09-05T18:00:00,R004,15,1.56,25.53,IoT
SENS_R005,2026-09-05T18:00:00,R005,0,0.85,24.14,IoT
SENS_R006,2026-09-05T18:00:00,R006,13,1.58,23.94,IoT
SENS_R007,2026-09-05T18:00:00,R007,6,1.15,24.04,IoT
SENS_R008,2026-09-05T18:00:00,R008,12,1.62,23.44,IoT
SENS_R009,2026-09-05T18:00:00,R009,15,1.62,25.7,IoT
SENS_R010,2026-09-05T18:00:00,R010,5,0.79,22.75,IoT
SENS_R011,2026-09-05T18:00:00,R011,23,1.69,24.22,IoT
SENS_R012,2026-09-05T18:00:00,R012,3,0.71,23.3,IoT
SENS_R013,2026-09-05T18:00:00,R013,8,0.82,22.56,IoT
SENS_R014,2026-09-05T18:00:00,R014,11,1.5,24.9,IoT
SENS_R015,2026-09-05T18:00:00,R015,5,1.35,23.99,IoT
SENS_R016,2026-09-05T18:00:00,R016,1,0.86,23.98,IoT
SENS_R017,2026-09-05T18:00:00,R017,13,1.1,23.1,IoT
SENS_R018,2026-09-05T18:00:00,R018,18,1.24,22.62,IoT
SENS_R019,2026-09-05T18:00:00,R019,21,1.51,23.17,IoT
SENS_R020,2026-09-05T18:00:00,R020,0,1.15,24.53,IoT
SENS_R021,2026-09-05T18:00:00,R021,16,1.74,24.77,IoT
SENS_R022,2026-09-05T18:00:00,R022,11,2.13,25.17,IoT
SENS_R023,2026-09-05T18:00:00,R023,3,0.74,24.89,IoT
SENS_R024,2026-09-05T18:00:00,R024,22,2.06,25.34,IoT
SENS_R025,2026-09-05T18:00:00,R025,21,1.79,23.63,IoT
SENS_R026,2026-09-05T18:00:00,R026,5,1.04,22.92,IoT
SENS_R027,2026-09-05T18:00:00,R027,29,1.16,23.75,IoT
SENS_R028,2026-09-05T18:00:00,R028,9,1.3,24.64,IoT
SENS_R029,2026-09-05T18:00:00,R029,5,0.74,22.97,IoT
SENS_R030,2026-09-05T18:00:00,R030,7,0.67,22.47,IoT
SENS_R001,2026-09-05T19:00:00,R001,0,0.81,24.0,IoT
SENS_R002,2026-09-05T19:00:00,R002,11,1.29,23.64,IoT
SENS_R003,2026-09-05T19:00:00,R003,20,1.24,25.11,IoT
SENS_R004,2026-09-05T19:00:00,R004,29,1.63,22.58,IoT
SENS_R005,2026-09-05T19:00:00,R005,0,0.49,23.56,IoT
SENS_R006,2026-09-05T19:00:00,R006,5,0.97,23.94,IoT
SENS_R007,2026-09-05T19:00:00,R007,4,1.55,25.11,IoT
SENS_R008,2026-09-05T19:00:00,R008,8,0.85,22.37,IoT
SENS_R009,2026-09-05T19:00:00,R009,8,0.91,24.32,IoT
SENS_R010,2026-09-05T19:00:00,R010,18,1.83,25.19,IoT
SENS_R011,2026-09-05T19:00:00,R011,27,1.87,25.24,IoT
SENS_R012,2026-09-05T19:00:00,R012,0,0.5,23.25,IoT
SENS_R013,2026-09-05T19:00:00,R013,47,1.76,24.58,IoT
SENS_R014,2026-09-05T19:00:00,R014,5,1.39,23.77,IoT
SENS_R015,2026-09-05T19:00:00,R015,6,1.11,23.37,IoT
SENS_R016,2026-09-05T19:00:00,R016,9,1.51,22.7,IoT
SENS_R017,2026-09-05T19:00:00,R017,6,1.35,23.81,IoT
SENS_R018,2026-09-05T19:00:00,R018,20,1.71,24.63,IoT
SENS_R019,2026-09-05T19:00:00,R019,11,1.27,22.56,IoT
SENS_R020,2026-09-05T19:00:00,R020,0,0.91,23.52,IoT
SENS_R021,2026-09-05T19:00:00,R021,19,1.71,23.52,IoT
SENS_R022,2026-09-05T19:00:00,R022,8,1.32,24.35,IoT
SENS_R023,2026-09-05T19:00:00,R023,5,1.2,24.53,IoT
SENS_R024,2026-09-05T19:00:00,R024,12,1.67,23.86,IoT
SENS_R025,2026-09-05T19:00:00,R025,9,0.58,23.44,IoT
SENS_R026,2026-09-05T19:00:00,R026,3,0.97,24.22,IoT
SENS_R027,2026-09-05T19:00:00,R027,18,1.07,23.48,IoT
SENS_R028,2026-09-05T19:00:00,R028,0,1.16,24.27,IoT
SENS_R029,2026-09-05T19:00:00,R029,15,1.19,23.38,IoT
SENS_R030,2026-09-05T19:00:00,R030,7,1.27,24.58,IoT
SENS_R001,2026-09-05T20:00:00,R001,11,1.65,24.67,IoT
SENS_R002,2026-09-05T20:00:00,R002,19,1.53,24.68,IoT
SENS_R003,2026-09-05T20:00:00,R003,30,1.67,23.21,IoT
SENS_R004,2026-09-05T20:00:00,R004,9,1.53,25.02,IoT
SENS_R005,2026-09-05T20:00:00,R005,5,0.89,24.53,IoT
SENS_R006,2026-09-05T20:00:00,R006,7,1.36,25.5,IoT
SENS_R007,2026-09-05T20:00:00,R007,8,1.31,22.6,IoT
SENS_R008,2026-09-05T20:00:00,R008,23,1.36,23.62,IoT
SENS_R009,2026-09-05T20:00:00,R009,17,1.83,24.55,IoT
SENS_R010,2026-09-05T20:00:00,R010,7,0.62,22.51,IoT
SENS_R011,2026-09-05T20:00:00,R011,33,1.76,23.92,IoT
SENS_R012,2026-09-05T20:00:00,R012,10,1.19,24.2,IoT
SENS_R013,2026-09-05T20:00:00,R013,16,1.36,23.34,IoT
SENS_R014,2026-09-05T20:00:00,R014,8,1.58,25.12,IoT
SENS_R015,2026-09-05T20:00:00,R015,8,1.47,23.26,IoT
SENS_R016,2026-09-05T20:00:00,R016,14,1.48,24.49,IoT
SENS_R017,2026-09-05T20:00:00,R017,15,1.12,24.93,IoT
SENS_R018,2026-09-05T20:00:00,R018,13,0.9,24.15,IoT
SENS_R019,2026-09-05T20:00:00,R019,9,0.82,23.79,IoT
SENS_R020,2026-09-05T20:00:00,R020,10,1.04,23.35,IoT
SENS_R021,2026-09-05T20:00:00,R021,0,0.61,23.72,IoT
SENS_R022,2026-09-05T20:00:00,R022,27,2.12,23.17,IoT
SENS_R023,2026-09-05T20:00:00,R023,1,0.94,23.55,IoT
SENS_R024,2026-09-05T20:00:00,R024,0,1.23,24.44,IoT
SENS_R025,2026-09-05T20:00:00,R025,11,1.37,24.94,IoT
SENS_R026,2026-09-05T20:00:00,R026,10,1.18,23.81,IoT
SENS_R027,2026-09-05T20:00:00,R027,23,1.51,24.33,IoT
SENS_R028,2026-09-05T20:00:00,R028,15,1.52,22.96,IoT
SENS_R029,2026-09-05T20:00:00,R029,21,1.19,24.69,IoT
SENS_R030,2026-09-05T20:00:00,R030,18,1.93,24.88,IoT
SENS_R001,2026-09-05T21:00:00,R001,3,1.5,24.27,IoT
SENS_R002,2026-09-05T21:00:00,R002,23,1.42,25.34,IoT
SENS_R003,2026-09-05T21:00:00,R003,34,1.59,25.19,IoT
SENS_R004,2026-09-05T21:00:00,R004,3,0.87,23.11,IoT
SENS_R005,2026-09-05T21:00:00,R005,14,1.21,23.96,IoT
SENS_R006,2026-09-05T21:00:00,R006,11,1.75,23.36,IoT
SENS_R007,2026-09-05T21:00:00,R007,8,1.96,25.27,IoT
SENS_R008,2026-09-05T21:00:00,R008,4,0.95,24.41,IoT
SENS_R009,2026-09-05T21:00:00,R009,0,0.66,23.39,IoT
SENS_R010,2026-09-05T21:00:00,R010,4,1.03,24.99,IoT
SENS_R011,2026-09-05T21:00:00,R011,10,1.19,23.48,IoT
SENS_R012,2026-09-05T21:00:00,R012,25,1.87,23.28,IoT
SENS_R013,2026-09-05T21:00:00,R013,0,0.8,22.85,IoT
SENS_R014,2026-09-05T21:00:00,R014,8,1.41,23.32,IoT
SENS_R015,2026-09-05T21:00:00,R015,12,2.16,24.78,IoT
SENS_R016,2026-09-05T21:00:00,R016,12,1.17,22.89,IoT
SENS_R017,2026-09-05T21:00:00,R017,6,1.51,24.13,IoT
SENS_R018,2026-09-05T21:00:00,R018,13,0.96,23.97,IoT
SENS_R019,2026-09-05T21:00:00,R019,13,1.29,23.35,IoT
SENS_R020,2026-09-05T21:00:00,R020,7,1.43,24.34,IoT
SENS_R021,2026-09-05T21:00:00,R021,1,0.81,23.3,IoT
SENS_R022,2026-09-05T21:00:00,R022,12,1.37,24.11,IoT
SENS_R023,2026-09-05T21:00:00,R023,0,0.82,24.68,IoT
SENS_R024,2026-09-05T21:00:00,R024,5,1.41,24.33,IoT
SENS_R025,2026-09-05T21:00:00,R025,29,1.55,24.01,IoT
SENS_R026,2026-09-05T21:00:00,R026,0,1.04,23.86,IoT
SENS_R027,2026-09-05T21:00:00,R027,27,1.67,23.62,IoT
SENS_R028,2026-09-05T21:00:00,R028,15,1.82,25.6,IoT
SENS_R029,2026-09-05T21:00:00,R029,18,1.46,23.83,IoT
SENS_R030,2026-09-05T21:00:00,R030,4,0.8,23.15,IoT
SENS_R001,2026-09-06T06:00:00,R001,4,1.27,24.36,IoT
SENS_R002,2026-09-06T06:00:00,R002,15,1.47,24.58,IoT
SENS_R003,2026-09-06T06:00:00,R003,25,1.67,23.2,IoT
SENS_R004,2026-09-06T06:00:00,R004,23,1.19,23.95,IoT
SENS_R005,2026-09-06T06:00:00,R005,13,1.27,24.76,IoT
SENS_R006,2026-09-06T06:00:00,R006,10,1.48,22.82,IoT
SENS_R007,2026-09-06T06:00:00,R007,5,1.29,23.04,IoT
SENS_R008,2026-09-06T06:00:00,R008,29,1.61,24.96,IoT
SENS_R009,2026-09-06T06:00:00,R009,5,1.25,25.46,IoT
SENS_R010,2026-09-06T06:00:00,R010,18,1.69,22.86,IoT
SENS_R011,2026-09-06T06:00:00,R011,3,0.88,23.15,IoT
SENS_R012,2026-09-06T06:00:00,R012,16,1.37,22.14,IoT
SENS_R013,2026-09-06T06:00:00,R013,16,1.38,23.94,IoT
SENS_R014,2026-09-06T06:00:00,R014,6,1.34,23.74,IoT
SENS_R015,2026-09-06T06:00:00,R015,7,1.41,24.1,IoT
SENS_R016,2026-09-06T06:00:00,R016,16,1.85,25.41,IoT
SENS_R017,2026-09-06T06:00:00,R017,4,1.17,24.32,IoT
SENS_R018,2026-09-06T06:00:00,R018,12,1.35,24.39,IoT
SENS_R019,2026-09-06T06:00:00,R019,14,1.69,24.88,IoT
SENS_R020,2026-09-06T06:00:00,R020,6,0.69,24.34,IoT
SENS_R021,2026-09-06T06:00:00,R021,8,0.72,23.78,IoT
SENS_R022,2026-09-06T06:00:00,R022,9,0.76,25.14,IoT
SENS_R023,2026-09-06T06:00:00,R023,0,0.51,23.35,IoT
SENS_R024,2026-09-06T06:00:00,R024,0,0.57,24.17,IoT
SENS_R025,2026-09-06T06:00:00,R025,32,1.94,24.56,IoT
SENS_R026,2026-09-06T06:00:00,R026,1,0.64,21.87,IoT
SENS_R027,2026-09-06T06:00:00,R027,27,1.38,22.89,IoT
SENS_R028,2026-09-06T06:00:00,R028,7,0.91,25.53,IoT
SENS_R029,2026-09-06T06:00:00,R029,38,2.07,26.23,IoT
SENS_R030,2026-09-06T06:00:00,R030,31,1.85,23.83,IoT
SENS_R001,2026-09-06T07:00:00,R001,3,1.29,23.72,IoT
SENS_R002,2026-09-06T07:00:00,R002,26,1.54,24.47,IoT
SENS_R003,2026-09-06T07:00:00,R003,6,0.55,24.75,IoT
SENS_R004,2026-09-06T07:00:00,R004,27,2.0,25.16,IoT
SENS_R005,2026-09-06T07:00:00,R005,24,1.44,24.1,IoT
SENS_R006,2026-09-06T07:00:00,R006,3,1.05,24.16,IoT
SENS_R007,2026-09-06T07:00:00,R007,4,1.01,22.51,IoT
SENS_R008,2026-09-06T07:00:00,R008,34,1.71,23.1,IoT
SENS_R009,2026-09-06T07:00:00,R009,8,1.13,23.03,IoT
SENS_R010,2026-09-06T07:00:00,R010,10,1.46,23.34,IoT
SENS_R011,2026-09-06T07:00:00,R011,17,0.93,22.96,IoT
SENS_R012,2026-09-06T07:00:00,R012,13,1.05,24.18,IoT
SENS_R013,2026-09-06T07:00:00,R013,19,1.37,23.91,IoT
SENS_R014,2026-09-06T07:00:00,R014,4,1.32,24.7,IoT
SENS_R015,2026-09-06T07:00:00,R015,0,0.67,24.25,IoT
SENS_R016,2026-09-06T07:00:00,R016,13,1.66,24.95,IoT
SENS_R017,2026-09-06T07:00:00,R017,17,2.18,24.69,IoT
SENS_R018,2026-09-06T07:00:00,R018,3,1.06,24.1,IoT
SENS_R019,2026-09-06T07:00:00,R019,22,2.2,23.49,IoT
SENS_R020,2026-09-06T07:00:00,R020,3,1.05,23.57,IoT
SENS_R021,2026-09-06T07:00:00,R021,3,1.02,23.39,IoT
SENS_R022,2026-09-06T07:00:00,R022,9,1.7,23.94,IoT
SENS_R023,2026-09-06T07:00:00,R023,5,1.46,25.61,IoT
SENS_R024,2026-09-06T07:00:00,R024,13,1.26,24.34,IoT
SENS_R025,2026-09-06T07:00:00,R025,8,0.71,23.65,IoT
SENS_R026,2026-09-06T07:00:00,R026,8,0.89,22.96,IoT
SENS_R027,2026-09-06T07:00:00,R027,46,1.75,23.41,IoT
SENS_R028,2026-09-06T07:00:00,R028,8,1.15,23.51,IoT
SENS_R029,2026-09-06T07:00:00,R029,51,2.03,24.84,IoT
SENS_R030,2026-09-06T07:00:00,R030,9,1.17,23.83,IoT
SENS_R001,2026-09-06T08:00:00,R001,6,1.56,24.21,IoT
SENS_R002,2026-09-06T08:00:00,R002,35,1.78,24.05,IoT
SENS_R003,2026-09-06T08:00:00,R003,19,1.52,24.16,IoT
SENS_R004,2026-09-06T08:00:00,R004,23,1.67,23.77,IoT
SENS_R005,2026-09-06T08:00:00,R005,0,0.94,23.2,IoT
SENS_R006,2026-09-06T08:00:00,R006,5,1.15,23.68,IoT
SENS_R007,2026-09-06T08:00:00,R007,5,1.33,23.55,IoT
SENS_R008,2026-09-06T08:00:00,R008,10,0.82,22.86,IoT
SENS_R009,2026-09-06T08:00:00,R009,8,1.32,23.12,IoT
SENS_R010,2026-09-06T08:00:00,R010,5,0.47,24.37,IoT
SENS_R011,2026-09-06T08:00:00,R011,15,1.09,22.26,IoT
SENS_R012,2026-09-06T08:00:00,R012,5,1.09,23.47,IoT
SENS_R013,2026-09-06T08:00:00,R013,24,1.54,24.23,IoT
SENS_R014,2026-09-06T08:00:00,R014,13,1.84,25.03,IoT
SENS_R015,2026-09-06T08:00:00,R015,7,1.27,24.74,IoT
SENS_R016,2026-09-06T08:00:00,R016,5,1.21,22.89,IoT
SENS_R017,2026-09-06T08:00:00,R017,3,0.47,22.79,IoT
SENS_R018,2026-09-06T08:00:00,R018,20,1.8,23.0,IoT
SENS_R019,2026-09-06T08:00:00,R019,17,1.9,23.12,IoT
SENS_R020,2026-09-06T08:00:00,R020,0,0.9,23.51,IoT
SENS_R021,2026-09-06T08:00:00,R021,19,1.82,24.93,IoT
SENS_R022,2026-09-06T08:00:00,R022,22,2.13,25.4,IoT
SENS_R023,2026-09-06T08:00:00,R023,0,0.61,23.05,IoT
SENS_R024,2026-09-06T08:00:00,R024,0,0.91,25.06,IoT
SENS_R025,2026-09-06T08:00:00,R025,7,1.03,24.51,IoT
SENS_R026,2026-09-06T08:00:00,R026,1,1.05,24.03,IoT
SENS_R027,2026-09-06T08:00:00,R027,37,1.77,23.39,IoT
SENS_R028,2026-09-06T08:00:00,R028,0,0.76,22.23,IoT
SENS_R029,2026-09-06T08:00:00,R029,12,0.93,23.06,IoT
SENS_R030,2026-09-06T08:00:00,R030,24,1.56,25.32,IoT
SENS_R001,2026-09-06T09:00:00,R001,3,1.2,24.45,IoT
SENS_R002,2026-09-06T09:00:00,R002,35,1.44,23.64,IoT
SENS_R003,2026-09-06T09:00:00,R003,23,1.52,24.56,IoT
SENS_R004,2026-09-06T09:00:00,R004,0,0.83,23.15,IoT
SENS_R005,2026-09-06T09:00:00,R005,23,1.61,23.94,IoT
SENS_R006,2026-09-06T09:00:00,R006,6,1.69,25.0,IoT
SENS_R007,2026-09-06T09:00:00,R007,2,0.86,23.33,IoT
SENS_R008,2026-09-06T09:00:00,R008,15,1.7,24.58,IoT
SENS_R009,2026-09-06T09:00:00,R009,6,0.93,22.7,IoT
SENS_R010,2026-09-06T09:00:00,R010,21,1.81,23.96,IoT
SENS_R011,2026-09-06T09:00:00,R011,17,1.47,24.61,IoT
SENS_R012,2026-09-06T09:00:00,R012,20,1.63,25.52,IoT
SENS_R013,2026-09-06T09:00:00,R013,6,1.04,22.6,IoT
SENS_R014,2026-09-06T09:00:00,R014,8,1.71,24.82,IoT
SENS_R015,2026-09-06T09:00:00,R015,13,1.91,23.68,IoT
SENS_R016,2026-09-06T09:00:00,R016,13,1.89,24.66,IoT
SENS_R017,2026-09-06T09:00:00,R017,18,1.75,23.76,IoT
SENS_R018,2026-09-06T09:00:00,R018,19,1.49,23.18,IoT
SENS_R019,2026-09-06T09:00:00,R019,16,2.01,26.53,IoT
SENS_R020,2026-09-06T09:00:00,R020,4,0.97,23.21,IoT
SENS_R021,2026-09-06T09:00:00,R021,15,1.29,24.95,IoT
SENS_R022,2026-09-06T09:00:00,R022,0,0.47,24.03,IoT
SENS_R023,2026-09-06T09:00:00,R023,9,1.89,25.39,IoT
SENS_R024,2026-09-06T09:00:00,R024,16,1.81,24.74,IoT
SENS_R025,2026-09-06T09:00:00,R025,23,1.92,24.61,IoT
SENS_R026,2026-09-06T09:00:00,R026,6,1.14,24.61,IoT
SENS_R027,2026-09-06T09:00:00,R027,36,1.57,24.06,IoT
SENS_R028,2026-09-06T09:00:00,R028,0,1.01,23.98,IoT
SENS_R029,2026-09-06T09:00:00,R029,21,1.22,24.65,IoT
SENS_R030,2026-09-06T09:00:00,R030,0,0.74,23.39,IoT
SENS_R001,2026-09-06T10:00:00,R001,6,1.54,25.66,IoT
SENS_R002,2026-09-06T10:00:00,R002,9,1.1,23.6,IoT
SENS_R003,2026-09-06T10:00:00,R003,12,1.06,24.49,IoT
SENS_R004,2026-09-06T10:00:00,R004,21,1.53,23.15,IoT
SENS_R005,2026-09-06T10:00:00,R005,1,0.73,23.21,IoT
SENS_R006,2026-09-06T10:00:00,R006,7,1.23,23.16,IoT
SENS_R007,2026-09-06T10:00:00,R007,5,1.58,24.26,IoT
SENS_R008,2026-09-06T10:00:00,R008,29,1.65,24.07,IoT
SENS_R009,2026-09-06T10:00:00,R009,15,1.83,24.8,IoT
SENS_R010,2026-09-06T10:00:00,R010,20,1.58,23.56,IoT
SENS_R011,2026-09-06T10:00:00,R011,22,1.53,24.13,IoT
SENS_R012,2026-09-06T10:00:00,R012,12,1.38,25.52,IoT
SENS_R013,2026-09-06T10:00:00,R013,0,0.52,22.11,IoT
SENS_R014,2026-09-06T10:00:00,R014,13,1.44,24.98,IoT
SENS_R015,2026-09-06T10:00:00,R015,3,1.16,24.69,IoT
SENS_R016,2026-09-06T10:00:00,R016,11,1.19,24.87,IoT
SENS_R017,2026-09-06T10:00:00,R017,17,1.83,24.28,IoT
SENS_R018,2026-09-06T10:00:00,R018,10,1.65,25.53,IoT
SENS_R019,2026-09-06T10:00:00,R019,16,1.28,24.45,IoT
SENS_R020,2026-09-06T10:00:00,R020,15,1.24,23.92,IoT
SENS_R021,2026-09-06T10:00:00,R021,18,1.65,24.96,IoT
SENS_R022,2026-09-06T10:00:00,R022,11,1.62,26.01,IoT
SENS_R023,2026-09-06T10:00:00,R023,5,1.02,23.57,IoT
SENS_R024,2026-09-06T10:00:00,R024,6,1.23,25.41,IoT
SENS_R025,2026-09-06T10:00:00,R025,8,1.13,23.54,IoT
SENS_R026,2026-09-06T10:00:00,R026,10,1.0,23.17,IoT
SENS_R027,2026-09-06T10:00:00,R027,18,1.05,23.31,IoT
SENS_R028,2026-09-06T10:00:00,R028,0,1.08,23.78,IoT
SENS_R029,2026-09-06T10:00:00,R029,32,1.87,24.55,IoT
SENS_R030,2026-09-06T10:00:00,R030,29,1.57,23.01,IoT
SENS_R001,2026-09-06T11:00:00,R001,5,1.32,25.11,IoT
SENS_R002,2026-09-06T11:00:00,R002,31,1.49,24.32,IoT
SENS_R003,2026-09-06T11:00:00,R003,17,1.52,24.93,IoT
SENS_R004,2026-09-06T11:00:00,R004,12,1.55,24.49,IoT
SENS_R005,2026-09-06T11:00:00,R005,24,1.59,25.27,IoT
SENS_R006,2026-09-06T11:00:00,R006,13,1.76,25.03,IoT
SENS_R007,2026-09-06T11:00:00,R007,3,1.02,22.67,IoT
SENS_R008,2026-09-06T11:00:00,R008,11,0.92,23.65,IoT
SENS_R009,2026-09-06T11:00:00,R009,7,0.89,23.46,IoT
SENS_R010,2026-09-06T11:00:00,R010,11,1.25,24.21,IoT
SENS_R011,2026-09-06T11:00:00,R011,16,1.39,23.98,IoT
SENS_R012,2026-09-06T11:00:00,R012,19,1.83,23.63,IoT
SENS_R013,2026-09-06T11:00:00,R013,15,1.13,24.76,IoT
SENS_R014,2026-09-06T11:00:00,R014,6,1.64,24.53,IoT
SENS_R015,2026-09-06T11:00:00,R015,12,1.81,26.41,IoT
SENS_R016,2026-09-06T11:00:00,R016,15,1.57,24.13,IoT
SENS_R017,2026-09-06T11:00:00,R017,1,0.97,23.04,IoT
SENS_R018,2026-09-06T11:00:00,R018,16,1.59,24.27,IoT
SENS_R019,2026-09-06T11:00:00,R019,11,0.75,23.54,IoT
SENS_R020,2026-09-06T11:00:00,R020,2,0.64,24.29,IoT
SENS_R021,2026-09-06T11:00:00,R021,14,1.79,23.64,IoT
SENS_R022,2026-09-06T11:00:00,R022,7,0.92,21.75,IoT
SENS_R023,2026-09-06T11:00:00,R023,6,1.87,23.01,IoT
SENS_R024,2026-09-06T11:00:00,R024,19,1.51,25.67,IoT
SENS_R025,2026-09-06T11:00:00,R025,23,1.4,25.45,IoT
SENS_R026,2026-09-06T11:00:00,R026,4,0.95,24.47,IoT
SENS_R027,2026-09-06T11:00:00,R027,31,0.98,22.88,IoT
SENS_R028,2026-09-06T11:00:00,R028,6,1.17,24.34,IoT
SENS_R029,2026-09-06T11:00:00,R029,19,1.68,23.34,IoT
SENS_R030,2026-09-06T11:00:00,R030,27,1.72,24.74,IoT
SENS_R001,2026-09-06T12:00:00,R001,6,0.87,22.8,IoT
SENS_R002,2026-09-06T12:00:00,R002,31,2.15,26.14,IoT
SENS_R003,2026-09-06T12:00:00,R003,8,0.69,25.51,IoT
SENS_R004,2026-09-06T12:00:00,R004,28,1.79,25.14,IoT
SENS_R005,2026-09-06T12:00:00,R005,27,1.33,24.14,IoT
SENS_R006,2026-09-06T12:00:00,R006,10,1.65,23.84,IoT
SENS_R007,2026-09-06T12:00:00,R007,9,1.82,24.81,IoT
SENS_R008,2026-09-06T12:00:00,R008,23,1.4,24.05,IoT
SENS_R009,2026-09-06T12:00:00,R009,16,1.73,22.8,IoT
SENS_R010,2026-09-06T12:00:00,R010,5,0.97,23.31,IoT
SENS_R011,2026-09-06T12:00:00,R011,21,1.61,25.54,IoT
SENS_R012,2026-09-06T12:00:00,R012,0,0.86,22.14,IoT
SENS_R013,2026-09-06T12:00:00,R013,11,0.82,23.42,IoT
SENS_R014,2026-09-06T12:00:00,R014,4,1.42,23.91,IoT
SENS_R015,2026-09-06T12:00:00,R015,2,1.0,22.65,IoT
SENS_R016,2026-09-06T12:00:00,R016,11,0.91,25.01,IoT
SENS_R017,2026-09-06T12:00:00,R017,9,1.02,23.86,IoT
SENS_R018,2026-09-06T12:00:00,R018,20,0.98,24.05,IoT
SENS_R019,2026-09-06T12:00:00,R019,0,0.73,23.72,IoT
SENS_R020,2026-09-06T12:00:00,R020,7,1.04,24.12,IoT
SENS_R021,2026-09-06T12:00:00,R021,11,1.43,25.19,IoT
SENS_R022,2026-09-06T12:00:00,R022,2,0.95,23.0,IoT
SENS_R023,2026-09-06T12:00:00,R023,8,1.5,24.58,IoT
SENS_R024,2026-09-06T12:00:00,R024,0,0.96,23.65,IoT
SENS_R025,2026-09-06T12:00:00,R025,15,1.19,23.64,IoT
SENS_R026,2026-09-06T12:00:00,R026,3,1.01,23.56,IoT
SENS_R027,2026-09-06T12:00:00,R027,39,1.98,23.17,IoT
SENS_R028,2026-09-06T12:00:00,R028,1,1.06,23.19,IoT
SENS_R029,2026-09-06T12:00:00,R029,28,1.57,24.99,IoT
SENS_R030,2026-09-06T12:00:00,R030,8,1.16,24.73,IoT
SENS_R001,2026-09-06T13:00:00,R001,3,0.96,22.87,IoT
SENS_R002,2026-09-06T13:00:00,R002,27,1.1,23.32,IoT
SENS_R003,2026-09-06T13:00:00,R003,3,0.45,23.4,IoT
SENS_R004,2026-09-06T13:00:00,R004,29,2.03,23.77,IoT
SENS_R005,2026-09-06T13:00:00,R005,32,1.57,22.72,IoT
SENS_R006,2026-09-06T13:00:00,R006,22,2.31,24.42,IoT
SENS_R007,2026-09-06T13:00:00,R007,5,1.39,25.35,IoT
SENS_R008,2026-09-06T13:00:00,R008,27,2.11,23.57,IoT
SENS_R009,2026-09-06T13:00:00,R009,6,1.21,23.08,IoT
SENS_R010,2026-09-06T13:00:00,R010,18,1.51,23.98,IoT
SENS_R011,2026-09-06T13:00:00,R011,16,1.73,26.02,IoT
SENS_R012,2026-09-06T13:00:00,R012,8,1.05,23.91,IoT
SENS_R013,2026-09-06T13:00:00,R013,40,1.61,24.83,IoT
SENS_R014,2026-09-06T13:00:00,R014,2,0.95,22.4,IoT
SENS_R015,2026-09-06T13:00:00,R015,5,1.33,25.14,IoT
SENS_R016,2026-09-06T13:00:00,R016,7,1.5,24.46,IoT
SENS_R017,2026-09-06T13:00:00,R017,5,1.04,24.04,IoT
SENS_R018,2026-09-06T13:00:00,R018,21,1.21,24.73,IoT
SENS_R019,2026-09-06T13:00:00,R019,0,0.79,22.35,IoT
SENS_R020,2026-09-06T13:00:00,R020,2,0.29,22.91,IoT
SENS_R021,2026-09-06T13:00:00,R021,3,0.82,23.02,IoT
SENS_R022,2026-09-06T13:00:00,R022,12,1.47,24.66,IoT
SENS_R023,2026-09-06T13:00:00,R023,5,1.48,23.88,IoT
SENS_R024,2026-09-06T13:00:00,R024,0,0.57,21.83,IoT
SENS_R025,2026-09-06T13:00:00,R025,18,1.37,23.93,IoT
SENS_R026,2026-09-06T13:00:00,R026,7,1.49,23.37,IoT
SENS_R027,2026-09-06T13:00:00,R027,0,0.97,24.0,IoT
SENS_R028,2026-09-06T13:00:00,R028,0,1.17,23.86,IoT
SENS_R029,2026-09-06T13:00:00,R029,57,2.43,25.45,IoT
SENS_R030,2026-09-06T13:00:00,R030,10,0.9,23.71,IoT
SENS_R001,2026-09-06T14:00:00,R001,4,1.11,24.19,IoT
SENS_R002,2026-09-06T14:00:00,R002,15,1.15,23.28,IoT
SENS_R003,2026-09-06T14:00:00,R003,7,1.43,23.81,IoT
SENS_R004,2026-09-06T14:00:00,R004,15,1.13,24.21,IoT
SENS_R005,2026-09-06T14:00:00,R005,18,0.89,24.29,IoT
SENS_R006,2026-09-06T14:00:00,R006,6,1.24,23.18,IoT
SENS_R007,2026-09-06T14:00:00,R007,1,1.29,24.03,IoT
SENS_R008,2026-09-06T14:00:00,R008,29,1.5,24.83,IoT
SENS_R009,2026-09-06T14:00:00,R009,12,1.66,23.46,IoT
SENS_R010,2026-09-06T14:00:00,R010,15,1.24,23.13,IoT
SENS_R011,2026-09-06T14:00:00,R011,1,0.68,24.08,IoT
SENS_R012,2026-09-06T14:00:00,R012,14,1.2,24.65,IoT
SENS_R013,2026-09-06T14:00:00,R013,49,1.92,25.01,IoT
SENS_R014,2026-09-06T14:00:00,R014,3,1.06,25.13,IoT
SENS_R015,2026-09-06T14:00:00,R015,5,1.34,24.84,IoT
SENS_R016,2026-09-06T14:00:00,R016,10,1.44,24.22,IoT
SENS_R017,2026-09-06T14:00:00,R017,7,1.17,24.92,IoT
SENS_R018,2026-09-06T14:00:00,R018,5,1.08,24.37,IoT
SENS_R019,2026-09-06T14:00:00,R019,6,1.12,24.23,IoT
SENS_R020,2026-09-06T14:00:00,R020,4,1.32,24.24,IoT
SENS_R021,2026-09-06T14:00:00,R021,16,1.61,25.3,IoT
SENS_R022,2026-09-06T14:00:00,R022,17,1.64,25.61,IoT
SENS_R023,2026-09-06T14:00:00,R023,6,1.46,24.93,IoT
SENS_R024,2026-09-06T14:00:00,R024,20,1.81,24.4,IoT
SENS_R025,2026-09-06T14:00:00,R025,11,1.11,24.26,IoT
SENS_R026,2026-09-06T14:00:00,R026,8,1.35,22.89,IoT
SENS_R027,2026-09-06T14:00:00,R027,27,1.47,25.11,IoT
SENS_R028,2026-09-06T14:00:00,R028,8,1.77,22.3,IoT
SENS_R029,2026-09-06T14:00:00,R029,10,1.03,22.58,IoT
SENS_R030,2026-09-06T14:00:00,R030,14,0.92,24.68,IoT
SENS_R001,2026-09-06T15:00:00,R001,7,1.3,24.09,IoT
SENS_R002,2026-09-06T15:00:00,R002,28,1.69,25.08,IoT
SENS_R003,2026-09-06T15:00:00,R003,0,0.85,24.09,IoT
SENS_R004,2026-09-06T15:00:00,R004,13,1.44,25.77,IoT
SENS_R005,2026-09-06T15:00:00,R005,38,2.17,23.76,IoT
SENS_R006,2026-09-06T15:00:00,R006,3,1.1,24.96,IoT
SENS_R007,2026-09-06T15:00:00,R007,8,1.15,23.65,IoT
SENS_R008,2026-09-06T15:00:00,R008,19,1.13,23.98,IoT
SENS_R009,2026-09-06T15:00:00,R009,3,0.73,22.81,IoT
SENS_R010,2026-09-06T15:00:00,R010,2,0.51,23.23,IoT
SENS_R011,2026-09-06T15:00:00,R011,20,2.05,24.34,IoT
SENS_R012,2026-09-06T15:00:00,R012,14,1.18,23.69,IoT
SENS_R013,2026-09-06T15:00:00,R013,8,0.47,23.18,IoT
SENS_R014,2026-09-06T15:00:00,R014,9,1.27,24.53,IoT
SENS_R015,2026-09-06T15:00:00,R015,12,1.89,25.04,IoT
SENS_R016,2026-09-06T15:00:00,R016,33,2.06,24.29,IoT
SENS_R017,2026-09-06T15:00:00,R017,15,1.27,23.58,IoT
SENS_R018,2026-09-06T15:00:00,R018,15,1.41,24.2,IoT
SENS_R019,2026-09-06T15:00:00,R019,0,0.35,22.98,IoT
SENS_R020,2026-09-06T15:00:00,R020,15,1.72,24.76,IoT
SENS_R021,2026-09-06T15:00:00,R021,21,1.94,23.92,IoT
SENS_R022,2026-09-06T15:00:00,R022,4,0.81,22.13,IoT
SENS_R023,2026-09-06T15:00:00,R023,0,0.79,23.04,IoT
SENS_R024,2026-09-06T15:00:00,R024,17,1.97,24.92,IoT
SENS_R025,2026-09-06T15:00:00,R025,37,2.02,25.47,IoT
SENS_R026,2026-09-06T15:00:00,R026,0,0.97,23.4,IoT
SENS_R027,2026-09-06T15:00:00,R027,39,1.64,25.09,IoT
SENS_R028,2026-09-06T15:00:00,R028,6,1.67,25.17,IoT
SENS_R029,2026-09-06T15:00:00,R029,17,1.22,24.23,IoT
SENS_R030,2026-09-06T15:00:00,R030,0,0.83,24.18,IoT
SENS_R001,2026-09-06T16:00:00,R001,11,1.68,25.18,IoT
SENS_R002,2026-09-06T16:00:00,R002,14,1.15,23.6,IoT
SENS_R003,2026-09-06T16:00:00,R003,0,1.21,23.97,IoT
SENS_R004,2026-09-06T16:00:00,R004,0,0.45,23.0,IoT
SENS_R005,2026-09-06T16:00:00,R005,21,1.14,24.27,IoT
SENS_R006,2026-09-06T16:00:00,R006,12,1.68,25.78,IoT
SENS_R007,2026-09-06T16:00:00,R007,4,1.25,23.74,IoT
SENS_R008,2026-09-06T16:00:00,R008,12,1.55,24.06,IoT
SENS_R009,2026-09-06T16:00:00,R009,1,0.57,24.07,IoT
SENS_R010,2026-09-06T16:00:00,R010,10,1.28,24.48,IoT
SENS_R011,2026-09-06T16:00:00,R011,9,0.88,21.99,IoT
SENS_R012,2026-09-06T16:00:00,R012,5,1.04,23.67,IoT
SENS_R013,2026-09-06T16:00:00,R013,27,1.79,23.78,IoT
SENS_R014,2026-09-06T16:00:00,R014,11,1.32,24.81,IoT
SENS_R015,2026-09-06T16:00:00,R015,4,1.56,23.22,IoT
SENS_R016,2026-09-06T16:00:00,R016,17,1.49,23.07,IoT
SENS_R017,2026-09-06T16:00:00,R017,10,1.3,25.48,IoT
SENS_R018,2026-09-06T16:00:00,R018,18,1.18,23.76,IoT
SENS_R019,2026-09-06T16:00:00,R019,16,1.87,25.36,IoT
SENS_R020,2026-09-06T16:00:00,R020,12,0.93,23.75,IoT
SENS_R021,2026-09-06T16:00:00,R021,9,1.11,23.25,IoT
SENS_R022,2026-09-06T16:00:00,R022,6,1.21,22.01,IoT
SENS_R023,2026-09-06T16:00:00,R023,4,1.22,24.57,IoT
SENS_R024,2026-09-06T16:00:00,R024,20,1.9,24.38,IoT
SENS_R025,2026-09-06T16:00:00,R025,9,0.96,24.25,IoT
SENS_R026,2026-09-06T16:00:00,R026,16,1.54,22.88,IoT
SENS_R027,2026-09-06T16:00:00,R027,17,1.12,24.23,IoT
SENS_R028,2026-09-06T16:00:00,R028,0,0.74,23.41,IoT
SENS_R029,2026-09-06T16:00:00,R029,23,1.38,24.3,IoT
SENS_R030,2026-09-06T16:00:00,R030,16,1.03,24.18,IoT
SENS_R001,2026-09-06T17:00:00,R001,10,1.37,23.23,IoT
SENS_R002,2026-09-06T17:00:00,R002,11,1.22,24.81,IoT
SENS_R003,2026-09-06T17:00:00,R003,0,0.72,23.36,IoT
SENS_R004,2026-09-06T17:00:00,R004,9,1.49,23.34,IoT
SENS_R005,2026-09-06T17:00:00,R005,0,1.32,24.01,IoT
SENS_R006,2026-09-06T17:00:00,R006,6,1.79,24.7,IoT
SENS_R007,2026-09-06T17:00:00,R007,12,2.09,24.41,IoT
SENS_R008,2026-09-06T17:00:00,R008,28,2.09,24.95,IoT
SENS_R009,2026-09-06T17:00:00,R009,6,1.3,23.84,IoT
SENS_R010,2026-09-06T17:00:00,R010,0,0.9,22.2,IoT
SENS_R011,2026-09-06T17:00:00,R011,19,1.41,26.11,IoT
SENS_R012,2026-09-06T17:00:00,R012,2,1.53,23.96,IoT
SENS_R013,2026-09-06T17:00:00,R013,22,1.14,23.62,IoT
SENS_R014,2026-09-06T17:00:00,R014,0,0.4,23.3,IoT
SENS_R015,2026-09-06T17:00:00,R015,2,0.38,24.11,IoT
SENS_R016,2026-09-06T17:00:00,R016,8,1.67,24.71,IoT
SENS_R017,2026-09-06T17:00:00,R017,4,1.14,23.2,IoT
SENS_R018,2026-09-06T17:00:00,R018,19,1.18,23.86,IoT
SENS_R019,2026-09-06T17:00:00,R019,6,0.7,23.48,IoT
SENS_R020,2026-09-06T17:00:00,R020,0,0.17,24.16,IoT
SENS_R021,2026-09-06T17:00:00,R021,5,0.92,23.32,IoT
SENS_R022,2026-09-06T17:00:00,R022,6,1.06,23.63,IoT
SENS_R023,2026-09-06T17:00:00,R023,5,1.34,23.78,IoT
SENS_R024,2026-09-06T17:00:00,R024,3,1.53,22.57,IoT
SENS_R025,2026-09-06T17:00:00,R025,36,2.07,23.9,IoT
SENS_R026,2026-09-06T17:00:00,R026,5,1.06,25.33,IoT
SENS_R027,2026-09-06T17:00:00,R027,15,1.16,22.2,IoT
SENS_R028,2026-09-06T17:00:00,R028,8,1.32,23.99,IoT
SENS_R029,2026-09-06T17:00:00,R029,30,1.53,24.62,IoT
SENS_R030,2026-09-06T17:00:00,R030,10,1.21,26.56,IoT
SENS_R001,2026-09-06T18:00:00,R001,3,1.28,23.98,IoT
SENS_R002,2026-09-06T18:00:00,R002,19,1.55,25.35,IoT
SENS_R003,2026-09-06T18:00:00,R003,16,1.62,24.86,IoT
SENS_R004,2026-09-06T18:00:00,R004,8,0.77,23.87,IoT
SENS_R005,2026-09-06T18:00:00,R005,0,0.66,24.05,IoT
SENS_R006,2026-09-06T18:00:00,R006,6,1.24,24.74,IoT
SENS_R007,2026-09-06T18:00:00,R007,0,0.77,22.71,IoT
SENS_R008,2026-09-06T18:00:00,R008,16,1.46,23.52,IoT
SENS_R009,2026-09-06T18:00:00,R009,12,1.36,23.42,IoT
SENS_R010,2026-09-06T18:00:00,R010,0,0.33,22.71,IoT
SENS_R011,2026-09-06T18:00:00,R011,7,0.76,24.25,IoT
SENS_R012,2026-09-06T18:00:00,R012,9,0.81,24.39,IoT
SENS_R013,2026-09-06T18:00:00,R013,30,1.32,23.15,IoT
SENS_R014,2026-09-06T18:00:00,R014,5,1.24,22.12,IoT
SENS_R015,2026-09-06T18:00:00,R015,5,1.44,25.68,IoT
SENS_R016,2026-09-06T18:00:00,R016,9,1.35,24.93,IoT
SENS_R017,2026-09-06T18:00:00,R017,6,1.13,22.93,IoT
SENS_R018,2026-09-06T18:00:00,R018,1,0.78,23.79,IoT
SENS_R019,2026-09-06T18:00:00,R019,17,1.39,24.04,IoT
SENS_R020,2026-09-06T18:00:00,R020,8,1.07,22.48,IoT
SENS_R021,2026-09-06T18:00:00,R021,5,0.8,24.14,IoT
SENS_R022,2026-09-06T18:00:00,R022,0,0.99,23.59,IoT
SENS_R023,2026-09-06T18:00:00,R023,7,1.54,26.35,IoT
SENS_R024,2026-09-06T18:00:00,R024,13,1.03,23.14,IoT
SENS_R025,2026-09-06T18:00:00,R025,19,1.46,24.63,IoT
SENS_R026,2026-09-06T18:00:00,R026,0,1.05,24.28,IoT
SENS_R027,2026-09-06T18:00:00,R027,24,1.2,22.81,IoT
SENS_R028,2026-09-06T18:00:00,R028,6,1.38,24.9,IoT
SENS_R029,2026-09-06T18:00:00,R029,44,1.77,25.66,IoT
SENS_R030,2026-09-06T18:00:00,R030,12,1.65,24.95,IoT
SENS_R001,2026-09-06T19:00:00,R001,8,1.42,25.08,IoT
SENS_R002,2026-09-06T19:00:00,R002,36,1.99,24.54,IoT
SENS_R003,2026-09-06T19:00:00,R003,4,0.95,22.23,IoT
SENS_R004,2026-09-06T19:00:00,R004,21,1.62,23.22,IoT
SENS_R005,2026-09-06T19:00:00,R005,7,0.94,24.3,IoT
SENS_R006,2026-09-06T19:00:00,R006,4,1.1,23.58,IoT
SENS_R007,2026-09-06T19:00:00,R007,2,0.84,23.14,IoT
SENS_R008,2026-09-06T19:00:00,R008,1,0.58,24.02,IoT
SENS_R009,2026-09-06T19:00:00,R009,21,2.05,24.6,IoT
SENS_R010,2026-09-06T19:00:00,R010,19,1.59,24.05,IoT
SENS_R011,2026-09-06T19:00:00,R011,28,1.82,24.2,IoT
SENS_R012,2026-09-06T19:00:00,R012,8,1.25,22.51,IoT
SENS_R013,2026-09-06T19:00:00,R013,0,0.77,22.57,IoT
SENS_R014,2026-09-06T19:00:00,R014,10,1.82,25.95,IoT
SENS_R015,2026-09-06T19:00:00,R015,6,0.91,23.52,IoT
SENS_R016,2026-09-06T19:00:00,R016,11,1.38,25.45,IoT
SENS_R017,2026-09-06T19:00:00,R017,17,1.4,24.23,IoT
SENS_R018,2026-09-06T19:00:00,R018,11,0.89,22.73,IoT
SENS_R019,2026-09-06T19:00:00,R019,19,1.54,22.36,IoT
SENS_R020,2026-09-06T19:00:00,R020,10,1.85,22.97,IoT
SENS_R021,2026-09-06T19:00:00,R021,1,0.89,23.2,IoT
SENS_R022,2026-09-06T19:00:00,R022,5,1.53,24.27,IoT
SENS_R023,2026-09-06T19:00:00,R023,9,1.67,25.64,IoT
SENS_R024,2026-09-06T19:00:00,R024,0,0.99,23.24,IoT
SENS_R025,2026-09-06T19:00:00,R025,9,0.49,23.55,IoT
SENS_R026,2026-09-06T19:00:00,R026,6,1.15,25.55,IoT
SENS_R027,2026-09-06T19:00:00,R027,12,0.63,22.64,IoT
SENS_R028,2026-09-06T19:00:00,R028,2,1.16,23.34,IoT
SENS_R029,2026-09-06T19:00:00,R029,26,1.4,21.68,IoT
SENS_R030,2026-09-06T19:00:00,R030,10,1.33,24.39,IoT
SENS_R001,2026-09-06T20:00:00,R001,1,0.89,22.91,IoT
SENS_R002,2026-09-06T20:00:00,R002,42,2.12,23.62,IoT
SENS_R003,2026-09-06T20:00:00,R003,0,0.68,23.27,IoT
SENS_R004,2026-09-06T20:00:00,R004,7,1.3,23.94,IoT
SENS_R005,2026-09-06T20:00:00,R005,28,1.91,24.32,IoT
SENS_R006,2026-09-06T20:00:00,R006,5,1.14,23.42,IoT
SENS_R007,2026-09-06T20:00:00,R007,2,1.15,23.41,IoT
SENS_R008,2026-09-06T20:00:00,R008,15,1.66,23.41,IoT
SENS_R009,2026-09-06T20:00:00,R009,18,1.89,25.1,IoT
SENS_R010,2026-09-06T20:00:00,R010,1,0.62,23.51,IoT
SENS_R011,2026-09-06T20:00:00,R011,23,1.96,25.93,IoT
SENS_R012,2026-09-06T20:00:00,R012,0,0.65,23.8,IoT
SENS_R013,2026-09-06T20:00:00,R013,34,1.31,24.73,IoT
SENS_R014,2026-09-06T20:00:00,R014,1,0.87,23.64,IoT
SENS_R015,2026-09-06T20:00:00,R015,10,1.68,24.18,IoT
SENS_R016,2026-09-06T20:00:00,R016,12,1.12,24.88,IoT
SENS_R017,2026-09-06T20:00:00,R017,12,1.21,22.18,IoT
SENS_R018,2026-09-06T20:00:00,R018,22,1.83,24.83,IoT
SENS_R019,2026-09-06T20:00:00,R019,13,1.66,25.32,IoT
SENS_R020,2026-09-06T20:00:00,R020,9,1.5,24.59,IoT
SENS_R021,2026-09-06T20:00:00,R021,8,1.0,24.81,IoT
SENS_R022,2026-09-06T20:00:00,R022,6,1.05,24.83,IoT
SENS_R023,2026-09-06T20:00:00,R023,6,1.24,23.46,IoT
SENS_R024,2026-09-06T20:00:00,R024,14,1.33,24.95,IoT
SENS_R025,2026-09-06T20:00:00,R025,19,1.14,24.16,IoT
SENS_R026,2026-09-06T20:00:00,R026,2,0.88,23.6,IoT
SENS_R027,2026-09-06T20:00:00,R027,12,0.89,24.85,IoT
SENS_R028,2026-09-06T20:00:00,R028,3,1.06,23.32,IoT
SENS_R029,2026-09-06T20:00:00,R029,22,1.39,25.46,IoT
SENS_R030,2026-09-06T20:00:00,R030,7,1.04,23.52,IoT
SENS_R001,2026-09-06T21:00:00,R001,8,1.55,23.77,IoT
SENS_R002,2026-09-06T21:00:00,R002,0,1.13,23.92,IoT
SENS_R003,2026-09-06T21:00:00,R003,17,1.35,23.87,IoT
SENS_R004,2026-09-06T21:00:00,R004,6,1.19,23.77,IoT
SENS_R005,2026-09-06T21:00:00,R005,26,1.58,24.89,IoT
SENS_R006,2026-09-06T21:00:00,R006,3,1.07,24.04,IoT
SENS_R007,2026-09-06T21:00:00,R007,1,1.05,24.34,IoT
SENS_R008,2026-09-06T21:00:00,R008,22,1.4,24.28,IoT
SENS_R009,2026-09-06T21:00:00,R009,11,1.62,24.15,IoT
SENS_R010,2026-09-06T21:00:00,R010,9,1.4,23.74,IoT
SENS_R011,2026-09-06T21:00:00,R011,11,1.34,24.63,IoT
SENS_R012,2026-09-06T21:00:00,R012,13,1.59,24.1,IoT
SENS_R013,2026-09-06T21:00:00,R013,12,1.11,24.51,IoT
SENS_R014,2026-09-06T21:00:00,R014,11,1.43,23.63,IoT
SENS_R015,2026-09-06T21:00:00,R015,6,1.15,24.94,IoT
SENS_R016,2026-09-06T21:00:00,R016,7,0.95,23.29,IoT
SENS_R017,2026-09-06T21:00:00,R017,15,1.7,24.96,IoT
SENS_R018,2026-09-06T21:00:00,R018,11,0.74,23.1,IoT
SENS_R019,2026-09-06T21:00:00,R019,16,1.03,22.79,IoT
SENS_R020,2026-09-06T21:00:00,R020,14,1.61,23.61,IoT
SENS_R021,2026-09-06T21:00:00,R021,16,1.7,24.2,IoT
SENS_R022,2026-09-06T21:00:00,R022,1,1.27,24.4,IoT
SENS_R023,2026-09-06T21:00:00,R023,10,1.7,23.74,IoT
SENS_R024,2026-09-06T21:00:00,R024,17,1.69,23.54,IoT
SENS_R025,2026-09-06T21:00:00,R025,20,1.36,22.92,IoT
SENS_R026,2026-09-06T21:00:00,R026,7,1.29,24.08,IoT
SENS_R027,2026-09-06T21:00:00,R027,0,1.0,24.28,IoT
SENS_R028,2026-09-06T21:00:00,R028,12,1.99,24.42,IoT
SENS_R029,2026-09-06T21:00:00,R029,1,0.79,22.71,IoT
SENS_R030,2026-09-06T21:00:00,R030,11,1.2,22.53,IoT
SENS_R001,2026-09-07T06:00:00,R001,14,2.15,24.65,IoT
SENS_R002,2026-09-07T06:00:00,R002,21,1.32,24.72,IoT
SENS_R003,2026-09-07T06:00:00,R003,8,0.97,22.86,IoT
SENS_R004,2026-09-07T06:00:00,R004,10,1.09,23.08,IoT
SENS_R005,2026-09-07T06:00:00,R005,17,1.73,24.56,IoT
SENS_R006,2026-09-07T06:00:00,R006,4,1.36,24.2,IoT
SENS_R007,2026-09-07T06:00:00,R007,8,1.97,24.88,IoT
SENS_R008,2026-09-07T06:00:00,R008,28,1.72,24.46,IoT
SENS_R009,2026-09-07T06:00:00,R009,17,1.47,23.67,IoT
SENS_R010,2026-09-07T06:00:00,R010,19,1.48,24.24,IoT
SENS_R011,2026-09-07T06:00:00,R011,16,1.56,24.01,IoT
SENS_R012,2026-09-07T06:00:00,R012,26,1.63,25.05,IoT
SENS_R013,2026-09-07T06:00:00,R013,17,1.29,23.03,IoT
SENS_R014,2026-09-07T06:00:00,R014,8,1.14,22.73,IoT
SENS_R015,2026-09-07T06:00:00,R015,10,1.45,24.53,IoT
SENS_R016,2026-09-07T06:00:00,R016,22,2.2,24.74,IoT
SENS_R017,2026-09-07T06:00:00,R017,15,1.58,25.91,IoT
SENS_R018,2026-09-07T06:00:00,R018,26,1.61,23.26,IoT
SENS_R019,2026-09-07T06:00:00,R019,18,1.82,24.6,IoT
SENS_R020,2026-09-07T06:00:00,R020,6,1.25,25.36,IoT
SENS_R021,2026-09-07T06:00:00,R021,13,1.48,24.91,IoT
SENS_R022,2026-09-07T06:00:00,R022,0,0.81,23.74,IoT
SENS_R023,2026-09-07T06:00:00,R023,7,1.68,24.61,IoT
SENS_R024,2026-09-07T06:00:00,R024,20,1.98,25.56,IoT
SENS_R025,2026-09-07T06:00:00,R025,49,2.27,25.62,IoT
SENS_R026,2026-09-07T06:00:00,R026,12,1.68,25.25,IoT
SENS_R027,2026-09-07T06:00:00,R027,33,1.32,23.7,IoT
SENS_R028,2026-09-07T06:00:00,R028,13,2.07,25.13,IoT
SENS_R029,2026-09-07T06:00:00,R029,33,1.96,24.74,IoT
SENS_R030,2026-09-07T06:00:00,R030,11,1.31,23.97,IoT
SENS_R001,2026-09-07T07:00:00,R001,13,1.55,24.59,IoT
SENS_R002,2026-09-07T07:00:00,R002,36,1.89,23.66,IoT
SENS_R003,2026-09-07T07:00:00,R003,24,1.6,23.55,IoT
SENS_R004,2026-09-07T07:00:00,R004,17,1.62,25.68,IoT
SENS_R005,2026-09-07T07:00:00,R005,21,1.79,24.39,IoT
SENS_R006,2026-09-07T07:00:00,R006,13,1.38,24.3,IoT
SENS_R007,2026-09-07T07:00:00,R007,4,1.17,23.64,IoT
SENS_R008,2026-09-07T07:00:00,R008,32,2.12,23.96,IoT
SENS_R009,2026-09-07T07:00:00,R009,13,1.47,24.0,IoT
SENS_R010,2026-09-07T07:00:00,R010,5,1.16,24.31,IoT
SENS_R011,2026-09-07T07:00:00,R011,37,2.41,25.44,IoT
SENS_R012,2026-09-07T07:00:00,R012,14,1.72,23.3,IoT
SENS_R013,2026-09-07T07:00:00,R013,29,1.7,24.94,IoT
SENS_R014,2026-09-07T07:00:00,R014,17,1.36,23.17,IoT
SENS_R015,2026-09-07T07:00:00,R015,10,1.86,23.0,IoT
SENS_R016,2026-09-07T07:00:00,R016,17,1.56,23.55,IoT
SENS_R017,2026-09-07T07:00:00,R017,24,1.86,24.02,IoT
SENS_R018,2026-09-07T07:00:00,R018,22,1.52,23.74,IoT
SENS_R019,2026-09-07T07:00:00,R019,17,1.57,24.86,IoT
SENS_R020,2026-09-07T07:00:00,R020,8,0.82,23.47,IoT
SENS_R021,2026-09-07T07:00:00,R021,11,1.14,22.74,IoT
SENS_R022,2026-09-07T07:00:00,R022,30,2.51,25.41,IoT
SENS_R023,2026-09-07T07:00:00,R023,3,1.01,23.8,IoT
SENS_R024,2026-09-07T07:00:00,R024,5,1.35,24.44,IoT
SENS_R025,2026-09-07T07:00:00,R025,40,1.6,23.98,IoT
SENS_R026,2026-09-07T07:00:00,R026,10,1.71,23.28,IoT
SENS_R027,2026-09-07T07:00:00,R027,19,1.3,23.07,IoT
SENS_R028,2026-09-07T07:00:00,R028,16,2.3,23.4,IoT
SENS_R029,2026-09-07T07:00:00,R029,42,1.71,23.94,IoT
SENS_R030,2026-09-07T07:00:00,R030,22,1.74,25.36,IoT
SENS_R001,2026-09-07T08:00:00,R001,26,2.77,27.16,IoT
SENS_R002,2026-09-07T08:00:00,R002,79,3.31,26.2,IoT
SENS_R003,2026-09-07T08:00:00,R003,81,3.19,25.49,IoT
SENS_R004,2026-09-07T08:00:00,R004,44,1.91,24.69,IoT
SENS_R005,2026-09-07T08:00:00,R005,88,3.6,26.06,IoT
SENS_R006,2026-09-07T08:00:00,R006,34,3.44,25.81,IoT
SENS_R007,2026-09-07T08:00:00,R007,26,2.46,25.81,IoT
SENS_R008,2026-09-07T08:00:00,R008,50,2.41,25.03,IoT
SENS_R009,2026-09-07T08:00:00,R009,43,3.57,25.87,IoT
SENS_R010,2026-09-07T08:00:00,R010,44,3.19,24.58,IoT
SENS_R011,2026-09-07T08:00:00,R011,52,2.74,25.44,IoT
SENS_R012,2026-09-07T08:00:00,R012,32,1.9,24.38,IoT
SENS_R013,2026-09-07T08:00:00,R013,91,2.86,24.98,IoT
SENS_R014,2026-09-07T08:00:00,R014,23,2.34,24.76,IoT
SENS_R015,2026-09-07T08:00:00,R015,30,3.31,24.95,IoT
SENS_R016,2026-09-07T08:00:00,R016,46,2.69,25.86,IoT
SENS_R017,2026-09-07T08:00:00,R017,46,2.98,25.46,IoT
SENS_R018,2026-09-07T08:00:00,R018,86,3.63,26.31,IoT
SENS_R019,2026-09-07T08:00:00,R019,57,3.66,24.83,IoT
SENS_R020,2026-09-07T08:00:00,R020,21,2.07,24.06,IoT
SENS_R021,2026-09-07T08:00:00,R021,53,3.77,26.23,IoT
SENS_R022,2026-09-07T08:00:00,R022,45,3.01,25.42,IoT
SENS_R023,2026-09-07T08:00:00,R023,19,2.27,25.83,IoT
SENS_R024,2026-09-07T08:00:00,R024,34,2.77,25.01,IoT
SENS_R025,2026-09-07T08:00:00,R025,46,1.75,23.98,IoT
SENS_R026,2026-09-07T08:00:00,R026,23,2.27,24.58,IoT
SENS_R027,2026-09-07T08:00:00,R027,115,3.64,26.53,IoT
SENS_R028,2026-09-07T08:00:00,R028,39,3.38,25.82,IoT
SENS_R029,2026-09-07T08:00:00,R029,125,3.8,25.9,IoT
SENS_R030,2026-09-07T08:00:00,R030,45,3.1,24.73,IoT
SENS_R001,2026-09-07T09:00:00,R001,25,2.9,25.73,IoT
SENS_R002,2026-09-07T09:00:00,R002,86,3.39,26.01,IoT
SENS_R003,2026-09-07T09:00:00,R003,77,3.1,25.4,IoT
SENS_R004,2026-09-07T09:00:00,R004,55,2.3,25.23,IoT
SENS_R005,2026-09-07T09:00:00,R005,54,2.99,26.59,IoT
SENS_R006,2026-09-07T09:00:00,R006,29,3.08,27.88,IoT
SENS_R007,2026-09-07T09:00:00,R007,22,2.74,23.69,IoT
SENS_R008,2026-09-07T09:00:00,R008,46,2.6,24.11,IoT
SENS_R009,2026-09-07T09:00:00,R009,20,1.85,24.93,IoT
SENS_R010,2026-09-07T09:00:00,R010,49,3.42,25.0,IoT
SENS_R011,2026-09-07T09:00:00,R011,55,2.72,26.22,IoT
SENS_R012,2026-09-07T09:00:00,R012,69,3.78,25.63,IoT
SENS_R013,2026-09-07T09:00:00,R013,137,3.98,25.51,IoT
SENS_R014,2026-09-07T09:00:00,R014,32,3.05,24.99,IoT
SENS_R015,2026-09-07T09:00:00,R015,26,3.2,26.53,IoT
SENS_R016,2026-09-07T09:00:00,R016,41,2.91,25.01,IoT
SENS_R017,2026-09-07T09:00:00,R017,42,2.39,24.04,IoT
SENS_R018,2026-09-07T09:00:00,R018,48,2.5,23.91,IoT
SENS_R019,2026-09-07T09:00:00,R019,28,2.29,24.69,IoT
SENS_R020,2026-09-07T09:00:00,R020,36,2.96,25.4,IoT
SENS_R021,2026-09-07T09:00:00,R021,35,2.47,25.06,IoT
SENS_R022,2026-09-07T09:00:00,R022,39,2.92,25.61,IoT
SENS_R023,2026-09-07T09:00:00,R023,31,3.35,26.16,IoT
SENS_R024,2026-09-07T09:00:00,R024,59,3.74,27.45,IoT
SENS_R025,2026-09-07T09:00:00,R025,93,3.29,24.85,IoT
SENS_R026,2026-09-07T09:00:00,R026,26,2.32,25.18,IoT
SENS_R027,2026-09-07T09:00:00,R027,55,1.69,23.87,IoT
SENS_R028,2026-09-07T09:00:00,R028,28,2.4,25.18,IoT
SENS_R029,2026-09-07T09:00:00,R029,128,3.99,26.23,IoT
SENS_R030,2026-09-07T09:00:00,R030,47,3.2,25.14,IoT
SENS_R001,2026-09-07T10:00:00,R001,28,2.91,24.67,IoT
SENS_R002,2026-09-07T10:00:00,R002,80,3.04,24.92,IoT
SENS_R003,2026-09-07T10:00:00,R003,48,2.23,23.44,IoT
SENS_R004,2026-09-07T10:00:00,R004,28,1.81,25.07,IoT
SENS_R005,2026-09-07T10:00:00,R005,73,3.35,24.4,IoT
SENS_R006,2026-09-07T10:00:00,R006,31,3.58,24.66,IoT
SENS_R007,2026-09-07T10:00:00,R007,33,3.64,27.52,IoT
SENS_R008,2026-09-07T10:00:00,R008,38,2.44,24.95,IoT
SENS_R009,2026-09-07T10:00:00,R009,48,3.81,25.22,IoT
SENS_R010,2026-09-07T10:00:00,R010,44,3.4,25.58,IoT
SENS_R011,2026-09-07T10:00:00,R011,51,2.67,25.37,IoT
SENS_R012,2026-09-07T10:00:00,R012,41,2.82,25.35,IoT
SENS_R013,2026-09-07T10:00:00,R013,70,2.16,24.82,IoT
SENS_R014,2026-09-07T10:00:00,R014,35,2.74,24.24,IoT
SENS_R015,2026-09-07T10:00:00,R015,30,3.38,25.04,IoT
SENS_R016,2026-09-07T10:00:00,R016,44,2.78,24.9,IoT
SENS_R017,2026-09-07T10:00:00,R017,29,2.56,24.75,IoT
SENS_R018,2026-09-07T10:00:00,R018,51,2.76,24.69,IoT
SENS_R019,2026-09-07T10:00:00,R019,56,3.46,26.36,IoT
SENS_R020,2026-09-07T10:00:00,R020,32,2.41,24.58,IoT
SENS_R021,2026-09-07T10:00:00,R021,25,1.98,24.08,IoT
SENS_R022,2026-09-07T10:00:00,R022,42,2.81,27.63,IoT
SENS_R023,2026-09-07T10:00:00,R023,12,1.86,24.6,IoT
SENS_R024,2026-09-07T10:00:00,R024,40,3.04,25.22,IoT
SENS_R025,2026-09-07T10:00:00,R025,112,4.06,26.13,IoT
SENS_R026,2026-09-07T10:00:00,R026,27,2.62,23.82,IoT
SENS_R027,2026-09-07T10:00:00,R027,70,2.67,24.27,IoT
SENS_R028,2026-09-07T10:00:00,R028,41,3.95,26.56,IoT
SENS_R029,2026-09-07T10:00:00,R029,110,3.42,24.84,IoT
SENS_R030,2026-09-07T10:00:00,R030,47,3.19,24.29,IoT
SENS_R001,2026-09-07T11:00:00,R001,27,2.94,25.64,IoT
SENS_R002,2026-09-07T11:00:00,R002,35,1.64,23.46,IoT
SENS_R003,2026-09-07T11:00:00,R003,68,2.58,25.5,IoT
SENS_R004,2026-09-07T11:00:00,R004,64,2.6,24.2,IoT
SENS_R005,2026-09-07T11:00:00,R005,91,4.07,26.11,IoT
SENS_R006,2026-09-07T11:00:00,R006,37,3.64,26.2,IoT
SENS_R007,2026-09-07T11:00:00,R007,14,1.94,24.88,IoT
SENS_R008,2026-09-07T11:00:00,R008,59,3.04,26.47,IoT
SENS_R009,2026-09-07T11:00:00,R009,19,1.39,23.69,IoT
SENS_R010,2026-09-07T11:00:00,R010,50,3.27,26.08,IoT
SENS_R011,2026-09-07T11:00:00,R011,51,2.76,24.99,IoT
SENS_R012,2026-09-07T11:00:00,R012,64,3.67,26.98,IoT
SENS_R013,2026-09-07T11:00:00,R013,55,2.07,24.82,IoT
SENS_R014,2026-09-07T11:00:00,R014,30,2.88,25.12,IoT
SENS_R015,2026-09-07T11:00:00,R015,35,4.17,26.0,IoT
SENS_R016,2026-09-07T11:00:00,R016,79,4.16,25.16,IoT
SENS_R017,2026-09-07T11:00:00,R017,40,2.52,24.26,IoT
SENS_R018,2026-09-07T11:00:00,R018,37,1.62,24.92,IoT
SENS_R019,2026-09-07T11:00:00,R019,51,3.49,26.32,IoT
SENS_R020,2026-09-07T11:00:00,R020,23,1.98,25.35,IoT
SENS_R021,2026-09-07T11:00:00,R021,50,3.54,25.99,IoT
SENS_R022,2026-09-07T11:00:00,R022,59,3.74,27.66,IoT
SENS_R023,2026-09-07T11:00:00,R023,23,2.75,26.09,IoT
SENS_R024,2026-09-07T11:00:00,R024,59,3.75,26.4,IoT
SENS_R025,2026-09-07T11:00:00,R025,64,2.68,23.71,IoT
SENS_R026,2026-09-07T11:00:00,R026,36,3.31,26.41,IoT
SENS_R027,2026-09-07T11:00:00,R027,140,4.32,25.9,IoT
SENS_R028,2026-09-07T11:00:00,R028,17,1.99,25.46,IoT
SENS_R029,2026-09-07T11:00:00,R029,111,3.35,26.08,IoT
SENS_R030,2026-09-07T11:00:00,R030,44,3.04,25.62,IoT
SENS_R001,2026-09-07T12:00:00,R001,37,3.76,26.46,IoT
SENS_R002,2026-09-07T12:00:00,R002,83,3.16,25.48,IoT
SENS_R003,2026-09-07T12:00:00,R003,58,2.54,26.09,IoT
SENS_R004,2026-09-07T12:00:00,R004,39,2.54,26.2,IoT
SENS_R005,2026-09-07T12:00:00,R005,82,4.19,26.72,IoT
SENS_R006,2026-09-07T12:00:00,R006,37,3.34,24.98,IoT
SENS_R007,2026-09-07T12:00:00,R007,18,2.23,25.06,IoT
SENS_R008,2026-09-07T12:00:00,R008,56,2.64,24.91,IoT
SENS_R009,2026-09-07T12:00:00,R009,36,2.5,24.44,IoT
SENS_R010,2026-09-07T12:00:00,R010,27,2.37,24.28,IoT
SENS_R011,2026-09-07T12:00:00,R011,86,3.75,25.42,IoT
SENS_R012,2026-09-07T12:00:00,R012,33,2.16,25.43,IoT
SENS_R013,2026-09-07T12:00:00,R013,67,2.25,24.62,IoT
SENS_R014,2026-09-07T12:00:00,R014,38,3.27,25.29,IoT
SENS_R015,2026-09-07T12:00:00,R015,11,1.93,24.57,IoT
SENS_R016,2026-09-07T12:00:00,R016,28,2.0,24.57,IoT
SENS_R017,2026-09-07T12:00:00,R017,26,1.93,25.66,IoT
SENS_R018,2026-09-07T12:00:00,R018,34,1.76,24.46,IoT
SENS_R019,2026-09-07T12:00:00,R019,33,2.58,24.9,IoT
SENS_R020,2026-09-07T12:00:00,R020,25,2.14,23.43,IoT
SENS_R021,2026-09-07T12:00:00,R021,27,2.33,24.37,IoT
SENS_R022,2026-09-07T12:00:00,R022,35,2.52,25.82,IoT
SENS_R023,2026-09-07T12:00:00,R023,27,2.89,24.51,IoT
SENS_R024,2026-09-07T12:00:00,R024,53,3.94,26.72,IoT
SENS_R025,2026-09-07T12:00:00,R025,69,3.0,26.06,IoT
SENS_R026,2026-09-07T12:00:00,R026,36,3.43,25.78,IoT
SENS_R027,2026-09-07T12:00:00,R027,62,2.11,23.74,IoT
SENS_R028,2026-09-07T12:00:00,R028,25,2.59,25.3,IoT
SENS_R029,2026-09-07T12:00:00,R029,113,3.21,26.11,IoT
SENS_R030,2026-09-07T12:00:00,R030,64,3.38,26.8,IoT
SENS_R001,2026-09-07T13:00:00,R001,31,3.57,25.35,IoT
SENS_R002,2026-09-07T13:00:00,R002,71,2.44,26.37,IoT
SENS_R003,2026-09-07T13:00:00,R003,43,2.08,25.68,IoT
SENS_R004,2026-09-07T13:00:00,R004,58,2.82,25.14,IoT
SENS_R005,2026-09-07T13:00:00,R005,47,2.61,25.41,IoT
SENS_R006,2026-09-07T13:00:00,R006,33,2.96,25.05,IoT
SENS_R007,2026-09-07T13:00:00,R007,18,2.74,25.79,IoT
SENS_R008,2026-09-07T13:00:00,R008,71,3.17,25.54,IoT
SENS_R009,2026-09-07T13:00:00,R009,38,3.25,25.63,IoT
SENS_R010,2026-09-07T13:00:00,R010,53,3.18,25.17,IoT
SENS_R011,2026-09-07T13:00:00,R011,76,3.83,25.88,IoT
SENS_R012,2026-09-07T13:00:00,R012,30,2.18,24.97,IoT
SENS_R013,2026-09-07T13:00:00,R013,66,2.58,25.76,IoT
SENS_R014,2026-09-07T13:00:00,R014,25,2.53,24.62,IoT
SENS_R015,2026-09-07T13:00:00,R015,20,2.74,26.02,IoT
SENS_R016,2026-09-07T13:00:00,R016,70,4.02,25.3,IoT
SENS_R017,2026-09-07T13:00:00,R017,53,3.46,24.71,IoT
SENS_R018,2026-09-07T13:00:00,R018,71,3.19,25.35,IoT
SENS_R019,2026-09-07T13:00:00,R019,42,3.41,25.06,IoT
SENS_R020,2026-09-07T13:00:00,R020,52,3.87,25.8,IoT
SENS_R021,2026-09-07T13:00:00,R021,41,2.97,24.28,IoT
SENS_R022,2026-09-07T13:00:00,R022,40,2.26,23.52,IoT
SENS_R023,2026-09-07T13:00:00,R023,36,3.49,26.11,IoT
SENS_R024,2026-09-07T13:00:00,R024,38,2.66,24.76,IoT
SENS_R025,2026-09-07T13:00:00,R025,70,2.78,25.7,IoT
SENS_R026,2026-09-07T13:00:00,R026,32,2.86,25.41,IoT
SENS_R027,2026-09-07T13:00:00,R027,66,2.17,25.22,IoT
SENS_R028,2026-09-07T13:00:00,R028,21,2.43,24.68,IoT
SENS_R029,2026-09-07T13:00:00,R029,62,2.14,25.71,IoT
SENS_R030,2026-09-07T13:00:00,R030,61,3.54,24.96,IoT
SENS_R001,2026-09-07T14:00:00,R001,26,3.1,24.33,IoT
SENS_R002,2026-09-07T14:00:00,R002,92,3.33,25.78,IoT
SENS_R003,2026-09-07T14:00:00,R003,96,3.5,26.89,IoT
SENS_R004,2026-09-07T14:00:00,R004,44,2.71,24.11,IoT
SENS_R005,2026-09-07T14:00:00,R005,54,2.41,25.15,IoT
SENS_R006,2026-09-07T14:00:00,R006,36,3.48,25.22,IoT
SENS_R007,2026-09-07T14:00:00,R007,15,2.46,24.21,IoT
SENS_R008,2026-09-07T14:00:00,R008,66,3.16,26.48,IoT
SENS_R009,2026-09-07T14:00:00,R009,47,3.68,26.07,IoT
SENS_R010,2026-09-07T14:00:00,R010,68,4.63,27.12,IoT
SENS_R011,2026-09-07T14:00:00,R011,48,2.43,24.91,IoT
SENS_R012,2026-09-07T14:00:00,R012,53,3.03,26.44,IoT
SENS_R013,2026-09-07T14:00:00,R013,85,2.84,25.33,IoT
SENS_R014,2026-09-07T14:00:00,R014,17,1.91,25.58,IoT
SENS_R015,2026-09-07T14:00:00,R015,20,2.44,25.41,IoT
SENS_R016,2026-09-07T14:00:00,R016,55,3.17,26.01,IoT
SENS_R017,2026-09-07T14:00:00,R017,33,2.52,23.81,IoT
SENS_R018,2026-09-07T14:00:00,R018,47,2.22,25.58,IoT
SENS_R019,2026-09-07T14:00:00,R019,53,3.53,27.2,IoT
SENS_R020,2026-09-07T14:00:00,R020,25,2.17,24.55,IoT
SENS_R021,2026-09-07T14:00:00,R021,63,4.26,25.88,IoT
SENS_R022,2026-09-07T14:00:00,R022,24,2.18,25.17,IoT
SENS_R023,2026-09-07T14:00:00,R023,22,3.03,26.22,IoT
SENS_R024,2026-09-07T14:00:00,R024,57,3.71,26.43,IoT
SENS_R025,2026-09-07T14:00:00,R025,75,3.25,25.97,IoT
SENS_R026,2026-09-07T14:00:00,R026,41,3.09,26.48,IoT
SENS_R027,2026-09-07T14:00:00,R027,45,1.94,24.57,IoT
SENS_R028,2026-09-07T14:00:00,R028,22,2.73,24.48,IoT
SENS_R029,2026-09-07T14:00:00,R029,69,2.26,25.67,IoT
SENS_R030,2026-09-07T14:00:00,R030,59,3.18,25.76,IoT
SENS_R001,2026-09-07T15:00:00,R001,13,1.76,24.26,IoT
SENS_R002,2026-09-07T15:00:00,R002,96,3.63,24.55,IoT
SENS_R003,2026-09-07T15:00:00,R003,79,2.88,23.69,IoT
SENS_R004,2026-09-07T15:00:00,R004,45,1.8,24.71,IoT
SENS_R005,2026-09-07T15:00:00,R005,76,3.46,26.84,IoT
SENS_R006,2026-09-07T15:00:00,R006,35,3.47,26.96,IoT
SENS_R007,2026-09-07T15:00:00,R007,17,2.16,25.95,IoT
SENS_R008,2026-09-07T15:00:00,R008,61,2.9,25.53,IoT
SENS_R009,2026-09-07T15:00:00,R009,28,2.4,24.83,IoT
SENS_R010,2026-09-07T15:00:00,R010,21,1.93,24.5,IoT
SENS_R011,2026-09-07T15:00:00,R011,51,2.5,25.09,IoT
SENS_R012,2026-09-07T15:00:00,R012,59,3.33,26.08,IoT
SENS_R013,2026-09-07T15:00:00,R013,94,2.99,26.7,IoT
SENS_R014,2026-09-07T15:00:00,R014,27,2.65,27.0,IoT
SENS_R015,2026-09-07T15:00:00,R015,32,3.52,26.94,IoT
SENS_R016,2026-09-07T15:00:00,R016,32,1.95,23.82,IoT
SENS_R017,2026-09-07T15:00:00,R017,59,3.75,24.7,IoT
SENS_R018,2026-09-07T15:00:00,R018,64,2.71,26.37,IoT
SENS_R019,2026-09-07T15:00:00,R019,53,3.48,26.31,IoT
SENS_R020,2026-09-07T15:00:00,R020,60,4.2,25.62,IoT
SENS_R021,2026-09-07T15:00:00,R021,27,2.08,25.16,IoT
SENS_R022,2026-09-07T15:00:00,R022,47,3.02,25.14,IoT
SENS_R023,2026-09-07T15:00:00,R023,39,4.04,27.02,IoT
SENS_R024,2026-09-07T15:00:00,R024,55,3.6,26.75,IoT
SENS_R025,2026-09-07T15:00:00,R025,56,2.52,24.1,IoT
SENS_R026,2026-09-07T15:00:00,R026,37,3.4,27.59,IoT
SENS_R027,2026-09-07T15:00:00,R027,67,2.17,25.69,IoT
SENS_R028,2026-09-07T15:00:00,R028,41,3.71,26.46,IoT
SENS_R029,2026-09-07T15:00:00,R029,85,2.6,26.52,IoT
SENS_R030,2026-09-07T15:00:00,R030,37,2.45,23.1,IoT
SENS_R001,2026-09-07T16:00:00,R001,14,1.81,24.12,IoT
SENS_R002,2026-09-07T16:00:00,R002,99,3.61,25.96,IoT
SENS_R003,2026-09-07T16:00:00,R003,52,2.85,25.77,IoT
SENS_R004,2026-09-07T16:00:00,R004,63,3.33,26.72,IoT
SENS_R005,2026-09-07T16:00:00,R005,49,2.64,24.27,IoT
SENS_R006,2026-09-07T16:00:00,R006,21,2.48,24.75,IoT
SENS_R007,2026-09-07T16:00:00,R007,30,3.74,26.35,IoT
SENS_R008,2026-09-07T16:00:00,R008,82,3.41,24.8,IoT
SENS_R009,2026-09-07T16:00:00,R009,27,2.58,26.01,IoT
SENS_R010,2026-09-07T16:00:00,R010,56,3.53,26.52,IoT
SENS_R011,2026-09-07T16:00:00,R011,44,2.65,25.65,IoT
SENS_R012,2026-09-07T16:00:00,R012,38,2.39,25.16,IoT
SENS_R013,2026-09-07T16:00:00,R013,102,2.72,25.08,IoT
SENS_R014,2026-09-07T16:00:00,R014,44,3.89,25.8,IoT
SENS_R015,2026-09-07T16:00:00,R015,8,1.5,26.4,IoT
SENS_R016,2026-09-07T16:00:00,R016,63,3.53,25.96,IoT
SENS_R017,2026-09-07T16:00:00,R017,39,2.81,26.45,IoT
SENS_R018,2026-09-07T16:00:00,R018,57,2.78,26.58,IoT
SENS_R019,2026-09-07T16:00:00,R019,9,1.18,23.07,IoT
SENS_R020,2026-09-07T16:00:00,R020,30,2.13,24.73,IoT
SENS_R021,2026-09-07T16:00:00,R021,30,2.8,24.71,IoT
SENS_R022,2026-09-07T16:00:00,R022,38,2.75,24.73,IoT
SENS_R023,2026-09-07T16:00:00,R023,19,2.05,22.83,IoT
SENS_R024,2026-09-07T16:00:00,R024,39,3.18,25.7,IoT
SENS_R025,2026-09-07T16:00:00,R025,45,1.7,25.18,IoT
SENS_R026,2026-09-07T16:00:00,R026,25,2.4,24.05,IoT
SENS_R027,2026-09-07T16:00:00,R027,96,3.29,25.36,IoT
SENS_R028,2026-09-07T16:00:00,R028,28,3.19,25.63,IoT
SENS_R029,2026-09-07T16:00:00,R029,82,2.91,25.07,IoT
SENS_R030,2026-09-07T16:00:00,R030,52,3.4,26.09,IoT
SENS_R001,2026-09-07T17:00:00,R001,22,2.49,24.99,IoT
SENS_R002,2026-09-07T17:00:00,R002,67,2.53,24.52,IoT
SENS_R003,2026-09-07T17:00:00,R003,45,2.18,25.26,IoT
SENS_R004,2026-09-07T17:00:00,R004,100,4.88,27.18,IoT
SENS_R005,2026-09-07T17:00:00,R005,35,2.03,24.4,IoT
SENS_R006,2026-09-07T17:00:00,R006,17,2.36,24.21,IoT
SENS_R007,2026-09-07T17:00:00,R007,17,2.35,25.03,IoT
SENS_R008,2026-09-07T17:00:00,R008,53,2.93,26.56,IoT
SENS_R009,2026-09-07T17:00:00,R009,41,2.9,24.97,IoT
SENS_R010,2026-09-07T17:00:00,R010,36,2.47,27.09,IoT
SENS_R011,2026-09-07T17:00:00,R011,49,2.96,26.61,IoT
SENS_R012,2026-09-07T17:00:00,R012,45,3.26,26.98,IoT
SENS_R013,2026-09-07T17:00:00,R013,72,2.25,24.63,IoT
SENS_R014,2026-09-07T17:00:00,R014,31,2.74,23.49,IoT
SENS_R015,2026-09-07T17:00:00,R015,29,3.56,26.06,IoT
SENS_R016,2026-09-07T17:00:00,R016,21,1.53,23.83,IoT
SENS_R017,2026-09-07T17:00:00,R017,36,2.21,24.3,IoT
SENS_R018,2026-09-07T17:00:00,R018,50,2.58,25.25,IoT
SENS_R019,2026-09-07T17:00:00,R019,38,2.86,26.06,IoT
SENS_R020,2026-09-07T17:00:00,R020,47,3.43,23.48,IoT
SENS_R021,2026-09-07T17:00:00,R021,28,1.96,23.17,IoT
SENS_R022,2026-09-07T17:00:00,R022,38,2.51,24.35,IoT
SENS_R023,2026-09-07T17:00:00,R023,21,2.58,25.94,IoT
SENS_R024,2026-09-07T17:00:00,R024,26,2.03,23.25,IoT
SENS_R025,2026-09-07T17:00:00,R025,100,3.79,27.38,IoT
SENS_R026,2026-09-07T17:00:00,R026,33,3.4,25.43,IoT
SENS_R027,2026-09-07T17:00:00,R027,79,2.42,24.18,IoT
SENS_R028,2026-09-07T17:00:00,R028,24,2.46,27.16,IoT
SENS_R029,2026-09-07T17:00:00,R029,87,2.91,26.18,IoT
SENS_R030,2026-09-07T17:00:00,R030,31,2.01,25.01,IoT
SENS_R001,2026-09-07T18:00:00,R001,8,1.22,24.37,IoT
SENS_R002,2026-09-07T18:00:00,R002,38,1.82,24.55,IoT
SENS_R003,2026-09-07T18:00:00,R003,26,1.6,22.59,IoT
SENS_R004,2026-09-07T18:00:00,R004,10,1.06,24.65,IoT
SENS_R005,2026-09-07T18:00:00,R005,25,1.49,23.71,IoT
SENS_R006,2026-09-07T18:00:00,R006,12,1.83,24.45,IoT
SENS_R007,2026-09-07T18:00:00,R007,8,0.94,23.71,IoT
SENS_R008,2026-09-07T18:00:00,R008,17,1.54,26.03,IoT
SENS_R009,2026-09-07T18:00:00,R009,0,1.03,23.97,IoT
SENS_R010,2026-09-07T18:00:00,R010,19,1.62,24.89,IoT
SENS_R011,2026-09-07T18:00:00,R011,25,1.69,25.25,IoT
SENS_R012,2026-09-07T18:00:00,R012,23,1.82,24.31,IoT
SENS_R013,2026-09-07T18:00:00,R013,27,1.15,24.76,IoT
SENS_R014,2026-09-07T18:00:00,R014,15,1.73,24.13,IoT
SENS_R015,2026-09-07T18:00:00,R015,5,1.02,24.55,IoT
SENS_R016,2026-09-07T18:00:00,R016,26,2.05,24.67,IoT
SENS_R017,2026-09-07T18:00:00,R017,8,1.78,25.13,IoT
SENS_R018,2026-09-07T18:00:00,R018,35,1.97,25.26,IoT
SENS_R019,2026-09-07T18:00:00,R019,8,1.41,24.11,IoT
SENS_R020,2026-09-07T18:00:00,R020,18,1.44,24.09,IoT
SENS_R021,2026-09-07T18:00:00,R021,0,0.28,22.53,IoT
SENS_R022,2026-09-07T18:00:00,R022,17,1.38,23.72,IoT
SENS_R023,2026-09-07T18:00:00,R023,10,1.7,25.31,IoT
SENS_R024,2026-09-07T18:00:00,R024,7,0.97,24.33,IoT
SENS_R025,2026-09-07T18:00:00,R025,4,1.05,22.53,IoT
SENS_R026,2026-09-07T18:00:00,R026,11,1.64,25.48,IoT
SENS_R027,2026-09-07T18:00:00,R027,17,1.02,23.5,IoT
SENS_R028,2026-09-07T18:00:00,R028,6,0.96,23.03,IoT
SENS_R029,2026-09-07T18:00:00,R029,24,1.74,24.53,IoT
SENS_R030,2026-09-07T18:00:00,R030,36,2.98,26.92,IoT
SENS_R001,2026-09-07T19:00:00,R001,12,1.72,23.83,IoT
SENS_R002,2026-09-07T19:00:00,R002,31,1.71,23.91,IoT
SENS_R003,2026-09-07T19:00:00,R003,31,1.62,23.59,IoT
SENS_R004,2026-09-07T19:00:00,R004,22,1.61,23.84,IoT
SENS_R005,2026-09-07T19:00:00,R005,0,0.59,23.68,IoT
SENS_R006,2026-09-07T19:00:00,R006,6,1.35,24.09,IoT
SENS_R007,2026-09-07T19:00:00,R007,3,1.16,25.89,IoT
SENS_R008,2026-09-07T19:00:00,R008,0,0.59,24.08,IoT
SENS_R009,2026-09-07T19:00:00,R009,10,1.5,24.14,IoT
SENS_R010,2026-09-07T19:00:00,R010,1,0.69,22.74,IoT
SENS_R011,2026-09-07T19:00:00,R011,24,1.69,24.02,IoT
SENS_R012,2026-09-07T19:00:00,R012,22,1.47,23.18,IoT
SENS_R013,2026-09-07T19:00:00,R013,44,2.02,24.22,IoT
SENS_R014,2026-09-07T19:00:00,R014,11,1.21,24.49,IoT
SENS_R015,2026-09-07T19:00:00,R015,7,1.52,23.76,IoT
SENS_R016,2026-09-07T19:00:00,R016,0,0.59,23.36,IoT
SENS_R017,2026-09-07T19:00:00,R017,2,0.86,23.53,IoT
SENS_R018,2026-09-07T19:00:00,R018,11,1.26,23.22,IoT
SENS_R019,2026-09-07T19:00:00,R019,7,0.81,23.83,IoT
SENS_R020,2026-09-07T19:00:00,R020,15,1.86,23.03,IoT
SENS_R021,2026-09-07T19:00:00,R021,6,1.09,24.0,IoT
SENS_R022,2026-09-07T19:00:00,R022,12,1.78,24.25,IoT
SENS_R023,2026-09-07T19:00:00,R023,5,0.77,23.27,IoT
SENS_R024,2026-09-07T19:00:00,R024,10,1.75,25.09,IoT
SENS_R025,2026-09-07T19:00:00,R025,30,1.89,24.87,IoT
SENS_R026,2026-09-07T19:00:00,R026,3,1.44,24.83,IoT
SENS_R027,2026-09-07T19:00:00,R027,26,1.03,23.57,IoT
SENS_R028,2026-09-07T19:00:00,R028,9,1.19,24.68,IoT
SENS_R029,2026-09-07T19:00:00,R029,17,1.19,24.36,IoT
SENS_R030,2026-09-07T19:00:00,R030,26,1.81,23.73,IoT
SENS_R001,2026-09-07T20:00:00,R001,10,1.95,24.7,IoT
SENS_R002,2026-09-07T20:00:00,R002,22,1.69,24.87,IoT
SENS_R003,2026-09-07T20:00:00,R003,30,1.76,24.67,IoT
SENS_R004,2026-09-07T20:00:00,R004,24,1.68,23.95,IoT
SENS_R005,2026-09-07T20:00:00,R005,15,1.92,23.89,IoT
SENS_R006,2026-09-07T20:00:00,R006,14,1.91,25.06,IoT
SENS_R007,2026-09-07T20:00:00,R007,9,1.24,23.55,IoT
SENS_R008,2026-09-07T20:00:00,R008,30,1.92,24.63,IoT
SENS_R009,2026-09-07T20:00:00,R009,2,0.88,24.23,IoT
SENS_R010,2026-09-07T20:00:00,R010,8,1.68,25.51,IoT
SENS_R011,2026-09-07T20:00:00,R011,22,1.46,24.03,IoT
SENS_R012,2026-09-07T20:00:00,R012,13,1.93,24.35,IoT
SENS_R013,2026-09-07T20:00:00,R013,17,1.22,24.67,IoT
SENS_R014,2026-09-07T20:00:00,R014,8,1.62,23.45,IoT
SENS_R015,2026-09-07T20:00:00,R015,5,0.96,24.06,IoT
SENS_R016,2026-09-07T20:00:00,R016,10,1.06,23.57,IoT
SENS_R017,2026-09-07T20:00:00,R017,1,1.1,23.88,IoT
SENS_R018,2026-09-07T20:00:00,R018,10,0.99,22.99,IoT
SENS_R019,2026-09-07T20:00:00,R019,21,2.0,24.82,IoT
SENS_R020,2026-09-07T20:00:00,R020,9,1.47,22.91,IoT
SENS_R021,2026-09-07T20:00:00,R021,16,1.55,24.62,IoT
SENS_R022,2026-09-07T20:00:00,R022,27,1.79,24.74,IoT
SENS_R023,2026-09-07T20:00:00,R023,9,1.58,24.53,IoT
SENS_R024,2026-09-07T20:00:00,R024,14,1.67,24.43,IoT
SENS_R025,2026-09-07T20:00:00,R025,40,1.78,24.62,IoT
SENS_R026,2026-09-07T20:00:00,R026,9,0.93,22.36,IoT
SENS_R027,2026-09-07T20:00:00,R027,24,1.22,23.62,IoT
SENS_R028,2026-09-07T20:00:00,R028,5,1.08,23.09,IoT
SENS_R029,2026-09-07T20:00:00,R029,54,1.98,24.36,IoT
SENS_R030,2026-09-07T20:00:00,R030,18,1.41,24.51,IoT
SENS_R001,2026-09-07T21:00:00,R001,5,1.1,24.26,IoT
SENS_R002,2026-09-07T21:00:00,R002,13,1.26,23.32,IoT
SENS_R003,2026-09-07T21:00:00,R003,38,1.82,23.48,IoT
SENS_R004,2026-09-07T21:00:00,R004,12,1.44,23.79,IoT
SENS_R005,2026-09-07T21:00:00,R005,12,1.27,23.73,IoT
SENS_R006,2026-09-07T21:00:00,R006,18,1.77,23.73,IoT
SENS_R007,2026-09-07T21:00:00,R007,9,1.62,23.83,IoT
SENS_R008,2026-09-07T21:00:00,R008,16,1.92,24.97,IoT
SENS_R009,2026-09-07T21:00:00,R009,0,0.76,24.26,IoT
SENS_R010,2026-09-07T21:00:00,R010,31,2.14,24.86,IoT
SENS_R011,2026-09-07T21:00:00,R011,36,2.12,23.57,IoT
SENS_R012,2026-09-07T21:00:00,R012,25,1.64,23.8,IoT
SENS_R013,2026-09-07T21:00:00,R013,22,0.79,23.98,IoT
SENS_R014,2026-09-07T21:00:00,R014,7,1.31,23.88,IoT
SENS_R015,2026-09-07T21:00:00,R015,3,1.41,23.23,IoT
SENS_R016,2026-09-07T21:00:00,R016,17,1.8,24.84,IoT
SENS_R017,2026-09-07T21:00:00,R017,21,2.08,23.77,IoT
SENS_R018,2026-09-07T21:00:00,R018,11,1.47,23.58,IoT
SENS_R019,2026-09-07T21:00:00,R019,15,1.78,22.72,IoT
SENS_R020,2026-09-07T21:00:00,R020,17,2.25,25.92,IoT
SENS_R021,2026-09-07T21:00:00,R021,18,2.01,25.38,IoT
SENS_R022,2026-09-07T21:00:00,R022,22,1.96,24.64,IoT
SENS_R023,2026-09-07T21:00:00,R023,11,1.82,24.77,IoT
SENS_R024,2026-09-07T21:00:00,R024,10,1.87,25.6,IoT
SENS_R025,2026-09-07T21:00:00,R025,0,0.95,23.08,IoT
SENS_R026,2026-09-07T21:00:00,R026,9,1.47,25.35,IoT
SENS_R027,2026-09-07T21:00:00,R027,31,1.31,22.94,IoT
SENS_R028,2026-09-07T21:00:00,R028,15,2.07,24.31,IoT
SENS_R029,2026-09-07T21:00:00,R029,23,1.23,23.83,IoT
SENS_R030,2026-09-07T21:00:00,R030,12,1.49,24.28,IoT
SENS_R001,2026-09-08T06:00:00,R001,8,1.5,24.24,IoT
SENS_R002,2026-09-08T06:00:00,R002,40,2.29,25.21,IoT
SENS_R003,2026-09-08T06:00:00,R003,37,1.67,23.94,IoT
SENS_R004,2026-09-08T06:00:00,R004,26,1.48,25.23,IoT
SENS_R005,2026-09-08T06:00:00,R005,29,2.15,24.43,IoT
SENS_R006,2026-09-08T06:00:00,R006,10,1.39,24.21,IoT
SENS_R007,2026-09-08T06:00:00,R007,7,1.9,24.13,IoT
SENS_R008,2026-09-08T06:00:00,R008,26,1.66,23.89,IoT
SENS_R009,2026-09-08T06:00:00,R009,13,1.53,23.77,IoT
SENS_R010,2026-09-08T06:00:00,R010,25,2.17,23.33,IoT
SENS_R011,2026-09-08T06:00:00,R011,31,2.02,23.98,IoT
SENS_R012,2026-09-08T06:00:00,R012,27,1.73,23.09,IoT
SENS_R013,2026-09-08T06:00:00,R013,48,1.47,24.37,IoT
SENS_R014,2026-09-08T06:00:00,R014,11,1.47,23.64,IoT
SENS_R015,2026-09-08T06:00:00,R015,0,0.97,23.51,IoT
SENS_R016,2026-09-08T06:00:00,R016,25,2.03,22.98,IoT
SENS_R017,2026-09-08T06:00:00,R017,11,1.14,23.37,IoT
SENS_R018,2026-09-08T06:00:00,R018,6,1.25,24.03,IoT
SENS_R019,2026-09-08T06:00:00,R019,14,1.32,24.14,IoT
SENS_R020,2026-09-08T06:00:00,R020,8,1.17,23.68,IoT
SENS_R021,2026-09-08T06:00:00,R021,20,1.63,24.77,IoT
SENS_R022,2026-09-08T06:00:00,R022,4,1.12,22.95,IoT
SENS_R023,2026-09-08T06:00:00,R023,2,1.27,23.09,IoT
SENS_R024,2026-09-08T06:00:00,R024,15,1.17,24.8,IoT
SENS_R025,2026-09-08T06:00:00,R025,31,1.67,24.26,IoT
SENS_R026,2026-09-08T06:00:00,R026,16,1.74,23.43,IoT
SENS_R027,2026-09-08T06:00:00,R027,17,0.71,23.7,IoT
SENS_R028,2026-09-08T06:00:00,R028,4,1.04,23.24,IoT
SENS_R029,2026-09-08T06:00:00,R029,15,0.91,21.59,IoT
SENS_R030,2026-09-08T06:00:00,R030,21,1.97,24.5,IoT
SENS_R001,2026-09-08T07:00:00,R001,14,2.26,24.64,IoT
SENS_R002,2026-09-08T07:00:00,R002,0,0.98,22.78,IoT
SENS_R003,2026-09-08T07:00:00,R003,19,1.24,23.65,IoT
SENS_R004,2026-09-08T07:00:00,R004,18,1.8,24.49,IoT
SENS_R005,2026-09-08T07:00:00,R005,12,1.25,23.63,IoT
SENS_R006,2026-09-08T07:00:00,R006,16,2.35,25.38,IoT
SENS_R007,2026-09-08T07:00:00,R007,9,1.17,24.72,IoT
SENS_R008,2026-09-08T07:00:00,R008,23,1.2,23.43,IoT
SENS_R009,2026-09-08T07:00:00,R009,21,2.02,23.49,IoT
SENS_R010,2026-09-08T07:00:00,R010,6,1.57,23.75,IoT
SENS_R011,2026-09-08T07:00:00,R011,8,0.93,22.84,IoT
SENS_R012,2026-09-08T07:00:00,R012,25,1.92,23.56,IoT
SENS_R013,2026-09-08T07:00:00,R013,23,1.8,24.17,IoT
SENS_R014,2026-09-08T07:00:00,R014,14,1.81,23.23,IoT
SENS_R015,2026-09-08T07:00:00,R015,11,1.68,23.35,IoT
SENS_R016,2026-09-08T07:00:00,R016,3,1.19,24.81,IoT
SENS_R017,2026-09-08T07:00:00,R017,0,1.14,24.36,IoT
SENS_R018,2026-09-08T07:00:00,R018,16,0.84,23.74,IoT
SENS_R019,2026-09-08T07:00:00,R019,26,2.28,24.63,IoT
SENS_R020,2026-09-08T07:00:00,R020,21,2.39,23.43,IoT
SENS_R021,2026-09-08T07:00:00,R021,25,2.03,24.32,IoT
SENS_R022,2026-09-08T07:00:00,R022,4,1.43,24.04,IoT
SENS_R023,2026-09-08T07:00:00,R023,13,2.03,24.96,IoT
SENS_R024,2026-09-08T07:00:00,R024,8,1.2,22.98,IoT
SENS_R025,2026-09-08T07:00:00,R025,37,1.93,24.18,IoT
SENS_R026,2026-09-08T07:00:00,R026,9,1.2,23.1,IoT
SENS_R027,2026-09-08T07:00:00,R027,35,1.69,23.94,IoT
SENS_R028,2026-09-08T07:00:00,R028,15,1.89,23.29,IoT
SENS_R029,2026-09-08T07:00:00,R029,21,1.31,25.0,IoT
SENS_R030,2026-09-08T07:00:00,R030,5,0.78,22.86,IoT
SENS_R001,2026-09-08T08:00:00,R001,22,2.53,25.17,IoT
SENS_R002,2026-09-08T08:00:00,R002,88,3.63,27.02,IoT
SENS_R003,2026-09-08T08:00:00,R003,114,4.03,24.96,IoT
SENS_R004,2026-09-08T08:00:00,R004,73,3.49,25.73,IoT
SENS_R005,2026-09-08T08:00:00,R005,76,3.77,27.36,IoT
SENS_R006,2026-09-08T08:00:00,R006,33,3.3,23.98,IoT
SENS_R007,2026-09-08T08:00:00,R007,11,1.9,24.14,IoT
SENS_R008,2026-09-08T08:00:00,R008,55,2.45,24.27,IoT
SENS_R009,2026-09-08T08:00:00,R009,31,2.98,23.94,IoT
SENS_R010,2026-09-08T08:00:00,R010,43,3.17,25.08,IoT
SENS_R011,2026-09-08T08:00:00,R011,56,2.66,26.05,IoT
SENS_R012,2026-09-08T08:00:00,R012,59,3.39,27.52,IoT
SENS_R013,2026-09-08T08:00:00,R013,95,3.06,24.16,IoT
SENS_R014,2026-09-08T08:00:00,R014,29,3.34,27.07,IoT
SENS_R015,2026-09-08T08:00:00,R015,14,1.78,26.41,IoT
SENS_R016,2026-09-08T08:00:00,R016,47,2.81,25.33,IoT
SENS_R017,2026-09-08T08:00:00,R017,48,3.52,25.97,IoT
SENS_R018,2026-09-08T08:00:00,R018,58,2.95,24.77,IoT
SENS_R019,2026-09-08T08:00:00,R019,24,1.8,23.2,IoT
SENS_R020,2026-09-08T08:00:00,R020,21,1.87,23.88,IoT
SENS_R021,2026-09-08T08:00:00,R021,60,3.86,25.12,IoT
SENS_R022,2026-09-08T08:00:00,R022,51,3.89,26.69,IoT
SENS_R023,2026-09-08T08:00:00,R023,23,2.8,25.11,IoT
SENS_R024,2026-09-08T08:00:00,R024,54,4.09,25.71,IoT
SENS_R025,2026-09-08T08:00:00,R025,55,2.52,25.35,IoT
SENS_R026,2026-09-08T08:00:00,R026,39,3.21,26.34,IoT
SENS_R027,2026-09-08T08:00:00,R027,62,2.36,25.78,IoT
SENS_R028,2026-09-08T08:00:00,R028,17,2.03,24.15,IoT
SENS_R029,2026-09-08T08:00:00,R029,62,2.06,23.75,IoT
SENS_R030,2026-09-08T08:00:00,R030,68,3.6,25.99,IoT
SENS_R001,2026-09-08T09:00:00,R001,30,3.71,25.45,IoT
SENS_R002,2026-09-08T09:00:00,R002,85,3.1,26.2,IoT
SENS_R003,2026-09-08T09:00:00,R003,68,2.79,24.93,IoT
SENS_R004,2026-09-08T09:00:00,R004,92,4.1,25.72,IoT
SENS_R005,2026-09-08T09:00:00,R005,55,2.68,24.86,IoT
SENS_R006,2026-09-08T09:00:00,R006,34,3.23,26.36,IoT
SENS_R007,2026-09-08T09:00:00,R007,35,4.26,26.5,IoT
SENS_R008,2026-09-08T09:00:00,R008,32,2.16,24.54,IoT
SENS_R009,2026-09-08T09:00:00,R009,35,2.92,25.05,IoT
SENS_R010,2026-09-08T09:00:00,R010,35,2.75,24.99,IoT
SENS_R011,2026-09-08T09:00:00,R011,78,3.55,26.03,IoT
SENS_R012,2026-09-08T09:00:00,R012,22,2.01,24.82,IoT
SENS_R013,2026-09-08T09:00:00,R013,63,2.26,23.86,IoT
SENS_R014,2026-09-08T09:00:00,R014,13,2.05,24.39,IoT
SENS_R015,2026-09-08T09:00:00,R015,33,3.41,25.38,IoT
SENS_R016,2026-09-08T09:00:00,R016,51,3.45,24.9,IoT
SENS_R017,2026-09-08T09:00:00,R017,56,3.87,26.32,IoT
SENS_R018,2026-09-08T09:00:00,R018,88,3.78,25.97,IoT
SENS_R019,2026-09-08T09:00:00,R019,51,3.38,26.54,IoT
SENS_R020,2026-09-08T09:00:00,R020,36,3.17,25.05,IoT
SENS_R021,2026-09-08T09:00:00,R021,40,2.93,25.35,IoT
SENS_R022,2026-09-08T09:00:00,R022,28,2.15,24.77,IoT
SENS_R023,2026-09-08T09:00:00,R023,19,2.28,24.65,IoT
SENS_R024,2026-09-08T09:00:00,R024,53,3.08,25.95,IoT
SENS_R025,2026-09-08T09:00:00,R025,85,3.14,24.23,IoT
SENS_R026,2026-09-08T09:00:00,R026,20,2.13,24.88,IoT
SENS_R027,2026-09-08T09:00:00,R027,90,2.87,24.55,IoT
SENS_R028,2026-09-08T09:00:00,R028,20,2.19,24.6,IoT
SENS_R029,2026-09-08T09:00:00,R029,89,3.14,25.98,IoT
SENS_R030,2026-09-08T09:00:00,R030,57,3.13,24.24,IoT
SENS_R001,2026-09-08T10:00:00,R001,23,3.17,26.72,IoT
SENS_R002,2026-09-08T10:00:00,R002,72,3.06,25.61,IoT
SENS_R003,2026-09-08T10:00:00,R003,36,1.72,24.5,IoT
SENS_R004,2026-09-08T10:00:00,R004,48,2.69,26.11,IoT
SENS_R005,2026-09-08T10:00:00,R005,39,2.12,24.2,IoT
SENS_R006,2026-09-08T10:00:00,R006,35,3.54,26.99,IoT
SENS_R007,2026-09-08T10:00:00,R007,20,2.77,25.2,IoT
SENS_R008,2026-09-08T10:00:00,R008,38,2.33,25.43,IoT
SENS_R009,2026-09-08T10:00:00,R009,42,3.44,24.92,IoT
SENS_R010,2026-09-08T10:00:00,R010,59,3.95,26.7,IoT
SENS_R011,2026-09-08T10:00:00,R011,53,3.0,26.48,IoT
SENS_R012,2026-09-08T10:00:00,R012,64,3.24,24.61,IoT
SENS_R013,2026-09-08T10:00:00,R013,77,2.58,24.97,IoT
SENS_R014,2026-09-08T10:00:00,R014,20,2.44,24.96,IoT
SENS_R015,2026-09-08T10:00:00,R015,25,3.03,25.49,IoT
SENS_R016,2026-09-08T10:00:00,R016,23,1.55,24.91,IoT
SENS_R017,2026-09-08T10:00:00,R017,34,2.42,24.33,IoT
SENS_R018,2026-09-08T10:00:00,R018,87,3.82,26.22,IoT
SENS_R019,2026-09-08T10:00:00,R019,36,2.44,24.18,IoT
SENS_R020,2026-09-08T10:00:00,R020,37,2.73,24.79,IoT
SENS_R021,2026-09-08T10:00:00,R021,47,2.82,25.15,IoT
SENS_R022,2026-09-08T10:00:00,R022,33,2.47,25.04,IoT
SENS_R023,2026-09-08T10:00:00,R023,30,3.06,23.75,IoT
SENS_R024,2026-09-08T10:00:00,R024,38,2.35,24.33,IoT
SENS_R025,2026-09-08T10:00:00,R025,45,2.08,24.15,IoT
SENS_R026,2026-09-08T10:00:00,R026,30,3.02,26.03,IoT
SENS_R027,2026-09-08T10:00:00,R027,66,2.35,25.36,IoT
SENS_R028,2026-09-08T10:00:00,R028,36,3.9,25.88,IoT
SENS_R029,2026-09-08T10:00:00,R029,89,2.96,24.92,IoT
SENS_R030,2026-09-08T10:00:00,R030,48,2.7,25.39,IoT
SENS_R001,2026-09-08T11:00:00,R001,17,2.28,25.1,IoT
SENS_R002,2026-09-08T11:00:00,R002,70,2.77,24.3,IoT
SENS_R003,2026-09-08T11:00:00,R003,67,3.14,25.01,IoT
SENS_R004,2026-09-08T11:00:00,R004,67,3.08,25.32,IoT
SENS_R005,2026-09-08T11:00:00,R005,41,2.4,25.4,IoT
SENS_R006,2026-09-08T11:00:00,R006,21,2.14,25.56,IoT
SENS_R007,2026-09-08T11:00:00,R007,30,3.54,26.62,IoT
SENS_R008,2026-09-08T11:00:00,R008,51,2.34,24.68,IoT
SENS_R009,2026-09-08T11:00:00,R009,18,2.05,24.57,IoT
SENS_R010,2026-09-08T11:00:00,R010,46,3.15,25.49,IoT
SENS_R011,2026-09-08T11:00:00,R011,77,3.15,26.86,IoT
SENS_R012,2026-09-08T11:00:00,R012,65,3.25,25.54,IoT
SENS_R013,2026-09-08T11:00:00,R013,103,3.43,26.42,IoT
SENS_R014,2026-09-08T11:00:00,R014,24,2.85,24.29,IoT
SENS_R015,2026-09-08T11:00:00,R015,25,3.22,26.38,IoT
SENS_R016,2026-09-08T11:00:00,R016,60,3.16,26.45,IoT
SENS_R017,2026-09-08T11:00:00,R017,60,3.84,24.9,IoT
SENS_R018,2026-09-08T11:00:00,R018,59,2.92,25.17,IoT
SENS_R019,2026-09-08T11:00:00,R019,62,3.75,26.65,IoT
SENS_R020,2026-09-08T11:00:00,R020,35,2.5,25.03,IoT
SENS_R021,2026-09-08T11:00:00,R021,54,3.63,26.23,IoT
SENS_R022,2026-09-08T11:00:00,R022,35,2.29,24.28,IoT
SENS_R023,2026-09-08T11:00:00,R023,12,1.77,25.09,IoT
SENS_R024,2026-09-08T11:00:00,R024,35,2.87,26.57,IoT
SENS_R025,2026-09-08T11:00:00,R025,67,2.83,24.99,IoT
SENS_R026,2026-09-08T11:00:00,R026,43,4.13,26.31,IoT
SENS_R027,2026-09-08T11:00:00,R027,103,3.01,26.18,IoT
SENS_R028,2026-09-08T11:00:00,R028,27,3.11,25.03,IoT
SENS_R029,2026-09-08T11:00:00,R029,71,2.12,26.19,IoT
SENS_R030,2026-09-08T11:00:00,R030,36,2.5,25.36,IoT
SENS_R001,2026-09-08T12:00:00,R001,23,2.38,24.72,IoT
SENS_R002,2026-09-08T12:00:00,R002,49,2.37,24.63,IoT
SENS_R003,2026-09-08T12:00:00,R003,85,3.24,25.31,IoT
SENS_R004,2026-09-08T12:00:00,R004,70,2.91,24.07,IoT
SENS_R005,2026-09-08T12:00:00,R005,61,2.93,25.25,IoT
SENS_R006,2026-09-08T12:00:00,R006,38,3.21,25.59,IoT
SENS_R007,2026-09-08T12:00:00,R007,16,2.34,25.28,IoT
SENS_R008,2026-09-08T12:00:00,R008,57,2.51,24.31,IoT
SENS_R009,2026-09-08T12:00:00,R009,37,3.17,24.71,IoT
SENS_R010,2026-09-08T12:00:00,R010,39,2.37,23.53,IoT
SENS_R011,2026-09-08T12:00:00,R011,58,3.34,24.97,IoT
SENS_R012,2026-09-08T12:00:00,R012,56,3.31,26.6,IoT
SENS_R013,2026-09-08T12:00:00,R013,98,2.79,24.99,IoT
SENS_R014,2026-09-08T12:00:00,R014,27,2.83,24.42,IoT
SENS_R015,2026-09-08T12:00:00,R015,29,3.65,25.69,IoT
SENS_R016,2026-09-08T12:00:00,R016,54,2.87,26.0,IoT
SENS_R017,2026-09-08T12:00:00,R017,44,3.05,24.06,IoT
SENS_R018,2026-09-08T12:00:00,R018,93,3.68,26.2,IoT
SENS_R019,2026-09-08T12:00:00,R019,26,2.37,24.34,IoT
SENS_R020,2026-09-08T12:00:00,R020,33,2.44,25.13,IoT
SENS_R021,2026-09-08T12:00:00,R021,43,2.65,24.58,IoT
SENS_R022,2026-09-08T12:00:00,R022,53,3.39,24.24,IoT
SENS_R023,2026-09-08T12:00:00,R023,27,3.02,26.54,IoT
SENS_R024,2026-09-08T12:00:00,R024,39,2.74,26.63,IoT
SENS_R025,2026-09-08T12:00:00,R025,62,2.65,24.93,IoT
SENS_R026,2026-09-08T12:00:00,R026,27,2.82,24.98,IoT
SENS_R027,2026-09-08T12:00:00,R027,103,2.88,26.21,IoT
SENS_R028,2026-09-08T12:00:00,R028,24,2.36,24.33,IoT
SENS_R029,2026-09-08T12:00:00,R029,76,2.38,25.72,IoT
SENS_R030,2026-09-08T12:00:00,R030,61,3.91,26.41,IoT
SENS_R001,2026-09-08T13:00:00,R001,22,2.53,26.0,IoT
SENS_R002,2026-09-08T13:00:00,R002,74,3.22,25.12,IoT
SENS_R003,2026-09-08T13:00:00,R003,105,3.54,24.63,IoT
SENS_R004,2026-09-08T13:00:00,R004,71,2.95,25.62,IoT
SENS_R005,2026-09-08T13:00:00,R005,76,3.69,25.79,IoT
SENS_R006,2026-09-08T13:00:00,R006,43,3.41,26.14,IoT
SENS_R007,2026-09-08T13:00:00,R007,34,3.52,25.83,IoT
SENS_R008,2026-09-08T13:00:00,R008,82,3.44,25.5,IoT
SENS_R009,2026-09-08T13:00:00,R009,43,3.48,25.77,IoT
SENS_R010,2026-09-08T13:00:00,R010,21,2.32,25.23,IoT
SENS_R011,2026-09-08T13:00:00,R011,86,4.06,26.55,IoT
SENS_R012,2026-09-08T13:00:00,R012,43,2.85,23.84,IoT
SENS_R013,2026-09-08T13:00:00,R013,79,2.25,25.87,IoT
SENS_R014,2026-09-08T13:00:00,R014,34,3.32,25.12,IoT
SENS_R015,2026-09-08T13:00:00,R015,14,1.82,23.79,IoT
SENS_R016,2026-09-08T13:00:00,R016,55,3.1,25.78,IoT
SENS_R017,2026-09-08T13:00:00,R017,25,1.99,23.67,IoT
SENS_R018,2026-09-08T13:00:00,R018,51,2.6,25.6,IoT
SENS_R019,2026-09-08T13:00:00,R019,41,2.75,24.94,IoT
SENS_R020,2026-09-08T13:00:00,R020,39,3.04,25.22,IoT
SENS_R021,2026-09-08T13:00:00,R021,30,3.16,27.2,IoT
SENS_R022,2026-09-08T13:00:00,R022,29,2.44,23.66,IoT
SENS_R023,2026-09-08T13:00:00,R023,18,2.48,25.48,IoT
SENS_R024,2026-09-08T13:00:00,R024,45,2.94,23.94,IoT
SENS_R025,2026-09-08T13:00:00,R025,61,2.39,25.1,IoT
SENS_R026,2026-09-08T13:00:00,R026,38,3.71,27.92,IoT
SENS_R027,2026-09-08T13:00:00,R027,63,2.17,24.77,IoT
SENS_R028,2026-09-08T13:00:00,R028,24,2.08,23.58,IoT
SENS_R029,2026-09-08T13:00:00,R029,103,3.15,24.85,IoT
SENS_R030,2026-09-08T13:00:00,R030,41,1.88,25.22,IoT
SENS_R001,2026-09-08T14:00:00,R001,34,3.82,26.24,IoT
SENS_R002,2026-09-08T14:00:00,R002,40,1.97,25.1,IoT
SENS_R003,2026-09-08T14:00:00,R003,83,3.16,27.38,IoT
SENS_R004,2026-09-08T14:00:00,R004,48,2.44,25.84,IoT
SENS_R005,2026-09-08T14:00:00,R005,48,2.49,24.61,IoT
SENS_R006,2026-09-08T14:00:00,R006,31,3.27,25.14,IoT
SENS_R007,2026-09-08T14:00:00,R007,31,3.74,26.95,IoT
SENS_R008,2026-09-08T14:00:00,R008,78,3.79,26.11,IoT
SENS_R009,2026-09-08T14:00:00,R009,20,1.96,24.2,IoT
SENS_R010,2026-09-08T14:00:00,R010,30,2.67,23.86,IoT
SENS_R011,2026-09-08T14:00:00,R011,63,3.04,26.69,IoT
SENS_R012,2026-09-08T14:00:00,R012,30,1.96,25.0,IoT
SENS_R013,2026-09-08T14:00:00,R013,94,2.77,26.17,IoT
SENS_R014,2026-09-08T14:00:00,R014,42,3.59,26.38,IoT
SENS_R015,2026-09-08T14:00:00,R015,30,3.35,25.55,IoT
SENS_R016,2026-09-08T14:00:00,R016,75,4.13,27.0,IoT
SENS_R017,2026-09-08T14:00:00,R017,23,1.52,24.23,IoT
SENS_R018,2026-09-08T14:00:00,R018,54,2.42,23.34,IoT
SENS_R019,2026-09-08T14:00:00,R019,33,2.27,24.08,IoT
SENS_R020,2026-09-08T14:00:00,R020,42,3.39,26.91,IoT
SENS_R021,2026-09-08T14:00:00,R021,30,2.19,24.01,IoT
SENS_R022,2026-09-08T14:00:00,R022,37,2.83,26.45,IoT
SENS_R023,2026-09-08T14:00:00,R023,16,1.83,23.95,IoT
SENS_R024,2026-09-08T14:00:00,R024,60,4.11,24.61,IoT
SENS_R025,2026-09-08T14:00:00,R025,50,2.3,24.78,IoT
SENS_R026,2026-09-08T14:00:00,R026,42,3.78,26.29,IoT
SENS_R027,2026-09-08T14:00:00,R027,75,2.91,24.95,IoT
SENS_R028,2026-09-08T14:00:00,R028,25,2.22,25.06,IoT
SENS_R029,2026-09-08T14:00:00,R029,71,2.71,24.83,IoT
SENS_R030,2026-09-08T14:00:00,R030,69,4.03,26.52,IoT
SENS_R001,2026-09-08T15:00:00,R001,19,2.63,25.24,IoT
SENS_R002,2026-09-08T15:00:00,R002,93,3.51,26.91,IoT
SENS_R003,2026-09-08T15:00:00,R003,61,2.15,23.73,IoT
SENS_R004,2026-09-08T15:00:00,R004,93,3.76,26.88,IoT
SENS_R005,2026-09-08T15:00:00,R005,56,2.82,25.81,IoT
SENS_R006,2026-09-08T15:00:00,R006,26,2.67,26.43,IoT
SENS_R007,2026-09-08T15:00:00,R007,32,3.9,26.59,IoT
SENS_R008,2026-09-08T15:00:00,R008,55,2.46,25.77,IoT
SENS_R009,2026-09-08T15:00:00,R009,30,2.78,25.24,IoT
SENS_R010,2026-09-08T15:00:00,R010,23,2.08,24.92,IoT
SENS_R011,2026-09-08T15:00:00,R011,60,3.26,24.33,IoT
SENS_R012,2026-09-08T15:00:00,R012,42,2.75,25.66,IoT
SENS_R013,2026-09-08T15:00:00,R013,72,2.48,24.48,IoT
SENS_R014,2026-09-08T15:00:00,R014,34,3.04,26.45,IoT
SENS_R015,2026-09-08T15:00:00,R015,20,2.52,24.03,IoT
SENS_R016,2026-09-08T15:00:00,R016,55,3.36,26.56,IoT
SENS_R017,2026-09-08T15:00:00,R017,25,1.93,24.81,IoT
SENS_R018,2026-09-08T15:00:00,R018,64,2.66,24.98,IoT
SENS_R019,2026-09-08T15:00:00,R019,53,4.13,25.74,IoT
SENS_R020,2026-09-08T15:00:00,R020,23,2.46,24.82,IoT
SENS_R021,2026-09-08T15:00:00,R021,56,3.58,27.11,IoT
SENS_R022,2026-09-08T15:00:00,R022,28,2.08,24.46,IoT
SENS_R023,2026-09-08T15:00:00,R023,38,4.08,26.27,IoT
SENS_R024,2026-09-08T15:00:00,R024,36,2.79,23.88,IoT
SENS_R025,2026-09-08T15:00:00,R025,77,3.51,24.52,IoT
SENS_R026,2026-09-08T15:00:00,R026,28,2.69,24.57,IoT
SENS_R027,2026-09-08T15:00:00,R027,136,3.84,26.71,IoT
SENS_R028,2026-09-08T15:00:00,R028,17,1.62,23.91,IoT
SENS_R029,2026-09-08T15:00:00,R029,111,3.09,25.18,IoT
SENS_R030,2026-09-08T15:00:00,R030,33,2.63,25.13,IoT
SENS_R001,2026-09-08T16:00:00,R001,27,2.92,25.79,IoT
SENS_R002,2026-09-08T16:00:00,R002,60,3.09,23.58,IoT
SENS_R003,2026-09-08T16:00:00,R003,52,2.56,24.51,IoT
SENS_R004,2026-09-08T16:00:00,R004,59,3.0,25.27,IoT
SENS_R005,2026-09-08T16:00:00,R005,60,2.83,25.43,IoT
SENS_R006,2026-09-08T16:00:00,R006,28,2.01,24.42,IoT
SENS_R007,2026-09-08T16:00:00,R007,31,3.48,25.5,IoT
SENS_R008,2026-09-08T16:00:00,R008,62,2.88,25.58,IoT
SENS_R009,2026-09-08T16:00:00,R009,17,1.52,25.56,IoT
SENS_R010,2026-09-08T16:00:00,R010,31,2.09,24.59,IoT
SENS_R011,2026-09-08T16:00:00,R011,56,2.73,24.39,IoT
SENS_R012,2026-09-08T16:00:00,R012,56,3.28,25.32,IoT
SENS_R013,2026-09-08T16:00:00,R013,94,2.84,24.67,IoT
SENS_R014,2026-09-08T16:00:00,R014,46,4.34,26.27,IoT
SENS_R015,2026-09-08T16:00:00,R015,29,3.6,26.23,IoT
SENS_R016,2026-09-08T16:00:00,R016,46,3.22,24.59,IoT
SENS_R017,2026-09-08T16:00:00,R017,61,3.98,26.18,IoT
SENS_R018,2026-09-08T16:00:00,R018,67,3.16,26.3,IoT
SENS_R019,2026-09-08T16:00:00,R019,40,3.02,25.82,IoT
SENS_R020,2026-09-08T16:00:00,R020,20,1.87,24.34,IoT
SENS_R021,2026-09-08T16:00:00,R021,51,3.22,24.65,IoT
SENS_R022,2026-09-08T16:00:00,R022,38,3.09,25.49,IoT
SENS_R023,2026-09-08T16:00:00,R023,21,2.48,23.68,IoT
SENS_R024,2026-09-08T16:00:00,R024,51,2.82,25.41,IoT
SENS_R025,2026-09-08T16:00:00,R025,64,2.94,25.57,IoT
SENS_R026,2026-09-08T16:00:00,R026,22,2.61,24.8,IoT
SENS_R027,2026-09-08T16:00:00,R027,76,2.53,25.58,IoT
SENS_R028,2026-09-08T16:00:00,R028,43,3.45,25.14,IoT
SENS_R029,2026-09-08T16:00:00,R029,92,2.81,25.38,IoT
SENS_R030,2026-09-08T16:00:00,R030,65,3.33,26.29,IoT
SENS_R001,2026-09-08T17:00:00,R001,17,2.35,24.97,IoT
SENS_R002,2026-09-08T17:00:00,R002,104,3.91,26.01,IoT
SENS_R003,2026-09-08T17:00:00,R003,64,2.78,24.36,IoT
SENS_R004,2026-09-08T17:00:00,R004,80,3.75,26.09,IoT
SENS_R005,2026-09-08T17:00:00,R005,51,2.8,26.19,IoT
SENS_R006,2026-09-08T17:00:00,R006,32,3.26,26.77,IoT
SENS_R007,2026-09-08T17:00:00,R007,24,2.8,24.18,IoT
SENS_R008,2026-09-08T17:00:00,R008,28,2.15,24.81,IoT
SENS_R009,2026-09-08T17:00:00,R009,31,2.79,24.73,IoT
SENS_R010,2026-09-08T17:00:00,R010,40,2.64,24.73,IoT
SENS_R011,2026-09-08T17:00:00,R011,55,2.6,23.97,IoT
SENS_R012,2026-09-08T17:00:00,R012,66,3.37,24.46,IoT
SENS_R013,2026-09-08T17:00:00,R013,96,2.7,24.41,IoT
SENS_R014,2026-09-08T17:00:00,R014,26,2.45,26.37,IoT
SENS_R015,2026-09-08T17:00:00,R015,14,2.24,25.75,IoT
SENS_R016,2026-09-08T17:00:00,R016,45,2.79,24.62,IoT
SENS_R017,2026-09-08T17:00:00,R017,49,3.35,25.8,IoT
SENS_R018,2026-09-08T17:00:00,R018,60,2.67,26.17,IoT
SENS_R019,2026-09-08T17:00:00,R019,47,3.58,26.21,IoT
SENS_R020,2026-09-08T17:00:00,R020,44,3.01,26.69,IoT
SENS_R021,2026-09-08T17:00:00,R021,62,3.94,28.03,IoT
SENS_R022,2026-09-08T17:00:00,R022,68,4.25,24.8,IoT
SENS_R023,2026-09-08T17:00:00,R023,30,3.5,25.03,IoT
SENS_R024,2026-09-08T17:00:00,R024,48,3.27,24.55,IoT
SENS_R025,2026-09-08T17:00:00,R025,61,2.86,26.08,IoT
SENS_R026,2026-09-08T17:00:00,R026,21,2.68,24.39,IoT
SENS_R027,2026-09-08T17:00:00,R027,68,2.28,24.83,IoT
SENS_R028,2026-09-08T17:00:00,R028,37,3.27,26.73,IoT
SENS_R029,2026-09-08T17:00:00,R029,113,3.09,25.33,IoT
SENS_R030,2026-09-08T17:00:00,R030,55,3.01,25.37,IoT
SENS_R001,2026-09-08T18:00:00,R001,9,1.67,24.4,IoT
SENS_R002,2026-09-08T18:00:00,R002,46,2.23,23.88,IoT
SENS_R003,2026-09-08T18:00:00,R003,14,1.17,22.74,IoT
SENS_R004,2026-09-08T18:00:00,R004,17,1.39,24.3,IoT
SENS_R005,2026-09-08T18:00:00,R005,12,1.06,23.65,IoT
SENS_R006,2026-09-08T18:00:00,R006,5,1.17,23.24,IoT
SENS_R007,2026-09-08T18:00:00,R007,13,1.93,24.16,IoT
SENS_R008,2026-09-08T18:00:00,R008,28,2.32,25.96,IoT
SENS_R009,2026-09-08T18:00:00,R009,21,1.58,24.1,IoT
SENS_R010,2026-09-08T18:00:00,R010,20,1.98,24.44,IoT
SENS_R011,2026-09-08T18:00:00,R011,21,1.81,23.79,IoT
SENS_R012,2026-09-08T18:00:00,R012,32,2.15,23.65,IoT
SENS_R013,2026-09-08T18:00:00,R013,38,1.9,24.87,IoT
SENS_R014,2026-09-08T18:00:00,R014,15,2.12,25.49,IoT
SENS_R015,2026-09-08T18:00:00,R015,3,0.85,22.6,IoT
SENS_R016,2026-09-08T18:00:00,R016,17,1.45,26.02,IoT
SENS_R017,2026-09-08T18:00:00,R017,20,1.85,24.32,IoT
SENS_R018,2026-09-08T18:00:00,R018,16,1.22,23.28,IoT
SENS_R019,2026-09-08T18:00:00,R019,0,0.35,21.98,IoT
SENS_R020,2026-09-08T18:00:00,R020,14,1.77,24.96,IoT
SENS_R021,2026-09-08T18:00:00,R021,19,1.61,24.15,IoT
SENS_R022,2026-09-08T18:00:00,R022,18,2.09,23.33,IoT
SENS_R023,2026-09-08T18:00:00,R023,12,1.74,24.28,IoT
SENS_R024,2026-09-08T18:00:00,R024,6,1.58,23.95,IoT
SENS_R025,2026-09-08T18:00:00,R025,24,1.13,24.13,IoT
SENS_R026,2026-09-08T18:00:00,R026,13,1.45,23.94,IoT
SENS_R027,2026-09-08T18:00:00,R027,33,1.48,25.2,IoT
SENS_R028,2026-09-08T18:00:00,R028,19,2.41,24.69,IoT
SENS_R029,2026-09-08T18:00:00,R029,31,1.52,25.12,IoT
SENS_R030,2026-09-08T18:00:00,R030,23,1.89,25.08,IoT
SENS_R001,2026-09-08T19:00:00,R001,5,1.33,24.72,IoT
SENS_R002,2026-09-08T19:00:00,R002,6,0.91,25.15,IoT
SENS_R003,2026-09-08T19:00:00,R003,6,1.18,23.44,IoT
SENS_R004,2026-09-08T19:00:00,R004,30,2.03,23.68,IoT
SENS_R005,2026-09-08T19:00:00,R005,22,1.41,23.42,IoT
SENS_R006,2026-09-08T19:00:00,R006,12,1.05,23.55,IoT
SENS_R007,2026-09-08T19:00:00,R007,2,0.92,24.68,IoT
SENS_R008,2026-09-08T19:00:00,R008,32,1.95,22.48,IoT
SENS_R009,2026-09-08T19:00:00,R009,8,1.83,24.51,IoT
SENS_R010,2026-09-08T19:00:00,R010,23,2.33,26.28,IoT
SENS_R011,2026-09-08T19:00:00,R011,44,2.6,25.0,IoT
SENS_R012,2026-09-08T19:00:00,R012,8,1.37,24.11,IoT
SENS_R013,2026-09-08T19:00:00,R013,25,1.5,25.0,IoT
SENS_R014,2026-09-08T19:00:00,R014,11,1.93,25.03,IoT
SENS_R015,2026-09-08T19:00:00,R015,11,1.63,24.73,IoT
SENS_R016,2026-09-08T19:00:00,R016,7,1.47,25.16,IoT
SENS_R017,2026-09-08T19:00:00,R017,29,1.82,24.21,IoT
SENS_R018,2026-09-08T19:00:00,R018,21,1.55,25.51,IoT
SENS_R019,2026-09-08T19:00:00,R019,16,1.13,24.9,IoT
SENS_R020,2026-09-08T19:00:00,R020,7,1.01,24.59,IoT
SENS_R021,2026-09-08T19:00:00,R021,11,1.24,22.8,IoT
SENS_R022,2026-09-08T19:00:00,R022,17,2.17,23.47,IoT
SENS_R023,2026-09-08T19:00:00,R023,7,1.67,24.48,IoT
SENS_R024,2026-09-08T19:00:00,R024,18,1.2,23.77,IoT
SENS_R025,2026-09-08T19:00:00,R025,31,1.76,24.54,IoT
SENS_R026,2026-09-08T19:00:00,R026,9,0.89,24.28,IoT
SENS_R027,2026-09-08T19:00:00,R027,55,2.53,25.52,IoT
SENS_R028,2026-09-08T19:00:00,R028,16,2.15,26.21,IoT
SENS_R029,2026-09-08T19:00:00,R029,42,1.78,23.49,IoT
SENS_R030,2026-09-08T19:00:00,R030,24,1.75,24.04,IoT
SENS_R001,2026-09-08T20:00:00,R001,2,1.14,23.38,IoT
SENS_R002,2026-09-08T20:00:00,R002,35,2.24,25.35,IoT
SENS_R003,2026-09-08T20:00:00,R003,0,1.08,24.33,IoT
SENS_R004,2026-09-08T20:00:00,R004,6,0.86,23.55,IoT
SENS_R005,2026-09-08T20:00:00,R005,24,1.21,23.62,IoT
SENS_R006,2026-09-08T20:00:00,R006,16,1.73,24.74,IoT
SENS_R007,2026-09-08T20:00:00,R007,11,1.48,25.49,IoT
SENS_R008,2026-09-08T20:00:00,R008,16,1.21,24.31,IoT
SENS_R009,2026-09-08T20:00:00,R009,11,1.39,23.46,IoT
SENS_R010,2026-09-08T20:00:00,R010,9,1.6,24.48,IoT
SENS_R011,2026-09-08T20:00:00,R011,9,0.89,23.61,IoT
SENS_R012,2026-09-08T20:00:00,R012,15,1.63,25.34,IoT
SENS_R013,2026-09-08T20:00:00,R013,45,1.61,25.01,IoT
SENS_R014,2026-09-08T20:00:00,R014,20,1.95,26.37,IoT
SENS_R015,2026-09-08T20:00:00,R015,4,0.81,22.97,IoT
SENS_R016,2026-09-08T20:00:00,R016,21,1.6,25.2,IoT
SENS_R017,2026-09-08T20:00:00,R017,17,2.13,24.64,IoT
SENS_R018,2026-09-08T20:00:00,R018,39,2.1,24.75,IoT
SENS_R019,2026-09-08T20:00:00,R019,16,1.62,25.49,IoT
SENS_R020,2026-09-08T20:00:00,R020,17,1.96,25.53,IoT
SENS_R021,2026-09-08T20:00:00,R021,13,1.54,24.03,IoT
SENS_R022,2026-09-08T20:00:00,R022,22,2.01,24.2,IoT
SENS_R023,2026-09-08T20:00:00,R023,8,2.0,24.77,IoT
SENS_R024,2026-09-08T20:00:00,R024,16,0.91,23.41,IoT
SENS_R025,2026-09-08T20:00:00,R025,4,0.44,23.93,IoT
SENS_R026,2026-09-08T20:00:00,R026,9,1.23,24.53,IoT
SENS_R027,2026-09-08T20:00:00,R027,50,1.85,23.86,IoT
SENS_R028,2026-09-08T20:00:00,R028,14,1.38,23.86,IoT
SENS_R029,2026-09-08T20:00:00,R029,30,1.48,23.74,IoT
SENS_R030,2026-09-08T20:00:00,R030,9,1.43,23.69,IoT
SENS_R001,2026-09-08T21:00:00,R001,10,1.6,26.38,IoT
SENS_R002,2026-09-08T21:00:00,R002,23,1.63,24.33,IoT
SENS_R003,2026-09-08T21:00:00,R003,30,1.76,23.85,IoT
SENS_R004,2026-09-08T21:00:00,R004,18,1.59,23.04,IoT
SENS_R005,2026-09-08T21:00:00,R005,42,2.11,24.11,IoT
SENS_R006,2026-09-08T21:00:00,R006,5,1.27,23.7,IoT
SENS_R007,2026-09-08T21:00:00,R007,15,2.42,25.98,IoT
SENS_R008,2026-09-08T21:00:00,R008,28,1.38,24.11,IoT
SENS_R009,2026-09-08T21:00:00,R009,8,1.26,24.56,IoT
SENS_R010,2026-09-08T21:00:00,R010,4,0.92,22.87,IoT
SENS_R011,2026-09-08T21:00:00,R011,0,1.0,24.43,IoT
SENS_R012,2026-09-08T21:00:00,R012,18,1.52,23.85,IoT
SENS_R013,2026-09-08T21:00:00,R013,35,1.8,23.1,IoT
SENS_R014,2026-09-08T21:00:00,R014,9,1.82,24.63,IoT
SENS_R015,2026-09-08T21:00:00,R015,6,1.71,24.7,IoT
SENS_R016,2026-09-08T21:00:00,R016,15,1.34,24.63,IoT
SENS_R017,2026-09-08T21:00:00,R017,16,1.25,23.14,IoT
SENS_R018,2026-09-08T21:00:00,R018,23,2.05,24.47,IoT
SENS_R019,2026-09-08T21:00:00,R019,23,2.31,24.73,IoT
SENS_R020,2026-09-08T21:00:00,R020,4,1.26,24.56,IoT
SENS_R021,2026-09-08T21:00:00,R021,13,1.51,23.97,IoT
SENS_R022,2026-09-08T21:00:00,R022,27,1.76,25.07,IoT
SENS_R023,2026-09-08T21:00:00,R023,7,1.6,23.63,IoT
SENS_R024,2026-09-08T21:00:00,R024,15,1.95,22.59,IoT
SENS_R025,2026-09-08T21:00:00,R025,44,1.92,24.11,IoT
SENS_R026,2026-09-08T21:00:00,R026,8,0.79,23.46,IoT
SENS_R027,2026-09-08T21:00:00,R027,34,1.45,23.33,IoT
SENS_R028,2026-09-08T21:00:00,R028,14,1.84,24.94,IoT
SENS_R029,2026-09-08T21:00:00,R029,36,1.79,24.33,IoT
SENS_R030,2026-09-08T21:00:00,R030,22,1.61,25.15,IoT
SENS_R001,2026-09-09T06:00:00,R001,8,1.47,24.22,IoT
SENS_R002,2026-09-09T06:00:00,R002,25,1.67,23.96,IoT
SENS_R003,2026-09-09T06:00:00,R003,31,2.01,24.22,IoT
SENS_R004,2026-09-09T06:00:00,R004,29,2.16,23.03,IoT
SENS_R005,2026-09-09T06:00:00,R005,28,2.03,24.79,IoT
SENS_R006,2026-09-09T06:00:00,R006,17,1.85,24.18,IoT
SENS_R007,2026-09-09T06:00:00,R007,5,1.31,23.96,IoT
SENS_R008,2026-09-09T06:00:00,R008,36,2.07,25.61,IoT
SENS_R009,2026-09-09T06:00:00,R009,12,1.53,26.15,IoT
SENS_R010,2026-09-09T06:00:00,R010,19,1.91,23.95,IoT
SENS_R011,2026-09-09T06:00:00,R011,23,1.61,25.13,IoT
SENS_R012,2026-09-09T06:00:00,R012,21,1.49,25.7,IoT
SENS_R013,2026-09-09T06:00:00,R013,43,2.08,25.12,IoT
SENS_R014,2026-09-09T06:00:00,R014,0,1.14,24.9,IoT
SENS_R015,2026-09-09T06:00:00,R015,2,0.89,25.14,IoT
SENS_R016,2026-09-09T06:00:00,R016,15,1.33,24.17,IoT
SENS_R017,2026-09-09T06:00:00,R017,7,0.85,23.73,IoT
SENS_R018,2026-09-09T06:00:00,R018,26,2.28,24.8,IoT
SENS_R019,2026-09-09T06:00:00,R019,17,1.33,24.53,IoT
SENS_R020,2026-09-09T06:00:00,R020,13,1.88,23.91,IoT
SENS_R021,2026-09-09T06:00:00,R021,5,1.27,23.84,IoT
SENS_R022,2026-09-09T06:00:00,R022,20,1.18,23.01,IoT
SENS_R023,2026-09-09T06:00:00,R023,11,1.47,25.6,IoT
SENS_R024,2026-09-09T06:00:00,R024,12,1.31,23.74,IoT
SENS_R025,2026-09-09T06:00:00,R025,34,1.9,24.72,IoT
SENS_R026,2026-09-09T06:00:00,R026,11,2.01,23.19,IoT
SENS_R027,2026-09-09T06:00:00,R027,32,1.71,24.62,IoT
SENS_R028,2026-09-09T06:00:00,R028,8,1.48,24.77,IoT
SENS_R029,2026-09-09T06:00:00,R029,37,1.54,23.58,IoT
SENS_R030,2026-09-09T06:00:00,R030,26,2.19,25.08,IoT
SENS_R001,2026-09-09T07:00:00,R001,17,1.61,23.88,IoT
SENS_R002,2026-09-09T07:00:00,R002,4,0.93,22.94,IoT
SENS_R003,2026-09-09T07:00:00,R003,20,1.62,23.51,IoT
SENS_R004,2026-09-09T07:00:00,R004,15,1.72,25.21,IoT
SENS_R005,2026-09-09T07:00:00,R005,31,1.83,25.11,IoT
SENS_R006,2026-09-09T07:00:00,R006,5,1.17,23.72,IoT
SENS_R007,2026-09-09T07:00:00,R007,5,1.47,25.03,IoT
SENS_R008,2026-09-09T07:00:00,R008,30,2.06,24.04,IoT
SENS_R009,2026-09-09T07:00:00,R009,15,1.64,23.31,IoT
SENS_R010,2026-09-09T07:00:00,R010,15,1.99,25.11,IoT
SENS_R011,2026-09-09T07:00:00,R011,20,1.6,23.9,IoT
SENS_R012,2026-09-09T07:00:00,R012,25,1.98,23.31,IoT
SENS_R013,2026-09-09T07:00:00,R013,42,1.81,24.44,IoT
SENS_R014,2026-09-09T07:00:00,R014,8,0.57,22.01,IoT
SENS_R015,2026-09-09T07:00:00,R015,7,1.3,25.51,IoT
SENS_R016,2026-09-09T07:00:00,R016,17,1.45,24.0,IoT
SENS_R017,2026-09-09T07:00:00,R017,11,1.62,24.83,IoT
SENS_R018,2026-09-09T07:00:00,R018,10,1.08,22.71,IoT
SENS_R019,2026-09-09T07:00:00,R019,19,1.45,23.7,IoT
SENS_R020,2026-09-09T07:00:00,R020,10,1.94,24.86,IoT
SENS_R021,2026-09-09T07:00:00,R021,18,1.79,24.25,IoT
SENS_R022,2026-09-09T07:00:00,R022,19,1.45,22.72,IoT
SENS_R023,2026-09-09T07:00:00,R023,8,1.41,24.32,IoT
SENS_R024,2026-09-09T07:00:00,R024,15,2.11,25.77,IoT
SENS_R025,2026-09-09T07:00:00,R025,14,1.34,22.82,IoT
SENS_R026,2026-09-09T07:00:00,R026,13,1.76,25.84,IoT
SENS_R027,2026-09-09T07:00:00,R027,40,1.57,24.35,IoT
SENS_R028,2026-09-09T07:00:00,R028,12,1.54,23.45,IoT
SENS_R029,2026-09-09T07:00:00,R029,21,0.98,24.02,IoT
SENS_R030,2026-09-09T07:00:00,R030,8,0.94,23.78,IoT
SENS_R001,2026-09-09T08:00:00,R001,26,3.09,25.02,IoT
SENS_R002,2026-09-09T08:00:00,R002,97,3.25,24.47,IoT
SENS_R003,2026-09-09T08:00:00,R003,88,2.57,25.02,IoT
SENS_R004,2026-09-09T08:00:00,R004,35,1.9,26.05,IoT
SENS_R005,2026-09-09T08:00:00,R005,59,3.02,26.25,IoT
SENS_R006,2026-09-09T08:00:00,R006,32,2.7,24.76,IoT
SENS_R007,2026-09-09T08:00:00,R007,29,3.01,24.84,IoT
SENS_R008,2026-09-09T08:00:00,R008,35,1.92,24.93,IoT
SENS_R009,2026-09-09T08:00:00,R009,38,3.27,26.27,IoT
SENS_R010,2026-09-09T08:00:00,R010,41,2.76,25.18,IoT
SENS_R011,2026-09-09T08:00:00,R011,47,2.17,26.6,IoT
SENS_R012,2026-09-09T08:00:00,R012,55,3.17,25.2,IoT
SENS_R013,2026-09-09T08:00:00,R013,142,4.14,27.16,IoT
SENS_R014,2026-09-09T08:00:00,R014,33,3.04,25.59,IoT
SENS_R015,2026-09-09T08:00:00,R015,17,2.75,24.46,IoT
SENS_R016,2026-09-09T08:00:00,R016,77,4.26,26.23,IoT
SENS_R017,2026-09-09T08:00:00,R017,55,3.61,26.88,IoT
SENS_R018,2026-09-09T08:00:00,R018,70,2.87,24.16,IoT
SENS_R019,2026-09-09T08:00:00,R019,63,3.88,26.13,IoT
SENS_R020,2026-09-09T08:00:00,R020,42,3.43,25.86,IoT
SENS_R021,2026-09-09T08:00:00,R021,31,2.58,26.21,IoT
SENS_R022,2026-09-09T08:00:00,R022,57,3.59,27.29,IoT
SENS_R023,2026-09-09T08:00:00,R023,19,1.89,25.37,IoT
SENS_R024,2026-09-09T08:00:00,R024,25,2.27,24.26,IoT
SENS_R025,2026-09-09T08:00:00,R025,73,3.3,26.09,IoT
SENS_R026,2026-09-09T08:00:00,R026,31,2.97,24.91,IoT
SENS_R027,2026-09-09T08:00:00,R027,112,3.33,25.29,IoT
SENS_R028,2026-09-09T08:00:00,R028,17,1.69,25.28,IoT
SENS_R029,2026-09-09T08:00:00,R029,53,2.2,24.85,IoT
SENS_R030,2026-09-09T08:00:00,R030,56,3.0,24.39,IoT
SENS_R001,2026-09-09T09:00:00,R001,14,2.39,24.71,IoT
SENS_R002,2026-09-09T09:00:00,R002,103,4.21,26.83,IoT
SENS_R003,2026-09-09T09:00:00,R003,84,2.8,25.82,IoT
SENS_R004,2026-09-09T09:00:00,R004,48,2.67,26.6,IoT
SENS_R005,2026-09-09T09:00:00,R005,73,3.46,25.35,IoT
SENS_R006,2026-09-09T09:00:00,R006,22,2.38,24.78,IoT
SENS_R007,2026-09-09T09:00:00,R007,17,2.09,24.16,IoT
SENS_R008,2026-09-09T09:00:00,R008,69,3.35,24.99,IoT
SENS_R009,2026-09-09T09:00:00,R009,41,3.2,26.83,IoT
SENS_R010,2026-09-09T09:00:00,R010,56,3.61,27.11,IoT
SENS_R011,2026-09-09T09:00:00,R011,46,2.0,24.66,IoT
SENS_R012,2026-09-09T09:00:00,R012,41,2.78,23.96,IoT
SENS_R013,2026-09-09T09:00:00,R013,96,3.1,25.26,IoT
SENS_R014,2026-09-09T09:00:00,R014,37,3.24,25.4,IoT
SENS_R015,2026-09-09T09:00:00,R015,16,2.06,26.12,IoT
SENS_R016,2026-09-09T09:00:00,R016,70,3.43,26.68,IoT
SENS_R017,2026-09-09T09:00:00,R017,47,3.01,27.0,IoT
SENS_R018,2026-09-09T09:00:00,R018,67,2.98,25.3,IoT
SENS_R019,2026-09-09T09:00:00,R019,63,4.08,27.05,IoT
SENS_R020,2026-09-09T09:00:00,R020,32,2.99,25.43,IoT
SENS_R021,2026-09-09T09:00:00,R021,29,1.73,24.13,IoT
SENS_R022,2026-09-09T09:00:00,R022,62,3.97,25.8,IoT
SENS_R023,2026-09-09T09:00:00,R023,25,3.38,25.26,IoT
SENS_R024,2026-09-09T09:00:00,R024,36,2.72,25.17,IoT
SENS_R025,2026-09-09T09:00:00,R025,72,3.15,26.21,IoT
SENS_R026,2026-09-09T09:00:00,R026,31,3.14,25.6,IoT
SENS_R027,2026-09-09T09:00:00,R027,90,3.18,24.48,IoT
SENS_R028,2026-09-09T09:00:00,R028,18,1.74,24.42,IoT
SENS_R029,2026-09-09T09:00:00,R029,53,2.0,24.09,IoT
SENS_R030,2026-09-09T09:00:00,R030,64,3.69,25.51,IoT
SENS_R001,2026-09-09T10:00:00,R001,35,3.8,26.0,IoT
SENS_R002,2026-09-09T10:00:00,R002,80,2.91,25.78,IoT
SENS_R003,2026-09-09T10:00:00,R003,79,2.65,26.01,IoT
SENS_R004,2026-09-09T10:00:00,R004,42,2.01,24.99,IoT
SENS_R005,2026-09-09T10:00:00,R005,53,2.8,25.58,IoT
SENS_R006,2026-09-09T10:00:00,R006,34,3.35,26.27,IoT
SENS_R007,2026-09-09T10:00:00,R007,16,1.94,26.01,IoT
SENS_R008,2026-09-09T10:00:00,R008,61,2.87,25.32,IoT
SENS_R009,2026-09-09T10:00:00,R009,23,2.12,24.69,IoT
SENS_R010,2026-09-09T10:00:00,R010,17,1.65,23.69,IoT
SENS_R011,2026-09-09T10:00:00,R011,70,3.14,25.88,IoT
SENS_R012,2026-09-09T10:00:00,R012,38,2.4,25.43,IoT
SENS_R013,2026-09-09T10:00:00,R013,96,3.27,25.96,IoT
SENS_R014,2026-09-09T10:00:00,R014,31,3.17,26.01,IoT
SENS_R015,2026-09-09T10:00:00,R015,12,1.93,25.28,IoT
SENS_R016,2026-09-09T10:00:00,R016,24,1.65,23.81,IoT
SENS_R017,2026-09-09T10:00:00,R017,53,3.5,25.08,IoT
SENS_R018,2026-09-09T10:00:00,R018,75,3.34,27.79,IoT
SENS_R019,2026-09-09T10:00:00,R019,58,3.81,26.77,IoT
SENS_R020,2026-09-09T10:00:00,R020,40,2.83,26.18,IoT
SENS_R021,2026-09-09T10:00:00,R021,52,4.02,25.47,IoT
SENS_R022,2026-09-09T10:00:00,R022,59,3.64,25.91,IoT
SENS_R023,2026-09-09T10:00:00,R023,20,2.75,25.31,IoT
SENS_R024,2026-09-09T10:00:00,R024,56,3.55,27.05,IoT
SENS_R025,2026-09-09T10:00:00,R025,60,2.38,25.78,IoT
SENS_R026,2026-09-09T10:00:00,R026,35,3.26,25.42,IoT
SENS_R027,2026-09-09T10:00:00,R027,70,2.54,25.05,IoT
SENS_R028,2026-09-09T10:00:00,R028,35,2.65,26.27,IoT
SENS_R029,2026-09-09T10:00:00,R029,67,2.46,22.99,IoT
SENS_R030,2026-09-09T10:00:00,R030,67,3.49,26.54,IoT
SENS_R001,2026-09-09T11:00:00,R001,31,3.36,24.56,IoT
SENS_R002,2026-09-09T11:00:00,R002,81,3.1,24.13,IoT
SENS_R003,2026-09-09T11:00:00,R003,91,3.54,25.08,IoT
SENS_R004,2026-09-09T11:00:00,R004,63,2.65,24.86,IoT
SENS_R005,2026-09-09T11:00:00,R005,81,3.84,25.82,IoT
SENS_R006,2026-09-09T11:00:00,R006,39,2.86,25.97,IoT
SENS_R007,2026-09-09T11:00:00,R007,26,3.05,26.83,IoT
SENS_R008,2026-09-09T11:00:00,R008,60,3.23,26.2,IoT
SENS_R009,2026-09-09T11:00:00,R009,52,3.95,26.24,IoT
SENS_R010,2026-09-09T11:00:00,R010,23,2.1,23.34,IoT
SENS_R011,2026-09-09T11:00:00,R011,69,3.23,23.64,IoT
SENS_R012,2026-09-09T11:00:00,R012,39,2.65,24.09,IoT
SENS_R013,2026-09-09T11:00:00,R013,100,3.29,26.86,IoT
SENS_R014,2026-09-09T11:00:00,R014,24,2.44,24.98,IoT
SENS_R015,2026-09-09T11:00:00,R015,21,2.85,23.58,IoT
SENS_R016,2026-09-09T11:00:00,R016,37,2.3,24.23,IoT
SENS_R017,2026-09-09T11:00:00,R017,46,3.05,25.92,IoT
SENS_R018,2026-09-09T11:00:00,R018,90,3.94,27.25,IoT
SENS_R019,2026-09-09T11:00:00,R019,42,2.71,24.86,IoT
SENS_R020,2026-09-09T11:00:00,R020,45,3.84,25.91,IoT
SENS_R021,2026-09-09T11:00:00,R021,38,2.48,23.0,IoT
SENS_R022,2026-09-09T11:00:00,R022,46,3.26,26.14,IoT
SENS_R023,2026-09-09T11:00:00,R023,28,3.37,25.62,IoT
SENS_R024,2026-09-09T11:00:00,R024,61,3.81,23.39,IoT
SENS_R025,2026-09-09T11:00:00,R025,91,3.69,25.08,IoT
SENS_R026,2026-09-09T11:00:00,R026,31,2.93,26.23,IoT
SENS_R027,2026-09-09T11:00:00,R027,101,3.07,26.76,IoT
SENS_R028,2026-09-09T11:00:00,R028,30,2.94,26.54,IoT
SENS_R029,2026-09-09T11:00:00,R029,118,3.48,24.8,IoT
SENS_R030,2026-09-09T11:00:00,R030,56,2.77,26.04,IoT
SENS_R001,2026-09-09T12:00:00,R001,23,2.7,25.19,IoT
SENS_R002,2026-09-09T12:00:00,R002,100,3.77,25.8,IoT
SENS_R003,2026-09-09T12:00:00,R003,63,2.0,25.05,IoT
SENS_R004,2026-09-09T12:00:00,R004,45,2.23,23.76,IoT
SENS_R005,2026-09-09T12:00:00,R005,81,3.5,26.49,IoT
SENS_R006,2026-09-09T12:00:00,R006,16,1.91,24.3,IoT
SENS_R007,2026-09-09T12:00:00,R007,14,2.63,25.09,IoT
SENS_R008,2026-09-09T12:00:00,R008,47,2.34,24.75,IoT
SENS_R009,2026-09-09T12:00:00,R009,47,3.46,26.86,IoT
SENS_R010,2026-09-09T12:00:00,R010,51,3.61,24.71,IoT
SENS_R011,2026-09-09T12:00:00,R011,52,2.54,25.4,IoT
SENS_R012,2026-09-09T12:00:00,R012,68,3.9,25.2,IoT
SENS_R013,2026-09-09T12:00:00,R013,81,2.32,24.98,IoT
SENS_R014,2026-09-09T12:00:00,R014,30,2.79,23.69,IoT
SENS_R015,2026-09-09T12:00:00,R015,28,2.97,24.92,IoT
SENS_R016,2026-09-09T12:00:00,R016,55,3.34,25.8,IoT
SENS_R017,2026-09-09T12:00:00,R017,53,3.19,26.34,IoT
SENS_R018,2026-09-09T12:00:00,R018,69,2.75,25.46,IoT
SENS_R019,2026-09-09T12:00:00,R019,39,2.27,24.2,IoT
SENS_R020,2026-09-09T12:00:00,R020,48,3.88,26.49,IoT
SENS_R021,2026-09-09T12:00:00,R021,60,3.73,26.03,IoT
SENS_R022,2026-09-09T12:00:00,R022,50,3.35,25.06,IoT
SENS_R023,2026-09-09T12:00:00,R023,32,3.87,25.73,IoT
SENS_R024,2026-09-09T12:00:00,R024,37,2.84,25.83,IoT
SENS_R025,2026-09-09T12:00:00,R025,56,2.61,24.84,IoT
SENS_R026,2026-09-09T12:00:00,R026,27,2.3,23.15,IoT
SENS_R027,2026-09-09T12:00:00,R027,106,3.39,25.25,IoT
SENS_R028,2026-09-09T12:00:00,R028,35,2.82,25.64,IoT
SENS_R029,2026-09-09T12:00:00,R029,70,2.49,23.38,IoT
SENS_R030,2026-09-09T12:00:00,R030,45,3.21,25.2,IoT
SENS_R001,2026-09-09T13:00:00,R001,26,3.5,25.01,IoT
SENS_R002,2026-09-09T13:00:00,R002,76,3.17,25.44,IoT
SENS_R003,2026-09-09T13:00:00,R003,77,2.99,24.49,IoT
SENS_R004,2026-09-09T13:00:00,R004,44,2.04,22.73,IoT
SENS_R005,2026-09-09T13:00:00,R005,42,2.55,25.07,IoT
SENS_R006,2026-09-09T13:00:00,R006,30,3.0,25.71,IoT
SENS_R007,2026-09-09T13:00:00,R007,21,2.58,25.37,IoT
SENS_R008,2026-09-09T13:00:00,R008,36,1.81,23.34,IoT
SENS_R009,2026-09-09T13:00:00,R009,54,3.81,25.9,IoT
SENS_R010,2026-09-09T13:00:00,R010,32,1.74,24.62,IoT
SENS_R011,2026-09-09T13:00:00,R011,40,1.99,25.03,IoT
SENS_R012,2026-09-09T13:00:00,R012,56,3.41,26.41,IoT
SENS_R013,2026-09-09T13:00:00,R013,119,3.75,25.16,IoT
SENS_R014,2026-09-09T13:00:00,R014,21,1.49,23.0,IoT
SENS_R015,2026-09-09T13:00:00,R015,22,2.51,25.44,IoT
SENS_R016,2026-09-09T13:00:00,R016,64,2.93,24.94,IoT
SENS_R017,2026-09-09T13:00:00,R017,46,3.14,25.51,IoT
SENS_R018,2026-09-09T13:00:00,R018,60,2.9,25.21,IoT
SENS_R019,2026-09-09T13:00:00,R019,44,2.4,23.64,IoT
SENS_R020,2026-09-09T13:00:00,R020,44,3.47,24.92,IoT
SENS_R021,2026-09-09T13:00:00,R021,54,3.21,25.4,IoT
SENS_R022,2026-09-09T13:00:00,R022,51,3.69,25.34,IoT
SENS_R023,2026-09-09T13:00:00,R023,19,2.58,24.08,IoT
SENS_R024,2026-09-09T13:00:00,R024,33,1.97,24.59,IoT
SENS_R025,2026-09-09T13:00:00,R025,86,3.94,26.6,IoT
SENS_R026,2026-09-09T13:00:00,R026,40,3.63,26.85,IoT
SENS_R027,2026-09-09T13:00:00,R027,85,2.6,24.0,IoT
SENS_R028,2026-09-09T13:00:00,R028,30,2.81,26.06,IoT
SENS_R029,2026-09-09T13:00:00,R029,78,2.48,23.97,IoT
SENS_R030,2026-09-09T13:00:00,R030,37,2.69,24.01,IoT
SENS_R001,2026-09-09T14:00:00,R001,29,3.31,26.37,IoT
SENS_R002,2026-09-09T14:00:00,R002,46,2.33,25.53,IoT
SENS_R003,2026-09-09T14:00:00,R003,69,2.74,26.55,IoT
SENS_R004,2026-09-09T14:00:00,R004,65,2.8,25.23,IoT
SENS_R005,2026-09-09T14:00:00,R005,57,2.47,24.99,IoT
SENS_R006,2026-09-09T14:00:00,R006,14,1.84,24.36,IoT
SENS_R007,2026-09-09T14:00:00,R007,19,2.5,23.66,IoT
SENS_R008,2026-09-09T14:00:00,R008,40,2.05,24.83,IoT
SENS_R009,2026-09-09T14:00:00,R009,38,3.1,25.44,IoT
SENS_R010,2026-09-09T14:00:00,R010,31,2.33,23.68,IoT
SENS_R011,2026-09-09T14:00:00,R011,94,3.74,27.63,IoT
SENS_R012,2026-09-09T14:00:00,R012,39,2.33,25.07,IoT
SENS_R013,2026-09-09T14:00:00,R013,77,2.58,24.86,IoT
SENS_R014,2026-09-09T14:00:00,R014,45,3.96,24.69,IoT
SENS_R015,2026-09-09T14:00:00,R015,34,4.01,26.4,IoT
SENS_R016,2026-09-09T14:00:00,R016,43,2.47,25.28,IoT
SENS_R017,2026-09-09T14:00:00,R017,41,2.82,26.06,IoT
SENS_R018,2026-09-09T14:00:00,R018,57,2.96,25.88,IoT
SENS_R019,2026-09-09T14:00:00,R019,37,2.3,24.97,IoT
SENS_R020,2026-09-09T14:00:00,R020,41,3.59,26.07,IoT
SENS_R021,2026-09-09T14:00:00,R021,29,2.34,24.41,IoT
SENS_R022,2026-09-09T14:00:00,R022,48,3.24,24.51,IoT
SENS_R023,2026-09-09T14:00:00,R023,14,2.2,25.4,IoT
SENS_R024,2026-09-09T14:00:00,R024,32,2.39,25.37,IoT
SENS_R025,2026-09-09T14:00:00,R025,95,3.52,25.37,IoT
SENS_R026,2026-09-09T14:00:00,R026,41,3.39,25.6,IoT
SENS_R027,2026-09-09T14:00:00,R027,119,3.8,24.77,IoT
SENS_R028,2026-09-09T14:00:00,R028,25,2.65,25.77,IoT
SENS_R029,2026-09-09T14:00:00,R029,103,3.35,26.03,IoT
SENS_R030,2026-09-09T14:00:00,R030,36,1.96,24.81,IoT
SENS_R001,2026-09-09T15:00:00,R001,24,2.92,25.27,IoT
SENS_R002,2026-09-09T15:00:00,R002,105,3.72,27.06,IoT
SENS_R003,2026-09-09T15:00:00,R003,61,2.71,24.84,IoT
SENS_R004,2026-09-09T15:00:00,R004,56,2.74,25.71,IoT
SENS_R005,2026-09-09T15:00:00,R005,90,3.99,26.58,IoT
SENS_R006,2026-09-09T15:00:00,R006,40,3.83,25.44,IoT
SENS_R007,2026-09-09T15:00:00,R007,24,2.66,25.97,IoT
SENS_R008,2026-09-09T15:00:00,R008,86,4.06,27.08,IoT
SENS_R009,2026-09-09T15:00:00,R009,42,3.22,25.49,IoT
SENS_R010,2026-09-09T15:00:00,R010,39,2.44,25.35,IoT
SENS_R011,2026-09-09T15:00:00,R011,73,3.2,24.96,IoT
SENS_R012,2026-09-09T15:00:00,R012,66,3.56,25.03,IoT
SENS_R013,2026-09-09T15:00:00,R013,88,2.68,24.31,IoT
SENS_R014,2026-09-09T15:00:00,R014,42,3.6,25.23,IoT
SENS_R015,2026-09-09T15:00:00,R015,22,2.67,24.48,IoT
SENS_R016,2026-09-09T15:00:00,R016,49,2.9,24.99,IoT
SENS_R017,2026-09-09T15:00:00,R017,36,2.45,23.62,IoT
SENS_R018,2026-09-09T15:00:00,R018,53,2.52,24.27,IoT
SENS_R019,2026-09-09T15:00:00,R019,23,1.99,25.02,IoT
SENS_R020,2026-09-09T15:00:00,R020,50,3.93,28.15,IoT
SENS_R021,2026-09-09T15:00:00,R021,51,3.07,25.88,IoT
SENS_R022,2026-09-09T15:00:00,R022,44,2.95,27.4,IoT
SENS_R023,2026-09-09T15:00:00,R023,27,2.83,24.87,IoT
SENS_R024,2026-09-09T15:00:00,R024,42,2.95,26.23,IoT
SENS_R025,2026-09-09T15:00:00,R025,101,3.2,25.91,IoT
SENS_R026,2026-09-09T15:00:00,R026,33,3.35,24.76,IoT
SENS_R027,2026-09-09T15:00:00,R027,61,2.1,25.1,IoT
SENS_R028,2026-09-09T15:00:00,R028,18,1.64,24.23,IoT
SENS_R029,2026-09-09T15:00:00,R029,122,3.44,26.1,IoT
SENS_R030,2026-09-09T15:00:00,R030,32,2.53,25.61,IoT
SENS_R001,2026-09-09T16:00:00,R001,13,1.81,25.15,IoT
SENS_R002,2026-09-09T16:00:00,R002,70,3.15,24.91,IoT
SENS_R003,2026-09-09T16:00:00,R003,71,2.84,25.08,IoT
SENS_R004,2026-09-09T16:00:00,R004,79,3.6,26.54,IoT
SENS_R005,2026-09-09T16:00:00,R005,52,2.79,25.61,IoT
SENS_R006,2026-09-09T16:00:00,R006,37,3.28,24.86,IoT
SENS_R007,2026-09-09T16:00:00,R007,14,1.68,23.7,IoT
SENS_R008,2026-09-09T16:00:00,R008,50,2.53,24.45,IoT
SENS_R009,2026-09-09T16:00:00,R009,34,2.6,26.54,IoT
SENS_R010,2026-09-09T16:00:00,R010,32,2.53,25.61,IoT
SENS_R011,2026-09-09T16:00:00,R011,65,2.63,26.13,IoT
SENS_R012,2026-09-09T16:00:00,R012,45,2.87,26.45,IoT
SENS_R013,2026-09-09T16:00:00,R013,91,2.76,24.86,IoT
SENS_R014,2026-09-09T16:00:00,R014,25,2.53,24.97,IoT
SENS_R015,2026-09-09T16:00:00,R015,24,2.65,26.27,IoT
SENS_R016,2026-09-09T16:00:00,R016,48,2.62,26.15,IoT
SENS_R017,2026-09-09T16:00:00,R017,46,3.19,26.41,IoT
SENS_R018,2026-09-09T16:00:00,R018,67,3.16,25.79,IoT
SENS_R019,2026-09-09T16:00:00,R019,49,3.56,26.49,IoT
SENS_R020,2026-09-09T16:00:00,R020,51,4.33,25.82,IoT
SENS_R021,2026-09-09T16:00:00,R021,34,2.23,25.64,IoT
SENS_R022,2026-09-09T16:00:00,R022,55,3.4,26.36,IoT
SENS_R023,2026-09-09T16:00:00,R023,34,3.88,27.3,IoT
SENS_R024,2026-09-09T16:00:00,R024,28,2.36,24.71,IoT
SENS_R025,2026-09-09T16:00:00,R025,112,3.76,26.31,IoT
SENS_R026,2026-09-09T16:00:00,R026,36,3.66,26.4,IoT
SENS_R027,2026-09-09T16:00:00,R027,51,2.1,24.91,IoT
SENS_R028,2026-09-09T16:00:00,R028,25,2.45,25.88,IoT
SENS_R029,2026-09-09T16:00:00,R029,81,2.74,25.16,IoT
SENS_R030,2026-09-09T16:00:00,R030,46,3.22,25.38,IoT
SENS_R001,2026-09-09T17:00:00,R001,26,2.93,26.61,IoT
SENS_R002,2026-09-09T17:00:00,R002,103,3.5,25.43,IoT
SENS_R003,2026-09-09T17:00:00,R003,76,2.86,24.46,IoT
SENS_R004,2026-09-09T17:00:00,R004,72,3.18,25.07,IoT
SENS_R005,2026-09-09T17:00:00,R005,65,3.0,25.52,IoT
SENS_R006,2026-09-09T17:00:00,R006,42,3.58,24.91,IoT
SENS_R007,2026-09-09T17:00:00,R007,25,3.17,25.21,IoT
SENS_R008,2026-09-09T17:00:00,R008,66,3.01,24.27,IoT
SENS_R009,2026-09-09T17:00:00,R009,39,3.04,25.38,IoT
SENS_R010,2026-09-09T17:00:00,R010,30,2.11,24.72,IoT
SENS_R011,2026-09-09T17:00:00,R011,46,2.11,25.1,IoT
SENS_R012,2026-09-09T17:00:00,R012,46,3.19,24.82,IoT
SENS_R013,2026-09-09T17:00:00,R013,107,3.6,25.68,IoT
SENS_R014,2026-09-09T17:00:00,R014,41,3.97,25.28,IoT
SENS_R015,2026-09-09T17:00:00,R015,30,3.63,25.66,IoT
SENS_R016,2026-09-09T17:00:00,R016,39,2.18,24.23,IoT
SENS_R017,2026-09-09T17:00:00,R017,23,1.54,26.19,IoT
SENS_R018,2026-09-09T17:00:00,R018,63,2.59,25.58,IoT
SENS_R019,2026-09-09T17:00:00,R019,33,2.35,24.99,IoT
SENS_R020,2026-09-09T17:00:00,R020,32,2.67,24.19,IoT
SENS_R021,2026-09-09T17:00:00,R021,49,3.18,27.0,IoT
SENS_R022,2026-09-09T17:00:00,R022,32,2.2,24.26,IoT
SENS_R023,2026-09-09T17:00:00,R023,19,2.48,25.21,IoT
SENS_R024,2026-09-09T17:00:00,R024,33,2.39,25.32,IoT
SENS_R025,2026-09-09T17:00:00,R025,46,2.37,24.01,IoT
SENS_R026,2026-09-09T17:00:00,R026,44,3.69,26.46,IoT
SENS_R027,2026-09-09T17:00:00,R027,85,2.66,24.64,IoT
SENS_R028,2026-09-09T17:00:00,R028,26,2.65,24.55,IoT
SENS_R029,2026-09-09T17:00:00,R029,71,2.27,25.22,IoT
SENS_R030,2026-09-09T17:00:00,R030,72,3.99,26.53,IoT
SENS_R001,2026-09-09T18:00:00,R001,5,1.42,24.25,IoT
SENS_R002,2026-09-09T18:00:00,R002,34,2.11,24.72,IoT
SENS_R003,2026-09-09T18:00:00,R003,21,1.59,23.66,IoT
SENS_R004,2026-09-09T18:00:00,R004,11,0.7,24.33,IoT
SENS_R005,2026-09-09T18:00:00,R005,22,1.84,24.8,IoT
SENS_R006,2026-09-09T18:00:00,R006,7,1.25,24.84,IoT
SENS_R007,2026-09-09T18:00:00,R007,12,2.15,25.64,IoT
SENS_R008,2026-09-09T18:00:00,R008,4,1.08,24.11,IoT
SENS_R009,2026-09-09T18:00:00,R009,15,2.08,25.03,IoT
SENS_R010,2026-09-09T18:00:00,R010,19,1.85,23.73,IoT
SENS_R011,2026-09-09T18:00:00,R011,17,1.13,25.04,IoT
SENS_R012,2026-09-09T18:00:00,R012,28,1.93,23.34,IoT
SENS_R013,2026-09-09T18:00:00,R013,44,1.89,24.37,IoT
SENS_R014,2026-09-09T18:00:00,R014,12,1.57,24.91,IoT
SENS_R015,2026-09-09T18:00:00,R015,9,1.64,25.07,IoT
SENS_R016,2026-09-09T18:00:00,R016,23,1.46,24.81,IoT
SENS_R017,2026-09-09T18:00:00,R017,15,1.69,24.69,IoT
SENS_R018,2026-09-09T18:00:00,R018,3,0.9,22.36,IoT
SENS_R019,2026-09-09T18:00:00,R019,7,0.77,22.89,IoT
SENS_R020,2026-09-09T18:00:00,R020,5,1.1,23.76,IoT
SENS_R021,2026-09-09T18:00:00,R021,27,2.22,24.58,IoT
SENS_R022,2026-09-09T18:00:00,R022,18,1.88,23.04,IoT
SENS_R023,2026-09-09T18:00:00,R023,4,0.62,23.04,IoT
SENS_R024,2026-09-09T18:00:00,R024,20,1.38,25.28,IoT
SENS_R025,2026-09-09T18:00:00,R025,35,1.54,23.6,IoT
SENS_R026,2026-09-09T18:00:00,R026,8,1.77,25.59,IoT
SENS_R027,2026-09-09T18:00:00,R027,33,1.56,24.03,IoT
SENS_R028,2026-09-09T18:00:00,R028,7,1.37,24.34,IoT
SENS_R029,2026-09-09T18:00:00,R029,18,1.29,23.5,IoT
SENS_R030,2026-09-09T18:00:00,R030,18,1.36,24.54,IoT
SENS_R001,2026-09-09T19:00:00,R001,7,1.49,23.3,IoT
SENS_R002,2026-09-09T19:00:00,R002,23,1.12,23.64,IoT
SENS_R003,2026-09-09T19:00:00,R003,13,1.47,25.42,IoT
SENS_R004,2026-09-09T19:00:00,R004,33,1.96,22.62,IoT
SENS_R005,2026-09-09T19:00:00,R005,26,2.23,23.69,IoT
SENS_R006,2026-09-09T19:00:00,R006,13,1.76,24.4,IoT
SENS_R007,2026-09-09T19:00:00,R007,12,1.75,23.37,IoT
SENS_R008,2026-09-09T19:00:00,R008,7,1.22,23.85,IoT
SENS_R009,2026-09-09T19:00:00,R009,18,2.0,24.84,IoT
SENS_R010,2026-09-09T19:00:00,R010,13,1.52,24.58,IoT
SENS_R011,2026-09-09T19:00:00,R011,14,1.69,23.86,IoT
SENS_R012,2026-09-09T19:00:00,R012,17,1.24,22.34,IoT
SENS_R013,2026-09-09T19:00:00,R013,57,1.76,24.57,IoT
SENS_R014,2026-09-09T19:00:00,R014,17,1.76,24.54,IoT
SENS_R015,2026-09-09T19:00:00,R015,11,1.46,25.01,IoT
SENS_R016,2026-09-09T19:00:00,R016,10,1.49,24.23,IoT
SENS_R017,2026-09-09T19:00:00,R017,0,1.33,23.11,IoT
SENS_R018,2026-09-09T19:00:00,R018,27,1.16,25.05,IoT
SENS_R019,2026-09-09T19:00:00,R019,21,2.03,24.74,IoT
SENS_R020,2026-09-09T19:00:00,R020,15,1.03,25.57,IoT
SENS_R021,2026-09-09T19:00:00,R021,11,1.55,24.55,IoT
SENS_R022,2026-09-09T19:00:00,R022,10,1.36,24.44,IoT
SENS_R023,2026-09-09T19:00:00,R023,4,1.19,23.7,IoT
SENS_R024,2026-09-09T19:00:00,R024,0,1.09,24.77,IoT
SENS_R025,2026-09-09T19:00:00,R025,31,1.6,22.93,IoT
SENS_R026,2026-09-09T19:00:00,R026,20,1.94,23.83,IoT
SENS_R027,2026-09-09T19:00:00,R027,22,1.52,24.47,IoT
SENS_R028,2026-09-09T19:00:00,R028,12,1.63,22.94,IoT
SENS_R029,2026-09-09T19:00:00,R029,50,2.04,24.49,IoT
SENS_R030,2026-09-09T19:00:00,R030,18,1.67,25.73,IoT
SENS_R001,2026-09-09T20:00:00,R001,17,2.14,25.43,IoT
SENS_R002,2026-09-09T20:00:00,R002,47,1.83,24.43,IoT
SENS_R003,2026-09-09T20:00:00,R003,31,1.74,24.49,IoT
SENS_R004,2026-09-09T20:00:00,R004,17,1.3,24.29,IoT
SENS_R005,2026-09-09T20:00:00,R005,31,1.94,24.36,IoT
SENS_R006,2026-09-09T20:00:00,R006,7,1.44,24.24,IoT
SENS_R007,2026-09-09T20:00:00,R007,1,0.9,22.18,IoT
SENS_R008,2026-09-09T20:00:00,R008,36,2.19,24.77,IoT
SENS_R009,2026-09-09T20:00:00,R009,21,2.12,22.82,IoT
SENS_R010,2026-09-09T20:00:00,R010,20,1.82,23.85,IoT
SENS_R011,2026-09-09T20:00:00,R011,15,1.49,22.76,IoT
SENS_R012,2026-09-09T20:00:00,R012,14,1.3,22.87,IoT
SENS_R013,2026-09-09T20:00:00,R013,32,1.6,24.41,IoT
SENS_R014,2026-09-09T20:00:00,R014,10,1.61,23.75,IoT
SENS_R015,2026-09-09T20:00:00,R015,7,1.38,25.13,IoT
SENS_R016,2026-09-09T20:00:00,R016,21,1.74,24.28,IoT
SENS_R017,2026-09-09T20:00:00,R017,21,1.98,24.0,IoT
SENS_R018,2026-09-09T20:00:00,R018,39,1.91,24.52,IoT
SENS_R019,2026-09-09T20:00:00,R019,4,1.18,23.73,IoT
SENS_R020,2026-09-09T20:00:00,R020,9,1.18,23.63,IoT
SENS_R021,2026-09-09T20:00:00,R021,20,1.35,23.65,IoT
SENS_R022,2026-09-09T20:00:00,R022,18,1.89,24.67,IoT
SENS_R023,2026-09-09T20:00:00,R023,14,1.99,25.27,IoT
SENS_R024,2026-09-09T20:00:00,R024,19,1.64,23.76,IoT
SENS_R025,2026-09-09T20:00:00,R025,39,2.7,24.0,IoT
SENS_R026,2026-09-09T20:00:00,R026,12,1.44,24.44,IoT
SENS_R027,2026-09-09T20:00:00,R027,36,1.66,23.34,IoT
SENS_R028,2026-09-09T20:00:00,R028,8,1.37,23.01,IoT
SENS_R029,2026-09-09T20:00:00,R029,41,1.81,23.95,IoT
SENS_R030,2026-09-09T20:00:00,R030,16,2.1,23.89,IoT
SENS_R001,2026-09-09T21:00:00,R001,13,1.59,24.1,IoT
SENS_R002,2026-09-09T21:00:00,R002,24,1.87,24.42,IoT
SENS_R003,2026-09-09T21:00:00,R003,21,1.08,23.74,IoT
SENS_R004,2026-09-09T21:00:00,R004,23,2.23,24.35,IoT
SENS_R005,2026-09-09T21:00:00,R005,1,0.62,22.95,IoT
SENS_R006,2026-09-09T21:00:00,R006,3,1.19,24.5,IoT
SENS_R007,2026-09-09T21:00:00,R007,8,1.45,23.37,IoT
SENS_R008,2026-09-09T21:00:00,R008,12,1.34,25.07,IoT
SENS_R009,2026-09-09T21:00:00,R009,11,1.53,23.47,IoT
SENS_R010,2026-09-09T21:00:00,R010,15,2.31,23.45,IoT
SENS_R011,2026-09-09T21:00:00,R011,28,1.7,24.39,IoT
SENS_R012,2026-09-09T21:00:00,R012,10,0.89,24.77,IoT
SENS_R013,2026-09-09T21:00:00,R013,44,1.92,23.93,IoT
SENS_R014,2026-09-09T21:00:00,R014,11,1.94,23.65,IoT
SENS_R015,2026-09-09T21:00:00,R015,12,1.92,24.79,IoT
SENS_R016,2026-09-09T21:00:00,R016,35,2.24,25.37,IoT
SENS_R017,2026-09-09T21:00:00,R017,21,1.73,25.0,IoT
SENS_R018,2026-09-09T21:00:00,R018,27,1.75,24.37,IoT
SENS_R019,2026-09-09T21:00:00,R019,3,1.2,22.66,IoT
SENS_R020,2026-09-09T21:00:00,R020,8,1.2,24.14,IoT
SENS_R021,2026-09-09T21:00:00,R021,9,0.94,24.94,IoT
SENS_R022,2026-09-09T21:00:00,R022,18,1.91,25.44,IoT
SENS_R023,2026-09-09T21:00:00,R023,9,1.77,23.98,IoT
SENS_R024,2026-09-09T21:00:00,R024,22,1.95,24.93,IoT
SENS_R025,2026-09-09T21:00:00,R025,20,1.42,24.06,IoT
SENS_R026,2026-09-09T21:00:00,R026,10,1.59,23.76,IoT
SENS_R027,2026-09-09T21:00:00,R027,38,1.69,24.77,IoT
SENS_R028,2026-09-09T21:00:00,R028,10,1.74,25.16,IoT
SENS_R029,2026-09-09T21:00:00,R029,36,1.93,24.05,IoT
SENS_R030,2026-09-09T21:00:00,R030,11,1.42,23.77,IoT
SENS_R001,2026-09-10T06:00:00,R001,4,1.37,22.49,IoT
SENS_R002,2026-09-10T06:00:00,R002,23,1.91,25.25,IoT
SENS_R003,2026-09-10T06:00:00,R003,26,1.13,23.57,IoT
SENS_R004,2026-09-10T06:00:00,R004,24,1.59,26.01,IoT
SENS_R005,2026-09-10T06:00:00,R005,32,1.77,23.39,IoT
SENS_R006,2026-09-10T06:00:00,R006,14,1.36,24.24,IoT
SENS_R007,2026-09-10T06:00:00,R007,9,1.64,24.14,IoT
SENS_R008,2026-09-10T06:00:00,R008,19,1.7,23.99,IoT
SENS_R009,2026-09-10T06:00:00,R009,11,1.47,24.73,IoT
SENS_R010,2026-09-10T06:00:00,R010,13,1.1,23.39,IoT
SENS_R011,2026-09-10T06:00:00,R011,27,1.85,24.67,IoT
SENS_R012,2026-09-10T06:00:00,R012,13,1.73,24.7,IoT
SENS_R013,2026-09-10T06:00:00,R013,45,1.95,24.2,IoT
SENS_R014,2026-09-10T06:00:00,R014,14,2.08,24.62,IoT
SENS_R015,2026-09-10T06:00:00,R015,7,1.57,22.88,IoT
SENS_R016,2026-09-10T06:00:00,R016,18,1.4,24.81,IoT
SENS_R017,2026-09-10T06:00:00,R017,24,2.08,23.07,IoT
SENS_R018,2026-09-10T06:00:00,R018,35,1.65,25.0,IoT
SENS_R019,2026-09-10T06:00:00,R019,17,1.34,23.93,IoT
SENS_R020,2026-09-10T06:00:00,R020,9,1.34,23.14,IoT
SENS_R021,2026-09-10T06:00:00,R021,9,1.17,24.55,IoT
SENS_R022,2026-09-10T06:00:00,R022,5,0.94,23.34,IoT
SENS_R023,2026-09-10T06:00:00,R023,6,1.86,23.23,IoT
SENS_R024,2026-09-10T06:00:00,R024,18,1.71,23.35,IoT
SENS_R025,2026-09-10T06:00:00,R025,11,1.31,23.99,IoT
SENS_R026,2026-09-10T06:00:00,R026,9,1.14,23.59,IoT
SENS_R027,2026-09-10T06:00:00,R027,39,1.68,24.36,IoT
SENS_R028,2026-09-10T06:00:00,R028,3,0.8,24.16,IoT
SENS_R029,2026-09-10T06:00:00,R029,55,2.0,23.65,IoT
SENS_R030,2026-09-10T06:00:00,R030,14,1.62,24.17,IoT
SENS_R001,2026-09-10T07:00:00,R001,13,2.07,23.89,IoT
SENS_R002,2026-09-10T07:00:00,R002,24,1.74,25.21,IoT
SENS_R003,2026-09-10T07:00:00,R003,11,1.55,24.91,IoT
SENS_R004,2026-09-10T07:00:00,R004,12,1.49,23.65,IoT
SENS_R005,2026-09-10T07:00:00,R005,22,1.92,25.37,IoT
SENS_R006,2026-09-10T07:00:00,R006,10,1.41,24.35,IoT
SENS_R007,2026-09-10T07:00:00,R007,8,1.29,24.11,IoT
SENS_R008,2026-09-10T07:00:00,R008,30,2.23,25.48,IoT
SENS_R009,2026-09-10T07:00:00,R009,9,1.79,24.47,IoT
SENS_R010,2026-09-10T07:00:00,R010,8,1.05,24.26,IoT
SENS_R011,2026-09-10T07:00:00,R011,3,1.18,25.04,IoT
SENS_R012,2026-09-10T07:00:00,R012,20,1.89,24.2,IoT
SENS_R013,2026-09-10T07:00:00,R013,29,1.45,24.7,IoT
SENS_R014,2026-09-10T07:00:00,R014,13,1.85,22.98,IoT
SENS_R015,2026-09-10T07:00:00,R015,2,1.33,25.15,IoT
SENS_R016,2026-09-10T07:00:00,R016,1,1.06,22.33,IoT
SENS_R017,2026-09-10T07:00:00,R017,21,1.99,24.4,IoT
SENS_R018,2026-09-10T07:00:00,R018,22,1.52,24.09,IoT
SENS_R019,2026-09-10T07:00:00,R019,3,1.11,24.04,IoT
SENS_R020,2026-09-10T07:00:00,R020,6,1.18,24.61,IoT
SENS_R021,2026-09-10T07:00:00,R021,24,1.74,25.34,IoT
SENS_R022,2026-09-10T07:00:00,R022,25,2.2,23.59,IoT
SENS_R023,2026-09-10T07:00:00,R023,1,0.86,22.72,IoT
SENS_R024,2026-09-10T07:00:00,R024,7,1.42,23.74,IoT
SENS_R025,2026-09-10T07:00:00,R025,31,1.56,22.46,IoT
SENS_R026,2026-09-10T07:00:00,R026,11,1.81,25.14,IoT
SENS_R027,2026-09-10T07:00:00,R027,16,1.04,23.48,IoT
SENS_R028,2026-09-10T07:00:00,R028,8,1.62,23.82,IoT
SENS_R029,2026-09-10T07:00:00,R029,17,1.08,25.43,IoT
SENS_R030,2026-09-10T07:00:00,R030,12,1.36,24.48,IoT
SENS_R001,2026-09-10T08:00:00,R001,20,2.59,26.15,IoT
SENS_R002,2026-09-10T08:00:00,R002,40,2.46,25.39,IoT
SENS_R003,2026-09-10T08:00:00,R003,45,1.75,24.77,IoT
SENS_R004,2026-09-10T08:00:00,R004,91,3.93,24.51,IoT
SENS_R005,2026-09-10T08:00:00,R005,67,2.7,24.93,IoT
SENS_R006,2026-09-10T08:00:00,R006,27,2.59,25.91,IoT
SENS_R007,2026-09-10T08:00:00,R007,35,3.85,26.97,IoT
SENS_R008,2026-09-10T08:00:00,R008,50,2.18,25.79,IoT
SENS_R009,2026-09-10T08:00:00,R009,47,3.52,25.92,IoT
SENS_R010,2026-09-10T08:00:00,R010,54,2.89,25.95,IoT
SENS_R011,2026-09-10T08:00:00,R011,51,2.78,24.42,IoT
SENS_R012,2026-09-10T08:00:00,R012,35,2.44,24.57,IoT
SENS_R013,2026-09-10T08:00:00,R013,93,2.85,25.18,IoT
SENS_R014,2026-09-10T08:00:00,R014,36,3.43,27.28,IoT
SENS_R015,2026-09-10T08:00:00,R015,23,2.96,25.24,IoT
SENS_R016,2026-09-10T08:00:00,R016,49,2.92,26.2,IoT
SENS_R017,2026-09-10T08:00:00,R017,44,2.95,24.82,IoT
SENS_R018,2026-09-10T08:00:00,R018,33,2.28,23.42,IoT
SENS_R019,2026-09-10T08:00:00,R019,41,2.64,25.93,IoT
SENS_R020,2026-09-10T08:00:00,R020,47,3.21,25.07,IoT
SENS_R021,2026-09-10T08:00:00,R021,23,1.65,25.0,IoT
SENS_R022,2026-09-10T08:00:00,R022,34,2.74,24.54,IoT
SENS_R023,2026-09-10T08:00:00,R023,28,3.39,26.01,IoT
SENS_R024,2026-09-10T08:00:00,R024,47,3.07,28.33,IoT
SENS_R025,2026-09-10T08:00:00,R025,72,2.85,24.24,IoT
SENS_R026,2026-09-10T08:00:00,R026,45,4.5,27.73,IoT
SENS_R027,2026-09-10T08:00:00,R027,102,3.62,25.73,IoT
SENS_R028,2026-09-10T08:00:00,R028,25,2.66,25.64,IoT
SENS_R029,2026-09-10T08:00:00,R029,75,2.84,24.32,IoT
SENS_R030,2026-09-10T08:00:00,R030,38,2.35,24.05,IoT
SENS_R001,2026-09-10T09:00:00,R001,29,3.2,26.74,IoT
SENS_R002,2026-09-10T09:00:00,R002,82,3.24,25.0,IoT
SENS_R003,2026-09-10T09:00:00,R003,90,3.74,26.68,IoT
SENS_R004,2026-09-10T09:00:00,R004,61,2.43,24.07,IoT
SENS_R005,2026-09-10T09:00:00,R005,78,3.72,24.67,IoT
SENS_R006,2026-09-10T09:00:00,R006,34,3.01,25.14,IoT
SENS_R007,2026-09-10T09:00:00,R007,15,2.12,25.74,IoT
SENS_R008,2026-09-10T09:00:00,R008,36,2.4,25.75,IoT
SENS_R009,2026-09-10T09:00:00,R009,31,2.82,24.83,IoT
SENS_R010,2026-09-10T09:00:00,R010,40,2.91,26.05,IoT
SENS_R011,2026-09-10T09:00:00,R011,59,2.58,25.11,IoT
SENS_R012,2026-09-10T09:00:00,R012,44,2.52,25.8,IoT
SENS_R013,2026-09-10T09:00:00,R013,73,2.61,24.49,IoT
SENS_R014,2026-09-10T09:00:00,R014,22,2.44,24.95,IoT
SENS_R015,2026-09-10T09:00:00,R015,18,2.5,22.38,IoT
SENS_R016,2026-09-10T09:00:00,R016,39,2.21,24.47,IoT
SENS_R017,2026-09-10T09:00:00,R017,32,2.14,25.1,IoT
SENS_R018,2026-09-10T09:00:00,R018,30,1.95,25.6,IoT
SENS_R019,2026-09-10T09:00:00,R019,49,3.0,25.45,IoT
SENS_R020,2026-09-10T09:00:00,R020,29,2.6,25.14,IoT
SENS_R021,2026-09-10T09:00:00,R021,22,1.73,23.92,IoT
SENS_R022,2026-09-10T09:00:00,R022,36,2.8,25.24,IoT
SENS_R023,2026-09-10T09:00:00,R023,37,3.88,26.42,IoT
SENS_R024,2026-09-10T09:00:00,R024,44,3.01,24.79,IoT
SENS_R025,2026-09-10T09:00:00,R025,58,2.51,25.01,IoT
SENS_R026,2026-09-10T09:00:00,R026,41,3.78,25.91,IoT
SENS_R027,2026-09-10T09:00:00,R027,129,3.9,24.4,IoT
SENS_R028,2026-09-10T09:00:00,R028,20,1.87,24.77,IoT
SENS_R029,2026-09-10T09:00:00,R029,64,1.98,23.54,IoT
SENS_R030,2026-09-10T09:00:00,R030,56,3.47,25.57,IoT
SENS_R001,2026-09-10T10:00:00,R001,31,3.57,27.02,IoT
SENS_R002,2026-09-10T10:00:00,R002,25,0.96,24.3,IoT
SENS_R003,2026-09-10T10:00:00,R003,82,3.07,24.77,IoT
SENS_R004,2026-09-10T10:00:00,R004,40,2.57,25.33,IoT
SENS_R005,2026-09-10T10:00:00,R005,52,2.75,23.91,IoT
SENS_R006,2026-09-10T10:00:00,R006,34,3.02,25.65,IoT
SENS_R007,2026-09-10T10:00:00,R007,14,1.73,25.46,IoT
SENS_R008,2026-09-10T10:00:00,R008,71,3.15,25.7,IoT
SENS_R009,2026-09-10T10:00:00,R009,25,1.79,26.18,IoT
SENS_R010,2026-09-10T10:00:00,R010,17,1.85,23.52,IoT
SENS_R011,2026-09-10T10:00:00,R011,49,2.37,23.89,IoT
SENS_R012,2026-09-10T10:00:00,R012,36,2.58,24.44,IoT
SENS_R013,2026-09-10T10:00:00,R013,55,1.99,23.97,IoT
SENS_R014,2026-09-10T10:00:00,R014,31,3.11,24.71,IoT
SENS_R015,2026-09-10T10:00:00,R015,27,3.05,25.08,IoT
SENS_R016,2026-09-10T10:00:00,R016,62,3.12,26.26,IoT
SENS_R017,2026-09-10T10:00:00,R017,40,2.55,25.0,IoT
SENS_R018,2026-09-10T10:00:00,R018,68,2.83,25.01,IoT
SENS_R019,2026-09-10T10:00:00,R019,44,3.0,25.19,IoT
SENS_R020,2026-09-10T10:00:00,R020,31,2.42,25.85,IoT
SENS_R021,2026-09-10T10:00:00,R021,33,2.31,25.49,IoT
SENS_R022,2026-09-10T10:00:00,R022,60,4.1,25.15,IoT
SENS_R023,2026-09-10T10:00:00,R023,30,3.38,26.24,IoT
SENS_R024,2026-09-10T10:00:00,R024,53,3.62,27.37,IoT
SENS_R025,2026-09-10T10:00:00,R025,51,2.35,24.71,IoT
SENS_R026,2026-09-10T10:00:00,R026,28,2.91,25.98,IoT
SENS_R027,2026-09-10T10:00:00,R027,70,2.03,25.28,IoT
SENS_R028,2026-09-10T10:00:00,R028,40,3.22,24.76,IoT
SENS_R029,2026-09-10T10:00:00,R029,135,3.92,25.17,IoT
SENS_R030,2026-09-10T10:00:00,R030,47,2.59,25.8,IoT
SENS_R001,2026-09-10T11:00:00,R001,27,2.71,23.58,IoT
SENS_R002,2026-09-10T11:00:00,R002,79,2.82,26.51,IoT
SENS_R003,2026-09-10T11:00:00,R003,91,3.49,27.36,IoT
SENS_R004,2026-09-10T11:00:00,R004,71,3.52,24.94,IoT
SENS_R005,2026-09-10T11:00:00,R005,74,3.43,25.87,IoT
SENS_R006,2026-09-10T11:00:00,R006,30,2.76,25.38,IoT
SENS_R007,2026-09-10T11:00:00,R007,28,3.06,25.22,IoT
SENS_R008,2026-09-10T11:00:00,R008,62,2.72,25.05,IoT
SENS_R009,2026-09-10T11:00:00,R009,52,3.71,25.49,IoT
SENS_R010,2026-09-10T11:00:00,R010,60,3.84,27.51,IoT
SENS_R011,2026-09-10T11:00:00,R011,59,2.3,24.21,IoT
SENS_R012,2026-09-10T11:00:00,R012,61,3.44,25.76,IoT
SENS_R013,2026-09-10T11:00:00,R013,72,2.57,26.32,IoT
SENS_R014,2026-09-10T11:00:00,R014,30,2.77,25.51,IoT
SENS_R015,2026-09-10T11:00:00,R015,34,3.96,26.73,IoT
SENS_R016,2026-09-10T11:00:00,R016,37,2.72,25.03,IoT
SENS_R017,2026-09-10T11:00:00,R017,54,3.43,27.12,IoT
SENS_R018,2026-09-10T11:00:00,R018,58,2.75,25.27,IoT
SENS_R019,2026-09-10T11:00:00,R019,51,3.31,26.38,IoT
SENS_R020,2026-09-10T11:00:00,R020,35,2.72,25.5,IoT
SENS_R021,2026-09-10T11:00:00,R021,57,3.65,26.11,IoT
SENS_R022,2026-09-10T11:00:00,R022,22,2.07,23.1,IoT
SENS_R023,2026-09-10T11:00:00,R023,20,2.05,24.47,IoT
SENS_R024,2026-09-10T11:00:00,R024,34,2.35,24.61,IoT
SENS_R025,2026-09-10T11:00:00,R025,91,3.7,25.55,IoT
SENS_R026,2026-09-10T11:00:00,R026,32,2.97,27.65,IoT
SENS_R027,2026-09-10T11:00:00,R027,112,3.82,25.12,IoT
SENS_R028,2026-09-10T11:00:00,R028,29,2.84,26.83,IoT
SENS_R029,2026-09-10T11:00:00,R029,106,3.41,25.43,IoT
SENS_R030,2026-09-10T11:00:00,R030,61,3.33,25.24,IoT
SENS_R001,2026-09-10T12:00:00,R001,18,2.43,25.16,IoT
SENS_R002,2026-09-10T12:00:00,R002,109,3.57,25.18,IoT
SENS_R003,2026-09-10T12:00:00,R003,48,2.24,24.68,IoT
SENS_R004,2026-09-10T12:00:00,R004,71,3.02,25.77,IoT
SENS_R005,2026-09-10T12:00:00,R005,72,3.18,24.56,IoT
SENS_R006,2026-09-10T12:00:00,R006,19,2.04,25.55,IoT
SENS_R007,2026-09-10T12:00:00,R007,23,2.5,25.25,IoT
SENS_R008,2026-09-10T12:00:00,R008,65,2.25,24.49,IoT
SENS_R009,2026-09-10T12:00:00,R009,49,3.76,26.05,IoT
SENS_R010,2026-09-10T12:00:00,R010,32,2.61,24.53,IoT
SENS_R011,2026-09-10T12:00:00,R011,78,3.46,27.69,IoT
SENS_R012,2026-09-10T12:00:00,R012,47,2.91,26.04,IoT
SENS_R013,2026-09-10T12:00:00,R013,123,3.99,25.56,IoT
SENS_R014,2026-09-10T12:00:00,R014,36,3.22,24.82,IoT
SENS_R015,2026-09-10T12:00:00,R015,14,1.63,24.57,IoT
SENS_R016,2026-09-10T12:00:00,R016,62,3.25,25.76,IoT
SENS_R017,2026-09-10T12:00:00,R017,48,2.85,25.42,IoT
SENS_R018,2026-09-10T12:00:00,R018,84,3.16,25.03,IoT
SENS_R019,2026-09-10T12:00:00,R019,57,3.5,25.45,IoT
SENS_R020,2026-09-10T12:00:00,R020,41,3.63,25.16,IoT
SENS_R021,2026-09-10T12:00:00,R021,46,3.3,26.31,IoT
SENS_R022,2026-09-10T12:00:00,R022,37,2.38,24.29,IoT
SENS_R023,2026-09-10T12:00:00,R023,35,3.98,26.09,IoT
SENS_R024,2026-09-10T12:00:00,R024,48,3.35,27.39,IoT
SENS_R025,2026-09-10T12:00:00,R025,75,3.24,25.25,IoT
SENS_R026,2026-09-10T12:00:00,R026,27,2.54,23.73,IoT
SENS_R027,2026-09-10T12:00:00,R027,41,1.39,23.47,IoT
SENS_R028,2026-09-10T12:00:00,R028,33,3.12,23.95,IoT
SENS_R029,2026-09-10T12:00:00,R029,53,2.39,23.94,IoT
SENS_R030,2026-09-10T12:00:00,R030,41,1.94,24.6,IoT
SENS_R001,2026-09-10T13:00:00,R001,26,3.1,24.27,IoT
SENS_R002,2026-09-10T13:00:00,R002,67,2.56,24.93,IoT
SENS_R003,2026-09-10T13:00:00,R003,96,3.66,25.39,IoT
SENS_R004,2026-09-10T13:00:00,R004,63,3.04,24.55,IoT
SENS_R005,2026-09-10T13:00:00,R005,68,3.42,24.86,IoT
SENS_R006,2026-09-10T13:00:00,R006,40,3.81,26.08,IoT
SENS_R007,2026-09-10T13:00:00,R007,19,2.57,25.43,IoT
SENS_R008,2026-09-10T13:00:00,R008,39,2.29,24.86,IoT
SENS_R009,2026-09-10T13:00:00,R009,39,3.28,24.93,IoT
SENS_R010,2026-09-10T13:00:00,R010,43,3.05,24.03,IoT
SENS_R011,2026-09-10T13:00:00,R011,45,2.37,24.56,IoT
SENS_R012,2026-09-10T13:00:00,R012,56,2.84,25.11,IoT
SENS_R013,2026-09-10T13:00:00,R013,101,3.14,26.13,IoT
SENS_R014,2026-09-10T13:00:00,R014,25,2.86,25.55,IoT
SENS_R015,2026-09-10T13:00:00,R015,20,2.39,26.12,IoT
SENS_R016,2026-09-10T13:00:00,R016,36,2.42,25.42,IoT
SENS_R017,2026-09-10T13:00:00,R017,43,2.44,25.36,IoT
SENS_R018,2026-09-10T13:00:00,R018,59,3.13,24.27,IoT
SENS_R019,2026-09-10T13:00:00,R019,25,1.73,23.43,IoT
SENS_R020,2026-09-10T13:00:00,R020,19,1.8,24.86,IoT
SENS_R021,2026-09-10T13:00:00,R021,44,3.13,25.6,IoT
SENS_R022,2026-09-10T13:00:00,R022,64,3.86,25.41,IoT
SENS_R023,2026-09-10T13:00:00,R023,16,2.54,25.18,IoT
SENS_R024,2026-09-10T13:00:00,R024,56,3.8,25.64,IoT
SENS_R025,2026-09-10T13:00:00,R025,99,3.29,27.32,IoT
SENS_R026,2026-09-10T13:00:00,R026,37,3.72,26.17,IoT
SENS_R027,2026-09-10T13:00:00,R027,81,2.76,24.6,IoT
SENS_R028,2026-09-10T13:00:00,R028,33,3.26,25.79,IoT
SENS_R029,2026-09-10T13:00:00,R029,78,2.67,25.05,IoT
SENS_R030,2026-09-10T13:00:00,R030,36,2.71,24.99,IoT
SENS_R001,2026-09-10T14:00:00,R001,15,1.59,23.62,IoT
SENS_R002,2026-09-10T14:00:00,R002,59,2.48,25.5,IoT
SENS_R003,2026-09-10T14:00:00,R003,91,3.07,25.21,IoT
SENS_R004,2026-09-10T14:00:00,R004,79,3.48,25.05,IoT
SENS_R005,2026-09-10T14:00:00,R005,59,2.89,25.06,IoT
SENS_R006,2026-09-10T14:00:00,R006,36,3.59,26.74,IoT
SENS_R007,2026-09-10T14:00:00,R007,24,2.97,25.23,IoT
SENS_R008,2026-09-10T14:00:00,R008,82,3.61,26.52,IoT
SENS_R009,2026-09-10T14:00:00,R009,35,3.04,25.05,IoT
SENS_R010,2026-09-10T14:00:00,R010,54,3.23,25.66,IoT
SENS_R011,2026-09-10T14:00:00,R011,50,2.77,23.45,IoT
SENS_R012,2026-09-10T14:00:00,R012,30,2.22,24.15,IoT
SENS_R013,2026-09-10T14:00:00,R013,97,3.1,26.98,IoT
SENS_R014,2026-09-10T14:00:00,R014,29,2.96,25.6,IoT
SENS_R015,2026-09-10T14:00:00,R015,19,2.28,23.6,IoT
SENS_R016,2026-09-10T14:00:00,R016,60,3.24,25.84,IoT
SENS_R017,2026-09-10T14:00:00,R017,20,1.42,25.72,IoT
SENS_R018,2026-09-10T14:00:00,R018,58,2.92,26.03,IoT
SENS_R019,2026-09-10T14:00:00,R019,50,3.13,24.24,IoT
SENS_R020,2026-09-10T14:00:00,R020,53,3.84,25.8,IoT
SENS_R021,2026-09-10T14:00:00,R021,49,3.09,25.15,IoT
SENS_R022,2026-09-10T14:00:00,R022,54,3.69,26.54,IoT
SENS_R023,2026-09-10T14:00:00,R023,27,3.27,24.99,IoT
SENS_R024,2026-09-10T14:00:00,R024,42,2.89,24.43,IoT
SENS_R025,2026-09-10T14:00:00,R025,47,2.18,24.61,IoT
SENS_R026,2026-09-10T14:00:00,R026,31,2.88,26.28,IoT
SENS_R027,2026-09-10T14:00:00,R027,103,3.5,26.64,IoT
SENS_R028,2026-09-10T14:00:00,R028,24,2.8,25.44,IoT
SENS_R029,2026-09-10T14:00:00,R029,86,2.71,26.39,IoT
SENS_R030,2026-09-10T14:00:00,R030,23,1.86,24.4,IoT
SENS_R001,2026-09-10T15:00:00,R001,38,3.63,26.86,IoT
SENS_R002,2026-09-10T15:00:00,R002,66,2.49,25.98,IoT
SENS_R003,2026-09-10T15:00:00,R003,89,3.52,27.36,IoT
SENS_R004,2026-09-10T15:00:00,R004,58,2.91,25.46,IoT
SENS_R005,2026-09-10T15:00:00,R005,75,3.52,26.16,IoT
SENS_R006,2026-09-10T15:00:00,R006,29,2.7,25.92,IoT
SENS_R007,2026-09-10T15:00:00,R007,31,3.11,24.15,IoT
SENS_R008,2026-09-10T15:00:00,R008,49,2.37,24.67,IoT
SENS_R009,2026-09-10T15:00:00,R009,33,2.69,24.75,IoT
SENS_R010,2026-09-10T15:00:00,R010,42,3.02,25.95,IoT
SENS_R011,2026-09-10T15:00:00,R011,56,2.87,24.45,IoT
SENS_R012,2026-09-10T15:00:00,R012,42,2.92,25.56,IoT
SENS_R013,2026-09-10T15:00:00,R013,82,3.08,24.26,IoT
SENS_R014,2026-09-10T15:00:00,R014,40,3.5,27.28,IoT
SENS_R015,2026-09-10T15:00:00,R015,28,3.23,24.7,IoT
SENS_R016,2026-09-10T15:00:00,R016,33,2.14,23.05,IoT
SENS_R017,2026-09-10T15:00:00,R017,38,2.95,26.25,IoT
SENS_R018,2026-09-10T15:00:00,R018,46,1.98,25.31,IoT
SENS_R019,2026-09-10T15:00:00,R019,37,2.49,25.92,IoT
SENS_R020,2026-09-10T15:00:00,R020,24,2.35,24.97,IoT
SENS_R021,2026-09-10T15:00:00,R021,40,2.47,25.34,IoT
SENS_R022,2026-09-10T15:00:00,R022,51,3.26,25.9,IoT
SENS_R023,2026-09-10T15:00:00,R023,19,2.49,24.54,IoT
SENS_R024,2026-09-10T15:00:00,R024,29,2.02,24.7,IoT
SENS_R025,2026-09-10T15:00:00,R025,73,3.36,25.16,IoT
SENS_R026,2026-09-10T15:00:00,R026,40,3.54,25.33,IoT
SENS_R027,2026-09-10T15:00:00,R027,48,2.22,24.14,IoT
SENS_R028,2026-09-10T15:00:00,R028,19,1.79,26.16,IoT
SENS_R029,2026-09-10T15:00:00,R029,94,3.01,26.07,IoT
SENS_R030,2026-09-10T15:00:00,R030,31,2.67,24.75,IoT
SENS_R001,2026-09-10T16:00:00,R001,18,2.23,24.99,IoT
SENS_R002,2026-09-10T16:00:00,R002,44,2.71,25.07,IoT
SENS_R003,2026-09-10T16:00:00,R003,78,3.2,26.92,IoT
SENS_R004,2026-09-10T16:00:00,R004,87,3.18,25.76,IoT
SENS_R005,2026-09-10T16:00:00,R005,71,3.21,25.7,IoT
SENS_R006,2026-09-10T16:00:00,R006,39,3.21,24.69,IoT
SENS_R007,2026-09-10T16:00:00,R007,18,2.48,23.99,IoT
SENS_R008,2026-09-10T16:00:00,R008,38,1.78,25.06,IoT
SENS_R009,2026-09-10T16:00:00,R009,33,2.82,25.42,IoT
SENS_R010,2026-09-10T16:00:00,R010,52,3.26,24.68,IoT
SENS_R011,2026-09-10T16:00:00,R011,79,3.9,26.83,IoT
SENS_R012,2026-09-10T16:00:00,R012,46,2.84,26.06,IoT
SENS_R013,2026-09-10T16:00:00,R013,93,3.54,26.37,IoT
SENS_R014,2026-09-10T16:00:00,R014,33,3.11,25.79,IoT
SENS_R015,2026-09-10T16:00:00,R015,28,3.57,26.09,IoT
SENS_R016,2026-09-10T16:00:00,R016,66,3.39,25.61,IoT
SENS_R017,2026-09-10T16:00:00,R017,36,2.3,22.83,IoT
SENS_R018,2026-09-10T16:00:00,R018,38,1.84,25.45,IoT
SENS_R019,2026-09-10T16:00:00,R019,34,2.61,25.27,IoT
SENS_R020,2026-09-10T16:00:00,R020,40,3.2,25.98,IoT
SENS_R021,2026-09-10T16:00:00,R021,42,3.28,25.88,IoT
SENS_R022,2026-09-10T16:00:00,R022,38,2.66,23.88,IoT
SENS_R023,2026-09-10T16:00:00,R023,30,3.16,25.91,IoT
SENS_R024,2026-09-10T16:00:00,R024,25,2.36,24.25,IoT
SENS_R025,2026-09-10T16:00:00,R025,99,3.35,25.37,IoT
SENS_R026,2026-09-10T16:00:00,R026,36,4.07,25.36,IoT
SENS_R027,2026-09-10T16:00:00,R027,34,1.42,24.02,IoT
SENS_R028,2026-09-10T16:00:00,R028,22,2.6,24.82,IoT
SENS_R029,2026-09-10T16:00:00,R029,34,1.61,22.91,IoT
SENS_R030,2026-09-10T16:00:00,R030,45,2.77,26.87,IoT
SENS_R001,2026-09-10T17:00:00,R001,32,3.74,24.76,IoT
SENS_R002,2026-09-10T17:00:00,R002,89,3.28,26.81,IoT
SENS_R003,2026-09-10T17:00:00,R003,54,2.54,26.29,IoT
SENS_R004,2026-09-10T17:00:00,R004,65,2.93,25.4,IoT
SENS_R005,2026-09-10T17:00:00,R005,80,3.43,27.2,IoT
SENS_R006,2026-09-10T17:00:00,R006,22,2.24,24.37,IoT
SENS_R007,2026-09-10T17:00:00,R007,23,2.96,26.18,IoT
SENS_R008,2026-09-10T17:00:00,R008,78,3.31,26.13,IoT
SENS_R009,2026-09-10T17:00:00,R009,37,2.91,25.64,IoT
SENS_R010,2026-09-10T17:00:00,R010,56,3.14,25.75,IoT
SENS_R011,2026-09-10T17:00:00,R011,48,2.36,24.58,IoT
SENS_R012,2026-09-10T17:00:00,R012,51,2.93,25.46,IoT
SENS_R013,2026-09-10T17:00:00,R013,116,3.49,27.26,IoT
SENS_R014,2026-09-10T17:00:00,R014,24,2.57,23.99,IoT
SENS_R015,2026-09-10T17:00:00,R015,21,2.82,25.64,IoT
SENS_R016,2026-09-10T17:00:00,R016,60,3.13,26.17,IoT
SENS_R017,2026-09-10T17:00:00,R017,28,2.09,26.55,IoT
SENS_R018,2026-09-10T17:00:00,R018,69,3.3,24.62,IoT
SENS_R019,2026-09-10T17:00:00,R019,19,1.45,23.81,IoT
SENS_R020,2026-09-10T17:00:00,R020,26,2.35,23.82,IoT
SENS_R021,2026-09-10T17:00:00,R021,45,2.83,24.0,IoT
SENS_R022,2026-09-10T17:00:00,R022,30,2.59,24.36,IoT
SENS_R023,2026-09-10T17:00:00,R023,24,3.08,24.58,IoT
SENS_R024,2026-09-10T17:00:00,R024,61,3.87,27.47,IoT
SENS_R025,2026-09-10T17:00:00,R025,77,3.15,25.23,IoT
SENS_R026,2026-09-10T17:00:00,R026,32,2.88,25.33,IoT
SENS_R027,2026-09-10T17:00:00,R027,58,1.98,24.7,IoT
SENS_R028,2026-09-10T17:00:00,R028,31,2.98,25.12,IoT
SENS_R029,2026-09-10T17:00:00,R029,103,3.16,25.0,IoT
SENS_R030,2026-09-10T17:00:00,R030,50,3.33,25.06,IoT
SENS_R001,2026-09-10T18:00:00,R001,11,2.05,24.43,IoT
SENS_R002,2026-09-10T18:00:00,R002,26,1.95,23.95,IoT
SENS_R003,2026-09-10T18:00:00,R003,17,0.96,24.72,IoT
SENS_R004,2026-09-10T18:00:00,R004,34,1.87,23.72,IoT
SENS_R005,2026-09-10T18:00:00,R005,0,1.04,22.22,IoT
SENS_R006,2026-09-10T18:00:00,R006,10,1.63,23.51,IoT
SENS_R007,2026-09-10T18:00:00,R007,10,1.64,24.07,IoT
SENS_R008,2026-09-10T18:00:00,R008,16,1.73,24.92,IoT
SENS_R009,2026-09-10T18:00:00,R009,17,1.61,23.59,IoT
SENS_R010,2026-09-10T18:00:00,R010,6,0.72,22.12,IoT
SENS_R011,2026-09-10T18:00:00,R011,31,2.43,24.59,IoT
SENS_R012,2026-09-10T18:00:00,R012,19,1.88,24.69,IoT
SENS_R013,2026-09-10T18:00:00,R013,22,1.16,24.14,IoT
SENS_R014,2026-09-10T18:00:00,R014,6,1.22,24.21,IoT
SENS_R015,2026-09-10T18:00:00,R015,10,2.0,25.24,IoT
SENS_R016,2026-09-10T18:00:00,R016,28,2.02,25.88,IoT
SENS_R017,2026-09-10T18:00:00,R017,24,2.12,25.16,IoT
SENS_R018,2026-09-10T18:00:00,R018,31,1.59,23.8,IoT
SENS_R019,2026-09-10T18:00:00,R019,9,1.08,22.84,IoT
SENS_R020,2026-09-10T18:00:00,R020,11,1.15,24.53,IoT
SENS_R021,2026-09-10T18:00:00,R021,4,0.8,25.07,IoT
SENS_R022,2026-09-10T18:00:00,R022,14,1.16,23.63,IoT
SENS_R023,2026-09-10T18:00:00,R023,12,2.25,24.01,IoT
SENS_R024,2026-09-10T18:00:00,R024,16,1.02,23.81,IoT
SENS_R025,2026-09-10T18:00:00,R025,41,1.31,25.44,IoT
SENS_R026,2026-09-10T18:00:00,R026,12,1.31,24.12,IoT
SENS_R027,2026-09-10T18:00:00,R027,18,1.24,23.58,IoT
SENS_R028,2026-09-10T18:00:00,R028,5,1.36,24.55,IoT
SENS_R029,2026-09-10T18:00:00,R029,52,2.0,23.65,IoT
SENS_R030,2026-09-10T18:00:00,R030,20,1.65,23.39,IoT
SENS_R001,2026-09-10T19:00:00,R001,2,1.17,24.82,IoT
SENS_R002,2026-09-10T19:00:00,R002,35,1.51,25.6,IoT
SENS_R003,2026-09-10T19:00:00,R003,16,1.37,23.52,IoT
SENS_R004,2026-09-10T19:00:00,R004,24,1.35,24.7,IoT
SENS_R005,2026-09-10T19:00:00,R005,15,1.49,23.45,IoT
SENS_R006,2026-09-10T19:00:00,R006,9,1.22,24.87,IoT
SENS_R007,2026-09-10T19:00:00,R007,8,1.66,24.76,IoT
SENS_R008,2026-09-10T19:00:00,R008,13,1.72,24.19,IoT
SENS_R009,2026-09-10T19:00:00,R009,14,1.64,24.28,IoT
SENS_R010,2026-09-10T19:00:00,R010,13,1.4,22.81,IoT
SENS_R011,2026-09-10T19:00:00,R011,24,1.69,25.18,IoT
SENS_R012,2026-09-10T19:00:00,R012,14,1.42,22.43,IoT
SENS_R013,2026-09-10T19:00:00,R013,36,1.88,25.14,IoT
SENS_R014,2026-09-10T19:00:00,R014,1,0.56,25.04,IoT
SENS_R015,2026-09-10T19:00:00,R015,11,2.45,26.79,IoT
SENS_R016,2026-09-10T19:00:00,R016,13,1.41,23.92,IoT
SENS_R017,2026-09-10T19:00:00,R017,14,1.29,23.48,IoT
SENS_R018,2026-09-10T19:00:00,R018,14,1.51,24.64,IoT
SENS_R019,2026-09-10T19:00:00,R019,11,1.29,24.17,IoT
SENS_R020,2026-09-10T19:00:00,R020,19,1.47,25.18,IoT
SENS_R021,2026-09-10T19:00:00,R021,12,1.37,24.24,IoT
SENS_R022,2026-09-10T19:00:00,R022,22,1.9,25.23,IoT
SENS_R023,2026-09-10T19:00:00,R023,5,0.72,24.48,IoT
SENS_R024,2026-09-10T19:00:00,R024,17,1.53,23.5,IoT
SENS_R025,2026-09-10T19:00:00,R025,30,1.67,23.89,IoT
SENS_R026,2026-09-10T19:00:00,R026,9,1.45,24.22,IoT
SENS_R027,2026-09-10T19:00:00,R027,50,2.36,24.01,IoT
SENS_R028,2026-09-10T19:00:00,R028,19,2.41,24.46,IoT
SENS_R029,2026-09-10T19:00:00,R029,25,1.19,23.62,IoT
SENS_R030,2026-09-10T19:00:00,R030,23,1.9,22.41,IoT
SENS_R001,2026-09-10T20:00:00,R001,2,0.49,23.17,IoT
SENS_R002,2026-09-10T20:00:00,R002,29,1.58,23.77,IoT
SENS_R003,2026-09-10T20:00:00,R003,39,1.96,26.0,IoT
SENS_R004,2026-09-10T20:00:00,R004,12,1.36,22.81,IoT
SENS_R005,2026-09-10T20:00:00,R005,25,2.17,24.9,IoT
SENS_R006,2026-09-10T20:00:00,R006,6,1.15,24.96,IoT
SENS_R007,2026-09-10T20:00:00,R007,5,1.68,25.14,IoT
SENS_R008,2026-09-10T20:00:00,R008,0,1.02,22.26,IoT
SENS_R009,2026-09-10T20:00:00,R009,15,1.86,25.96,IoT
SENS_R010,2026-09-10T20:00:00,R010,12,1.42,24.58,IoT
SENS_R011,2026-09-10T20:00:00,R011,2,0.77,22.86,IoT
SENS_R012,2026-09-10T20:00:00,R012,22,1.47,25.76,IoT
SENS_R013,2026-09-10T20:00:00,R013,14,1.17,24.05,IoT
SENS_R014,2026-09-10T20:00:00,R014,11,1.4,25.6,IoT
SENS_R015,2026-09-10T20:00:00,R015,14,2.39,25.41,IoT
SENS_R016,2026-09-10T20:00:00,R016,8,1.36,24.23,IoT
SENS_R017,2026-09-10T20:00:00,R017,0,0.84,24.32,IoT
SENS_R018,2026-09-10T20:00:00,R018,27,1.72,23.81,IoT
SENS_R019,2026-09-10T20:00:00,R019,20,1.8,24.35,IoT
SENS_R020,2026-09-10T20:00:00,R020,4,1.09,22.64,IoT
SENS_R021,2026-09-10T20:00:00,R021,13,1.42,23.88,IoT
SENS_R022,2026-09-10T20:00:00,R022,18,1.5,24.04,IoT
SENS_R023,2026-09-10T20:00:00,R023,1,1.07,23.82,IoT
SENS_R024,2026-09-10T20:00:00,R024,24,2.35,25.12,IoT
SENS_R025,2026-09-10T20:00:00,R025,25,1.07,24.21,IoT
SENS_R026,2026-09-10T20:00:00,R026,11,1.46,24.31,IoT
SENS_R027,2026-09-10T20:00:00,R027,38,1.54,22.67,IoT
SENS_R028,2026-09-10T20:00:00,R028,12,2.02,23.71,IoT
SENS_R029,2026-09-10T20:00:00,R029,25,1.51,25.92,IoT
SENS_R030,2026-09-10T20:00:00,R030,18,1.58,23.91,IoT
SENS_R001,2026-09-10T21:00:00,R001,6,1.46,23.53,IoT
SENS_R002,2026-09-10T21:00:00,R002,25,1.2,24.27,IoT
SENS_R003,2026-09-10T21:00:00,R003,28,1.55,24.52,IoT
SENS_R004,2026-09-10T21:00:00,R004,26,1.74,25.61,IoT
SENS_R005,2026-09-10T21:00:00,R005,4,1.32,24.29,IoT
SENS_R006,2026-09-10T21:00:00,R006,19,1.97,23.4,IoT
SENS_R007,2026-09-10T21:00:00,R007,11,1.4,23.38,IoT
SENS_R008,2026-09-10T21:00:00,R008,19,1.29,23.85,IoT
SENS_R009,2026-09-10T21:00:00,R009,18,1.68,24.39,IoT
SENS_R010,2026-09-10T21:00:00,R010,28,2.13,25.62,IoT
SENS_R011,2026-09-10T21:00:00,R011,0,0.76,23.01,IoT
SENS_R012,2026-09-10T21:00:00,R012,16,1.21,24.79,IoT
SENS_R013,2026-09-10T21:00:00,R013,22,1.09,26.28,IoT
SENS_R014,2026-09-10T21:00:00,R014,11,1.81,25.51,IoT
SENS_R015,2026-09-10T21:00:00,R015,9,1.81,24.13,IoT
SENS_R016,2026-09-10T21:00:00,R016,14,0.82,23.69,IoT
SENS_R017,2026-09-10T21:00:00,R017,10,1.08,24.63,IoT
SENS_R018,2026-09-10T21:00:00,R018,4,1.13,23.25,IoT
SENS_R019,2026-09-10T21:00:00,R019,16,1.54,24.64,IoT
SENS_R020,2026-09-10T21:00:00,R020,19,1.96,24.92,IoT
SENS_R021,2026-09-10T21:00:00,R021,22,1.93,24.7,IoT
SENS_R022,2026-09-10T21:00:00,R022,3,1.27,23.55,IoT
SENS_R023,2026-09-10T21:00:00,R023,10,1.63,22.28,IoT
SENS_R024,2026-09-10T21:00:00,R024,6,0.64,24.13,IoT
SENS_R025,2026-09-10T21:00:00,R025,18,1.89,26.14,IoT
SENS_R026,2026-09-10T21:00:00,R026,11,1.63,23.47,IoT
SENS_R027,2026-09-10T21:00:00,R027,20,1.07,22.99,IoT
SENS_R028,2026-09-10T21:00:00,R028,17,2.31,24.87,IoT
SENS_R029,2026-09-10T21:00:00,R029,20,1.75,24.89,IoT
SENS_R030,2026-09-10T21:00:00,R030,19,1.38,24.11,IoT
SENS_R001,2026-09-11T06:00:00,R001,6,1.89,24.79,IoT
SENS_R002,2026-09-11T06:00:00,R002,54,2.22,23.93,IoT
SENS_R003,2026-09-11T06:00:00,R003,16,0.97,23.83,IoT
SENS_R004,2026-09-11T06:00:00,R004,29,1.76,25.46,IoT
SENS_R005,2026-09-11T06:00:00,R005,30,1.75,24.68,IoT
SENS_R006,2026-09-11T06:00:00,R006,14,1.96,25.01,IoT
SENS_R007,2026-09-11T06:00:00,R007,8,1.55,23.17,IoT
SENS_R008,2026-09-11T06:00:00,R008,13,0.66,24.36,IoT
SENS_R009,2026-09-11T06:00:00,R009,11,1.02,22.28,IoT
SENS_R010,2026-09-11T06:00:00,R010,5,0.94,22.78,IoT
SENS_R011,2026-09-11T06:00:00,R011,13,1.13,23.64,IoT
SENS_R012,2026-09-11T06:00:00,R012,19,1.99,23.3,IoT
SENS_R013,2026-09-11T06:00:00,R013,14,1.2,24.74,IoT
SENS_R014,2026-09-11T06:00:00,R014,12,1.6,23.25,IoT
SENS_R015,2026-09-11T06:00:00,R015,4,0.95,23.92,IoT
SENS_R016,2026-09-11T06:00:00,R016,19,1.56,23.81,IoT
SENS_R017,2026-09-11T06:00:00,R017,10,1.18,23.95,IoT
SENS_R018,2026-09-11T06:00:00,R018,20,1.46,25.62,IoT
SENS_R019,2026-09-11T06:00:00,R019,13,1.35,23.68,IoT
SENS_R020,2026-09-11T06:00:00,R020,11,1.06,23.44,IoT
SENS_R021,2026-09-11T06:00:00,R021,17,1.35,24.1,IoT
SENS_R022,2026-09-11T06:00:00,R022,19,1.7,25.22,IoT
SENS_R023,2026-09-11T06:00:00,R023,7,1.64,23.48,IoT
SENS_R024,2026-09-11T06:00:00,R024,17,1.55,23.59,IoT
SENS_R025,2026-09-11T06:00:00,R025,37,1.92,25.11,IoT
SENS_R026,2026-09-11T06:00:00,R026,12,1.39,23.68,IoT
SENS_R027,2026-09-11T06:00:00,R027,23,1.08,24.98,IoT
SENS_R028,2026-09-11T06:00:00,R028,19,2.06,24.46,IoT
SENS_R029,2026-09-11T06:00:00,R029,33,1.56,25.39,IoT
SENS_R030,2026-09-11T06:00:00,R030,19,1.42,24.77,IoT
SENS_R001,2026-09-11T07:00:00,R001,10,1.09,23.02,IoT
SENS_R002,2026-09-11T07:00:00,R002,9,1.11,24.46,IoT
SENS_R003,2026-09-11T07:00:00,R003,28,1.49,23.76,IoT
SENS_R004,2026-09-11T07:00:00,R004,23,1.54,24.15,IoT
SENS_R005,2026-09-11T07:00:00,R005,23,1.31,23.87,IoT
SENS_R006,2026-09-11T07:00:00,R006,13,1.76,23.65,IoT
SENS_R007,2026-09-11T07:00:00,R007,5,1.32,23.64,IoT
SENS_R008,2026-09-11T07:00:00,R008,26,2.03,24.98,IoT
SENS_R009,2026-09-11T07:00:00,R009,7,0.93,23.46,IoT
SENS_R010,2026-09-11T07:00:00,R010,21,1.96,24.93,IoT
SENS_R011,2026-09-11T07:00:00,R011,14,0.98,23.14,IoT
SENS_R012,2026-09-11T07:00:00,R012,10,1.23,23.58,IoT
SENS_R013,2026-09-11T07:00:00,R013,13,1.55,24.0,IoT
SENS_R014,2026-09-11T07:00:00,R014,8,1.41,24.98,IoT
SENS_R015,2026-09-11T07:00:00,R015,8,1.01,24.53,IoT
SENS_R016,2026-09-11T07:00:00,R016,12,1.34,25.23,IoT
SENS_R017,2026-09-11T07:00:00,R017,11,1.45,23.36,IoT
SENS_R018,2026-09-11T07:00:00,R018,14,1.24,23.78,IoT
SENS_R019,2026-09-11T07:00:00,R019,16,1.23,24.11,IoT
SENS_R020,2026-09-11T07:00:00,R020,22,2.15,23.71,IoT
SENS_R021,2026-09-11T07:00:00,R021,8,1.36,25.79,IoT
SENS_R022,2026-09-11T07:00:00,R022,25,2.14,25.82,IoT
SENS_R023,2026-09-11T07:00:00,R023,7,1.42,25.96,IoT
SENS_R024,2026-09-11T07:00:00,R024,9,1.14,23.04,IoT
SENS_R025,2026-09-11T07:00:00,R025,11,0.66,22.63,IoT
SENS_R026,2026-09-11T07:00:00,R026,4,1.27,24.21,IoT
SENS_R027,2026-09-11T07:00:00,R027,31,1.58,23.5,IoT
SENS_R028,2026-09-11T07:00:00,R028,9,1.18,24.77,IoT
SENS_R029,2026-09-11T07:00:00,R029,35,1.75,25.41,IoT
SENS_R030,2026-09-11T07:00:00,R030,18,1.36,23.71,IoT
SENS_R001,2026-09-11T08:00:00,R001,15,2.24,24.0,IoT
SENS_R002,2026-09-11T08:00:00,R002,27,1.37,24.01,IoT
SENS_R003,2026-09-11T08:00:00,R003,42,1.85,24.2,IoT
SENS_R004,2026-09-11T08:00:00,R004,76,2.97,24.53,IoT
SENS_R005,2026-09-11T08:00:00,R005,52,2.96,26.24,IoT
SENS_R006,2026-09-11T08:00:00,R006,17,1.84,25.98,IoT
SENS_R007,2026-09-11T08:00:00,R007,37,3.88,25.76,IoT
SENS_R008,2026-09-11T08:00:00,R008,42,2.21,25.81,IoT
SENS_R009,2026-09-11T08:00:00,R009,23,2.26,24.71,IoT
SENS_R010,2026-09-11T08:00:00,R010,38,2.98,25.82,IoT
SENS_R011,2026-09-11T08:00:00,R011,68,2.72,26.03,IoT
SENS_R012,2026-09-11T08:00:00,R012,56,3.73,27.31,IoT
SENS_R013,2026-09-11T08:00:00,R013,124,3.91,25.32,IoT
SENS_R014,2026-09-11T08:00:00,R014,20,2.42,24.81,IoT
SENS_R015,2026-09-11T08:00:00,R015,23,2.96,23.77,IoT
SENS_R016,2026-09-11T08:00:00,R016,33,2.58,25.74,IoT
SENS_R017,2026-09-11T08:00:00,R017,29,2.35,25.7,IoT
SENS_R018,2026-09-11T08:00:00,R018,54,2.38,23.64,IoT
SENS_R019,2026-09-11T08:00:00,R019,56,3.47,27.59,IoT
SENS_R020,2026-09-11T08:00:00,R020,37,2.8,25.69,IoT
SENS_R021,2026-09-11T08:00:00,R021,66,4.27,26.06,IoT
SENS_R022,2026-09-11T08:00:00,R022,64,4.16,26.34,IoT
SENS_R023,2026-09-11T08:00:00,R023,12,1.9,25.77,IoT
SENS_R024,2026-09-11T08:00:00,R024,46,2.82,24.39,IoT
SENS_R025,2026-09-11T08:00:00,R025,40,1.97,25.23,IoT
SENS_R026,2026-09-11T08:00:00,R026,32,3.31,24.62,IoT
SENS_R027,2026-09-11T08:00:00,R027,55,2.03,25.24,IoT
SENS_R028,2026-09-11T08:00:00,R028,25,3.12,26.24,IoT
SENS_R029,2026-09-11T08:00:00,R029,104,2.92,26.87,IoT
SENS_R030,2026-09-11T08:00:00,R030,46,3.16,25.89,IoT
SENS_R001,2026-09-11T09:00:00,R001,23,2.87,24.71,IoT
SENS_R002,2026-09-11T09:00:00,R002,66,2.79,24.98,IoT
SENS_R003,2026-09-11T09:00:00,R003,74,3.19,25.53,IoT
SENS_R004,2026-09-11T09:00:00,R004,49,2.46,25.24,IoT
SENS_R005,2026-09-11T09:00:00,R005,64,3.01,24.1,IoT
SENS_R006,2026-09-11T09:00:00,R006,18,2.16,25.31,IoT
SENS_R007,2026-09-11T09:00:00,R007,16,2.15,24.97,IoT
SENS_R008,2026-09-11T09:00:00,R008,60,3.09,25.07,IoT
SENS_R009,2026-09-11T09:00:00,R009,24,2.35,24.02,IoT
SENS_R010,2026-09-11T09:00:00,R010,56,3.53,26.17,IoT
SENS_R011,2026-09-11T09:00:00,R011,45,2.46,25.72,IoT
SENS_R012,2026-09-11T09:00:00,R012,48,3.2,25.63,IoT
SENS_R013,2026-09-11T09:00:00,R013,120,3.14,24.48,IoT
SENS_R014,2026-09-11T09:00:00,R014,27,2.31,25.41,IoT
SENS_R015,2026-09-11T09:00:00,R015,16,2.47,25.75,IoT
SENS_R016,2026-09-11T09:00:00,R016,39,2.31,25.5,IoT
SENS_R017,2026-09-11T09:00:00,R017,37,2.86,25.55,IoT
SENS_R018,2026-09-11T09:00:00,R018,61,2.88,25.78,IoT
SENS_R019,2026-09-11T09:00:00,R019,35,2.44,24.75,IoT
SENS_R020,2026-09-11T09:00:00,R020,40,3.05,25.06,IoT
SENS_R021,2026-09-11T09:00:00,R021,47,2.92,24.74,IoT
SENS_R022,2026-09-11T09:00:00,R022,31,2.26,26.11,IoT
SENS_R023,2026-09-11T09:00:00,R023,21,2.4,24.86,IoT
SENS_R024,2026-09-11T09:00:00,R024,51,3.62,25.28,IoT
SENS_R025,2026-09-11T09:00:00,R025,69,2.78,25.7,IoT
SENS_R026,2026-09-11T09:00:00,R026,20,2.33,24.88,IoT
SENS_R027,2026-09-11T09:00:00,R027,47,1.87,24.13,IoT
SENS_R028,2026-09-11T09:00:00,R028,25,2.63,25.17,IoT
SENS_R029,2026-09-11T09:00:00,R029,127,3.53,24.83,IoT
SENS_R030,2026-09-11T09:00:00,R030,49,3.24,25.47,IoT
SENS_R001,2026-09-11T10:00:00,R001,24,2.61,25.73,IoT
SENS_R002,2026-09-11T10:00:00,R002,63,2.59,24.65,IoT
SENS_R003,2026-09-11T10:00:00,R003,46,2.18,24.35,IoT
SENS_R004,2026-09-11T10:00:00,R004,77,3.14,25.83,IoT
SENS_R005,2026-09-11T10:00:00,R005,78,4.06,25.72,IoT
SENS_R006,2026-09-11T10:00:00,R006,25,2.5,26.13,IoT
SENS_R007,2026-09-11T10:00:00,R007,13,2.12,24.32,IoT
SENS_R008,2026-09-11T10:00:00,R008,77,3.43,24.74,IoT
SENS_R009,2026-09-11T10:00:00,R009,19,2.04,24.92,IoT
SENS_R010,2026-09-11T10:00:00,R010,48,3.33,25.29,IoT
SENS_R011,2026-09-11T10:00:00,R011,59,3.01,24.54,IoT
SENS_R012,2026-09-11T10:00:00,R012,31,2.36,24.74,IoT
SENS_R013,2026-09-11T10:00:00,R013,91,3.54,24.97,IoT
SENS_R014,2026-09-11T10:00:00,R014,33,3.35,26.71,IoT
SENS_R015,2026-09-11T10:00:00,R015,24,2.9,25.81,IoT
SENS_R016,2026-09-11T10:00:00,R016,38,2.64,24.14,IoT
SENS_R017,2026-09-11T10:00:00,R017,60,4.24,28.57,IoT
SENS_R018,2026-09-11T10:00:00,R018,53,3.26,24.8,IoT
SENS_R019,2026-09-11T10:00:00,R019,56,3.77,26.85,IoT
SENS_R020,2026-09-11T10:00:00,R020,32,2.93,25.56,IoT
SENS_R021,2026-09-11T10:00:00,R021,43,2.9,25.72,IoT
SENS_R022,2026-09-11T10:00:00,R022,57,3.9,28.5,IoT
SENS_R023,2026-09-11T10:00:00,R023,34,3.55,24.71,IoT
SENS_R024,2026-09-11T10:00:00,R024,31,2.2,23.11,IoT
SENS_R025,2026-09-11T10:00:00,R025,46,2.32,24.49,IoT
SENS_R026,2026-09-11T10:00:00,R026,42,3.58,24.24,IoT
SENS_R027,2026-09-11T10:00:00,R027,72,2.54,24.79,IoT
SENS_R028,2026-09-11T10:00:00,R028,27,2.46,26.18,IoT
SENS_R029,2026-09-11T10:00:00,R029,112,3.59,26.06,IoT
SENS_R030,2026-09-11T10:00:00,R030,46,3.24,25.91,IoT
SENS_R001,2026-09-11T11:00:00,R001,32,3.97,26.32,IoT
SENS_R002,2026-09-11T11:00:00,R002,91,3.05,24.52,IoT
SENS_R003,2026-09-11T11:00:00,R003,108,4.22,27.51,IoT
SENS_R004,2026-09-11T11:00:00,R004,78,3.66,26.42,IoT
SENS_R005,2026-09-11T11:00:00,R005,52,2.6,25.36,IoT
SENS_R006,2026-09-11T11:00:00,R006,40,3.45,24.91,IoT
SENS_R007,2026-09-11T11:00:00,R007,23,2.57,24.54,IoT
SENS_R008,2026-09-11T11:00:00,R008,79,3.57,23.87,IoT
SENS_R009,2026-09-11T11:00:00,R009,34,2.82,26.26,IoT
SENS_R010,2026-09-11T11:00:00,R010,50,3.37,26.85,IoT
SENS_R011,2026-09-11T11:00:00,R011,76,3.74,27.6,IoT
SENS_R012,2026-09-11T11:00:00,R012,61,3.77,25.38,IoT
SENS_R013,2026-09-11T11:00:00,R013,106,2.97,24.39,IoT
SENS_R014,2026-09-11T11:00:00,R014,26,2.44,24.17,IoT
SENS_R015,2026-09-11T11:00:00,R015,26,3.63,25.72,IoT
SENS_R016,2026-09-11T11:00:00,R016,41,2.49,24.52,IoT
SENS_R017,2026-09-11T11:00:00,R017,57,3.3,25.95,IoT
SENS_R018,2026-09-11T11:00:00,R018,31,1.7,23.86,IoT
SENS_R019,2026-09-11T11:00:00,R019,29,2.42,23.77,IoT
SENS_R020,2026-09-11T11:00:00,R020,47,3.23,24.92,IoT
SENS_R021,2026-09-11T11:00:00,R021,46,3.01,26.04,IoT
SENS_R022,2026-09-11T11:00:00,R022,42,2.93,25.38,IoT
SENS_R023,2026-09-11T11:00:00,R023,23,3.04,24.51,IoT
SENS_R024,2026-09-11T11:00:00,R024,35,2.27,25.72,IoT
SENS_R025,2026-09-11T11:00:00,R025,84,3.28,24.96,IoT
SENS_R026,2026-09-11T11:00:00,R026,26,2.32,24.34,IoT
SENS_R027,2026-09-11T11:00:00,R027,148,4.33,27.16,IoT
SENS_R028,2026-09-11T11:00:00,R028,22,1.8,25.45,IoT
SENS_R029,2026-09-11T11:00:00,R029,71,2.74,25.62,IoT
SENS_R030,2026-09-11T11:00:00,R030,20,1.53,25.16,IoT
SENS_R001,2026-09-11T12:00:00,R001,15,2.15,24.11,IoT
SENS_R002,2026-09-11T12:00:00,R002,68,2.52,26.05,IoT
SENS_R003,2026-09-11T12:00:00,R003,31,1.55,24.76,IoT
SENS_R004,2026-09-11T12:00:00,R004,38,2.32,23.49,IoT
SENS_R005,2026-09-11T12:00:00,R005,65,3.06,24.35,IoT
SENS_R006,2026-09-11T12:00:00,R006,23,2.62,25.57,IoT
SENS_R007,2026-09-11T12:00:00,R007,28,2.91,26.76,IoT
SENS_R008,2026-09-11T12:00:00,R008,79,3.61,25.8,IoT
SENS_R009,2026-09-11T12:00:00,R009,32,2.62,25.45,IoT
SENS_R010,2026-09-11T12:00:00,R010,33,2.82,23.83,IoT
SENS_R011,2026-09-11T12:00:00,R011,47,2.46,23.67,IoT
SENS_R012,2026-09-11T12:00:00,R012,28,2.27,23.78,IoT
SENS_R013,2026-09-11T12:00:00,R013,58,1.86,24.54,IoT
SENS_R014,2026-09-11T12:00:00,R014,44,4.0,26.66,IoT
SENS_R015,2026-09-11T12:00:00,R015,17,2.48,24.3,IoT
SENS_R016,2026-09-11T12:00:00,R016,50,3.17,24.04,IoT
SENS_R017,2026-09-11T12:00:00,R017,53,3.62,25.87,IoT
SENS_R018,2026-09-11T12:00:00,R018,79,3.49,25.29,IoT
SENS_R019,2026-09-11T12:00:00,R019,52,3.63,26.53,IoT
SENS_R020,2026-09-11T12:00:00,R020,26,2.7,24.1,IoT
SENS_R021,2026-09-11T12:00:00,R021,43,2.77,24.36,IoT
SENS_R022,2026-09-11T12:00:00,R022,29,2.45,24.73,IoT
SENS_R023,2026-09-11T12:00:00,R023,24,2.73,23.97,IoT
SENS_R024,2026-09-11T12:00:00,R024,51,3.47,25.66,IoT
SENS_R025,2026-09-11T12:00:00,R025,86,3.1,25.73,IoT
SENS_R026,2026-09-11T12:00:00,R026,28,2.78,26.8,IoT
SENS_R027,2026-09-11T12:00:00,R027,113,3.46,26.1,IoT
SENS_R028,2026-09-11T12:00:00,R028,31,3.15,25.35,IoT
SENS_R029,2026-09-11T12:00:00,R029,150,4.97,25.37,IoT
SENS_R030,2026-09-11T12:00:00,R030,54,3.26,26.11,IoT
SENS_R001,2026-09-11T13:00:00,R001,33,3.66,25.21,IoT
SENS_R002,2026-09-11T13:00:00,R002,111,4.32,25.69,IoT
SENS_R003,2026-09-11T13:00:00,R003,33,1.82,26.28,IoT
SENS_R004,2026-09-11T13:00:00,R004,29,1.87,23.93,IoT
SENS_R005,2026-09-11T13:00:00,R005,47,2.21,24.54,IoT
SENS_R006,2026-09-11T13:00:00,R006,25,2.62,25.15,IoT
SENS_R007,2026-09-11T13:00:00,R007,13,1.99,24.85,IoT
SENS_R008,2026-09-11T13:00:00,R008,37,1.83,24.23,IoT
SENS_R009,2026-09-11T13:00:00,R009,22,2.06,25.48,IoT
SENS_R010,2026-09-11T13:00:00,R010,38,2.41,24.62,IoT
SENS_R011,2026-09-11T13:00:00,R011,69,3.11,25.11,IoT
SENS_R012,2026-09-11T13:00:00,R012,32,1.9,24.09,IoT
SENS_R013,2026-09-11T13:00:00,R013,107,3.4,25.28,IoT
SENS_R014,2026-09-11T13:00:00,R014,23,2.57,25.12,IoT
SENS_R015,2026-09-11T13:00:00,R015,18,2.2,24.78,IoT
SENS_R016,2026-09-11T13:00:00,R016,35,2.29,25.19,IoT
SENS_R017,2026-09-11T13:00:00,R017,42,2.97,25.47,IoT
SENS_R018,2026-09-11T13:00:00,R018,30,1.86,24.45,IoT
SENS_R019,2026-09-11T13:00:00,R019,21,1.81,24.96,IoT
SENS_R020,2026-09-11T13:00:00,R020,30,2.13,26.22,IoT
SENS_R021,2026-09-11T13:00:00,R021,35,2.52,25.25,IoT
SENS_R022,2026-09-11T13:00:00,R022,38,2.84,25.2,IoT
SENS_R023,2026-09-11T13:00:00,R023,29,3.19,24.58,IoT
SENS_R024,2026-09-11T13:00:00,R024,48,3.23,22.95,IoT
SENS_R025,2026-09-11T13:00:00,R025,75,2.83,24.49,IoT
SENS_R026,2026-09-11T13:00:00,R026,39,3.8,26.49,IoT
SENS_R027,2026-09-11T13:00:00,R027,116,3.75,25.35,IoT
SENS_R028,2026-09-11T13:00:00,R028,27,2.37,24.92,IoT
SENS_R029,2026-09-11T13:00:00,R029,117,3.28,25.86,IoT
SENS_R030,2026-09-11T13:00:00,R030,57,3.73,25.19,IoT
SENS_R001,2026-09-11T14:00:00,R001,19,2.1,24.82,IoT
SENS_R002,2026-09-11T14:00:00,R002,50,2.33,25.83,IoT
SENS_R003,2026-09-11T14:00:00,R003,77,2.74,24.7,IoT
SENS_R004,2026-09-11T14:00:00,R004,64,3.06,25.23,IoT
SENS_R005,2026-09-11T14:00:00,R005,60,2.93,25.98,IoT
SENS_R006,2026-09-11T14:00:00,R006,15,1.85,25.21,IoT
SENS_R007,2026-09-11T14:00:00,R007,23,3.22,24.95,IoT
SENS_R008,2026-09-11T14:00:00,R008,50,2.53,24.14,IoT
SENS_R009,2026-09-11T14:00:00,R009,44,3.31,26.62,IoT
SENS_R010,2026-09-11T14:00:00,R010,55,4.18,26.73,IoT
SENS_R011,2026-09-11T14:00:00,R011,79,3.39,26.11,IoT
SENS_R012,2026-09-11T14:00:00,R012,46,2.82,26.39,IoT
SENS_R013,2026-09-11T14:00:00,R013,47,2.22,23.76,IoT
SENS_R014,2026-09-11T14:00:00,R014,37,2.99,24.2,IoT
SENS_R015,2026-09-11T14:00:00,R015,16,2.55,24.93,IoT
SENS_R016,2026-09-11T14:00:00,R016,35,2.22,25.05,IoT
SENS_R017,2026-09-11T14:00:00,R017,30,2.26,25.48,IoT
SENS_R018,2026-09-11T14:00:00,R018,48,2.49,25.5,IoT
SENS_R019,2026-09-11T14:00:00,R019,30,2.12,24.46,IoT
SENS_R020,2026-09-11T14:00:00,R020,44,3.4,26.41,IoT
SENS_R021,2026-09-11T14:00:00,R021,38,2.57,25.18,IoT
SENS_R022,2026-09-11T14:00:00,R022,24,1.65,24.54,IoT
SENS_R023,2026-09-11T14:00:00,R023,30,3.53,26.79,IoT
SENS_R024,2026-09-11T14:00:00,R024,28,2.7,25.74,IoT
SENS_R025,2026-09-11T14:00:00,R025,75,2.75,24.17,IoT
SENS_R026,2026-09-11T14:00:00,R026,40,3.51,25.25,IoT
SENS_R027,2026-09-11T14:00:00,R027,118,3.71,25.26,IoT
SENS_R028,2026-09-11T14:00:00,R028,40,3.27,25.51,IoT
SENS_R029,2026-09-11T14:00:00,R029,81,2.05,25.06,IoT
SENS_R030,2026-09-11T14:00:00,R030,57,2.86,24.95,IoT
SENS_R001,2026-09-11T15:00:00,R001,31,3.71,27.06,IoT
SENS_R002,2026-09-11T15:00:00,R002,83,3.66,25.7,IoT
SENS_R003,2026-09-11T15:00:00,R003,103,3.87,26.14,IoT
SENS_R004,2026-09-11T15:00:00,R004,81,3.62,25.8,IoT
SENS_R005,2026-09-11T15:00:00,R005,56,2.8,24.14,IoT
SENS_R006,2026-09-11T15:00:00,R006,31,3.69,25.51,IoT
SENS_R007,2026-09-11T15:00:00,R007,26,3.04,25.8,IoT
SENS_R008,2026-09-11T15:00:00,R008,56,2.61,24.22,IoT
SENS_R009,2026-09-11T15:00:00,R009,26,2.42,24.81,IoT
SENS_R010,2026-09-11T15:00:00,R010,48,3.9,25.44,IoT
SENS_R011,2026-09-11T15:00:00,R011,67,3.06,25.63,IoT
SENS_R012,2026-09-11T15:00:00,R012,59,3.52,25.68,IoT
SENS_R013,2026-09-11T15:00:00,R013,97,3.09,24.8,IoT
SENS_R014,2026-09-11T15:00:00,R014,46,3.63,25.92,IoT
SENS_R015,2026-09-11T15:00:00,R015,25,2.9,25.49,IoT
SENS_R016,2026-09-11T15:00:00,R016,66,3.98,26.06,IoT
SENS_R017,2026-09-11T15:00:00,R017,36,2.79,25.28,IoT
SENS_R018,2026-09-11T15:00:00,R018,57,2.86,24.08,IoT
SENS_R019,2026-09-11T15:00:00,R019,51,3.42,27.06,IoT
SENS_R020,2026-09-11T15:00:00,R020,36,3.22,26.72,IoT
SENS_R021,2026-09-11T15:00:00,R021,54,3.55,24.82,IoT
SENS_R022,2026-09-11T15:00:00,R022,42,2.38,25.09,IoT
SENS_R023,2026-09-11T15:00:00,R023,25,3.02,25.16,IoT
SENS_R024,2026-09-11T15:00:00,R024,32,2.43,24.33,IoT
SENS_R025,2026-09-11T15:00:00,R025,89,3.28,25.59,IoT
SENS_R026,2026-09-11T15:00:00,R026,30,2.54,23.88,IoT
SENS_R027,2026-09-11T15:00:00,R027,69,2.29,24.59,IoT
SENS_R028,2026-09-11T15:00:00,R028,31,2.79,24.94,IoT
SENS_R029,2026-09-11T15:00:00,R029,54,2.14,24.39,IoT
SENS_R030,2026-09-11T15:00:00,R030,61,3.43,25.49,IoT
SENS_R001,2026-09-11T16:00:00,R001,21,2.66,24.47,IoT
SENS_R002,2026-09-11T16:00:00,R002,47,2.34,25.19,IoT
SENS_R003,2026-09-11T16:00:00,R003,70,2.67,25.67,IoT
SENS_R004,2026-09-11T16:00:00,R004,64,3.24,26.22,IoT
SENS_R005,2026-09-11T16:00:00,R005,59,3.09,24.93,IoT
SENS_R006,2026-09-11T16:00:00,R006,14,1.71,26.08,IoT
SENS_R007,2026-09-11T16:00:00,R007,25,3.14,26.97,IoT
SENS_R008,2026-09-11T16:00:00,R008,46,2.13,25.53,IoT
SENS_R009,2026-09-11T16:00:00,R009,30,2.99,25.15,IoT
SENS_R010,2026-09-11T16:00:00,R010,52,3.28,26.31,IoT
SENS_R011,2026-09-11T16:00:00,R011,53,2.92,24.49,IoT
SENS_R012,2026-09-11T16:00:00,R012,41,2.8,25.56,IoT
SENS_R013,2026-09-11T16:00:00,R013,45,2.16,25.16,IoT
SENS_R014,2026-09-11T16:00:00,R014,32,3.17,25.61,IoT
SENS_R015,2026-09-11T16:00:00,R015,19,2.27,24.86,IoT
SENS_R016,2026-09-11T16:00:00,R016,55,3.13,25.37,IoT
SENS_R017,2026-09-11T16:00:00,R017,36,2.71,24.81,IoT
SENS_R018,2026-09-11T16:00:00,R018,98,4.18,26.79,IoT
SENS_R019,2026-09-11T16:00:00,R019,53,3.51,24.97,IoT
SENS_R020,2026-09-11T16:00:00,R020,42,3.26,26.95,IoT
SENS_R021,2026-09-11T16:00:00,R021,39,2.4,24.48,IoT
SENS_R022,2026-09-11T16:00:00,R022,32,2.29,25.02,IoT
SENS_R023,2026-09-11T16:00:00,R023,21,2.85,25.12,IoT
SENS_R024,2026-09-11T16:00:00,R024,58,3.39,25.24,IoT
SENS_R025,2026-09-11T16:00:00,R025,66,3.0,26.5,IoT
SENS_R026,2026-09-11T16:00:00,R026,20,2.13,26.18,IoT
SENS_R027,2026-09-11T16:00:00,R027,65,1.92,25.06,IoT
SENS_R028,2026-09-11T16:00:00,R028,35,3.11,25.39,IoT
SENS_R029,2026-09-11T16:00:00,R029,95,2.95,24.26,IoT
SENS_R030,2026-09-11T16:00:00,R030,34,2.67,26.1,IoT
SENS_R001,2026-09-11T17:00:00,R001,26,3.2,25.01,IoT
SENS_R002,2026-09-11T17:00:00,R002,33,1.8,24.03,IoT
SENS_R003,2026-09-11T17:00:00,R003,69,2.69,25.57,IoT
SENS_R004,2026-09-11T17:00:00,R004,55,2.88,25.49,IoT
SENS_R005,2026-09-11T17:00:00,R005,59,3.07,25.16,IoT
SENS_R006,2026-09-11T17:00:00,R006,30,2.84,25.26,IoT
SENS_R007,2026-09-11T17:00:00,R007,16,2.27,24.16,IoT
SENS_R008,2026-09-11T17:00:00,R008,76,3.4,24.79,IoT
SENS_R009,2026-09-11T17:00:00,R009,46,3.74,25.23,IoT
SENS_R010,2026-09-11T17:00:00,R010,43,3.0,26.0,IoT
SENS_R011,2026-09-11T17:00:00,R011,70,3.21,25.98,IoT
SENS_R012,2026-09-11T17:00:00,R012,35,2.25,23.93,IoT
SENS_R013,2026-09-11T17:00:00,R013,89,2.87,26.68,IoT
SENS_R014,2026-09-11T17:00:00,R014,21,1.93,25.45,IoT
SENS_R015,2026-09-11T17:00:00,R015,15,2.04,25.24,IoT
SENS_R016,2026-09-11T17:00:00,R016,34,2.06,24.96,IoT
SENS_R017,2026-09-11T17:00:00,R017,47,3.02,25.39,IoT
SENS_R018,2026-09-11T17:00:00,R018,54,2.11,25.5,IoT
SENS_R019,2026-09-11T17:00:00,R019,56,3.44,26.33,IoT
SENS_R020,2026-09-11T17:00:00,R020,24,2.03,24.76,IoT
SENS_R021,2026-09-11T17:00:00,R021,64,4.23,26.37,IoT
SENS_R022,2026-09-11T17:00:00,R022,42,2.79,26.63,IoT
SENS_R023,2026-09-11T17:00:00,R023,11,1.87,24.74,IoT
SENS_R024,2026-09-11T17:00:00,R024,45,3.04,26.33,IoT
SENS_R025,2026-09-11T17:00:00,R025,89,3.38,27.91,IoT
SENS_R026,2026-09-11T17:00:00,R026,33,3.05,25.3,IoT
SENS_R027,2026-09-11T17:00:00,R027,115,3.92,26.7,IoT
SENS_R028,2026-09-11T17:00:00,R028,33,3.29,25.58,IoT
SENS_R029,2026-09-11T17:00:00,R029,101,3.14,24.61,IoT
SENS_R030,2026-09-11T17:00:00,R030,43,3.06,26.99,IoT
SENS_R001,2026-09-11T18:00:00,R001,6,1.74,23.85,IoT
SENS_R002,2026-09-11T18:00:00,R002,12,1.11,24.28,IoT
SENS_R003,2026-09-11T18:00:00,R003,13,1.3,24.19,IoT
SENS_R004,2026-09-11T18:00:00,R004,7,1.23,22.8,IoT
SENS_R005,2026-09-11T18:00:00,R005,40,2.24,24.13,IoT
SENS_R006,2026-09-11T18:00:00,R006,12,1.16,22.85,IoT
SENS_R007,2026-09-11T18:00:00,R007,8,1.48,24.64,IoT
SENS_R008,2026-09-11T18:00:00,R008,10,0.91,24.68,IoT
SENS_R009,2026-09-11T18:00:00,R009,15,2.09,25.52,IoT
SENS_R010,2026-09-11T18:00:00,R010,23,1.93,25.37,IoT
SENS_R011,2026-09-11T18:00:00,R011,0,0.99,23.49,IoT
SENS_R012,2026-09-11T18:00:00,R012,15,1.77,23.65,IoT
SENS_R013,2026-09-11T18:00:00,R013,33,1.28,24.28,IoT
SENS_R014,2026-09-11T18:00:00,R014,9,1.27,24.18,IoT
SENS_R015,2026-09-11T18:00:00,R015,3,1.01,23.17,IoT
SENS_R016,2026-09-11T18:00:00,R016,18,1.51,23.83,IoT
SENS_R017,2026-09-11T18:00:00,R017,14,1.37,24.02,IoT
SENS_R018,2026-09-11T18:00:00,R018,15,1.1,22.31,IoT
SENS_R019,2026-09-11T18:00:00,R019,17,1.51,23.89,IoT
SENS_R020,2026-09-11T18:00:00,R020,12,1.74,23.93,IoT
SENS_R021,2026-09-11T18:00:00,R021,15,1.16,24.73,IoT
SENS_R022,2026-09-11T18:00:00,R022,12,1.42,23.5,IoT
SENS_R023,2026-09-11T18:00:00,R023,2,0.94,22.96,IoT
SENS_R024,2026-09-11T18:00:00,R024,21,1.97,24.86,IoT
SENS_R025,2026-09-11T18:00:00,R025,31,1.08,23.81,IoT
SENS_R026,2026-09-11T18:00:00,R026,17,1.64,25.84,IoT
SENS_R027,2026-09-11T18:00:00,R027,21,1.39,23.18,IoT
SENS_R028,2026-09-11T18:00:00,R028,9,1.85,24.81,IoT
SENS_R029,2026-09-11T18:00:00,R029,35,1.4,23.31,IoT
SENS_R030,2026-09-11T18:00:00,R030,12,1.61,23.96,IoT
SENS_R001,2026-09-11T19:00:00,R001,6,1.61,25.33,IoT
SENS_R002,2026-09-11T19:00:00,R002,37,1.44,24.24,IoT
SENS_R003,2026-09-11T19:00:00,R003,11,0.97,23.28,IoT
SENS_R004,2026-09-11T19:00:00,R004,31,2.04,24.32,IoT
SENS_R005,2026-09-11T19:00:00,R005,35,2.14,24.35,IoT
SENS_R006,2026-09-11T19:00:00,R006,15,1.78,23.48,IoT
SENS_R007,2026-09-11T19:00:00,R007,10,1.31,24.7,IoT
SENS_R008,2026-09-11T19:00:00,R008,16,1.46,23.51,IoT
SENS_R009,2026-09-11T19:00:00,R009,11,1.45,24.19,IoT
SENS_R010,2026-09-11T19:00:00,R010,22,2.0,25.13,IoT
SENS_R011,2026-09-11T19:00:00,R011,29,1.38,22.69,IoT
SENS_R012,2026-09-11T19:00:00,R012,17,1.16,25.01,IoT
SENS_R013,2026-09-11T19:00:00,R013,15,0.82,24.61,IoT
SENS_R014,2026-09-11T19:00:00,R014,13,1.77,25.33,IoT
SENS_R015,2026-09-11T19:00:00,R015,10,1.56,24.72,IoT
SENS_R016,2026-09-11T19:00:00,R016,29,2.05,24.7,IoT
SENS_R017,2026-09-11T19:00:00,R017,18,1.81,25.41,IoT
SENS_R018,2026-09-11T19:00:00,R018,11,1.02,22.92,IoT
SENS_R019,2026-09-11T19:00:00,R019,1,0.68,23.63,IoT
SENS_R020,2026-09-11T19:00:00,R020,7,0.76,24.08,IoT
SENS_R021,2026-09-11T19:00:00,R021,9,1.59,24.15,IoT
SENS_R022,2026-09-11T19:00:00,R022,18,1.85,24.07,IoT
SENS_R023,2026-09-11T19:00:00,R023,7,1.33,24.74,IoT
SENS_R024,2026-09-11T19:00:00,R024,30,2.34,23.66,IoT
SENS_R025,2026-09-11T19:00:00,R025,25,1.74,23.99,IoT
SENS_R026,2026-09-11T19:00:00,R026,10,1.55,24.13,IoT
SENS_R027,2026-09-11T19:00:00,R027,19,1.2,23.92,IoT
SENS_R028,2026-09-11T19:00:00,R028,11,1.42,24.22,IoT
SENS_R029,2026-09-11T19:00:00,R029,23,1.26,23.76,IoT
SENS_R030,2026-09-11T19:00:00,R030,12,1.33,23.09,IoT
SENS_R001,2026-09-11T20:00:00,R001,12,2.08,24.55,IoT
SENS_R002,2026-09-11T20:00:00,R002,21,1.8,24.41,IoT
SENS_R003,2026-09-11T20:00:00,R003,31,1.72,23.96,IoT
SENS_R004,2026-09-11T20:00:00,R004,19,1.64,22.96,IoT
SENS_R005,2026-09-11T20:00:00,R005,13,1.49,23.59,IoT
SENS_R006,2026-09-11T20:00:00,R006,12,1.48,24.9,IoT
SENS_R007,2026-09-11T20:00:00,R007,5,1.12,23.53,IoT
SENS_R008,2026-09-11T20:00:00,R008,6,1.14,22.99,IoT
SENS_R009,2026-09-11T20:00:00,R009,7,1.35,22.54,IoT
SENS_R010,2026-09-11T20:00:00,R010,21,1.83,24.76,IoT
SENS_R011,2026-09-11T20:00:00,R011,16,1.58,25.51,IoT
SENS_R012,2026-09-11T20:00:00,R012,2,1.44,23.54,IoT
SENS_R013,2026-09-11T20:00:00,R013,25,1.07,23.77,IoT
SENS_R014,2026-09-11T20:00:00,R014,4,0.85,24.69,IoT
SENS_R015,2026-09-11T20:00:00,R015,8,1.33,24.9,IoT
SENS_R016,2026-09-11T20:00:00,R016,24,2.08,24.69,IoT
SENS_R017,2026-09-11T20:00:00,R017,22,1.88,24.73,IoT
SENS_R018,2026-09-11T20:00:00,R018,37,2.23,24.51,IoT
SENS_R019,2026-09-11T20:00:00,R019,3,0.77,23.96,IoT
SENS_R020,2026-09-11T20:00:00,R020,11,1.16,24.25,IoT
SENS_R021,2026-09-11T20:00:00,R021,18,2.14,25.79,IoT
SENS_R022,2026-09-11T20:00:00,R022,14,1.47,23.97,IoT
SENS_R023,2026-09-11T20:00:00,R023,11,2.08,24.1,IoT
SENS_R024,2026-09-11T20:00:00,R024,9,0.96,22.26,IoT
SENS_R025,2026-09-11T20:00:00,R025,24,1.3,22.43,IoT
SENS_R026,2026-09-11T20:00:00,R026,2,0.69,23.62,IoT
SENS_R027,2026-09-11T20:00:00,R027,47,2.2,24.29,IoT
SENS_R028,2026-09-11T20:00:00,R028,9,1.25,23.71,IoT
SENS_R029,2026-09-11T20:00:00,R029,40,2.17,23.4,IoT
SENS_R030,2026-09-11T20:00:00,R030,18,1.45,24.59,IoT
SENS_R001,2026-09-11T21:00:00,R001,3,0.71,23.15,IoT
SENS_R002,2026-09-11T21:00:00,R002,18,1.22,23.01,IoT
SENS_R003,2026-09-11T21:00:00,R003,33,2.02,23.69,IoT
SENS_R004,2026-09-11T21:00:00,R004,18,1.29,24.57,IoT
SENS_R005,2026-09-11T21:00:00,R005,31,2.26,25.42,IoT
SENS_R006,2026-09-11T21:00:00,R006,1,0.51,21.92,IoT
SENS_R007,2026-09-11T21:00:00,R007,8,1.65,25.01,IoT
SENS_R008,2026-09-11T21:00:00,R008,41,1.89,24.48,IoT
SENS_R009,2026-09-11T21:00:00,R009,17,1.46,24.51,IoT
SENS_R010,2026-09-11T21:00:00,R010,13,1.37,24.17,IoT
SENS_R011,2026-09-11T21:00:00,R011,21,1.5,24.74,IoT
SENS_R012,2026-09-11T21:00:00,R012,12,1.15,24.18,IoT
SENS_R013,2026-09-11T21:00:00,R013,45,1.12,22.25,IoT
SENS_R014,2026-09-11T21:00:00,R014,20,2.19,25.35,IoT
SENS_R015,2026-09-11T21:00:00,R015,10,1.48,24.0,IoT
SENS_R016,2026-09-11T21:00:00,R016,2,1.23,24.26,IoT
SENS_R017,2026-09-11T21:00:00,R017,0,0.55,24.63,IoT
SENS_R018,2026-09-11T21:00:00,R018,19,1.16,24.93,IoT
SENS_R019,2026-09-11T21:00:00,R019,10,0.95,24.27,IoT
SENS_R020,2026-09-11T21:00:00,R020,21,2.05,23.13,IoT
SENS_R021,2026-09-11T21:00:00,R021,21,2.01,24.4,IoT
SENS_R022,2026-09-11T21:00:00,R022,22,1.86,23.6,IoT
SENS_R023,2026-09-11T21:00:00,R023,5,1.08,24.65,IoT
SENS_R024,2026-09-11T21:00:00,R024,7,0.93,24.33,IoT
SENS_R025,2026-09-11T21:00:00,R025,32,2.17,25.42,IoT
SENS_R026,2026-09-11T21:00:00,R026,6,1.0,23.56,IoT
SENS_R027,2026-09-11T21:00:00,R027,10,1.18,23.38,IoT
SENS_R028,2026-09-11T21:00:00,R028,8,1.27,24.34,IoT
SENS_R029,2026-09-11T21:00:00,R029,16,1.04,24.5,IoT
SENS_R030,2026-09-11T21:00:00,R030,6,0.68,22.87,IoT
SENS_R001,2026-09-12T06:00:00,R001,10,1.83,23.96,IoT
SENS_R002,2026-09-12T06:00:00,R002,16,1.02,23.62,IoT
SENS_R003,2026-09-12T06:00:00,R003,19,1.3,23.53,IoT
SENS_R004,2026-09-12T06:00:00,R004,19,1.55,24.07,IoT
SENS_R005,2026-09-12T06:00:00,R005,17,1.4,25.26,IoT
SENS_R006,2026-09-12T06:00:00,R006,13,1.83,25.45,IoT
SENS_R007,2026-09-12T06:00:00,R007,2,0.94,22.77,IoT
SENS_R008,2026-09-12T06:00:00,R008,18,1.05,21.29,IoT
SENS_R009,2026-09-12T06:00:00,R009,6,1.1,23.03,IoT
SENS_R010,2026-09-12T06:00:00,R010,17,1.61,22.86,IoT
SENS_R011,2026-09-12T06:00:00,R011,17,1.59,24.37,IoT
SENS_R012,2026-09-12T06:00:00,R012,12,1.54,23.01,IoT
SENS_R013,2026-09-12T06:00:00,R013,5,0.18,23.99,IoT
SENS_R014,2026-09-12T06:00:00,R014,5,1.14,23.59,IoT
SENS_R015,2026-09-12T06:00:00,R015,16,1.99,24.64,IoT
SENS_R016,2026-09-12T06:00:00,R016,16,1.6,25.25,IoT
SENS_R017,2026-09-12T06:00:00,R017,8,1.14,22.43,IoT
SENS_R018,2026-09-12T06:00:00,R018,10,1.19,25.7,IoT
SENS_R019,2026-09-12T06:00:00,R019,8,1.24,24.29,IoT
SENS_R020,2026-09-12T06:00:00,R020,6,0.86,23.82,IoT
SENS_R021,2026-09-12T06:00:00,R021,10,1.52,24.24,IoT
SENS_R022,2026-09-12T06:00:00,R022,1,0.98,23.04,IoT
SENS_R023,2026-09-12T06:00:00,R023,3,1.31,25.14,IoT
SENS_R024,2026-09-12T06:00:00,R024,7,1.08,24.46,IoT
SENS_R025,2026-09-12T06:00:00,R025,20,1.27,24.46,IoT
SENS_R026,2026-09-12T06:00:00,R026,0,1.12,24.72,IoT
SENS_R027,2026-09-12T06:00:00,R027,12,0.82,23.81,IoT
SENS_R028,2026-09-12T06:00:00,R028,8,1.3,23.59,IoT
SENS_R029,2026-09-12T06:00:00,R029,13,1.36,25.04,IoT
SENS_R030,2026-09-12T06:00:00,R030,10,0.85,22.95,IoT
SENS_R001,2026-09-12T07:00:00,R001,5,1.3,23.61,IoT
SENS_R002,2026-09-12T07:00:00,R002,0,0.81,23.52,IoT
SENS_R003,2026-09-12T07:00:00,R003,32,2.09,25.78,IoT
SENS_R004,2026-09-12T07:00:00,R004,0,0.73,22.96,IoT
SENS_R005,2026-09-12T07:00:00,R005,9,0.55,23.31,IoT
SENS_R006,2026-09-12T07:00:00,R006,9,1.0,24.21,IoT
SENS_R007,2026-09-12T07:00:00,R007,0,0.98,22.74,IoT
SENS_R008,2026-09-12T07:00:00,R008,0,1.14,23.56,IoT
SENS_R009,2026-09-12T07:00:00,R009,8,1.48,24.21,IoT
SENS_R010,2026-09-12T07:00:00,R010,17,1.82,23.56,IoT
SENS_R011,2026-09-12T07:00:00,R011,13,0.88,24.56,IoT
SENS_R012,2026-09-12T07:00:00,R012,8,0.91,24.03,IoT
SENS_R013,2026-09-12T07:00:00,R013,14,1.38,22.35,IoT
SENS_R014,2026-09-12T07:00:00,R014,8,1.17,24.39,IoT
SENS_R015,2026-09-12T07:00:00,R015,5,1.01,24.14,IoT
SENS_R016,2026-09-12T07:00:00,R016,2,0.96,23.73,IoT
SENS_R017,2026-09-12T07:00:00,R017,5,1.42,24.2,IoT
SENS_R018,2026-09-12T07:00:00,R018,12,1.3,23.68,IoT
SENS_R019,2026-09-12T07:00:00,R019,10,1.19,24.57,IoT
SENS_R020,2026-09-12T07:00:00,R020,10,1.29,24.05,IoT
SENS_R021,2026-09-12T07:00:00,R021,5,0.77,23.4,IoT
SENS_R022,2026-09-12T07:00:00,R022,1,0.58,23.13,IoT
SENS_R023,2026-09-12T07:00:00,R023,4,0.89,24.72,IoT
SENS_R024,2026-09-12T07:00:00,R024,12,1.5,24.21,IoT
SENS_R025,2026-09-12T07:00:00,R025,8,0.99,23.97,IoT
SENS_R026,2026-09-12T07:00:00,R026,10,1.73,25.7,IoT
SENS_R027,2026-09-12T07:00:00,R027,24,1.21,22.93,IoT
SENS_R028,2026-09-12T07:00:00,R028,6,1.19,23.76,IoT
SENS_R029,2026-09-12T07:00:00,R029,0,0.59,23.56,IoT
SENS_R030,2026-09-12T07:00:00,R030,20,1.37,24.54,IoT
SENS_R001,2026-09-12T08:00:00,R001,8,1.53,23.9,IoT
SENS_R002,2026-09-12T08:00:00,R002,13,1.29,24.97,IoT
SENS_R003,2026-09-12T08:00:00,R003,0,0.31,22.55,IoT
SENS_R004,2026-09-12T08:00:00,R004,5,1.08,23.9,IoT
SENS_R005,2026-09-12T08:00:00,R005,37,2.19,23.85,IoT
SENS_R006,2026-09-12T08:00:00,R006,12,1.49,24.55,IoT
SENS_R007,2026-09-12T08:00:00,R007,8,1.34,24.86,IoT
SENS_R008,2026-09-12T08:00:00,R008,15,1.25,23.29,IoT
SENS_R009,2026-09-12T08:00:00,R009,6,1.23,24.18,IoT
SENS_R010,2026-09-12T08:00:00,R010,5,0.59,22.29,IoT
SENS_R011,2026-09-12T08:00:00,R011,11,1.1,22.94,IoT
SENS_R012,2026-09-12T08:00:00,R012,12,1.91,23.76,IoT
SENS_R013,2026-09-12T08:00:00,R013,51,2.08,25.56,IoT
SENS_R014,2026-09-12T08:00:00,R014,14,1.94,24.87,IoT
SENS_R015,2026-09-12T08:00:00,R015,0,0.59,23.98,IoT
SENS_R016,2026-09-12T08:00:00,R016,15,1.64,24.21,IoT
SENS_R017,2026-09-12T08:00:00,R017,21,1.96,23.63,IoT
SENS_R018,2026-09-12T08:00:00,R018,26,1.39,25.42,IoT
SENS_R019,2026-09-12T08:00:00,R019,7,1.1,23.62,IoT
SENS_R020,2026-09-12T08:00:00,R020,24,2.4,24.59,IoT
SENS_R021,2026-09-12T08:00:00,R021,5,1.37,23.4,IoT
SENS_R022,2026-09-12T08:00:00,R022,5,1.05,21.31,IoT
SENS_R023,2026-09-12T08:00:00,R023,8,1.73,23.96,IoT
SENS_R024,2026-09-12T08:00:00,R024,19,1.45,24.66,IoT
SENS_R025,2026-09-12T08:00:00,R025,13,0.64,24.44,IoT
SENS_R026,2026-09-12T08:00:00,R026,7,0.88,24.74,IoT
SENS_R027,2026-09-12T08:00:00,R027,48,1.86,25.32,IoT
SENS_R028,2026-09-12T08:00:00,R028,11,1.72,23.59,IoT
SENS_R029,2026-09-12T08:00:00,R029,21,1.39,24.97,IoT
SENS_R030,2026-09-12T08:00:00,R030,19,1.05,22.39,IoT
SENS_R001,2026-09-12T09:00:00,R001,3,1.16,23.63,IoT
SENS_R002,2026-09-12T09:00:00,R002,39,2.06,23.79,IoT
SENS_R003,2026-09-12T09:00:00,R003,20,1.4,22.91,IoT
SENS_R004,2026-09-12T09:00:00,R004,27,1.59,25.45,IoT
SENS_R005,2026-09-12T09:00:00,R005,20,1.52,24.29,IoT
SENS_R006,2026-09-12T09:00:00,R006,8,1.28,23.63,IoT
SENS_R007,2026-09-12T09:00:00,R007,10,2.03,25.74,IoT
SENS_R008,2026-09-12T09:00:00,R008,12,1.28,24.13,IoT
SENS_R009,2026-09-12T09:00:00,R009,6,0.88,24.85,IoT
SENS_R010,2026-09-12T09:00:00,R010,12,1.15,26.12,IoT
SENS_R011,2026-09-12T09:00:00,R011,22,1.52,23.79,IoT
SENS_R012,2026-09-12T09:00:00,R012,0,0.67,24.24,IoT
SENS_R013,2026-09-12T09:00:00,R013,26,1.42,24.69,IoT
SENS_R014,2026-09-12T09:00:00,R014,6,1.36,24.19,IoT
SENS_R015,2026-09-12T09:00:00,R015,2,1.06,24.16,IoT
SENS_R016,2026-09-12T09:00:00,R016,10,0.63,23.03,IoT
SENS_R017,2026-09-12T09:00:00,R017,7,1.43,24.45,IoT
SENS_R018,2026-09-12T09:00:00,R018,10,1.41,23.07,IoT
SENS_R019,2026-09-12T09:00:00,R019,4,1.18,24.2,IoT
SENS_R020,2026-09-12T09:00:00,R020,0,0.93,24.25,IoT
SENS_R021,2026-09-12T09:00:00,R021,12,1.4,23.38,IoT
SENS_R022,2026-09-12T09:00:00,R022,0,0.51,24.4,IoT
SENS_R023,2026-09-12T09:00:00,R023,11,1.88,26.07,IoT
SENS_R024,2026-09-12T09:00:00,R024,19,1.26,23.86,IoT
SENS_R025,2026-09-12T09:00:00,R025,33,2.01,23.87,IoT
SENS_R026,2026-09-12T09:00:00,R026,6,1.35,24.57,IoT
SENS_R027,2026-09-12T09:00:00,R027,0,0.82,23.33,IoT
SENS_R028,2026-09-12T09:00:00,R028,13,2.0,24.67,IoT
SENS_R029,2026-09-12T09:00:00,R029,42,1.95,25.63,IoT
SENS_R030,2026-09-12T09:00:00,R030,21,1.75,26.24,IoT
SENS_R001,2026-09-12T10:00:00,R001,5,0.89,23.79,IoT
SENS_R002,2026-09-12T10:00:00,R002,12,0.94,24.04,IoT
SENS_R003,2026-09-12T10:00:00,R003,11,1.24,24.16,IoT
SENS_R004,2026-09-12T10:00:00,R004,5,1.19,23.71,IoT
SENS_R005,2026-09-12T10:00:00,R005,18,1.61,24.0,IoT
SENS_R006,2026-09-12T10:00:00,R006,7,1.4,24.84,IoT
SENS_R007,2026-09-12T10:00:00,R007,2,0.77,24.64,IoT
SENS_R008,2026-09-12T10:00:00,R008,7,1.14,22.91,IoT
SENS_R009,2026-09-12T10:00:00,R009,6,1.03,23.51,IoT
SENS_R010,2026-09-12T10:00:00,R010,14,1.82,22.68,IoT
SENS_R011,2026-09-12T10:00:00,R011,21,1.64,24.16,IoT
SENS_R012,2026-09-12T10:00:00,R012,16,1.59,23.78,IoT
SENS_R013,2026-09-12T10:00:00,R013,0,0.94,23.9,IoT
SENS_R014,2026-09-12T10:00:00,R014,12,1.6,22.14,IoT
SENS_R015,2026-09-12T10:00:00,R015,12,1.77,24.86,IoT
SENS_R016,2026-09-12T10:00:00,R016,4,0.82,23.83,IoT
SENS_R017,2026-09-12T10:00:00,R017,10,1.35,23.82,IoT
SENS_R018,2026-09-12T10:00:00,R018,11,1.52,23.02,IoT
SENS_R019,2026-09-12T10:00:00,R019,15,1.88,23.91,IoT
SENS_R020,2026-09-12T10:00:00,R020,1,1.09,23.81,IoT
SENS_R021,2026-09-12T10:00:00,R021,0,0.72,22.86,IoT
SENS_R022,2026-09-12T10:00:00,R022,13,1.98,23.64,IoT
SENS_R023,2026-09-12T10:00:00,R023,10,2.03,25.29,IoT
SENS_R024,2026-09-12T10:00:00,R024,9,0.92,21.71,IoT
SENS_R025,2026-09-12T10:00:00,R025,1,1.05,23.48,IoT
SENS_R026,2026-09-12T10:00:00,R026,13,1.55,23.28,IoT
SENS_R027,2026-09-12T10:00:00,R027,15,1.05,22.36,IoT
SENS_R028,2026-09-12T10:00:00,R028,1,0.87,24.25,IoT
SENS_R029,2026-09-12T10:00:00,R029,16,1.17,25.43,IoT
SENS_R030,2026-09-12T10:00:00,R030,7,0.7,23.01,IoT
SENS_R001,2026-09-12T11:00:00,R001,8,1.5,24.67,IoT
SENS_R002,2026-09-12T11:00:00,R002,21,1.44,24.11,IoT
SENS_R003,2026-09-12T11:00:00,R003,3,0.78,23.28,IoT
SENS_R004,2026-09-12T11:00:00,R004,22,1.2,24.42,IoT
SENS_R005,2026-09-12T11:00:00,R005,10,1.31,24.84,IoT
SENS_R006,2026-09-12T11:00:00,R006,14,1.26,23.93,IoT
SENS_R007,2026-09-12T11:00:00,R007,7,1.06,23.51,IoT
SENS_R008,2026-09-12T11:00:00,R008,5,0.83,23.33,IoT
SENS_R009,2026-09-12T11:00:00,R009,13,1.51,24.37,IoT
SENS_R010,2026-09-12T11:00:00,R010,6,1.18,24.02,IoT
SENS_R011,2026-09-12T11:00:00,R011,10,1.06,23.52,IoT
SENS_R012,2026-09-12T11:00:00,R012,11,1.51,23.32,IoT
SENS_R013,2026-09-12T11:00:00,R013,19,1.03,24.06,IoT
SENS_R014,2026-09-12T11:00:00,R014,8,1.24,23.86,IoT
SENS_R015,2026-09-12T11:00:00,R015,2,0.62,21.77,IoT
SENS_R016,2026-09-12T11:00:00,R016,11,1.29,24.67,IoT
SENS_R017,2026-09-12T11:00:00,R017,20,1.83,24.96,IoT
SENS_R018,2026-09-12T11:00:00,R018,18,1.17,24.74,IoT
SENS_R019,2026-09-12T11:00:00,R019,12,1.16,22.55,IoT
SENS_R020,2026-09-12T11:00:00,R020,12,1.9,24.0,IoT
SENS_R021,2026-09-12T11:00:00,R021,8,1.2,22.66,IoT
SENS_R022,2026-09-12T11:00:00,R022,10,1.01,24.01,IoT
SENS_R023,2026-09-12T11:00:00,R023,4,1.24,23.97,IoT
SENS_R024,2026-09-12T11:00:00,R024,24,1.71,25.42,IoT
SENS_R025,2026-09-12T11:00:00,R025,29,1.32,24.06,IoT
SENS_R026,2026-09-12T11:00:00,R026,6,1.13,22.91,IoT
SENS_R027,2026-09-12T11:00:00,R027,47,1.53,24.99,IoT
SENS_R028,2026-09-12T11:00:00,R028,3,1.09,22.76,IoT
SENS_R029,2026-09-12T11:00:00,R029,32,1.9,23.98,IoT
SENS_R030,2026-09-12T11:00:00,R030,13,1.31,24.51,IoT
SENS_R001,2026-09-12T12:00:00,R001,8,1.47,23.22,IoT
SENS_R002,2026-09-12T12:00:00,R002,21,1.69,24.89,IoT
SENS_R003,2026-09-12T12:00:00,R003,4,1.09,23.41,IoT
SENS_R004,2026-09-12T12:00:00,R004,13,1.1,24.66,IoT
SENS_R005,2026-09-12T12:00:00,R005,8,0.81,24.59,IoT
SENS_R006,2026-09-12T12:00:00,R006,1,1.07,24.53,IoT
SENS_R007,2026-09-12T12:00:00,R007,2,0.95,24.41,IoT
SENS_R008,2026-09-12T12:00:00,R008,22,1.54,24.49,IoT
SENS_R009,2026-09-12T12:00:00,R009,10,1.07,24.03,IoT
SENS_R010,2026-09-12T12:00:00,R010,5,0.89,23.75,IoT
SENS_R011,2026-09-12T12:00:00,R011,0,1.05,24.61,IoT
SENS_R012,2026-09-12T12:00:00,R012,17,1.45,23.81,IoT
SENS_R013,2026-09-12T12:00:00,R013,47,1.73,23.42,IoT
SENS_R014,2026-09-12T12:00:00,R014,5,1.11,23.73,IoT
SENS_R015,2026-09-12T12:00:00,R015,13,1.66,22.62,IoT
SENS_R016,2026-09-12T12:00:00,R016,2,0.78,23.89,IoT
SENS_R017,2026-09-12T12:00:00,R017,17,1.39,24.32,IoT
SENS_R018,2026-09-12T12:00:00,R018,10,0.96,23.38,IoT
SENS_R019,2026-09-12T12:00:00,R019,13,1.7,23.93,IoT
SENS_R020,2026-09-12T12:00:00,R020,8,1.07,22.87,IoT
SENS_R021,2026-09-12T12:00:00,R021,14,1.19,24.65,IoT
SENS_R022,2026-09-12T12:00:00,R022,5,1.31,23.79,IoT
SENS_R023,2026-09-12T12:00:00,R023,2,0.89,24.51,IoT
SENS_R024,2026-09-12T12:00:00,R024,12,1.1,23.12,IoT
SENS_R025,2026-09-12T12:00:00,R025,12,1.57,23.62,IoT
SENS_R026,2026-09-12T12:00:00,R026,7,1.09,23.6,IoT
SENS_R027,2026-09-12T12:00:00,R027,16,0.66,23.47,IoT
SENS_R028,2026-09-12T12:00:00,R028,13,1.75,24.32,IoT
SENS_R029,2026-09-12T12:00:00,R029,9,0.81,23.3,IoT
SENS_R030,2026-09-12T12:00:00,R030,19,1.78,25.21,IoT
SENS_R001,2026-09-12T13:00:00,R001,7,1.11,24.8,IoT
SENS_R002,2026-09-12T13:00:00,R002,0,0.95,22.46,IoT
SENS_R003,2026-09-12T13:00:00,R003,24,1.49,23.72,IoT
SENS_R004,2026-09-12T13:00:00,R004,26,2.08,24.24,IoT
SENS_R005,2026-09-12T13:00:00,R005,24,2.05,23.94,IoT
SENS_R006,2026-09-12T13:00:00,R006,10,1.82,26.21,IoT
SENS_R007,2026-09-12T13:00:00,R007,11,1.74,24.89,IoT
SENS_R008,2026-09-12T13:00:00,R008,18,1.35,23.53,IoT
SENS_R009,2026-09-12T13:00:00,R009,6,1.34,23.48,IoT
SENS_R010,2026-09-12T13:00:00,R010,1,0.96,23.87,IoT
SENS_R011,2026-09-12T13:00:00,R011,25,1.34,23.3,IoT
SENS_R012,2026-09-12T13:00:00,R012,8,1.38,24.34,IoT
SENS_R013,2026-09-12T13:00:00,R013,29,1.7,25.64,IoT
SENS_R014,2026-09-12T13:00:00,R014,10,1.48,23.22,IoT
SENS_R015,2026-09-12T13:00:00,R015,3,0.38,23.71,IoT
SENS_R016,2026-09-12T13:00:00,R016,16,1.47,24.78,IoT
SENS_R017,2026-09-12T13:00:00,R017,26,2.1,24.84,IoT
SENS_R018,2026-09-12T13:00:00,R018,8,1.47,23.64,IoT
SENS_R019,2026-09-12T13:00:00,R019,14,1.43,23.91,IoT
SENS_R020,2026-09-12T13:00:00,R020,14,1.46,23.68,IoT
SENS_R021,2026-09-12T13:00:00,R021,10,1.33,24.73,IoT
SENS_R022,2026-09-12T13:00:00,R022,13,1.16,23.55,IoT
SENS_R023,2026-09-12T13:00:00,R023,5,1.25,24.37,IoT
SENS_R024,2026-09-12T13:00:00,R024,0,1.05,23.98,IoT
SENS_R025,2026-09-12T13:00:00,R025,19,1.32,24.89,IoT
SENS_R026,2026-09-12T13:00:00,R026,0,1.11,25.02,IoT
SENS_R027,2026-09-12T13:00:00,R027,27,1.14,23.95,IoT
SENS_R028,2026-09-12T13:00:00,R028,8,1.37,26.21,IoT
SENS_R029,2026-09-12T13:00:00,R029,31,1.96,24.59,IoT
SENS_R030,2026-09-12T13:00:00,R030,13,1.61,25.5,IoT
SENS_R001,2026-09-12T14:00:00,R001,5,1.3,24.96,IoT
SENS_R002,2026-09-12T14:00:00,R002,28,1.96,24.79,IoT
SENS_R003,2026-09-12T14:00:00,R003,19,1.47,24.44,IoT
SENS_R004,2026-09-12T14:00:00,R004,4,1.1,25.26,IoT
SENS_R005,2026-09-12T14:00:00,R005,14,1.3,23.48,IoT
SENS_R006,2026-09-12T14:00:00,R006,0,0.84,22.61,IoT
SENS_R007,2026-09-12T14:00:00,R007,2,1.01,24.02,IoT
SENS_R008,2026-09-12T14:00:00,R008,3,0.38,22.76,IoT
SENS_R009,2026-09-12T14:00:00,R009,12,1.62,24.38,IoT
SENS_R010,2026-09-12T14:00:00,R010,26,1.68,23.3,IoT
SENS_R011,2026-09-12T14:00:00,R011,27,2.1,25.47,IoT
SENS_R012,2026-09-12T14:00:00,R012,0,0.57,25.02,IoT
SENS_R013,2026-09-12T14:00:00,R013,24,1.75,24.51,IoT
SENS_R014,2026-09-12T14:00:00,R014,9,1.23,23.04,IoT
SENS_R015,2026-09-12T14:00:00,R015,8,1.74,24.82,IoT
SENS_R016,2026-09-12T14:00:00,R016,13,1.65,22.94,IoT
SENS_R017,2026-09-12T14:00:00,R017,16,1.7,24.95,IoT
SENS_R018,2026-09-12T14:00:00,R018,1,0.89,26.17,IoT
SENS_R019,2026-09-12T14:00:00,R019,9,0.82,23.57,IoT
SENS_R020,2026-09-12T14:00:00,R020,7,1.39,23.75,IoT
SENS_R021,2026-09-12T14:00:00,R021,7,1.03,24.87,IoT
SENS_R022,2026-09-12T14:00:00,R022,8,1.29,23.99,IoT
SENS_R023,2026-09-12T14:00:00,R023,3,1.03,23.79,IoT
SENS_R024,2026-09-12T14:00:00,R024,20,1.64,24.21,IoT
SENS_R025,2026-09-12T14:00:00,R025,0,0.8,23.89,IoT
SENS_R026,2026-09-12T14:00:00,R026,3,1.41,24.06,IoT
SENS_R027,2026-09-12T14:00:00,R027,11,1.45,22.8,IoT
SENS_R028,2026-09-12T14:00:00,R028,2,0.71,22.83,IoT
SENS_R029,2026-09-12T14:00:00,R029,12,1.16,23.51,IoT
SENS_R030,2026-09-12T14:00:00,R030,13,1.35,23.92,IoT
SENS_R001,2026-09-12T15:00:00,R001,11,1.88,24.1,IoT
SENS_R002,2026-09-12T15:00:00,R002,19,1.52,24.48,IoT
SENS_R003,2026-09-12T15:00:00,R003,20,1.39,23.6,IoT
SENS_R004,2026-09-12T15:00:00,R004,12,1.3,24.42,IoT
SENS_R005,2026-09-12T15:00:00,R005,41,2.32,24.63,IoT
SENS_R006,2026-09-12T15:00:00,R006,7,0.99,24.19,IoT
SENS_R007,2026-09-12T15:00:00,R007,4,1.46,25.88,IoT
SENS_R008,2026-09-12T15:00:00,R008,20,1.62,24.98,IoT
SENS_R009,2026-09-12T15:00:00,R009,9,1.66,25.13,IoT
SENS_R010,2026-09-12T15:00:00,R010,8,1.08,23.85,IoT
SENS_R011,2026-09-12T15:00:00,R011,3,1.3,23.38,IoT
SENS_R012,2026-09-12T15:00:00,R012,13,1.25,24.23,IoT
SENS_R013,2026-09-12T15:00:00,R013,47,1.94,24.88,IoT
SENS_R014,2026-09-12T15:00:00,R014,6,1.07,24.23,IoT
SENS_R015,2026-09-12T15:00:00,R015,0,0.39,23.8,IoT
SENS_R016,2026-09-12T15:00:00,R016,14,1.73,24.65,IoT
SENS_R017,2026-09-12T15:00:00,R017,10,1.07,22.15,IoT
SENS_R018,2026-09-12T15:00:00,R018,8,1.05,23.71,IoT
SENS_R019,2026-09-12T15:00:00,R019,20,2.24,24.9,IoT
SENS_R020,2026-09-12T15:00:00,R020,0,0.37,23.11,IoT
SENS_R021,2026-09-12T15:00:00,R021,1,0.7,24.29,IoT
SENS_R022,2026-09-12T15:00:00,R022,23,2.14,24.72,IoT
SENS_R023,2026-09-12T15:00:00,R023,3,0.82,23.41,IoT
SENS_R024,2026-09-12T15:00:00,R024,0,1.2,24.49,IoT
SENS_R025,2026-09-12T15:00:00,R025,17,0.98,24.21,IoT
SENS_R026,2026-09-12T15:00:00,R026,2,1.3,24.09,IoT
SENS_R027,2026-09-12T15:00:00,R027,28,1.72,24.51,IoT
SENS_R028,2026-09-12T15:00:00,R028,5,1.13,24.12,IoT
SENS_R029,2026-09-12T15:00:00,R029,30,1.52,24.92,IoT
SENS_R030,2026-09-12T15:00:00,R030,25,2.36,25.76,IoT
SENS_R001,2026-09-12T16:00:00,R001,5,0.92,24.04,IoT
SENS_R002,2026-09-12T16:00:00,R002,9,1.19,23.77,IoT
SENS_R003,2026-09-12T16:00:00,R003,21,1.89,24.76,IoT
SENS_R004,2026-09-12T16:00:00,R004,17,1.4,24.24,IoT
SENS_R005,2026-09-12T16:00:00,R005,7,1.05,23.55,IoT
SENS_R006,2026-09-12T16:00:00,R006,5,1.67,24.63,IoT
SENS_R007,2026-09-12T16:00:00,R007,5,1.14,23.85,IoT
SENS_R008,2026-09-12T16:00:00,R008,13,1.31,24.1,IoT
SENS_R009,2026-09-12T16:00:00,R009,6,1.08,24.03,IoT
SENS_R010,2026-09-12T16:00:00,R010,11,1.04,22.68,IoT
SENS_R011,2026-09-12T16:00:00,R011,32,1.82,24.51,IoT
SENS_R012,2026-09-12T16:00:00,R012,6,1.3,24.28,IoT
SENS_R013,2026-09-12T16:00:00,R013,33,2.03,24.03,IoT
SENS_R014,2026-09-12T16:00:00,R014,8,1.63,23.77,IoT
SENS_R015,2026-09-12T16:00:00,R015,12,1.78,24.17,IoT
SENS_R016,2026-09-12T16:00:00,R016,20,1.72,23.78,IoT
SENS_R017,2026-09-12T16:00:00,R017,4,0.97,22.69,IoT
SENS_R018,2026-09-12T16:00:00,R018,11,1.07,25.02,IoT
SENS_R019,2026-09-12T16:00:00,R019,11,1.0,23.49,IoT
SENS_R020,2026-09-12T16:00:00,R020,6,1.27,24.17,IoT
SENS_R021,2026-09-12T16:00:00,R021,17,1.84,24.27,IoT
SENS_R022,2026-09-12T16:00:00,R022,13,1.36,23.19,IoT
SENS_R023,2026-09-12T16:00:00,R023,11,1.51,24.39,IoT
SENS_R024,2026-09-12T16:00:00,R024,0,0.88,23.38,IoT
SENS_R025,2026-09-12T16:00:00,R025,15,1.23,23.62,IoT
SENS_R026,2026-09-12T16:00:00,R026,7,1.35,24.37,IoT
SENS_R027,2026-09-12T16:00:00,R027,23,1.05,25.46,IoT
SENS_R028,2026-09-12T16:00:00,R028,7,1.69,23.92,IoT
SENS_R029,2026-09-12T16:00:00,R029,11,1.33,23.28,IoT
SENS_R030,2026-09-12T16:00:00,R030,14,1.41,26.45,IoT
SENS_R001,2026-09-12T17:00:00,R001,4,1.05,24.73,IoT
SENS_R002,2026-09-12T17:00:00,R002,6,0.84,23.78,IoT
SENS_R003,2026-09-12T17:00:00,R003,42,2.01,24.33,IoT
SENS_R004,2026-09-12T17:00:00,R004,18,1.19,23.08,IoT
SENS_R005,2026-09-12T17:00:00,R005,6,0.97,24.8,IoT
SENS_R006,2026-09-12T17:00:00,R006,5,1.19,25.2,IoT
SENS_R007,2026-09-12T17:00:00,R007,5,1.86,24.22,IoT
SENS_R008,2026-09-12T17:00:00,R008,12,1.34,23.71,IoT
SENS_R009,2026-09-12T17:00:00,R009,12,1.35,24.85,IoT
SENS_R010,2026-09-12T17:00:00,R010,14,1.89,24.64,IoT
SENS_R011,2026-09-12T17:00:00,R011,16,1.63,23.62,IoT
SENS_R012,2026-09-12T17:00:00,R012,6,0.85,24.17,IoT
SENS_R013,2026-09-12T17:00:00,R013,24,1.43,23.49,IoT
SENS_R014,2026-09-12T17:00:00,R014,5,0.96,23.64,IoT
SENS_R015,2026-09-12T17:00:00,R015,8,1.5,25.22,IoT
SENS_R016,2026-09-12T17:00:00,R016,4,1.0,22.38,IoT
SENS_R017,2026-09-12T17:00:00,R017,13,1.37,23.04,IoT
SENS_R018,2026-09-12T17:00:00,R018,25,1.33,23.68,IoT
SENS_R019,2026-09-12T17:00:00,R019,3,0.99,23.34,IoT
SENS_R020,2026-09-12T17:00:00,R020,3,1.47,23.91,IoT
SENS_R021,2026-09-12T17:00:00,R021,12,1.73,23.05,IoT
SENS_R022,2026-09-12T17:00:00,R022,31,2.29,24.63,IoT
SENS_R023,2026-09-12T17:00:00,R023,1,0.72,23.85,IoT
SENS_R024,2026-09-12T17:00:00,R024,23,2.23,25.6,IoT
SENS_R025,2026-09-12T17:00:00,R025,0,0.53,24.29,IoT
SENS_R026,2026-09-12T17:00:00,R026,1,0.78,22.94,IoT
SENS_R027,2026-09-12T17:00:00,R027,28,1.23,24.39,IoT
SENS_R028,2026-09-12T17:00:00,R028,7,1.03,23.68,IoT
SENS_R029,2026-09-12T17:00:00,R029,30,1.59,25.11,IoT
SENS_R030,2026-09-12T17:00:00,R030,3,0.91,24.48,IoT
SENS_R001,2026-09-12T18:00:00,R001,5,1.21,22.31,IoT
SENS_R002,2026-09-12T18:00:00,R002,39,2.08,26.21,IoT
SENS_R003,2026-09-12T18:00:00,R003,40,2.07,24.85,IoT
SENS_R004,2026-09-12T18:00:00,R004,19,1.62,23.89,IoT
SENS_R005,2026-09-12T18:00:00,R005,29,1.64,25.31,IoT
SENS_R006,2026-09-12T18:00:00,R006,4,1.22,22.93,IoT
SENS_R007,2026-09-12T18:00:00,R007,4,1.0,25.3,IoT
SENS_R008,2026-09-12T18:00:00,R008,12,1.01,24.46,IoT
SENS_R009,2026-09-12T18:00:00,R009,15,1.99,25.1,IoT
SENS_R010,2026-09-12T18:00:00,R010,0,0.97,23.43,IoT
SENS_R011,2026-09-12T18:00:00,R011,6,0.6,22.38,IoT
SENS_R012,2026-09-12T18:00:00,R012,21,1.64,25.34,IoT
SENS_R013,2026-09-12T18:00:00,R013,56,2.26,24.78,IoT
SENS_R014,2026-09-12T18:00:00,R014,8,1.41,24.66,IoT
SENS_R015,2026-09-12T18:00:00,R015,12,1.47,23.06,IoT
SENS_R016,2026-09-12T18:00:00,R016,8,0.87,22.54,IoT
SENS_R017,2026-09-12T18:00:00,R017,1,0.9,23.49,IoT
SENS_R018,2026-09-12T18:00:00,R018,16,1.54,24.75,IoT
SENS_R019,2026-09-12T18:00:00,R019,19,2.02,25.06,IoT
SENS_R020,2026-09-12T18:00:00,R020,13,1.24,24.12,IoT
SENS_R021,2026-09-12T18:00:00,R021,14,1.56,24.1,IoT
SENS_R022,2026-09-12T18:00:00,R022,22,2.02,23.67,IoT
SENS_R023,2026-09-12T18:00:00,R023,0,0.75,20.82,IoT
SENS_R024,2026-09-12T18:00:00,R024,0,0.66,23.52,IoT
SENS_R025,2026-09-12T18:00:00,R025,6,0.79,25.5,IoT
SENS_R026,2026-09-12T18:00:00,R026,10,1.13,23.64,IoT
SENS_R027,2026-09-12T18:00:00,R027,23,1.54,23.98,IoT
SENS_R028,2026-09-12T18:00:00,R028,7,1.64,24.22,IoT
SENS_R029,2026-09-12T18:00:00,R029,26,1.38,24.01,IoT
SENS_R030,2026-09-12T18:00:00,R030,9,1.18,23.15,IoT
SENS_R001,2026-09-12T19:00:00,R001,3,0.7,24.67,IoT
SENS_R002,2026-09-12T19:00:00,R002,21,1.43,25.01,IoT
SENS_R003,2026-09-12T19:00:00,R003,25,1.89,25.39,IoT
SENS_R004,2026-09-12T19:00:00,R004,22,1.66,23.4,IoT
SENS_R005,2026-09-12T19:00:00,R005,27,2.08,24.35,IoT
SENS_R006,2026-09-12T19:00:00,R006,11,1.67,24.35,IoT
SENS_R007,2026-09-12T19:00:00,R007,10,1.46,24.45,IoT
SENS_R008,2026-09-12T19:00:00,R008,5,1.09,24.17,IoT
SENS_R009,2026-09-12T19:00:00,R009,3,0.95,23.24,IoT
SENS_R010,2026-09-12T19:00:00,R010,13,1.64,24.32,IoT
SENS_R011,2026-09-12T19:00:00,R011,2,1.11,23.4,IoT
SENS_R012,2026-09-12T19:00:00,R012,0,0.92,22.81,IoT
SENS_R013,2026-09-12T19:00:00,R013,37,1.95,24.33,IoT
SENS_R014,2026-09-12T19:00:00,R014,0,1.18,25.3,IoT
SENS_R015,2026-09-12T19:00:00,R015,0,0.72,23.78,IoT
SENS_R016,2026-09-12T19:00:00,R016,15,1.3,23.59,IoT
SENS_R017,2026-09-12T19:00:00,R017,8,1.4,23.22,IoT
SENS_R018,2026-09-12T19:00:00,R018,8,0.74,22.6,IoT
SENS_R019,2026-09-12T19:00:00,R019,14,1.01,24.29,IoT
SENS_R020,2026-09-12T19:00:00,R020,9,1.65,23.84,IoT
SENS_R021,2026-09-12T19:00:00,R021,1,0.81,24.27,IoT
SENS_R022,2026-09-12T19:00:00,R022,14,1.78,24.5,IoT
SENS_R023,2026-09-12T19:00:00,R023,3,1.25,25.09,IoT
SENS_R024,2026-09-12T19:00:00,R024,22,1.55,24.83,IoT
SENS_R025,2026-09-12T19:00:00,R025,10,0.89,24.42,IoT
SENS_R026,2026-09-12T19:00:00,R026,12,1.49,25.16,IoT
SENS_R027,2026-09-12T19:00:00,R027,10,0.93,25.9,IoT
SENS_R028,2026-09-12T19:00:00,R028,8,1.3,23.52,IoT
SENS_R029,2026-09-12T19:00:00,R029,32,1.12,23.98,IoT
SENS_R030,2026-09-12T19:00:00,R030,11,1.23,23.88,IoT
SENS_R001,2026-09-12T20:00:00,R001,2,0.7,23.68,IoT
SENS_R002,2026-09-12T20:00:00,R002,16,0.96,22.56,IoT
SENS_R003,2026-09-12T20:00:00,R003,21,1.37,24.15,IoT
SENS_R004,2026-09-12T20:00:00,R004,11,1.13,23.74,IoT
SENS_R005,2026-09-12T20:00:00,R005,29,1.5,23.41,IoT
SENS_R006,2026-09-12T20:00:00,R006,5,0.98,25.04,IoT
SENS_R007,2026-09-12T20:00:00,R007,7,1.42,24.4,IoT
SENS_R008,2026-09-12T20:00:00,R008,16,1.62,24.15,IoT
SENS_R009,2026-09-12T20:00:00,R009,0,0.96,24.33,IoT
SENS_R010,2026-09-12T20:00:00,R010,4,0.7,24.17,IoT
SENS_R011,2026-09-12T20:00:00,R011,21,1.43,22.61,IoT
SENS_R012,2026-09-12T20:00:00,R012,3,0.7,24.5,IoT
SENS_R013,2026-09-12T20:00:00,R013,12,0.65,24.61,IoT
SENS_R014,2026-09-12T20:00:00,R014,13,1.84,24.71,IoT
SENS_R015,2026-09-12T20:00:00,R015,0,0.67,23.53,IoT
SENS_R016,2026-09-12T20:00:00,R016,7,1.25,24.52,IoT
SENS_R017,2026-09-12T20:00:00,R017,13,1.71,23.87,IoT
SENS_R018,2026-09-12T20:00:00,R018,0,0.94,24.22,IoT
SENS_R019,2026-09-12T20:00:00,R019,10,1.51,24.48,IoT
SENS_R020,2026-09-12T20:00:00,R020,14,1.47,23.65,IoT
SENS_R021,2026-09-12T20:00:00,R021,10,1.07,25.09,IoT
SENS_R022,2026-09-12T20:00:00,R022,17,1.38,24.27,IoT
SENS_R023,2026-09-12T20:00:00,R023,6,1.27,23.9,IoT
SENS_R024,2026-09-12T20:00:00,R024,13,1.89,23.4,IoT
SENS_R025,2026-09-12T20:00:00,R025,21,1.44,23.45,IoT
SENS_R026,2026-09-12T20:00:00,R026,5,0.66,23.67,IoT
SENS_R027,2026-09-12T20:00:00,R027,8,0.99,22.5,IoT
SENS_R028,2026-09-12T20:00:00,R028,3,1.01,23.09,IoT
SENS_R029,2026-09-12T20:00:00,R029,24,1.91,23.87,IoT
SENS_R030,2026-09-12T20:00:00,R030,6,1.19,23.22,IoT
SENS_R001,2026-09-12T21:00:00,R001,9,1.63,24.09,IoT
SENS_R002,2026-09-12T21:00:00,R002,19,1.5,22.91,IoT
SENS_R003,2026-09-12T21:00:00,R003,25,1.73,23.53,IoT
SENS_R004,2026-09-12T21:00:00,R004,28,1.87,25.07,IoT
SENS_R005,2026-09-12T21:00:00,R005,15,1.48,23.49,IoT
SENS_R006,2026-09-12T21:00:00,R006,13,1.8,25.52,IoT
SENS_R007,2026-09-12T21:00:00,R007,6,1.18,22.99,IoT
SENS_R008,2026-09-12T21:00:00,R008,22,1.47,23.88,IoT
SENS_R009,2026-09-12T21:00:00,R009,23,2.03,24.0,IoT
SENS_R010,2026-09-12T21:00:00,R010,0,1.12,23.9,IoT
SENS_R011,2026-09-12T21:00:00,R011,30,1.63,25.36,IoT
SENS_R012,2026-09-12T21:00:00,R012,23,1.75,25.21,IoT
SENS_R013,2026-09-12T21:00:00,R013,23,1.12,24.03,IoT
SENS_R014,2026-09-12T21:00:00,R014,17,1.9,24.44,IoT
SENS_R015,2026-09-12T21:00:00,R015,4,1.0,22.82,IoT
SENS_R016,2026-09-12T21:00:00,R016,8,1.09,23.18,IoT
SENS_R017,2026-09-12T21:00:00,R017,5,0.86,24.03,IoT
SENS_R018,2026-09-12T21:00:00,R018,22,1.57,24.09,IoT
SENS_R019,2026-09-12T21:00:00,R019,0,0.77,23.75,IoT
SENS_R020,2026-09-12T21:00:00,R020,14,1.76,26.0,IoT
SENS_R021,2026-09-12T21:00:00,R021,3,0.66,23.37,IoT
SENS_R022,2026-09-12T21:00:00,R022,7,0.86,23.99,IoT
SENS_R023,2026-09-12T21:00:00,R023,8,2.19,23.19,IoT
SENS_R024,2026-09-12T21:00:00,R024,14,1.57,24.78,IoT
SENS_R025,2026-09-12T21:00:00,R025,7,0.91,24.96,IoT
SENS_R026,2026-09-12T21:00:00,R026,19,1.68,24.52,IoT
SENS_R027,2026-09-12T21:00:00,R027,25,1.56,24.43,IoT
SENS_R028,2026-09-12T21:00:00,R028,3,0.98,22.58,IoT
SENS_R029,2026-09-12T21:00:00,R029,0,0.88,23.09,IoT
SENS_R030,2026-09-12T21:00:00,R030,0,0.69,23.06,IoT
SENS_R001,2026-09-13T06:00:00,R001,9,1.64,24.11,IoT
SENS_R002,2026-09-13T06:00:00,R002,13,1.52,24.32,IoT
SENS_R003,2026-09-13T06:00:00,R003,14,1.3,25.77,IoT
SENS_R004,2026-09-13T06:00:00,R004,12,1.18,22.74,IoT
SENS_R005,2026-09-13T06:00:00,R005,4,0.44,22.46,IoT
SENS_R006,2026-09-13T06:00:00,R006,5,1.72,24.1,IoT
SENS_R007,2026-09-13T06:00:00,R007,5,0.97,24.01,IoT
SENS_R008,2026-09-13T06:00:00,R008,16,0.99,24.48,IoT
SENS_R009,2026-09-13T06:00:00,R009,10,1.3,24.73,IoT
SENS_R010,2026-09-13T06:00:00,R010,10,1.43,23.78,IoT
SENS_R011,2026-09-13T06:00:00,R011,26,1.37,24.07,IoT
SENS_R012,2026-09-13T06:00:00,R012,22,1.71,23.86,IoT
SENS_R013,2026-09-13T06:00:00,R013,34,1.57,23.88,IoT
SENS_R014,2026-09-13T06:00:00,R014,4,0.96,24.13,IoT
SENS_R015,2026-09-13T06:00:00,R015,8,1.63,25.73,IoT
SENS_R016,2026-09-13T06:00:00,R016,8,1.13,23.48,IoT
SENS_R017,2026-09-13T06:00:00,R017,8,1.43,25.94,IoT
SENS_R018,2026-09-13T06:00:00,R018,0,0.53,24.42,IoT
SENS_R019,2026-09-13T06:00:00,R019,5,1.35,23.92,IoT
SENS_R020,2026-09-13T06:00:00,R020,0,0.86,22.82,IoT
SENS_R021,2026-09-13T06:00:00,R021,8,1.2,24.81,IoT
SENS_R022,2026-09-13T06:00:00,R022,14,1.28,24.39,IoT
SENS_R023,2026-09-13T06:00:00,R023,7,1.69,25.05,IoT
SENS_R024,2026-09-13T06:00:00,R024,1,0.95,23.15,IoT
SENS_R025,2026-09-13T06:00:00,R025,16,1.16,24.08,IoT
SENS_R026,2026-09-13T06:00:00,R026,16,2.55,24.77,IoT
SENS_R027,2026-09-13T06:00:00,R027,40,1.76,26.8,IoT
SENS_R028,2026-09-13T06:00:00,R028,6,0.73,24.06,IoT
SENS_R029,2026-09-13T06:00:00,R029,36,1.56,24.32,IoT
SENS_R030,2026-09-13T06:00:00,R030,15,1.76,24.75,IoT
SENS_R001,2026-09-13T07:00:00,R001,9,1.79,24.07,IoT
SENS_R002,2026-09-13T07:00:00,R002,19,1.58,25.36,IoT
SENS_R003,2026-09-13T07:00:00,R003,36,1.63,25.16,IoT
SENS_R004,2026-09-13T07:00:00,R004,0,0.82,23.19,IoT
SENS_R005,2026-09-13T07:00:00,R005,12,0.92,23.51,IoT
SENS_R006,2026-09-13T07:00:00,R006,11,1.49,23.99,IoT
SENS_R007,2026-09-13T07:00:00,R007,8,1.66,23.38,IoT
SENS_R008,2026-09-13T07:00:00,R008,35,2.14,24.05,IoT
SENS_R009,2026-09-13T07:00:00,R009,9,1.23,23.33,IoT
SENS_R010,2026-09-13T07:00:00,R010,10,1.3,22.8,IoT
SENS_R011,2026-09-13T07:00:00,R011,20,1.63,23.62,IoT
SENS_R012,2026-09-13T07:00:00,R012,15,1.72,24.37,IoT
SENS_R013,2026-09-13T07:00:00,R013,41,2.04,25.81,IoT
SENS_R014,2026-09-13T07:00:00,R014,9,1.4,26.22,IoT
SENS_R015,2026-09-13T07:00:00,R015,7,1.9,22.94,IoT
SENS_R016,2026-09-13T07:00:00,R016,18,1.57,23.48,IoT
SENS_R017,2026-09-13T07:00:00,R017,9,1.11,24.71,IoT
SENS_R018,2026-09-13T07:00:00,R018,0,1.1,24.33,IoT
SENS_R019,2026-09-13T07:00:00,R019,15,1.36,23.66,IoT
SENS_R020,2026-09-13T07:00:00,R020,0,0.97,23.36,IoT
SENS_R021,2026-09-13T07:00:00,R021,5,1.61,24.79,IoT
SENS_R022,2026-09-13T07:00:00,R022,6,1.14,24.83,IoT
SENS_R023,2026-09-13T07:00:00,R023,6,1.84,23.97,IoT
SENS_R024,2026-09-13T07:00:00,R024,13,1.77,23.74,IoT
SENS_R025,2026-09-13T07:00:00,R025,10,0.96,22.66,IoT
SENS_R026,2026-09-13T07:00:00,R026,4,1.13,23.78,IoT
SENS_R027,2026-09-13T07:00:00,R027,39,1.73,25.63,IoT
SENS_R028,2026-09-13T07:00:00,R028,5,1.09,23.54,IoT
SENS_R029,2026-09-13T07:00:00,R029,0,0.78,23.52,IoT
SENS_R030,2026-09-13T07:00:00,R030,13,1.04,22.86,IoT
SENS_R001,2026-09-13T08:00:00,R001,14,1.88,24.92,IoT
SENS_R002,2026-09-13T08:00:00,R002,20,1.54,23.46,IoT
SENS_R003,2026-09-13T08:00:00,R003,9,1.19,24.81,IoT
SENS_R004,2026-09-13T08:00:00,R004,11,1.54,23.08,IoT
SENS_R005,2026-09-13T08:00:00,R005,18,1.44,23.22,IoT
SENS_R006,2026-09-13T08:00:00,R006,12,1.58,24.56,IoT
SENS_R007,2026-09-13T08:00:00,R007,3,1.58,24.83,IoT
SENS_R008,2026-09-13T08:00:00,R008,0,0.89,23.59,IoT
SENS_R009,2026-09-13T08:00:00,R009,3,0.6,23.72,IoT
SENS_R010,2026-09-13T08:00:00,R010,16,1.38,24.52,IoT
SENS_R011,2026-09-13T08:00:00,R011,33,1.33,25.26,IoT
SENS_R012,2026-09-13T08:00:00,R012,12,1.65,24.19,IoT
SENS_R013,2026-09-13T08:00:00,R013,28,1.45,23.37,IoT
SENS_R014,2026-09-13T08:00:00,R014,1,1.19,24.04,IoT
SENS_R015,2026-09-13T08:00:00,R015,9,1.78,24.99,IoT
SENS_R016,2026-09-13T08:00:00,R016,19,1.78,24.66,IoT
SENS_R017,2026-09-13T08:00:00,R017,13,1.61,24.24,IoT
SENS_R018,2026-09-13T08:00:00,R018,0,0.73,23.81,IoT
SENS_R019,2026-09-13T08:00:00,R019,9,1.05,24.34,IoT
SENS_R020,2026-09-13T08:00:00,R020,10,1.51,24.43,IoT
SENS_R021,2026-09-13T08:00:00,R021,18,1.93,24.04,IoT
SENS_R022,2026-09-13T08:00:00,R022,18,1.52,25.63,IoT
SENS_R023,2026-09-13T08:00:00,R023,7,1.19,24.55,IoT
SENS_R024,2026-09-13T08:00:00,R024,4,0.58,23.62,IoT
SENS_R025,2026-09-13T08:00:00,R025,25,1.33,23.56,IoT
SENS_R026,2026-09-13T08:00:00,R026,4,0.56,22.65,IoT
SENS_R027,2026-09-13T08:00:00,R027,0,0.98,24.74,IoT
SENS_R028,2026-09-13T08:00:00,R028,1,0.96,24.77,IoT
SENS_R029,2026-09-13T08:00:00,R029,14,1.3,25.28,IoT
SENS_R030,2026-09-13T08:00:00,R030,13,1.34,23.24,IoT
SENS_R001,2026-09-13T09:00:00,R001,6,1.45,24.17,IoT
SENS_R002,2026-09-13T09:00:00,R002,19,0.89,24.71,IoT
SENS_R003,2026-09-13T09:00:00,R003,19,1.55,24.75,IoT
SENS_R004,2026-09-13T09:00:00,R004,30,1.85,24.13,IoT
SENS_R005,2026-09-13T09:00:00,R005,14,1.41,23.67,IoT
SENS_R006,2026-09-13T09:00:00,R006,12,1.36,22.85,IoT
SENS_R007,2026-09-13T09:00:00,R007,4,0.89,24.92,IoT
SENS_R008,2026-09-13T09:00:00,R008,11,1.22,23.5,IoT
SENS_R009,2026-09-13T09:00:00,R009,0,0.9,24.49,IoT
SENS_R010,2026-09-13T09:00:00,R010,1,0.83,22.74,IoT
SENS_R011,2026-09-13T09:00:00,R011,0,0.65,23.07,IoT
SENS_R012,2026-09-13T09:00:00,R012,14,0.97,23.59,IoT
SENS_R013,2026-09-13T09:00:00,R013,22,1.3,24.14,IoT
SENS_R014,2026-09-13T09:00:00,R014,10,1.98,24.93,IoT
SENS_R015,2026-09-13T09:00:00,R015,1,0.94,24.29,IoT
SENS_R016,2026-09-13T09:00:00,R016,11,1.3,23.55,IoT
SENS_R017,2026-09-13T09:00:00,R017,15,2.04,22.86,IoT
SENS_R018,2026-09-13T09:00:00,R018,8,1.12,23.49,IoT
SENS_R019,2026-09-13T09:00:00,R019,17,1.76,22.92,IoT
SENS_R020,2026-09-13T09:00:00,R020,0,0.44,22.92,IoT
SENS_R021,2026-09-13T09:00:00,R021,13,1.91,24.2,IoT
SENS_R022,2026-09-13T09:00:00,R022,23,1.85,23.7,IoT
SENS_R023,2026-09-13T09:00:00,R023,10,1.58,23.25,IoT
SENS_R024,2026-09-13T09:00:00,R024,0,1.45,23.96,IoT
SENS_R025,2026-09-13T09:00:00,R025,16,1.11,23.68,IoT
SENS_R026,2026-09-13T09:00:00,R026,11,1.52,23.97,IoT
SENS_R027,2026-09-13T09:00:00,R027,5,0.83,23.27,IoT
SENS_R028,2026-09-13T09:00:00,R028,15,1.41,24.42,IoT
SENS_R029,2026-09-13T09:00:00,R029,15,1.48,23.76,IoT
SENS_R030,2026-09-13T09:00:00,R030,6,0.87,24.19,IoT
SENS_R001,2026-09-13T10:00:00,R001,7,1.2,23.35,IoT
SENS_R002,2026-09-13T10:00:00,R002,9,0.98,23.4,IoT
SENS_R003,2026-09-13T10:00:00,R003,27,1.45,25.01,IoT
SENS_R004,2026-09-13T10:00:00,R004,7,1.29,26.09,IoT
SENS_R005,2026-09-13T10:00:00,R005,24,1.79,24.58,IoT
SENS_R006,2026-09-13T10:00:00,R006,17,1.85,26.97,IoT
SENS_R007,2026-09-13T10:00:00,R007,4,0.97,23.81,IoT
SENS_R008,2026-09-13T10:00:00,R008,2,1.0,25.05,IoT
SENS_R009,2026-09-13T10:00:00,R009,9,1.43,24.65,IoT
SENS_R010,2026-09-13T10:00:00,R010,0,0.95,23.04,IoT
SENS_R011,2026-09-13T10:00:00,R011,19,1.06,24.62,IoT
SENS_R012,2026-09-13T10:00:00,R012,18,1.34,25.3,IoT
SENS_R013,2026-09-13T10:00:00,R013,50,1.96,24.3,IoT
SENS_R014,2026-09-13T10:00:00,R014,7,1.2,24.04,IoT
SENS_R015,2026-09-13T10:00:00,R015,7,1.76,25.53,IoT
SENS_R016,2026-09-13T10:00:00,R016,0,1.08,25.13,IoT
SENS_R017,2026-09-13T10:00:00,R017,12,1.5,23.16,IoT
SENS_R018,2026-09-13T10:00:00,R018,15,1.54,25.31,IoT
SENS_R019,2026-09-13T10:00:00,R019,20,1.82,25.4,IoT
SENS_R020,2026-09-13T10:00:00,R020,1,1.25,24.03,IoT
SENS_R021,2026-09-13T10:00:00,R021,5,1.0,24.68,IoT
SENS_R022,2026-09-13T10:00:00,R022,2,0.89,24.06,IoT
SENS_R023,2026-09-13T10:00:00,R023,0,1.22,24.78,IoT
SENS_R024,2026-09-13T10:00:00,R024,3,1.02,23.45,IoT
SENS_R025,2026-09-13T10:00:00,R025,12,1.22,24.35,IoT
SENS_R026,2026-09-13T10:00:00,R026,13,1.71,23.98,IoT
SENS_R027,2026-09-13T10:00:00,R027,18,1.13,24.46,IoT
SENS_R028,2026-09-13T10:00:00,R028,9,1.4,23.97,IoT
SENS_R029,2026-09-13T10:00:00,R029,21,1.43,24.64,IoT
SENS_R030,2026-09-13T10:00:00,R030,0,0.62,23.17,IoT
SENS_R001,2026-09-13T11:00:00,R001,12,1.84,23.86,IoT
SENS_R002,2026-09-13T11:00:00,R002,16,0.81,24.04,IoT
SENS_R003,2026-09-13T11:00:00,R003,25,1.59,24.03,IoT
SENS_R004,2026-09-13T11:00:00,R004,10,1.42,23.65,IoT
SENS_R005,2026-09-13T11:00:00,R005,21,1.5,24.1,IoT
SENS_R006,2026-09-13T11:00:00,R006,10,1.55,24.1,IoT
SENS_R007,2026-09-13T11:00:00,R007,6,1.55,23.24,IoT
SENS_R008,2026-09-13T11:00:00,R008,13,1.18,22.64,IoT
SENS_R009,2026-09-13T11:00:00,R009,17,1.9,24.94,IoT
SENS_R010,2026-09-13T11:00:00,R010,12,1.83,24.23,IoT
SENS_R011,2026-09-13T11:00:00,R011,10,1.46,23.75,IoT
SENS_R012,2026-09-13T11:00:00,R012,0,1.0,22.1,IoT
SENS_R013,2026-09-13T11:00:00,R013,2,0.82,24.11,IoT
SENS_R014,2026-09-13T11:00:00,R014,6,1.12,24.09,IoT
SENS_R015,2026-09-13T11:00:00,R015,9,1.47,23.45,IoT
SENS_R016,2026-09-13T11:00:00,R016,22,1.69,24.36,IoT
SENS_R017,2026-09-13T11:00:00,R017,4,1.24,24.89,IoT
SENS_R018,2026-09-13T11:00:00,R018,0,0.91,23.28,IoT
SENS_R019,2026-09-13T11:00:00,R019,9,1.38,25.95,IoT
SENS_R020,2026-09-13T11:00:00,R020,4,1.07,23.91,IoT
SENS_R021,2026-09-13T11:00:00,R021,15,1.36,23.55,IoT
SENS_R022,2026-09-13T11:00:00,R022,9,1.52,24.1,IoT
SENS_R023,2026-09-13T11:00:00,R023,10,1.76,25.23,IoT
SENS_R024,2026-09-13T11:00:00,R024,2,0.9,24.29,IoT
SENS_R025,2026-09-13T11:00:00,R025,36,1.66,25.03,IoT
SENS_R026,2026-09-13T11:00:00,R026,8,1.64,24.98,IoT
SENS_R027,2026-09-13T11:00:00,R027,3,0.46,24.25,IoT
SENS_R028,2026-09-13T11:00:00,R028,13,1.6,25.83,IoT
SENS_R029,2026-09-13T11:00:00,R029,31,1.28,24.52,IoT
SENS_R030,2026-09-13T11:00:00,R030,15,1.24,24.55,IoT
SENS_R001,2026-09-13T12:00:00,R001,0,0.97,24.06,IoT
SENS_R002,2026-09-13T12:00:00,R002,35,1.47,23.47,IoT
SENS_R003,2026-09-13T12:00:00,R003,21,1.94,24.42,IoT
SENS_R004,2026-09-13T12:00:00,R004,34,1.34,24.14,IoT
SENS_R005,2026-09-13T12:00:00,R005,29,2.04,24.86,IoT
SENS_R006,2026-09-13T12:00:00,R006,18,1.94,24.73,IoT
SENS_R007,2026-09-13T12:00:00,R007,11,1.42,26.11,IoT
SENS_R008,2026-09-13T12:00:00,R008,18,1.3,23.77,IoT
SENS_R009,2026-09-13T12:00:00,R009,22,1.89,24.85,IoT
SENS_R010,2026-09-13T12:00:00,R010,18,1.79,22.76,IoT
SENS_R011,2026-09-13T12:00:00,R011,6,0.73,23.21,IoT
SENS_R012,2026-09-13T12:00:00,R012,6,1.32,22.93,IoT
SENS_R013,2026-09-13T12:00:00,R013,23,1.51,23.25,IoT
SENS_R014,2026-09-13T12:00:00,R014,7,1.28,23.79,IoT
SENS_R015,2026-09-13T12:00:00,R015,0,0.73,23.45,IoT
SENS_R016,2026-09-13T12:00:00,R016,7,1.27,24.14,IoT
SENS_R017,2026-09-13T12:00:00,R017,6,0.99,24.51,IoT
SENS_R018,2026-09-13T12:00:00,R018,29,1.73,23.29,IoT
SENS_R019,2026-09-13T12:00:00,R019,22,1.8,25.95,IoT
SENS_R020,2026-09-13T12:00:00,R020,16,1.77,25.45,IoT
SENS_R021,2026-09-13T12:00:00,R021,22,1.71,24.15,IoT
SENS_R022,2026-09-13T12:00:00,R022,5,0.85,23.36,IoT
SENS_R023,2026-09-13T12:00:00,R023,1,0.58,23.48,IoT
SENS_R024,2026-09-13T12:00:00,R024,2,0.91,23.85,IoT
SENS_R025,2026-09-13T12:00:00,R025,10,1.38,23.69,IoT
SENS_R026,2026-09-13T12:00:00,R026,3,1.05,23.36,IoT
SENS_R027,2026-09-13T12:00:00,R027,27,1.95,25.82,IoT
SENS_R028,2026-09-13T12:00:00,R028,10,1.91,24.88,IoT
SENS_R029,2026-09-13T12:00:00,R029,35,1.64,24.21,IoT
SENS_R030,2026-09-13T12:00:00,R030,6,0.96,23.21,IoT
SENS_R001,2026-09-13T13:00:00,R001,2,0.87,24.5,IoT
SENS_R002,2026-09-13T13:00:00,R002,16,1.3,23.84,IoT
SENS_R003,2026-09-13T13:00:00,R003,22,1.45,23.72,IoT
SENS_R004,2026-09-13T13:00:00,R004,25,1.58,23.1,IoT
SENS_R005,2026-09-13T13:00:00,R005,20,1.3,24.58,IoT
SENS_R006,2026-09-13T13:00:00,R006,14,1.67,24.65,IoT
SENS_R007,2026-09-13T13:00:00,R007,8,1.31,23.72,IoT
SENS_R008,2026-09-13T13:00:00,R008,25,1.83,24.7,IoT
SENS_R009,2026-09-13T13:00:00,R009,18,1.72,25.45,IoT
SENS_R010,2026-09-13T13:00:00,R010,7,1.27,23.2,IoT
SENS_R011,2026-09-13T13:00:00,R011,4,0.74,23.75,IoT
SENS_R012,2026-09-13T13:00:00,R012,15,1.56,25.17,IoT
SENS_R013,2026-09-13T13:00:00,R013,15,1.03,24.08,IoT
SENS_R014,2026-09-13T13:00:00,R014,12,1.46,23.19,IoT
SENS_R015,2026-09-13T13:00:00,R015,6,1.49,23.06,IoT
SENS_R016,2026-09-13T13:00:00,R016,8,1.15,23.32,IoT
SENS_R017,2026-09-13T13:00:00,R017,5,1.18,23.96,IoT
SENS_R018,2026-09-13T13:00:00,R018,25,1.38,23.74,IoT
SENS_R019,2026-09-13T13:00:00,R019,2,0.98,25.37,IoT
SENS_R020,2026-09-13T13:00:00,R020,2,0.66,23.68,IoT
SENS_R021,2026-09-13T13:00:00,R021,8,1.32,23.34,IoT
SENS_R022,2026-09-13T13:00:00,R022,10,1.42,24.32,IoT
SENS_R023,2026-09-13T13:00:00,R023,7,1.67,23.49,IoT
SENS_R024,2026-09-13T13:00:00,R024,20,1.84,24.63,IoT
SENS_R025,2026-09-13T13:00:00,R025,1,1.1,23.42,IoT
SENS_R026,2026-09-13T13:00:00,R026,12,1.22,24.47,IoT
SENS_R027,2026-09-13T13:00:00,R027,0,0.58,24.34,IoT
SENS_R028,2026-09-13T13:00:00,R028,13,1.75,25.92,IoT
SENS_R029,2026-09-13T13:00:00,R029,0,1.07,23.93,IoT
SENS_R030,2026-09-13T13:00:00,R030,10,1.63,25.34,IoT
SENS_R001,2026-09-13T14:00:00,R001,2,0.99,22.89,IoT
SENS_R002,2026-09-13T14:00:00,R002,30,1.51,24.72,IoT
SENS_R003,2026-09-13T14:00:00,R003,21,1.93,25.26,IoT
SENS_R004,2026-09-13T14:00:00,R004,5,1.13,23.14,IoT
SENS_R005,2026-09-13T14:00:00,R005,21,1.28,24.96,IoT
SENS_R006,2026-09-13T14:00:00,R006,6,1.25,24.74,IoT
SENS_R007,2026-09-13T14:00:00,R007,1,0.69,23.79,IoT
SENS_R008,2026-09-13T14:00:00,R008,19,1.2,22.2,IoT
SENS_R009,2026-09-13T14:00:00,R009,17,2.09,25.92,IoT
SENS_R010,2026-09-13T14:00:00,R010,4,0.58,24.21,IoT
SENS_R011,2026-09-13T14:00:00,R011,11,1.57,24.0,IoT
SENS_R012,2026-09-13T14:00:00,R012,12,1.25,24.28,IoT
SENS_R013,2026-09-13T14:00:00,R013,28,1.54,23.6,IoT
SENS_R014,2026-09-13T14:00:00,R014,4,1.42,23.26,IoT
SENS_R015,2026-09-13T14:00:00,R015,2,0.85,24.26,IoT
SENS_R016,2026-09-13T14:00:00,R016,3,0.91,22.8,IoT
SENS_R017,2026-09-13T14:00:00,R017,0,0.55,24.31,IoT
SENS_R018,2026-09-13T14:00:00,R018,24,1.82,23.65,IoT
SENS_R019,2026-09-13T14:00:00,R019,14,1.22,23.71,IoT
SENS_R020,2026-09-13T14:00:00,R020,4,1.33,24.5,IoT
SENS_R021,2026-09-13T14:00:00,R021,14,1.46,24.42,IoT
SENS_R022,2026-09-13T14:00:00,R022,21,1.59,26.06,IoT
SENS_R023,2026-09-13T14:00:00,R023,1,1.07,23.54,IoT
SENS_R024,2026-09-13T14:00:00,R024,10,1.21,24.42,IoT
SENS_R025,2026-09-13T14:00:00,R025,3,0.97,24.74,IoT
SENS_R026,2026-09-13T14:00:00,R026,6,1.01,25.84,IoT
SENS_R027,2026-09-13T14:00:00,R027,15,1.11,24.58,IoT
SENS_R028,2026-09-13T14:00:00,R028,1,1.31,24.79,IoT
SENS_R029,2026-09-13T14:00:00,R029,23,1.25,22.46,IoT
SENS_R030,2026-09-13T14:00:00,R030,14,1.25,23.38,IoT
SENS_R001,2026-09-13T15:00:00,R001,7,1.77,24.47,IoT
SENS_R002,2026-09-13T15:00:00,R002,12,1.95,23.93,IoT
SENS_R003,2026-09-13T15:00:00,R003,33,2.0,24.11,IoT
SENS_R004,2026-09-13T15:00:00,R004,8,0.87,22.55,IoT
SENS_R005,2026-09-13T15:00:00,R005,11,1.49,25.75,IoT
SENS_R006,2026-09-13T15:00:00,R006,2,0.72,22.8,IoT
SENS_R007,2026-09-13T15:00:00,R007,5,1.21,23.05,IoT
SENS_R008,2026-09-13T15:00:00,R008,16,1.59,25.8,IoT
SENS_R009,2026-09-13T15:00:00,R009,5,0.92,23.84,IoT
SENS_R010,2026-09-13T15:00:00,R010,19,1.63,23.78,IoT
SENS_R011,2026-09-13T15:00:00,R011,17,0.92,24.29,IoT
SENS_R012,2026-09-13T15:00:00,R012,1,0.52,23.24,IoT
SENS_R013,2026-09-13T15:00:00,R013,24,1.75,23.7,IoT
SENS_R014,2026-09-13T15:00:00,R014,6,1.12,21.95,IoT
SENS_R015,2026-09-13T15:00:00,R015,6,1.5,22.22,IoT
SENS_R016,2026-09-13T15:00:00,R016,20,1.63,23.89,IoT
SENS_R017,2026-09-13T15:00:00,R017,17,2.24,24.8,IoT
SENS_R018,2026-09-13T15:00:00,R018,29,1.64,24.78,IoT
SENS_R019,2026-09-13T15:00:00,R019,21,1.85,25.78,IoT
SENS_R020,2026-09-13T15:00:00,R020,4,0.89,24.27,IoT
SENS_R021,2026-09-13T15:00:00,R021,11,1.54,23.31,IoT
SENS_R022,2026-09-13T15:00:00,R022,13,1.87,23.49,IoT
SENS_R023,2026-09-13T15:00:00,R023,5,1.6,24.98,IoT
SENS_R024,2026-09-13T15:00:00,R024,0,0.83,24.47,IoT
SENS_R025,2026-09-13T15:00:00,R025,0,0.92,23.47,IoT
SENS_R026,2026-09-13T15:00:00,R026,1,0.65,23.63,IoT
SENS_R027,2026-09-13T15:00:00,R027,10,0.87,23.25,IoT
SENS_R028,2026-09-13T15:00:00,R028,7,1.41,23.2,IoT
SENS_R029,2026-09-13T15:00:00,R029,29,1.23,24.28,IoT
SENS_R030,2026-09-13T15:00:00,R030,23,1.58,23.83,IoT
SENS_R001,2026-09-13T16:00:00,R001,0,0.95,25.07,IoT
SENS_R002,2026-09-13T16:00:00,R002,16,1.51,24.51,IoT
SENS_R003,2026-09-13T16:00:00,R003,39,1.68,24.89,IoT
SENS_R004,2026-09-13T16:00:00,R004,17,1.56,24.11,IoT
SENS_R005,2026-09-13T16:00:00,R005,14,1.65,24.7,IoT
SENS_R006,2026-09-13T16:00:00,R006,12,1.79,24.26,IoT
SENS_R007,2026-09-13T16:00:00,R007,2,1.09,24.54,IoT
SENS_R008,2026-09-13T16:00:00,R008,17,0.96,23.58,IoT
SENS_R009,2026-09-13T16:00:00,R009,9,0.87,24.84,IoT
SENS_R010,2026-09-13T16:00:00,R010,14,1.42,24.34,IoT
SENS_R011,2026-09-13T16:00:00,R011,0,1.12,24.0,IoT
SENS_R012,2026-09-13T16:00:00,R012,5,1.14,24.19,IoT
SENS_R013,2026-09-13T16:00:00,R013,11,1.29,23.43,IoT
SENS_R014,2026-09-13T16:00:00,R014,1,1.24,23.57,IoT
SENS_R015,2026-09-13T16:00:00,R015,2,0.74,22.98,IoT
SENS_R016,2026-09-13T16:00:00,R016,13,1.44,22.99,IoT
SENS_R017,2026-09-13T16:00:00,R017,0,0.9,23.89,IoT
SENS_R018,2026-09-13T16:00:00,R018,25,1.71,25.93,IoT
SENS_R019,2026-09-13T16:00:00,R019,12,1.64,23.37,IoT
SENS_R020,2026-09-13T16:00:00,R020,0,1.13,24.61,IoT
SENS_R021,2026-09-13T16:00:00,R021,8,1.06,24.23,IoT
SENS_R022,2026-09-13T16:00:00,R022,10,1.48,25.39,IoT
SENS_R023,2026-09-13T16:00:00,R023,1,0.82,25.16,IoT
SENS_R024,2026-09-13T16:00:00,R024,3,0.95,23.82,IoT
SENS_R025,2026-09-13T16:00:00,R025,20,0.85,24.19,IoT
SENS_R026,2026-09-13T16:00:00,R026,12,1.53,24.55,IoT
SENS_R027,2026-09-13T16:00:00,R027,7,1.39,24.81,IoT
SENS_R028,2026-09-13T16:00:00,R028,11,1.26,23.94,IoT
SENS_R029,2026-09-13T16:00:00,R029,0,0.27,24.75,IoT
SENS_R030,2026-09-13T16:00:00,R030,10,1.59,24.59,IoT
SENS_R001,2026-09-13T17:00:00,R001,2,1.33,22.81,IoT
SENS_R002,2026-09-13T17:00:00,R002,8,0.73,22.97,IoT
SENS_R003,2026-09-13T17:00:00,R003,6,0.8,23.17,IoT
SENS_R004,2026-09-13T17:00:00,R004,12,1.14,23.63,IoT
SENS_R005,2026-09-13T17:00:00,R005,34,1.65,25.34,IoT
SENS_R006,2026-09-13T17:00:00,R006,6,1.11,25.92,IoT
SENS_R007,2026-09-13T17:00:00,R007,10,1.46,23.45,IoT
SENS_R008,2026-09-13T17:00:00,R008,8,1.59,24.14,IoT
SENS_R009,2026-09-13T17:00:00,R009,5,1.35,22.53,IoT
SENS_R010,2026-09-13T17:00:00,R010,3,1.1,24.05,IoT
SENS_R011,2026-09-13T17:00:00,R011,12,1.32,24.51,IoT
SENS_R012,2026-09-13T17:00:00,R012,9,1.26,24.6,IoT
SENS_R013,2026-09-13T17:00:00,R013,2,0.99,23.03,IoT
SENS_R014,2026-09-13T17:00:00,R014,9,1.4,24.01,IoT
SENS_R015,2026-09-13T17:00:00,R015,4,1.29,24.88,IoT
SENS_R016,2026-09-13T17:00:00,R016,16,1.51,25.38,IoT
SENS_R017,2026-09-13T17:00:00,R017,10,1.03,22.81,IoT
SENS_R018,2026-09-13T17:00:00,R018,22,1.47,24.32,IoT
SENS_R019,2026-09-13T17:00:00,R019,12,1.42,24.7,IoT
SENS_R020,2026-09-13T17:00:00,R020,0,1.11,24.83,IoT
SENS_R021,2026-09-13T17:00:00,R021,10,1.11,23.57,IoT
SENS_R022,2026-09-13T17:00:00,R022,4,1.06,23.39,IoT
SENS_R023,2026-09-13T17:00:00,R023,1,1.14,22.99,IoT
SENS_R024,2026-09-13T17:00:00,R024,11,1.36,23.59,IoT
SENS_R025,2026-09-13T17:00:00,R025,0,0.86,22.76,IoT
SENS_R026,2026-09-13T17:00:00,R026,5,0.93,23.52,IoT
SENS_R027,2026-09-13T17:00:00,R027,35,1.93,24.86,IoT
SENS_R028,2026-09-13T17:00:00,R028,11,1.5,24.51,IoT
SENS_R029,2026-09-13T17:00:00,R029,31,1.51,24.25,IoT
SENS_R030,2026-09-13T17:00:00,R030,27,2.17,25.65,IoT
SENS_R001,2026-09-13T18:00:00,R001,1,1.36,23.75,IoT
SENS_R002,2026-09-13T18:00:00,R002,31,1.53,24.31,IoT
SENS_R003,2026-09-13T18:00:00,R003,15,1.14,25.67,IoT
SENS_R004,2026-09-13T18:00:00,R004,24,1.8,24.0,IoT
SENS_R005,2026-09-13T18:00:00,R005,0,0.96,22.66,IoT
SENS_R006,2026-09-13T18:00:00,R006,8,1.76,24.79,IoT
SENS_R007,2026-09-13T18:00:00,R007,8,1.13,23.04,IoT
SENS_R008,2026-09-13T18:00:00,R008,23,1.62,24.87,IoT
SENS_R009,2026-09-13T18:00:00,R009,11,1.32,25.35,IoT
SENS_R010,2026-09-13T18:00:00,R010,15,1.92,24.33,IoT
SENS_R011,2026-09-13T18:00:00,R011,0,0.65,22.94,IoT
SENS_R012,2026-09-13T18:00:00,R012,8,0.98,23.47,IoT
SENS_R013,2026-09-13T18:00:00,R013,36,1.42,23.85,IoT
SENS_R014,2026-09-13T18:00:00,R014,8,1.62,26.46,IoT
SENS_R015,2026-09-13T18:00:00,R015,0,0.51,22.26,IoT
SENS_R016,2026-09-13T18:00:00,R016,0,0.64,23.83,IoT
SENS_R017,2026-09-13T18:00:00,R017,1,0.67,22.76,IoT
SENS_R018,2026-09-13T18:00:00,R018,23,1.56,24.49,IoT
SENS_R019,2026-09-13T18:00:00,R019,16,1.88,24.14,IoT
SENS_R020,2026-09-13T18:00:00,R020,8,1.53,24.88,IoT
SENS_R021,2026-09-13T18:00:00,R021,18,1.8,24.72,IoT
SENS_R022,2026-09-13T18:00:00,R022,0,0.68,23.57,IoT
SENS_R023,2026-09-13T18:00:00,R023,8,1.29,24.1,IoT
SENS_R024,2026-09-13T18:00:00,R024,12,1.28,23.06,IoT
SENS_R025,2026-09-13T18:00:00,R025,26,1.28,24.19,IoT
SENS_R026,2026-09-13T18:00:00,R026,4,1.07,23.66,IoT
SENS_R027,2026-09-13T18:00:00,R027,50,1.78,25.19,IoT
SENS_R028,2026-09-13T18:00:00,R028,13,1.5,22.56,IoT
SENS_R029,2026-09-13T18:00:00,R029,11,0.78,25.26,IoT
SENS_R030,2026-09-13T18:00:00,R030,17,1.11,24.07,IoT
SENS_R001,2026-09-13T19:00:00,R001,9,1.09,24.96,IoT
SENS_R002,2026-09-13T19:00:00,R002,10,1.14,24.68,IoT
SENS_R003,2026-09-13T19:00:00,R003,17,1.16,25.52,IoT
SENS_R004,2026-09-13T19:00:00,R004,17,1.42,24.19,IoT
SENS_R005,2026-09-13T19:00:00,R005,0,1.07,23.86,IoT
SENS_R006,2026-09-13T19:00:00,R006,9,1.29,24.03,IoT
SENS_R007,2026-09-13T19:00:00,R007,7,1.62,25.03,IoT
SENS_R008,2026-09-13T19:00:00,R008,28,1.76,24.35,IoT
SENS_R009,2026-09-13T19:00:00,R009,10,1.39,24.87,IoT
SENS_R010,2026-09-13T19:00:00,R010,10,1.52,25.04,IoT
SENS_R011,2026-09-13T19:00:00,R011,32,1.65,24.41,IoT
SENS_R012,2026-09-13T19:00:00,R012,4,1.2,23.55,IoT
SENS_R013,2026-09-13T19:00:00,R013,23,1.26,23.91,IoT
SENS_R014,2026-09-13T19:00:00,R014,12,1.77,24.72,IoT
SENS_R015,2026-09-13T19:00:00,R015,5,1.43,24.44,IoT
SENS_R016,2026-09-13T19:00:00,R016,13,1.31,23.81,IoT
SENS_R017,2026-09-13T19:00:00,R017,4,0.48,23.52,IoT
SENS_R018,2026-09-13T19:00:00,R018,4,1.23,22.29,IoT
SENS_R019,2026-09-13T19:00:00,R019,0,0.77,23.54,IoT
SENS_R020,2026-09-13T19:00:00,R020,15,1.69,23.6,IoT
SENS_R021,2026-09-13T19:00:00,R021,13,1.7,25.29,IoT
SENS_R022,2026-09-13T19:00:00,R022,21,2.2,25.06,IoT
SENS_R023,2026-09-13T19:00:00,R023,12,1.98,25.59,IoT
SENS_R024,2026-09-13T19:00:00,R024,9,1.07,23.97,IoT
SENS_R025,2026-09-13T19:00:00,R025,11,1.22,24.04,IoT
SENS_R026,2026-09-13T19:00:00,R026,10,1.12,22.98,IoT
SENS_R027,2026-09-13T19:00:00,R027,29,1.67,24.25,IoT
SENS_R028,2026-09-13T19:00:00,R028,10,1.33,23.04,IoT
SENS_R029,2026-09-13T19:00:00,R029,46,2.28,25.14,IoT
SENS_R030,2026-09-13T19:00:00,R030,17,2.23,25.35,IoT
SENS_R001,2026-09-13T20:00:00,R001,4,1.35,24.37,IoT
SENS_R002,2026-09-13T20:00:00,R002,18,0.94,24.77,IoT
SENS_R003,2026-09-13T20:00:00,R003,19,1.53,24.03,IoT
SENS_R004,2026-09-13T20:00:00,R004,12,1.23,23.79,IoT
SENS_R005,2026-09-13T20:00:00,R005,10,1.13,23.75,IoT
SENS_R006,2026-09-13T20:00:00,R006,6,1.43,23.7,IoT
SENS_R007,2026-09-13T20:00:00,R007,8,1.49,23.83,IoT
SENS_R008,2026-09-13T20:00:00,R008,0,0.83,23.54,IoT
SENS_R009,2026-09-13T20:00:00,R009,17,1.71,23.47,IoT
SENS_R010,2026-09-13T20:00:00,R010,16,1.28,24.51,IoT
SENS_R011,2026-09-13T20:00:00,R011,21,2.02,24.93,IoT
SENS_R012,2026-09-13T20:00:00,R012,13,1.55,22.63,IoT
SENS_R013,2026-09-13T20:00:00,R013,6,1.01,22.96,IoT
SENS_R014,2026-09-13T20:00:00,R014,12,2.0,25.13,IoT
SENS_R015,2026-09-13T20:00:00,R015,11,1.66,24.16,IoT
SENS_R016,2026-09-13T20:00:00,R016,0,0.62,23.63,IoT
SENS_R017,2026-09-13T20:00:00,R017,11,1.36,23.69,IoT
SENS_R018,2026-09-13T20:00:00,R018,17,1.57,23.59,IoT
SENS_R019,2026-09-13T20:00:00,R019,11,1.29,23.18,IoT
SENS_R020,2026-09-13T20:00:00,R020,21,2.25,24.51,IoT
SENS_R021,2026-09-13T20:00:00,R021,16,1.49,23.24,IoT
SENS_R022,2026-09-13T20:00:00,R022,0,1.27,23.72,IoT
SENS_R023,2026-09-13T20:00:00,R023,7,1.77,25.47,IoT
SENS_R024,2026-09-13T20:00:00,R024,15,1.2,22.87,IoT
SENS_R025,2026-09-13T20:00:00,R025,12,1.28,23.77,IoT
SENS_R026,2026-09-13T20:00:00,R026,10,1.46,23.91,IoT
SENS_R027,2026-09-13T20:00:00,R027,13,1.41,24.29,IoT
SENS_R028,2026-09-13T20:00:00,R028,7,1.16,22.79,IoT
SENS_R029,2026-09-13T20:00:00,R029,13,0.98,24.44,IoT
SENS_R030,2026-09-13T20:00:00,R030,5,1.08,25.1,IoT
SENS_R001,2026-09-13T21:00:00,R001,3,0.81,23.88,IoT
SENS_R002,2026-09-13T21:00:00,R002,13,1.04,24.76,IoT
SENS_R003,2026-09-13T21:00:00,R003,30,2.13,24.91,IoT
SENS_R004,2026-09-13T21:00:00,R004,7,0.91,23.3,IoT
SENS_R005,2026-09-13T21:00:00,R005,11,1.28,23.86,IoT
SENS_R006,2026-09-13T21:00:00,R006,5,1.24,24.0,IoT
SENS_R007,2026-09-13T21:00:00,R007,7,1.68,24.54,IoT
SENS_R008,2026-09-13T21:00:00,R008,21,1.79,25.54,IoT
SENS_R009,2026-09-13T21:00:00,R009,14,1.87,24.76,IoT
SENS_R010,2026-09-13T21:00:00,R010,21,2.26,25.15,IoT
SENS_R011,2026-09-13T21:00:00,R011,28,1.92,25.23,IoT
SENS_R012,2026-09-13T21:00:00,R012,12,1.47,25.1,IoT
SENS_R013,2026-09-13T21:00:00,R013,25,1.17,25.18,IoT
SENS_R014,2026-09-13T21:00:00,R014,12,2.01,24.0,IoT
SENS_R015,2026-09-13T21:00:00,R015,8,1.26,23.52,IoT
SENS_R016,2026-09-13T21:00:00,R016,6,0.63,22.51,IoT
SENS_R017,2026-09-13T21:00:00,R017,10,1.4,23.02,IoT
SENS_R018,2026-09-13T21:00:00,R018,16,1.19,22.59,IoT
SENS_R019,2026-09-13T21:00:00,R019,13,1.55,23.61,IoT
SENS_R020,2026-09-13T21:00:00,R020,2,0.89,22.95,IoT
SENS_R021,2026-09-13T21:00:00,R021,11,1.04,24.08,IoT
SENS_R022,2026-09-13T21:00:00,R022,13,1.25,22.88,IoT
SENS_R023,2026-09-13T21:00:00,R023,7,1.32,24.09,IoT
SENS_R024,2026-09-13T21:00:00,R024,8,1.15,23.43,IoT
SENS_R025,2026-09-13T21:00:00,R025,8,0.96,23.06,IoT
SENS_R026,2026-09-13T21:00:00,R026,7,1.54,24.52,IoT
SENS_R027,2026-09-13T21:00:00,R027,10,0.72,23.83,IoT
SENS_R028,2026-09-13T21:00:00,R028,8,1.01,24.6,IoT
SENS_R029,2026-09-13T21:00:00,R029,25,1.34,24.62,IoT
SENS_R030,2026-09-13T21:00:00,R030,2,1.41,24.81,IoT
SENS_R001,2026-09-14T06:00:00,R001,6,1.41,24.05,IoT
SENS_R002,2026-09-14T06:00:00,R002,25,1.56,24.6,IoT
SENS_R003,2026-09-14T06:00:00,R003,43,2.21,24.03,IoT
SENS_R004,2026-09-14T06:00:00,R004,18,1.43,24.12,IoT
SENS_R005,2026-09-14T06:00:00,R005,8,1.23,24.71,IoT
SENS_R006,2026-09-14T06:00:00,R006,8,1.33,23.17,IoT
SENS_R007,2026-09-14T06:00:00,R007,4,1.29,25.99,IoT
SENS_R008,2026-09-14T06:00:00,R008,12,1.52,23.25,IoT
SENS_R009,2026-09-14T06:00:00,R009,6,1.1,23.44,IoT
SENS_R010,2026-09-14T06:00:00,R010,18,2.03,24.01,IoT
SENS_R011,2026-09-14T06:00:00,R011,11,1.07,23.75,IoT
SENS_R012,2026-09-14T06:00:00,R012,15,1.25,24.44,IoT
SENS_R013,2026-09-14T06:00:00,R013,28,1.71,25.81,IoT
SENS_R014,2026-09-14T06:00:00,R014,12,1.62,23.61,IoT
SENS_R015,2026-09-14T06:00:00,R015,14,1.45,25.56,IoT
SENS_R016,2026-09-14T06:00:00,R016,24,2.12,25.09,IoT
SENS_R017,2026-09-14T06:00:00,R017,23,1.91,25.44,IoT
SENS_R018,2026-09-14T06:00:00,R018,14,1.48,24.4,IoT
SENS_R019,2026-09-14T06:00:00,R019,25,2.35,24.81,IoT
SENS_R020,2026-09-14T06:00:00,R020,17,1.95,24.71,IoT
SENS_R021,2026-09-14T06:00:00,R021,17,1.23,25.09,IoT
SENS_R022,2026-09-14T06:00:00,R022,12,1.47,23.46,IoT
SENS_R023,2026-09-14T06:00:00,R023,0,1.02,25.43,IoT
SENS_R024,2026-09-14T06:00:00,R024,20,2.14,24.92,IoT
SENS_R025,2026-09-14T06:00:00,R025,40,2.04,26.22,IoT
SENS_R026,2026-09-14T06:00:00,R026,8,1.37,23.83,IoT
SENS_R027,2026-09-14T06:00:00,R027,38,1.44,24.51,IoT
SENS_R028,2026-09-14T06:00:00,R028,10,1.34,25.12,IoT
SENS_R029,2026-09-14T06:00:00,R029,19,1.23,23.48,IoT
SENS_R030,2026-09-14T06:00:00,R030,15,1.58,24.19,IoT
SENS_R001,2026-09-14T07:00:00,R001,6,1.52,24.13,IoT
SENS_R002,2026-09-14T07:00:00,R002,23,1.29,22.19,IoT
SENS_R003,2026-09-14T07:00:00,R003,30,1.59,24.4,IoT
SENS_R004,2026-09-14T07:00:00,R004,20,1.82,24.53,IoT
SENS_R005,2026-09-14T07:00:00,R005,16,1.66,24.18,IoT
SENS_R006,2026-09-14T07:00:00,R006,10,1.35,24.23,IoT
SENS_R007,2026-09-14T07:00:00,R007,3,1.11,23.03,IoT
SENS_R008,2026-09-14T07:00:00,R008,23,1.94,24.09,IoT
SENS_R009,2026-09-14T07:00:00,R009,14,1.32,25.24,IoT
SENS_R010,2026-09-14T07:00:00,R010,0,0.9,23.98,IoT
SENS_R011,2026-09-14T07:00:00,R011,24,1.87,24.46,IoT
SENS_R012,2026-09-14T07:00:00,R012,11,1.04,23.84,IoT
SENS_R013,2026-09-14T07:00:00,R013,41,1.58,23.72,IoT
SENS_R014,2026-09-14T07:00:00,R014,5,0.64,23.18,IoT
SENS_R015,2026-09-14T07:00:00,R015,4,1.51,24.96,IoT
SENS_R016,2026-09-14T07:00:00,R016,20,1.52,23.28,IoT
SENS_R017,2026-09-14T07:00:00,R017,19,1.64,23.3,IoT
SENS_R018,2026-09-14T07:00:00,R018,20,1.7,24.07,IoT
SENS_R019,2026-09-14T07:00:00,R019,12,1.55,24.89,IoT
SENS_R020,2026-09-14T07:00:00,R020,12,1.74,24.51,IoT
SENS_R021,2026-09-14T07:00:00,R021,13,1.4,23.87,IoT
SENS_R022,2026-09-14T07:00:00,R022,9,1.44,22.28,IoT
SENS_R023,2026-09-14T07:00:00,R023,14,1.44,24.8,IoT
SENS_R024,2026-09-14T07:00:00,R024,14,1.26,23.55,IoT
SENS_R025,2026-09-14T07:00:00,R025,29,1.5,23.91,IoT
SENS_R026,2026-09-14T07:00:00,R026,13,1.92,25.81,IoT
SENS_R027,2026-09-14T07:00:00,R027,33,1.88,23.44,IoT
SENS_R028,2026-09-14T07:00:00,R028,10,1.27,23.07,IoT
SENS_R029,2026-09-14T07:00:00,R029,47,1.52,24.27,IoT
SENS_R030,2026-09-14T07:00:00,R030,17,1.78,24.11,IoT
SENS_R001,2026-09-14T08:00:00,R001,12,1.81,25.21,IoT
SENS_R002,2026-09-14T08:00:00,R002,50,2.68,24.6,IoT
SENS_R003,2026-09-14T08:00:00,R003,61,2.51,25.4,IoT
SENS_R004,2026-09-14T08:00:00,R004,49,2.77,24.05,IoT
SENS_R005,2026-09-14T08:00:00,R005,67,3.16,25.3,IoT
SENS_R006,2026-09-14T08:00:00,R006,35,3.88,27.46,IoT
SENS_R007,2026-09-14T08:00:00,R007,17,2.17,24.67,IoT
SENS_R008,2026-09-14T08:00:00,R008,73,3.03,25.81,IoT
SENS_R009,2026-09-14T08:00:00,R009,37,3.42,26.15,IoT
SENS_R010,2026-09-14T08:00:00,R010,38,2.89,25.19,IoT
SENS_R011,2026-09-14T08:00:00,R011,49,2.57,24.4,IoT
SENS_R012,2026-09-14T08:00:00,R012,47,3.17,24.96,IoT
SENS_R013,2026-09-14T08:00:00,R013,107,3.63,24.92,IoT
SENS_R014,2026-09-14T08:00:00,R014,39,3.24,25.5,IoT
SENS_R015,2026-09-14T08:00:00,R015,28,3.25,26.89,IoT
SENS_R016,2026-09-14T08:00:00,R016,58,3.64,26.02,IoT
SENS_R017,2026-09-14T08:00:00,R017,45,3.02,25.34,IoT
SENS_R018,2026-09-14T08:00:00,R018,88,4.13,25.79,IoT
SENS_R019,2026-09-14T08:00:00,R019,50,3.28,26.14,IoT
SENS_R020,2026-09-14T08:00:00,R020,33,2.85,24.66,IoT
SENS_R021,2026-09-14T08:00:00,R021,21,1.91,24.2,IoT
SENS_R022,2026-09-14T08:00:00,R022,51,3.58,26.1,IoT
SENS_R023,2026-09-14T08:00:00,R023,28,3.36,27.66,IoT
SENS_R024,2026-09-14T08:00:00,R024,47,3.27,24.85,IoT
SENS_R025,2026-09-14T08:00:00,R025,89,3.1,24.87,IoT
SENS_R026,2026-09-14T08:00:00,R026,39,3.7,22.82,IoT
SENS_R027,2026-09-14T08:00:00,R027,45,1.75,23.41,IoT
SENS_R028,2026-09-14T08:00:00,R028,18,2.55,23.74,IoT
SENS_R029,2026-09-14T08:00:00,R029,45,2.29,23.97,IoT
SENS_R030,2026-09-14T08:00:00,R030,71,4.36,26.14,IoT
SENS_R001,2026-09-14T09:00:00,R001,28,3.33,25.97,IoT
SENS_R002,2026-09-14T09:00:00,R002,82,3.15,24.79,IoT
SENS_R003,2026-09-14T09:00:00,R003,79,3.26,26.9,IoT
SENS_R004,2026-09-14T09:00:00,R004,52,2.7,24.59,IoT
SENS_R005,2026-09-14T09:00:00,R005,71,2.84,24.71,IoT
SENS_R006,2026-09-14T09:00:00,R006,28,2.68,24.49,IoT
SENS_R007,2026-09-14T09:00:00,R007,9,1.6,24.35,IoT
SENS_R008,2026-09-14T09:00:00,R008,82,3.85,26.08,IoT
SENS_R009,2026-09-14T09:00:00,R009,53,3.88,26.95,IoT
SENS_R010,2026-09-14T09:00:00,R010,40,2.69,24.29,IoT
SENS_R011,2026-09-14T09:00:00,R011,69,3.41,26.3,IoT
SENS_R012,2026-09-14T09:00:00,R012,48,3.23,24.14,IoT
SENS_R013,2026-09-14T09:00:00,R013,98,3.14,26.15,IoT
SENS_R014,2026-09-14T09:00:00,R014,31,2.92,25.56,IoT
SENS_R015,2026-09-14T09:00:00,R015,21,2.26,24.8,IoT
SENS_R016,2026-09-14T09:00:00,R016,45,2.62,24.45,IoT
SENS_R017,2026-09-14T09:00:00,R017,30,2.16,24.65,IoT
SENS_R018,2026-09-14T09:00:00,R018,68,3.65,25.24,IoT
SENS_R019,2026-09-14T09:00:00,R019,34,2.83,24.38,IoT
SENS_R020,2026-09-14T09:00:00,R020,48,4.43,26.93,IoT
SENS_R021,2026-09-14T09:00:00,R021,60,4.34,25.09,IoT
SENS_R022,2026-09-14T09:00:00,R022,49,3.06,25.49,IoT
SENS_R023,2026-09-14T09:00:00,R023,31,3.06,26.32,IoT
SENS_R024,2026-09-14T09:00:00,R024,48,2.78,24.61,IoT
SENS_R025,2026-09-14T09:00:00,R025,65,2.57,25.52,IoT
SENS_R026,2026-09-14T09:00:00,R026,29,3.13,26.4,IoT
SENS_R027,2026-09-14T09:00:00,R027,113,3.54,25.41,IoT
SENS_R028,2026-09-14T09:00:00,R028,22,2.39,24.77,IoT
SENS_R029,2026-09-14T09:00:00,R029,63,2.21,26.23,IoT
SENS_R030,2026-09-14T09:00:00,R030,32,2.43,25.83,IoT
SENS_R001,2026-09-14T10:00:00,R001,27,2.97,26.18,IoT
SENS_R002,2026-09-14T10:00:00,R002,77,3.01,25.33,IoT
SENS_R003,2026-09-14T10:00:00,R003,86,3.07,26.25,IoT
SENS_R004,2026-09-14T10:00:00,R004,30,1.68,23.42,IoT
SENS_R005,2026-09-14T10:00:00,R005,74,3.65,25.67,IoT
SENS_R006,2026-09-14T10:00:00,R006,20,2.22,25.77,IoT
SENS_R007,2026-09-14T10:00:00,R007,14,2.13,25.35,IoT
SENS_R008,2026-09-14T10:00:00,R008,75,3.55,26.22,IoT
SENS_R009,2026-09-14T10:00:00,R009,41,2.91,22.36,IoT
SENS_R010,2026-09-14T10:00:00,R010,63,3.76,25.33,IoT
SENS_R011,2026-09-14T10:00:00,R011,47,2.44,22.99,IoT
SENS_R012,2026-09-14T10:00:00,R012,45,3.33,25.23,IoT
SENS_R013,2026-09-14T10:00:00,R013,122,3.85,26.8,IoT
SENS_R014,2026-09-14T10:00:00,R014,19,2.03,24.72,IoT
SENS_R015,2026-09-14T10:00:00,R015,36,3.67,26.43,IoT
SENS_R016,2026-09-14T10:00:00,R016,33,2.36,24.67,IoT
SENS_R017,2026-09-14T10:00:00,R017,34,2.51,24.35,IoT
SENS_R018,2026-09-14T10:00:00,R018,56,2.82,24.09,IoT
SENS_R019,2026-09-14T10:00:00,R019,41,3.33,25.61,IoT
SENS_R020,2026-09-14T10:00:00,R020,29,2.49,25.3,IoT
SENS_R021,2026-09-14T10:00:00,R021,53,3.52,26.36,IoT
SENS_R022,2026-09-14T10:00:00,R022,45,3.17,24.78,IoT
SENS_R023,2026-09-14T10:00:00,R023,28,3.0,25.8,IoT
SENS_R024,2026-09-14T10:00:00,R024,53,3.7,26.22,IoT
SENS_R025,2026-09-14T10:00:00,R025,89,3.58,25.71,IoT
SENS_R026,2026-09-14T10:00:00,R026,29,2.55,24.04,IoT
SENS_R027,2026-09-14T10:00:00,R027,114,3.76,26.69,IoT
SENS_R028,2026-09-14T10:00:00,R028,21,2.45,24.97,IoT
SENS_R029,2026-09-14T10:00:00,R029,77,2.57,23.51,IoT
SENS_R030,2026-09-14T10:00:00,R030,42,2.74,25.23,IoT
SENS_R001,2026-09-14T11:00:00,R001,28,2.97,25.55,IoT
SENS_R002,2026-09-14T11:00:00,R002,78,2.97,25.84,IoT
SENS_R003,2026-09-14T11:00:00,R003,100,3.71,25.32,IoT
SENS_R004,2026-09-14T11:00:00,R004,38,2.17,25.29,IoT
SENS_R005,2026-09-14T11:00:00,R005,58,2.92,25.65,IoT
SENS_R006,2026-09-14T11:00:00,R006,38,3.19,25.59,IoT
SENS_R007,2026-09-14T11:00:00,R007,17,2.06,24.85,IoT
SENS_R008,2026-09-14T11:00:00,R008,55,3.5,26.57,IoT
SENS_R009,2026-09-14T11:00:00,R009,44,2.86,25.07,IoT
SENS_R010,2026-09-14T11:00:00,R010,15,2.01,25.68,IoT
SENS_R011,2026-09-14T11:00:00,R011,83,3.64,26.0,IoT
SENS_R012,2026-09-14T11:00:00,R012,66,3.75,26.54,IoT
SENS_R013,2026-09-14T11:00:00,R013,111,3.32,24.7,IoT
SENS_R014,2026-09-14T11:00:00,R014,31,2.76,25.18,IoT
SENS_R015,2026-09-14T11:00:00,R015,31,3.93,26.28,IoT
SENS_R016,2026-09-14T11:00:00,R016,50,2.47,25.38,IoT
SENS_R017,2026-09-14T11:00:00,R017,47,3.47,24.86,IoT
SENS_R018,2026-09-14T11:00:00,R018,46,2.18,23.53,IoT
SENS_R019,2026-09-14T11:00:00,R019,34,2.5,24.73,IoT
SENS_R020,2026-09-14T11:00:00,R020,33,2.61,23.87,IoT
SENS_R021,2026-09-14T11:00:00,R021,25,1.79,23.91,IoT
SENS_R022,2026-09-14T11:00:00,R022,33,2.4,24.71,IoT
SENS_R023,2026-09-14T11:00:00,R023,34,3.97,25.9,IoT
SENS_R024,2026-09-14T11:00:00,R024,28,1.88,25.08,IoT
SENS_R025,2026-09-14T11:00:00,R025,78,2.9,24.96,IoT
SENS_R026,2026-09-14T11:00:00,R026,40,3.34,25.97,IoT
SENS_R027,2026-09-14T11:00:00,R027,98,3.81,27.11,IoT
SENS_R028,2026-09-14T11:00:00,R028,32,3.08,24.92,IoT
SENS_R029,2026-09-14T11:00:00,R029,99,3.55,25.05,IoT
SENS_R030,2026-09-14T11:00:00,R030,62,3.33,26.8,IoT
SENS_R001,2026-09-14T12:00:00,R001,30,3.22,26.81,IoT
SENS_R002,2026-09-14T12:00:00,R002,49,2.35,24.81,IoT
SENS_R003,2026-09-14T12:00:00,R003,87,3.34,25.18,IoT
SENS_R004,2026-09-14T12:00:00,R004,80,3.43,26.73,IoT
SENS_R005,2026-09-14T12:00:00,R005,49,2.48,25.53,IoT
SENS_R006,2026-09-14T12:00:00,R006,29,2.61,25.47,IoT
SENS_R007,2026-09-14T12:00:00,R007,15,2.4,24.38,IoT
SENS_R008,2026-09-14T12:00:00,R008,84,3.48,26.87,IoT
SENS_R009,2026-09-14T12:00:00,R009,36,2.69,24.5,IoT
SENS_R010,2026-09-14T12:00:00,R010,44,3.24,26.06,IoT
SENS_R011,2026-09-14T12:00:00,R011,44,2.62,26.41,IoT
SENS_R012,2026-09-14T12:00:00,R012,33,2.63,25.45,IoT
SENS_R013,2026-09-14T12:00:00,R013,56,2.13,24.35,IoT
SENS_R014,2026-09-14T12:00:00,R014,19,1.87,24.47,IoT
SENS_R015,2026-09-14T12:00:00,R015,20,2.7,25.34,IoT
SENS_R016,2026-09-14T12:00:00,R016,27,1.65,24.4,IoT
SENS_R017,2026-09-14T12:00:00,R017,28,2.49,23.98,IoT
SENS_R018,2026-09-14T12:00:00,R018,62,2.74,24.87,IoT
SENS_R019,2026-09-14T12:00:00,R019,29,2.13,23.58,IoT
SENS_R020,2026-09-14T12:00:00,R020,51,3.76,25.92,IoT
SENS_R021,2026-09-14T12:00:00,R021,51,3.19,25.0,IoT
SENS_R022,2026-09-14T12:00:00,R022,53,3.61,25.51,IoT
SENS_R023,2026-09-14T12:00:00,R023,30,3.05,25.56,IoT
SENS_R024,2026-09-14T12:00:00,R024,53,3.74,25.1,IoT
SENS_R025,2026-09-14T12:00:00,R025,95,3.39,26.17,IoT
SENS_R026,2026-09-14T12:00:00,R026,31,2.63,24.1,IoT
SENS_R027,2026-09-14T12:00:00,R027,58,2.92,26.05,IoT
SENS_R028,2026-09-14T12:00:00,R028,23,2.61,25.72,IoT
SENS_R029,2026-09-14T12:00:00,R029,116,3.84,26.53,IoT
SENS_R030,2026-09-14T12:00:00,R030,67,3.72,27.32,IoT
SENS_R001,2026-09-14T13:00:00,R001,24,2.93,26.19,IoT
SENS_R002,2026-09-14T13:00:00,R002,64,2.39,25.21,IoT
SENS_R003,2026-09-14T13:00:00,R003,72,2.9,26.6,IoT
SENS_R004,2026-09-14T13:00:00,R004,68,2.82,26.24,IoT
SENS_R005,2026-09-14T13:00:00,R005,68,3.31,25.09,IoT
SENS_R006,2026-09-14T13:00:00,R006,21,2.46,25.25,IoT
SENS_R007,2026-09-14T13:00:00,R007,25,2.89,25.45,IoT
SENS_R008,2026-09-14T13:00:00,R008,32,2.0,24.43,IoT
SENS_R009,2026-09-14T13:00:00,R009,44,3.02,24.26,IoT
SENS_R010,2026-09-14T13:00:00,R010,21,1.88,24.18,IoT
SENS_R011,2026-09-14T13:00:00,R011,63,2.95,25.26,IoT
SENS_R012,2026-09-14T13:00:00,R012,52,3.32,25.64,IoT
SENS_R013,2026-09-14T13:00:00,R013,96,2.68,25.85,IoT
SENS_R014,2026-09-14T13:00:00,R014,46,4.0,26.65,IoT
SENS_R015,2026-09-14T13:00:00,R015,33,3.78,25.85,IoT
SENS_R016,2026-09-14T13:00:00,R016,38,2.65,24.86,IoT
SENS_R017,2026-09-14T13:00:00,R017,39,2.52,25.62,IoT
SENS_R018,2026-09-14T13:00:00,R018,90,4.03,24.95,IoT
SENS_R019,2026-09-14T13:00:00,R019,22,1.8,24.87,IoT
SENS_R020,2026-09-14T13:00:00,R020,43,3.5,24.95,IoT
SENS_R021,2026-09-14T13:00:00,R021,45,3.22,25.1,IoT
SENS_R022,2026-09-14T13:00:00,R022,37,2.63,24.33,IoT
SENS_R023,2026-09-14T13:00:00,R023,17,2.25,23.9,IoT
SENS_R024,2026-09-14T13:00:00,R024,41,2.92,25.49,IoT
SENS_R025,2026-09-14T13:00:00,R025,74,2.78,25.14,IoT
SENS_R026,2026-09-14T13:00:00,R026,32,3.22,24.16,IoT
SENS_R027,2026-09-14T13:00:00,R027,63,2.21,23.45,IoT
SENS_R028,2026-09-14T13:00:00,R028,32,3.38,26.23,IoT
SENS_R029,2026-09-14T13:00:00,R029,47,1.62,23.57,IoT
SENS_R030,2026-09-14T13:00:00,R030,48,2.69,24.16,IoT
SENS_R001,2026-09-14T14:00:00,R001,17,2.32,24.06,IoT
SENS_R002,2026-09-14T14:00:00,R002,82,3.39,25.35,IoT
SENS_R003,2026-09-14T14:00:00,R003,79,3.09,26.53,IoT
SENS_R004,2026-09-14T14:00:00,R004,64,2.96,25.22,IoT
SENS_R005,2026-09-14T14:00:00,R005,64,2.77,26.65,IoT
SENS_R006,2026-09-14T14:00:00,R006,23,2.5,25.0,IoT
SENS_R007,2026-09-14T14:00:00,R007,19,2.16,25.53,IoT
SENS_R008,2026-09-14T14:00:00,R008,30,2.09,24.63,IoT
SENS_R009,2026-09-14T14:00:00,R009,22,2.07,25.52,IoT
SENS_R010,2026-09-14T14:00:00,R010,35,2.51,22.98,IoT
SENS_R011,2026-09-14T14:00:00,R011,77,3.19,24.25,IoT
SENS_R012,2026-09-14T14:00:00,R012,64,3.49,25.79,IoT
SENS_R013,2026-09-14T14:00:00,R013,107,2.97,26.58,IoT
SENS_R014,2026-09-14T14:00:00,R014,33,3.38,24.83,IoT
SENS_R015,2026-09-14T14:00:00,R015,24,2.65,24.24,IoT
SENS_R016,2026-09-14T14:00:00,R016,42,2.14,25.65,IoT
SENS_R017,2026-09-14T14:00:00,R017,42,2.8,24.89,IoT
SENS_R018,2026-09-14T14:00:00,R018,87,3.68,27.16,IoT
SENS_R019,2026-09-14T14:00:00,R019,40,2.43,25.25,IoT
SENS_R020,2026-09-14T14:00:00,R020,35,2.74,26.22,IoT
SENS_R021,2026-09-14T14:00:00,R021,50,3.41,25.81,IoT
SENS_R022,2026-09-14T14:00:00,R022,34,2.21,24.2,IoT
SENS_R023,2026-09-14T14:00:00,R023,23,2.72,24.96,IoT
SENS_R024,2026-09-14T14:00:00,R024,32,1.76,23.75,IoT
SENS_R025,2026-09-14T14:00:00,R025,101,4.11,26.36,IoT
SENS_R026,2026-09-14T14:00:00,R026,33,3.19,26.76,IoT
SENS_R027,2026-09-14T14:00:00,R027,66,2.59,24.98,IoT
SENS_R028,2026-09-14T14:00:00,R028,36,3.13,25.62,IoT
SENS_R029,2026-09-14T14:00:00,R029,36,1.89,24.85,IoT
SENS_R030,2026-09-14T14:00:00,R030,43,2.58,24.99,IoT
SENS_R001,2026-09-14T15:00:00,R001,24,3.02,25.63,IoT
SENS_R002,2026-09-14T15:00:00,R002,71,3.05,25.7,IoT
SENS_R003,2026-09-14T15:00:00,R003,116,4.13,26.07,IoT
SENS_R004,2026-09-14T15:00:00,R004,68,3.3,24.36,IoT
SENS_R005,2026-09-14T15:00:00,R005,58,2.56,23.54,IoT
SENS_R006,2026-09-14T15:00:00,R006,23,2.29,24.56,IoT
SENS_R007,2026-09-14T15:00:00,R007,26,2.99,25.71,IoT
SENS_R008,2026-09-14T15:00:00,R008,62,2.62,24.68,IoT
SENS_R009,2026-09-14T15:00:00,R009,47,3.67,25.62,IoT
SENS_R010,2026-09-14T15:00:00,R010,49,3.33,26.03,IoT
SENS_R011,2026-09-14T15:00:00,R011,71,3.21,24.5,IoT
SENS_R012,2026-09-14T15:00:00,R012,45,2.82,27.21,IoT
SENS_R013,2026-09-14T15:00:00,R013,109,3.02,25.83,IoT
SENS_R014,2026-09-14T15:00:00,R014,21,2.25,24.28,IoT
SENS_R015,2026-09-14T15:00:00,R015,25,2.78,24.75,IoT
SENS_R016,2026-09-14T15:00:00,R016,50,3.16,26.34,IoT
SENS_R017,2026-09-14T15:00:00,R017,44,2.98,24.76,IoT
SENS_R018,2026-09-14T15:00:00,R018,59,2.82,25.42,IoT
SENS_R019,2026-09-14T15:00:00,R019,52,3.55,25.48,IoT
SENS_R020,2026-09-14T15:00:00,R020,50,3.83,25.87,IoT
SENS_R021,2026-09-14T15:00:00,R021,44,2.77,26.18,IoT
SENS_R022,2026-09-14T15:00:00,R022,46,3.4,26.02,IoT
SENS_R023,2026-09-14T15:00:00,R023,18,2.35,23.4,IoT
SENS_R024,2026-09-14T15:00:00,R024,59,3.75,24.67,IoT
SENS_R025,2026-09-14T15:00:00,R025,75,3.02,25.5,IoT
SENS_R026,2026-09-14T15:00:00,R026,28,3.01,26.06,IoT
SENS_R027,2026-09-14T15:00:00,R027,90,3.26,24.66,IoT
SENS_R028,2026-09-14T15:00:00,R028,30,2.25,24.91,IoT
SENS_R029,2026-09-14T15:00:00,R029,68,2.08,25.09,IoT
SENS_R030,2026-09-14T15:00:00,R030,50,3.14,24.31,IoT
SENS_R001,2026-09-14T16:00:00,R001,31,3.18,26.6,IoT
SENS_R002,2026-09-14T16:00:00,R002,105,3.74,27.29,IoT
SENS_R003,2026-09-14T16:00:00,R003,44,2.12,25.36,IoT
SENS_R004,2026-09-14T16:00:00,R004,67,3.09,26.5,IoT
SENS_R005,2026-09-14T16:00:00,R005,77,3.59,26.74,IoT
SENS_R006,2026-09-14T16:00:00,R006,32,3.31,26.79,IoT
SENS_R007,2026-09-14T16:00:00,R007,33,3.21,26.28,IoT
SENS_R008,2026-09-14T16:00:00,R008,58,2.76,25.0,IoT
SENS_R009,2026-09-14T16:00:00,R009,15,1.72,25.03,IoT
SENS_R010,2026-09-14T16:00:00,R010,34,2.38,24.44,IoT
SENS_R011,2026-09-14T16:00:00,R011,84,4.35,27.12,IoT
SENS_R012,2026-09-14T16:00:00,R012,38,2.41,25.61,IoT
SENS_R013,2026-09-14T16:00:00,R013,107,3.29,26.06,IoT
SENS_R014,2026-09-14T16:00:00,R014,28,2.41,23.8,IoT
SENS_R015,2026-09-14T16:00:00,R015,28,2.95,25.84,IoT
SENS_R016,2026-09-14T16:00:00,R016,38,2.74,24.9,IoT
SENS_R017,2026-09-14T16:00:00,R017,24,2.24,24.65,IoT
SENS_R018,2026-09-14T16:00:00,R018,52,2.62,23.22,IoT
SENS_R019,2026-09-14T16:00:00,R019,43,2.86,25.07,IoT
SENS_R020,2026-09-14T16:00:00,R020,42,2.85,25.4,IoT
SENS_R021,2026-09-14T16:00:00,R021,42,2.67,25.96,IoT
SENS_R022,2026-09-14T16:00:00,R022,51,3.05,25.27,IoT
SENS_R023,2026-09-14T16:00:00,R023,32,3.26,25.57,IoT
SENS_R024,2026-09-14T16:00:00,R024,46,3.52,24.89,IoT
SENS_R025,2026-09-14T16:00:00,R025,55,2.42,26.37,IoT
SENS_R026,2026-09-14T16:00:00,R026,34,3.18,26.17,IoT
SENS_R027,2026-09-14T16:00:00,R027,130,3.73,24.15,IoT
SENS_R028,2026-09-14T16:00:00,R028,9,0.99,24.4,IoT
SENS_R029,2026-09-14T16:00:00,R029,66,2.24,25.31,IoT
SENS_R030,2026-09-14T16:00:00,R030,42,2.59,25.92,IoT
SENS_R001,2026-09-14T17:00:00,R001,17,2.47,25.72,IoT
SENS_R002,2026-09-14T17:00:00,R002,65,2.46,25.24,IoT
SENS_R003,2026-09-14T17:00:00,R003,90,3.55,24.1,IoT
SENS_R004,2026-09-14T17:00:00,R004,37,1.79,24.12,IoT
SENS_R005,2026-09-14T17:00:00,R005,59,2.72,25.99,IoT
SENS_R006,2026-09-14T17:00:00,R006,36,2.67,24.63,IoT
SENS_R007,2026-09-14T17:00:00,R007,14,2.15,25.71,IoT
SENS_R008,2026-09-14T17:00:00,R008,58,2.92,25.39,IoT
SENS_R009,2026-09-14T17:00:00,R009,40,3.03,26.1,IoT
SENS_R010,2026-09-14T17:00:00,R010,31,2.38,25.6,IoT
SENS_R011,2026-09-14T17:00:00,R011,47,2.84,25.53,IoT
SENS_R012,2026-09-14T17:00:00,R012,40,2.58,25.73,IoT
SENS_R013,2026-09-14T17:00:00,R013,62,1.83,25.32,IoT
SENS_R014,2026-09-14T17:00:00,R014,42,3.05,25.87,IoT
SENS_R015,2026-09-14T17:00:00,R015,15,2.17,26.61,IoT
SENS_R016,2026-09-14T17:00:00,R016,51,3.1,24.14,IoT
SENS_R017,2026-09-14T17:00:00,R017,38,2.85,26.85,IoT
SENS_R018,2026-09-14T17:00:00,R018,46,2.33,23.79,IoT
SENS_R019,2026-09-14T17:00:00,R019,41,3.27,25.01,IoT
SENS_R020,2026-09-14T17:00:00,R020,38,3.27,25.72,IoT
SENS_R021,2026-09-14T17:00:00,R021,52,3.0,25.37,IoT
SENS_R022,2026-09-14T17:00:00,R022,25,2.05,24.65,IoT
SENS_R023,2026-09-14T17:00:00,R023,22,2.37,24.98,IoT
SENS_R024,2026-09-14T17:00:00,R024,51,2.85,25.24,IoT
SENS_R025,2026-09-14T17:00:00,R025,52,2.23,23.92,IoT
SENS_R026,2026-09-14T17:00:00,R026,24,2.64,24.44,IoT
SENS_R027,2026-09-14T17:00:00,R027,53,2.29,24.47,IoT
SENS_R028,2026-09-14T17:00:00,R028,30,3.05,24.25,IoT
SENS_R029,2026-09-14T17:00:00,R029,103,3.35,25.0,IoT
SENS_R030,2026-09-14T17:00:00,R030,48,2.45,22.75,IoT
SENS_R001,2026-09-14T18:00:00,R001,0,0.7,24.2,IoT
SENS_R002,2026-09-14T18:00:00,R002,9,1.12,23.71,IoT
SENS_R003,2026-09-14T18:00:00,R003,27,1.55,24.99,IoT
SENS_R004,2026-09-14T18:00:00,R004,17,1.3,23.0,IoT
SENS_R005,2026-09-14T18:00:00,R005,12,0.7,22.19,IoT
SENS_R006,2026-09-14T18:00:00,R006,16,1.93,24.36,IoT
SENS_R007,2026-09-14T18:00:00,R007,0,1.11,23.41,IoT
SENS_R008,2026-09-14T18:00:00,R008,24,1.59,23.85,IoT
SENS_R009,2026-09-14T18:00:00,R009,3,0.84,23.82,IoT
SENS_R010,2026-09-14T18:00:00,R010,5,1.07,24.57,IoT
SENS_R011,2026-09-14T18:00:00,R011,16,1.56,24.6,IoT
SENS_R012,2026-09-14T18:00:00,R012,24,2.1,25.04,IoT
SENS_R013,2026-09-14T18:00:00,R013,28,1.05,23.41,IoT
SENS_R014,2026-09-14T18:00:00,R014,12,1.68,23.88,IoT
SENS_R015,2026-09-14T18:00:00,R015,10,1.63,24.62,IoT
SENS_R016,2026-09-14T18:00:00,R016,17,1.65,22.81,IoT
SENS_R017,2026-09-14T18:00:00,R017,11,1.64,24.52,IoT
SENS_R018,2026-09-14T18:00:00,R018,24,1.86,24.52,IoT
SENS_R019,2026-09-14T18:00:00,R019,4,1.1,24.84,IoT
SENS_R020,2026-09-14T18:00:00,R020,10,1.47,24.93,IoT
SENS_R021,2026-09-14T18:00:00,R021,13,1.18,24.07,IoT
SENS_R022,2026-09-14T18:00:00,R022,15,1.37,23.57,IoT
SENS_R023,2026-09-14T18:00:00,R023,13,1.9,22.37,IoT
SENS_R024,2026-09-14T18:00:00,R024,3,1.09,22.38,IoT
SENS_R025,2026-09-14T18:00:00,R025,17,1.16,24.18,IoT
SENS_R026,2026-09-14T18:00:00,R026,9,1.22,23.82,IoT
SENS_R027,2026-09-14T18:00:00,R027,10,0.62,23.04,IoT
SENS_R028,2026-09-14T18:00:00,R028,9,1.63,25.77,IoT
SENS_R029,2026-09-14T18:00:00,R029,61,2.09,25.43,IoT
SENS_R030,2026-09-14T18:00:00,R030,25,1.76,24.25,IoT
SENS_R001,2026-09-14T19:00:00,R001,13,2.25,24.54,IoT
SENS_R002,2026-09-14T19:00:00,R002,29,1.67,24.7,IoT
SENS_R003,2026-09-14T19:00:00,R003,12,1.33,23.45,IoT
SENS_R004,2026-09-14T19:00:00,R004,12,1.83,24.91,IoT
SENS_R005,2026-09-14T19:00:00,R005,23,1.66,25.13,IoT
SENS_R006,2026-09-14T19:00:00,R006,10,1.65,24.06,IoT
SENS_R007,2026-09-14T19:00:00,R007,9,1.66,22.99,IoT
SENS_R008,2026-09-14T19:00:00,R008,16,1.23,24.2,IoT
SENS_R009,2026-09-14T19:00:00,R009,28,2.1,25.21,IoT
SENS_R010,2026-09-14T19:00:00,R010,8,0.97,24.32,IoT
SENS_R011,2026-09-14T19:00:00,R011,27,1.61,24.9,IoT
SENS_R012,2026-09-14T19:00:00,R012,21,1.68,23.01,IoT
SENS_R013,2026-09-14T19:00:00,R013,24,1.38,24.14,IoT
SENS_R014,2026-09-14T19:00:00,R014,14,1.8,23.25,IoT
SENS_R015,2026-09-14T19:00:00,R015,12,1.96,24.32,IoT
SENS_R016,2026-09-14T19:00:00,R016,22,1.72,24.86,IoT
SENS_R017,2026-09-14T19:00:00,R017,10,1.4,23.19,IoT
SENS_R018,2026-09-14T19:00:00,R018,21,1.44,24.15,IoT
SENS_R019,2026-09-14T19:00:00,R019,13,1.84,23.71,IoT
SENS_R020,2026-09-14T19:00:00,R020,19,2.04,25.23,IoT
SENS_R021,2026-09-14T19:00:00,R021,21,1.87,23.1,IoT
SENS_R022,2026-09-14T19:00:00,R022,16,1.65,24.37,IoT
SENS_R023,2026-09-14T19:00:00,R023,2,1.31,24.98,IoT
SENS_R024,2026-09-14T19:00:00,R024,2,1.16,24.25,IoT
SENS_R025,2026-09-14T19:00:00,R025,34,1.82,23.41,IoT
SENS_R026,2026-09-14T19:00:00,R026,8,1.14,24.58,IoT
SENS_R027,2026-09-14T19:00:00,R027,17,1.24,22.51,IoT
SENS_R028,2026-09-14T19:00:00,R028,4,0.85,22.83,IoT
SENS_R029,2026-09-14T19:00:00,R029,36,1.95,25.18,IoT
SENS_R030,2026-09-14T19:00:00,R030,9,1.13,25.07,IoT
SENS_R001,2026-09-14T20:00:00,R001,0,1.29,24.46,IoT
SENS_R002,2026-09-14T20:00:00,R002,10,1.03,23.76,IoT
SENS_R003,2026-09-14T20:00:00,R003,22,1.33,23.84,IoT
SENS_R004,2026-09-14T20:00:00,R004,30,1.41,25.07,IoT
SENS_R005,2026-09-14T20:00:00,R005,16,1.71,24.64,IoT
SENS_R006,2026-09-14T20:00:00,R006,9,1.52,23.13,IoT
SENS_R007,2026-09-14T20:00:00,R007,7,1.17,22.88,IoT
SENS_R008,2026-09-14T20:00:00,R008,37,1.92,23.77,IoT
SENS_R009,2026-09-14T20:00:00,R009,13,1.37,22.83,IoT
SENS_R010,2026-09-14T20:00:00,R010,13,1.22,23.67,IoT
SENS_R011,2026-09-14T20:00:00,R011,16,1.51,23.71,IoT
SENS_R012,2026-09-14T20:00:00,R012,10,0.83,23.58,IoT
SENS_R013,2026-09-14T20:00:00,R013,28,1.28,23.94,IoT
SENS_R014,2026-09-14T20:00:00,R014,7,1.38,22.76,IoT
SENS_R015,2026-09-14T20:00:00,R015,12,1.75,23.86,IoT
SENS_R016,2026-09-14T20:00:00,R016,21,1.96,23.77,IoT
SENS_R017,2026-09-14T20:00:00,R017,22,1.58,24.95,IoT
SENS_R018,2026-09-14T20:00:00,R018,34,2.06,24.7,IoT
SENS_R019,2026-09-14T20:00:00,R019,19,1.54,25.07,IoT
SENS_R020,2026-09-14T20:00:00,R020,17,1.6,24.09,IoT
SENS_R021,2026-09-14T20:00:00,R021,26,2.36,24.31,IoT
SENS_R022,2026-09-14T20:00:00,R022,15,1.63,23.51,IoT
SENS_R023,2026-09-14T20:00:00,R023,13,2.0,24.29,IoT
SENS_R024,2026-09-14T20:00:00,R024,14,1.39,23.94,IoT
SENS_R025,2026-09-14T20:00:00,R025,33,1.49,23.82,IoT
SENS_R026,2026-09-14T20:00:00,R026,10,1.92,25.2,IoT
SENS_R027,2026-09-14T20:00:00,R027,35,1.49,24.19,IoT
SENS_R028,2026-09-14T20:00:00,R028,4,0.82,24.2,IoT
SENS_R029,2026-09-14T20:00:00,R029,32,1.55,24.39,IoT
SENS_R030,2026-09-14T20:00:00,R030,31,1.92,24.32,IoT
SENS_R001,2026-09-14T21:00:00,R001,4,1.2,24.29,IoT
SENS_R002,2026-09-14T21:00:00,R002,23,1.31,24.53,IoT
SENS_R003,2026-09-14T21:00:00,R003,42,1.92,24.84,IoT
SENS_R004,2026-09-14T21:00:00,R004,17,1.78,25.46,IoT
SENS_R005,2026-09-14T21:00:00,R005,26,1.92,25.08,IoT
SENS_R006,2026-09-14T21:00:00,R006,0,0.65,23.66,IoT
SENS_R007,2026-09-14T21:00:00,R007,7,1.55,22.37,IoT
SENS_R008,2026-09-14T21:00:00,R008,15,1.72,23.76,IoT
SENS_R009,2026-09-14T21:00:00,R009,10,1.65,23.99,IoT
SENS_R010,2026-09-14T21:00:00,R010,14,1.17,23.55,IoT
SENS_R011,2026-09-14T21:00:00,R011,25,1.47,23.59,IoT
SENS_R012,2026-09-14T21:00:00,R012,18,1.61,24.85,IoT
SENS_R013,2026-09-14T21:00:00,R013,45,1.87,24.14,IoT
SENS_R014,2026-09-14T21:00:00,R014,6,1.34,23.77,IoT
SENS_R015,2026-09-14T21:00:00,R015,7,1.5,23.64,IoT
SENS_R016,2026-09-14T21:00:00,R016,25,1.89,24.85,IoT
SENS_R017,2026-09-14T21:00:00,R017,10,1.49,24.34,IoT
SENS_R018,2026-09-14T21:00:00,R018,13,1.07,24.47,IoT
SENS_R019,2026-09-14T21:00:00,R019,17,1.44,25.12,IoT
SENS_R020,2026-09-14T21:00:00,R020,21,2.36,26.24,IoT
SENS_R021,2026-09-14T21:00:00,R021,22,1.57,23.52,IoT
SENS_R022,2026-09-14T21:00:00,R022,14,1.82,25.07,IoT
SENS_R023,2026-09-14T21:00:00,R023,10,2.03,23.61,IoT
SENS_R024,2026-09-14T21:00:00,R024,27,2.28,23.89,IoT
SENS_R025,2026-09-14T21:00:00,R025,13,0.71,23.51,IoT
SENS_R026,2026-09-14T21:00:00,R026,11,1.21,23.09,IoT
SENS_R027,2026-09-14T21:00:00,R027,42,1.46,24.54,IoT
SENS_R028,2026-09-14T21:00:00,R028,17,1.97,23.89,IoT
SENS_R029,2026-09-14T21:00:00,R029,25,1.13,24.03,IoT
SENS_R030,2026-09-14T21:00:00,R030,27,1.62,24.4,IoT
SENS_R001,2026-09-15T06:00:00,R001,6,0.88,24.3,IoT
SENS_R002,2026-09-15T06:00:00,R002,19,1.51,24.22,IoT
SENS_R003,2026-09-15T06:00:00,R003,43,2.11,25.17,IoT
SENS_R004,2026-09-15T06:00:00,R004,7,0.9,24.35,IoT
SENS_R005,2026-09-15T06:00:00,R005,32,2.29,26.34,IoT
SENS_R006,2026-09-15T06:00:00,R006,12,1.72,23.9,IoT
SENS_R007,2026-09-15T06:00:00,R007,10,1.95,25.41,IoT
SENS_R008,2026-09-15T06:00:00,R008,27,1.92,23.66,IoT
SENS_R009,2026-09-15T06:00:00,R009,13,2.02,23.92,IoT
SENS_R010,2026-09-15T06:00:00,R010,19,1.82,22.87,IoT
SENS_R011,2026-09-15T06:00:00,R011,21,1.17,25.21,IoT
SENS_R012,2026-09-15T06:00:00,R012,3,1.43,24.8,IoT
SENS_R013,2026-09-15T06:00:00,R013,36,1.49,24.11,IoT
SENS_R014,2026-09-15T06:00:00,R014,1,0.92,23.99,IoT
SENS_R015,2026-09-15T06:00:00,R015,8,1.52,24.41,IoT
SENS_R016,2026-09-15T06:00:00,R016,11,1.19,23.49,IoT
SENS_R017,2026-09-15T06:00:00,R017,8,1.54,25.09,IoT
SENS_R018,2026-09-15T06:00:00,R018,27,1.48,24.35,IoT
SENS_R019,2026-09-15T06:00:00,R019,17,1.74,24.11,IoT
SENS_R020,2026-09-15T06:00:00,R020,12,1.45,23.31,IoT
SENS_R021,2026-09-15T06:00:00,R021,14,1.09,22.71,IoT
SENS_R022,2026-09-15T06:00:00,R022,16,1.81,23.64,IoT
SENS_R023,2026-09-15T06:00:00,R023,12,1.87,23.51,IoT
SENS_R024,2026-09-15T06:00:00,R024,10,1.19,22.66,IoT
SENS_R025,2026-09-15T06:00:00,R025,36,2.04,25.48,IoT
SENS_R026,2026-09-15T06:00:00,R026,7,0.95,22.86,IoT
SENS_R027,2026-09-15T06:00:00,R027,18,0.86,23.77,IoT
SENS_R028,2026-09-15T06:00:00,R028,10,1.97,24.46,IoT
SENS_R029,2026-09-15T06:00:00,R029,30,1.26,24.55,IoT
SENS_R030,2026-09-15T06:00:00,R030,21,1.31,23.06,IoT
SENS_R001,2026-09-15T07:00:00,R001,9,1.46,24.88,IoT
SENS_R002,2026-09-15T07:00:00,R002,28,1.34,24.42,IoT
SENS_R003,2026-09-15T07:00:00,R003,42,2.12,24.76,IoT
SENS_R004,2026-09-15T07:00:00,R004,8,0.98,22.43,IoT
SENS_R005,2026-09-15T07:00:00,R005,26,1.37,24.21,IoT
SENS_R006,2026-09-15T07:00:00,R006,10,1.32,25.74,IoT
SENS_R007,2026-09-15T07:00:00,R007,7,1.25,23.89,IoT
SENS_R008,2026-09-15T07:00:00,R008,17,1.11,25.84,IoT
SENS_R009,2026-09-15T07:00:00,R009,19,1.87,23.55,IoT
SENS_R010,2026-09-15T07:00:00,R010,15,1.29,24.6,IoT
SENS_R011,2026-09-15T07:00:00,R011,7,1.05,24.27,IoT
SENS_R012,2026-09-15T07:00:00,R012,4,1.22,24.71,IoT
SENS_R013,2026-09-15T07:00:00,R013,27,1.64,23.19,IoT
SENS_R014,2026-09-15T07:00:00,R014,7,1.73,22.96,IoT
SENS_R015,2026-09-15T07:00:00,R015,7,1.15,25.02,IoT
SENS_R016,2026-09-15T07:00:00,R016,11,1.3,24.96,IoT
SENS_R017,2026-09-15T07:00:00,R017,32,2.28,25.29,IoT
SENS_R018,2026-09-15T07:00:00,R018,36,2.27,24.01,IoT
SENS_R019,2026-09-15T07:00:00,R019,9,1.05,22.61,IoT
SENS_R020,2026-09-15T07:00:00,R020,11,1.3,24.28,IoT
SENS_R021,2026-09-15T07:00:00,R021,8,1.08,24.39,IoT
SENS_R022,2026-09-15T07:00:00,R022,23,2.3,26.21,IoT
SENS_R023,2026-09-15T07:00:00,R023,7,1.49,23.55,IoT
SENS_R024,2026-09-15T07:00:00,R024,19,1.43,23.79,IoT
SENS_R025,2026-09-15T07:00:00,R025,0,1.0,23.47,IoT
SENS_R026,2026-09-15T07:00:00,R026,13,1.34,23.69,IoT
SENS_R027,2026-09-15T07:00:00,R027,27,1.93,23.28,IoT
SENS_R028,2026-09-15T07:00:00,R028,7,1.34,23.49,IoT
SENS_R029,2026-09-15T07:00:00,R029,12,1.0,23.95,IoT
SENS_R030,2026-09-15T07:00:00,R030,10,1.45,24.31,IoT
SENS_R001,2026-09-15T08:00:00,R001,21,2.39,24.22,IoT
SENS_R002,2026-09-15T08:00:00,R002,99,3.82,26.1,IoT
SENS_R003,2026-09-15T08:00:00,R003,66,2.66,25.1,IoT
SENS_R004,2026-09-15T08:00:00,R004,78,3.3,25.74,IoT
SENS_R005,2026-09-15T08:00:00,R005,83,3.48,26.16,IoT
SENS_R006,2026-09-15T08:00:00,R006,50,4.59,26.97,IoT
SENS_R007,2026-09-15T08:00:00,R007,23,3.02,25.86,IoT
SENS_R008,2026-09-15T08:00:00,R008,74,3.32,25.23,IoT
SENS_R009,2026-09-15T08:00:00,R009,27,2.21,24.97,IoT
SENS_R010,2026-09-15T08:00:00,R010,59,4.11,26.69,IoT
SENS_R011,2026-09-15T08:00:00,R011,54,3.06,24.83,IoT
SENS_R012,2026-09-15T08:00:00,R012,56,3.26,25.71,IoT
SENS_R013,2026-09-15T08:00:00,R013,122,3.96,27.63,IoT
SENS_R014,2026-09-15T08:00:00,R014,29,2.92,24.19,IoT
SENS_R015,2026-09-15T08:00:00,R015,16,2.28,23.94,IoT
SENS_R016,2026-09-15T08:00:00,R016,61,4.05,26.06,IoT
SENS_R017,2026-09-15T08:00:00,R017,40,2.58,25.0,IoT
SENS_R018,2026-09-15T08:00:00,R018,59,2.58,24.17,IoT
SENS_R019,2026-09-15T08:00:00,R019,66,4.03,26.03,IoT
SENS_R020,2026-09-15T08:00:00,R020,17,1.81,24.84,IoT
SENS_R021,2026-09-15T08:00:00,R021,31,2.5,25.96,IoT
SENS_R022,2026-09-15T08:00:00,R022,49,3.4,26.65,IoT
SENS_R023,2026-09-15T08:00:00,R023,35,4.06,27.47,IoT
SENS_R024,2026-09-15T08:00:00,R024,43,3.21,26.26,IoT
SENS_R025,2026-09-15T08:00:00,R025,107,3.92,27.35,IoT
SENS_R026,2026-09-15T08:00:00,R026,37,3.27,26.93,IoT
SENS_R027,2026-09-15T08:00:00,R027,109,3.35,26.02,IoT
SENS_R028,2026-09-15T08:00:00,R028,32,3.1,24.74,IoT
SENS_R029,2026-09-15T08:00:00,R029,84,2.68,25.07,IoT
SENS_R030,2026-09-15T08:00:00,R030,61,3.63,24.99,IoT
SENS_R001,2026-09-15T09:00:00,R001,28,3.22,26.42,IoT
SENS_R002,2026-09-15T09:00:00,R002,63,3.11,25.36,IoT
SENS_R003,2026-09-15T09:00:00,R003,54,2.5,24.37,IoT
SENS_R004,2026-09-15T09:00:00,R004,71,3.25,25.71,IoT
SENS_R005,2026-09-15T09:00:00,R005,79,3.47,26.29,IoT
SENS_R006,2026-09-15T09:00:00,R006,29,3.32,26.05,IoT
SENS_R007,2026-09-15T09:00:00,R007,28,3.19,25.6,IoT
SENS_R008,2026-09-15T09:00:00,R008,40,2.19,24.36,IoT
SENS_R009,2026-09-15T09:00:00,R009,47,3.97,27.1,IoT
SENS_R010,2026-09-15T09:00:00,R010,56,3.68,23.49,IoT
SENS_R011,2026-09-15T09:00:00,R011,79,3.73,25.99,IoT
SENS_R012,2026-09-15T09:00:00,R012,37,2.5,24.27,IoT
SENS_R013,2026-09-15T09:00:00,R013,86,2.76,25.28,IoT
SENS_R014,2026-09-15T09:00:00,R014,22,2.32,25.04,IoT
SENS_R015,2026-09-15T09:00:00,R015,36,3.62,23.74,IoT
SENS_R016,2026-09-15T09:00:00,R016,62,3.5,25.88,IoT
SENS_R017,2026-09-15T09:00:00,R017,58,3.78,26.45,IoT
SENS_R018,2026-09-15T09:00:00,R018,97,4.5,26.95,IoT
SENS_R019,2026-09-15T09:00:00,R019,15,1.4,24.54,IoT
SENS_R020,2026-09-15T09:00:00,R020,40,2.66,26.25,IoT
SENS_R021,2026-09-15T09:00:00,R021,40,2.65,25.58,IoT
SENS_R022,2026-09-15T09:00:00,R022,62,4.06,26.1,IoT
SENS_R023,2026-09-15T09:00:00,R023,15,1.73,24.57,IoT
SENS_R024,2026-09-15T09:00:00,R024,26,2.16,24.08,IoT
SENS_R025,2026-09-15T09:00:00,R025,61,2.57,24.81,IoT
SENS_R026,2026-09-15T09:00:00,R026,34,2.9,24.63,IoT
SENS_R027,2026-09-15T09:00:00,R027,98,2.77,24.86,IoT
SENS_R028,2026-09-15T09:00:00,R028,32,3.51,25.86,IoT
SENS_R029,2026-09-15T09:00:00,R029,114,3.23,26.03,IoT
SENS_R030,2026-09-15T09:00:00,R030,55,3.11,25.13,IoT
SENS_R001,2026-09-15T10:00:00,R001,25,3.04,26.5,IoT
SENS_R002,2026-09-15T10:00:00,R002,42,2.08,24.1,IoT
SENS_R003,2026-09-15T10:00:00,R003,141,5.19,27.89,IoT
SENS_R004,2026-09-15T10:00:00,R004,22,1.44,22.76,IoT
SENS_R005,2026-09-15T10:00:00,R005,70,3.3,24.88,IoT
SENS_R006,2026-09-15T10:00:00,R006,42,3.98,26.46,IoT
SENS_R007,2026-09-15T10:00:00,R007,24,3.11,25.58,IoT
SENS_R008,2026-09-15T10:00:00,R008,60,3.08,27.02,IoT
SENS_R009,2026-09-15T10:00:00,R009,24,2.11,25.84,IoT
SENS_R010,2026-09-15T10:00:00,R010,40,2.73,25.43,IoT
SENS_R011,2026-09-15T10:00:00,R011,51,2.81,26.28,IoT
SENS_R012,2026-09-15T10:00:00,R012,60,3.18,24.76,IoT
SENS_R013,2026-09-15T10:00:00,R013,101,3.03,24.29,IoT
SENS_R014,2026-09-15T10:00:00,R014,22,2.24,25.04,IoT
SENS_R015,2026-09-15T10:00:00,R015,21,2.92,25.0,IoT
SENS_R016,2026-09-15T10:00:00,R016,54,3.33,24.85,IoT
SENS_R017,2026-09-15T10:00:00,R017,82,5.24,28.17,IoT
SENS_R018,2026-09-15T10:00:00,R018,63,3.01,26.32,IoT
SENS_R019,2026-09-15T10:00:00,R019,34,2.58,24.77,IoT
SENS_R020,2026-09-15T10:00:00,R020,25,2.36,25.42,IoT
SENS_R021,2026-09-15T10:00:00,R021,36,2.51,24.11,IoT
SENS_R022,2026-09-15T10:00:00,R022,43,3.44,24.39,IoT
SENS_R023,2026-09-15T10:00:00,R023,21,2.97,25.91,IoT
SENS_R024,2026-09-15T10:00:00,R024,38,3.07,26.05,IoT
SENS_R025,2026-09-15T10:00:00,R025,90,3.57,25.44,IoT
SENS_R026,2026-09-15T10:00:00,R026,38,3.79,25.46,IoT
SENS_R027,2026-09-15T10:00:00,R027,100,2.9,26.88,IoT
SENS_R028,2026-09-15T10:00:00,R028,23,2.63,25.35,IoT
SENS_R029,2026-09-15T10:00:00,R029,101,3.35,25.7,IoT
SENS_R030,2026-09-15T10:00:00,R030,57,3.03,24.27,IoT
SENS_R001,2026-09-15T11:00:00,R001,30,2.98,26.38,IoT
SENS_R002,2026-09-15T11:00:00,R002,57,2.33,25.22,IoT
SENS_R003,2026-09-15T11:00:00,R003,141,5.2,27.94,IoT
SENS_R004,2026-09-15T11:00:00,R004,45,1.89,24.19,IoT
SENS_R005,2026-09-15T11:00:00,R005,73,2.89,25.1,IoT
SENS_R006,2026-09-15T11:00:00,R006,22,2.65,26.73,IoT
SENS_R007,2026-09-15T11:00:00,R007,27,2.92,25.48,IoT
SENS_R008,2026-09-15T11:00:00,R008,95,4.09,26.33,IoT
SENS_R009,2026-09-15T11:00:00,R009,25,2.66,25.67,IoT
SENS_R010,2026-09-15T11:00:00,R010,51,3.33,24.97,IoT
SENS_R011,2026-09-15T11:00:00,R011,71,3.36,24.43,IoT
SENS_R012,2026-09-15T11:00:00,R012,60,3.65,25.19,IoT
SENS_R013,2026-09-15T11:00:00,R013,137,4.06,25.99,IoT
SENS_R014,2026-09-15T11:00:00,R014,27,2.65,25.75,IoT
SENS_R015,2026-09-15T11:00:00,R015,34,3.65,27.03,IoT
SENS_R016,2026-09-15T11:00:00,R016,67,3.85,26.25,IoT
SENS_R017,2026-09-15T11:00:00,R017,82,4.39,26.79,IoT
SENS_R018,2026-09-15T11:00:00,R018,70,3.38,25.55,IoT
SENS_R019,2026-09-15T11:00:00,R019,59,3.62,25.82,IoT
SENS_R020,2026-09-15T11:00:00,R020,41,3.43,26.07,IoT
SENS_R021,2026-09-15T11:00:00,R021,61,3.74,27.26,IoT
SENS_R022,2026-09-15T11:00:00,R022,48,2.94,25.8,IoT
SENS_R023,2026-09-15T11:00:00,R023,19,2.54,26.46,IoT
SENS_R024,2026-09-15T11:00:00,R024,67,4.19,26.01,IoT
SENS_R025,2026-09-15T11:00:00,R025,82,3.05,25.05,IoT
SENS_R026,2026-09-15T11:00:00,R026,36,3.13,25.83,IoT
SENS_R027,2026-09-15T11:00:00,R027,53,2.04,23.97,IoT
SENS_R028,2026-09-15T11:00:00,R028,18,2.28,26.51,IoT
SENS_R029,2026-09-15T11:00:00,R029,77,2.14,25.37,IoT
SENS_R030,2026-09-15T11:00:00,R030,46,2.71,25.95,IoT
SENS_R001,2026-09-15T12:00:00,R001,31,3.39,25.19,IoT
SENS_R002,2026-09-15T12:00:00,R002,60,2.76,24.59,IoT
SENS_R003,2026-09-15T12:00:00,R003,141,4.58,25.14,IoT
SENS_R004,2026-09-15T12:00:00,R004,71,3.22,26.39,IoT
SENS_R005,2026-09-15T12:00:00,R005,70,3.26,25.98,IoT
SENS_R006,2026-09-15T12:00:00,R006,44,4.18,26.01,IoT
SENS_R007,2026-09-15T12:00:00,R007,33,3.96,26.43,IoT
SENS_R008,2026-09-15T12:00:00,R008,54,2.9,24.18,IoT
SENS_R009,2026-09-15T12:00:00,R009,30,2.46,25.24,IoT
SENS_R010,2026-09-15T12:00:00,R010,51,2.64,24.73,IoT
SENS_R011,2026-09-15T12:00:00,R011,45,2.3,24.17,IoT
SENS_R012,2026-09-15T12:00:00,R012,74,4.0,26.84,IoT
SENS_R013,2026-09-15T12:00:00,R013,60,2.02,24.62,IoT
SENS_R014,2026-09-15T12:00:00,R014,35,3.0,26.24,IoT
SENS_R015,2026-09-15T12:00:00,R015,27,3.02,25.03,IoT
SENS_R016,2026-09-15T12:00:00,R016,57,3.18,25.59,IoT
SENS_R017,2026-09-15T12:00:00,R017,82,4.92,26.47,IoT
SENS_R018,2026-09-15T12:00:00,R018,81,3.69,25.68,IoT
SENS_R019,2026-09-15T12:00:00,R019,57,3.52,24.45,IoT
SENS_R020,2026-09-15T12:00:00,R020,33,2.72,25.25,IoT
SENS_R021,2026-09-15T12:00:00,R021,46,3.0,25.45,IoT
SENS_R022,2026-09-15T12:00:00,R022,33,2.1,24.55,IoT
SENS_R023,2026-09-15T12:00:00,R023,26,3.01,24.81,IoT
SENS_R024,2026-09-15T12:00:00,R024,15,1.44,23.82,IoT
SENS_R025,2026-09-15T12:00:00,R025,49,2.17,23.58,IoT
SENS_R026,2026-09-15T12:00:00,R026,32,2.81,24.71,IoT
SENS_R027,2026-09-15T12:00:00,R027,84,2.45,24.95,IoT
SENS_R028,2026-09-15T12:00:00,R028,27,2.83,25.93,IoT
SENS_R029,2026-09-15T12:00:00,R029,49,2.33,24.43,IoT
SENS_R030,2026-09-15T12:00:00,R030,60,3.32,25.29,IoT
SENS_R001,2026-09-15T13:00:00,R001,15,2.22,24.64,IoT
SENS_R002,2026-09-15T13:00:00,R002,94,3.58,25.7,IoT
SENS_R003,2026-09-15T13:00:00,R003,87,3.25,23.91,IoT
SENS_R004,2026-09-15T13:00:00,R004,78,3.57,25.37,IoT
SENS_R005,2026-09-15T13:00:00,R005,59,2.54,23.69,IoT
SENS_R006,2026-09-15T13:00:00,R006,21,3.11,25.1,IoT
SENS_R007,2026-09-15T13:00:00,R007,23,3.09,25.79,IoT
SENS_R008,2026-09-15T13:00:00,R008,45,2.39,24.46,IoT
SENS_R009,2026-09-15T13:00:00,R009,40,3.57,27.12,IoT
SENS_R010,2026-09-15T13:00:00,R010,40,3.0,26.18,IoT
SENS_R011,2026-09-15T13:00:00,R011,72,3.45,25.39,IoT
SENS_R012,2026-09-15T13:00:00,R012,59,3.48,26.51,IoT
SENS_R013,2026-09-15T13:00:00,R013,89,2.61,26.32,IoT
SENS_R014,2026-09-15T13:00:00,R014,30,3.01,26.93,IoT
SENS_R015,2026-09-15T13:00:00,R015,26,3.17,25.28,IoT
SENS_R016,2026-09-15T13:00:00,R016,39,2.39,25.01,IoT
SENS_R017,2026-09-15T13:00:00,R017,61,4.02,26.57,IoT
SENS_R018,2026-09-15T13:00:00,R018,47,2.28,24.06,IoT
SENS_R019,2026-09-15T13:00:00,R019,36,2.48,25.84,IoT
SENS_R020,2026-09-15T13:00:00,R020,38,3.12,25.11,IoT
SENS_R021,2026-09-15T13:00:00,R021,43,2.85,24.66,IoT
SENS_R022,2026-09-15T13:00:00,R022,29,2.13,24.38,IoT
SENS_R023,2026-09-15T13:00:00,R023,21,2.66,26.04,IoT
SENS_R024,2026-09-15T13:00:00,R024,23,1.79,23.72,IoT
SENS_R025,2026-09-15T13:00:00,R025,78,2.97,25.08,IoT
SENS_R026,2026-09-15T13:00:00,R026,16,2.06,24.1,IoT
SENS_R027,2026-09-15T13:00:00,R027,72,2.23,23.46,IoT
SENS_R028,2026-09-15T13:00:00,R028,23,2.93,24.83,IoT
SENS_R029,2026-09-15T13:00:00,R029,99,3.54,25.85,IoT
SENS_R030,2026-09-15T13:00:00,R030,44,2.57,23.84,IoT
SENS_R001,2026-09-15T14:00:00,R001,22,2.28,24.87,IoT
SENS_R002,2026-09-15T14:00:00,R002,95,3.61,26.55,IoT
SENS_R003,2026-09-15T14:00:00,R003,104,3.56,25.91,IoT
SENS_R004,2026-09-15T14:00:00,R004,57,2.97,26.16,IoT
SENS_R005,2026-09-15T14:00:00,R005,53,2.32,25.42,IoT
SENS_R006,2026-09-15T14:00:00,R006,46,4.12,26.62,IoT
SENS_R007,2026-09-15T14:00:00,R007,23,3.1,26.19,IoT
SENS_R008,2026-09-15T14:00:00,R008,66,3.12,26.04,IoT
SENS_R009,2026-09-15T14:00:00,R009,30,2.39,24.99,IoT
SENS_R010,2026-09-15T14:00:00,R010,54,3.43,25.3,IoT
SENS_R011,2026-09-15T14:00:00,R011,33,2.15,24.62,IoT
SENS_R012,2026-09-15T14:00:00,R012,44,2.76,24.56,IoT
SENS_R013,2026-09-15T14:00:00,R013,128,3.92,26.47,IoT
SENS_R014,2026-09-15T14:00:00,R014,32,3.17,25.95,IoT
SENS_R015,2026-09-15T14:00:00,R015,17,2.57,25.25,IoT
SENS_R016,2026-09-15T14:00:00,R016,38,2.47,23.31,IoT
SENS_R017,2026-09-15T14:00:00,R017,51,2.76,25.51,IoT
SENS_R018,2026-09-15T14:00:00,R018,69,3.17,24.87,IoT
SENS_R019,2026-09-15T14:00:00,R019,45,3.14,24.99,IoT
SENS_R020,2026-09-15T14:00:00,R020,18,1.62,24.17,IoT
SENS_R021,2026-09-15T14:00:00,R021,47,3.31,25.51,IoT
SENS_R022,2026-09-15T14:00:00,R022,47,3.59,27.25,IoT
SENS_R023,2026-09-15T14:00:00,R023,19,2.63,23.9,IoT
SENS_R024,2026-09-15T14:00:00,R024,35,2.49,25.18,IoT
SENS_R025,2026-09-15T14:00:00,R025,34,2.13,24.67,IoT
SENS_R026,2026-09-15T14:00:00,R026,23,2.17,25.54,IoT
SENS_R027,2026-09-15T14:00:00,R027,54,1.76,24.72,IoT
SENS_R028,2026-09-15T14:00:00,R028,30,2.64,24.52,IoT
SENS_R029,2026-09-15T14:00:00,R029,118,3.55,25.9,IoT
SENS_R030,2026-09-15T14:00:00,R030,50,2.92,26.48,IoT
SENS_R001,2026-09-15T15:00:00,R001,34,3.88,25.16,IoT
SENS_R002,2026-09-15T15:00:00,R002,51,2.36,24.05,IoT
SENS_R003,2026-09-15T15:00:00,R003,83,3.0,25.04,IoT
SENS_R004,2026-09-15T15:00:00,R004,55,2.58,25.58,IoT
SENS_R005,2026-09-15T15:00:00,R005,52,1.9,24.69,IoT
SENS_R006,2026-09-15T15:00:00,R006,12,2.12,23.77,IoT
SENS_R007,2026-09-15T15:00:00,R007,22,3.01,25.07,IoT
SENS_R008,2026-09-15T15:00:00,R008,87,4.12,25.79,IoT
SENS_R009,2026-09-15T15:00:00,R009,18,2.06,25.32,IoT
SENS_R010,2026-09-15T15:00:00,R010,52,3.52,24.86,IoT
SENS_R011,2026-09-15T15:00:00,R011,85,3.56,25.77,IoT
SENS_R012,2026-09-15T15:00:00,R012,60,3.79,27.36,IoT
SENS_R013,2026-09-15T15:00:00,R013,63,1.59,24.53,IoT
SENS_R014,2026-09-15T15:00:00,R014,37,3.68,25.71,IoT
SENS_R015,2026-09-15T15:00:00,R015,26,3.09,25.77,IoT
SENS_R016,2026-09-15T15:00:00,R016,38,2.48,24.62,IoT
SENS_R017,2026-09-15T15:00:00,R017,57,3.71,25.42,IoT
SENS_R018,2026-09-15T15:00:00,R018,59,2.82,25.3,IoT
SENS_R019,2026-09-15T15:00:00,R019,30,2.18,23.9,IoT
SENS_R020,2026-09-15T15:00:00,R020,40,3.0,24.71,IoT
SENS_R021,2026-09-15T15:00:00,R021,51,3.36,26.05,IoT
SENS_R022,2026-09-15T15:00:00,R022,54,3.74,26.35,IoT
SENS_R023,2026-09-15T15:00:00,R023,21,3.15,26.77,IoT
SENS_R024,2026-09-15T15:00:00,R024,36,2.6,24.9,IoT
SENS_R025,2026-09-15T15:00:00,R025,62,2.64,25.49,IoT
SENS_R026,2026-09-15T15:00:00,R026,18,1.99,24.06,IoT
SENS_R027,2026-09-15T15:00:00,R027,98,3.33,26.08,IoT
SENS_R028,2026-09-15T15:00:00,R028,34,3.25,26.62,IoT
SENS_R029,2026-09-15T15:00:00,R029,102,3.29,25.69,IoT
SENS_R030,2026-09-15T15:00:00,R030,48,2.95,25.56,IoT
SENS_R001,2026-09-15T16:00:00,R001,17,2.53,24.95,IoT
SENS_R002,2026-09-15T16:00:00,R002,37,1.43,24.35,IoT
SENS_R003,2026-09-15T16:00:00,R003,43,2.18,23.97,IoT
SENS_R004,2026-09-15T16:00:00,R004,67,3.33,26.27,IoT
SENS_R005,2026-09-15T16:00:00,R005,52,2.48,25.05,IoT
SENS_R006,2026-09-15T16:00:00,R006,40,3.68,25.81,IoT
SENS_R007,2026-09-15T16:00:00,R007,26,3.01,25.79,IoT
SENS_R008,2026-09-15T16:00:00,R008,71,3.68,26.14,IoT
SENS_R009,2026-09-15T16:00:00,R009,24,2.41,23.15,IoT
SENS_R010,2026-09-15T16:00:00,R010,33,2.49,25.11,IoT
SENS_R011,2026-09-15T16:00:00,R011,55,3.01,26.84,IoT
SENS_R012,2026-09-15T16:00:00,R012,63,3.35,25.05,IoT
SENS_R013,2026-09-15T16:00:00,R013,108,3.37,25.66,IoT
SENS_R014,2026-09-15T16:00:00,R014,23,2.28,23.65,IoT
SENS_R015,2026-09-15T16:00:00,R015,15,2.23,24.73,IoT
SENS_R016,2026-09-15T16:00:00,R016,45,2.98,23.4,IoT
SENS_R017,2026-09-15T16:00:00,R017,42,3.27,24.16,IoT
SENS_R018,2026-09-15T16:00:00,R018,85,3.73,26.83,IoT
SENS_R019,2026-09-15T16:00:00,R019,56,2.8,26.13,IoT
SENS_R020,2026-09-15T16:00:00,R020,36,2.8,25.16,IoT
SENS_R021,2026-09-15T16:00:00,R021,49,3.18,28.2,IoT
SENS_R022,2026-09-15T16:00:00,R022,13,1.42,24.38,IoT
SENS_R023,2026-09-15T16:00:00,R023,34,3.71,26.23,IoT
SENS_R024,2026-09-15T16:00:00,R024,58,3.44,26.65,IoT
SENS_R025,2026-09-15T16:00:00,R025,77,2.31,25.08,IoT
SENS_R026,2026-09-15T16:00:00,R026,16,1.94,24.31,IoT
SENS_R027,2026-09-15T16:00:00,R027,112,3.14,24.37,IoT
SENS_R028,2026-09-15T16:00:00,R028,29,2.68,24.8,IoT
SENS_R029,2026-09-15T16:00:00,R029,117,3.71,26.05,IoT
SENS_R030,2026-09-15T16:00:00,R030,28,1.88,24.02,IoT
SENS_R001,2026-09-15T17:00:00,R001,14,2.0,23.61,IoT
SENS_R002,2026-09-15T17:00:00,R002,62,2.29,24.97,IoT
SENS_R003,2026-09-15T17:00:00,R003,95,3.61,25.26,IoT
SENS_R004,2026-09-15T17:00:00,R004,51,2.51,25.58,IoT
SENS_R005,2026-09-15T17:00:00,R005,84,4.26,26.55,IoT
SENS_R006,2026-09-15T17:00:00,R006,17,1.92,25.33,IoT
SENS_R007,2026-09-15T17:00:00,R007,29,3.33,26.55,IoT
SENS_R008,2026-09-15T17:00:00,R008,62,3.07,26.72,IoT
SENS_R009,2026-09-15T17:00:00,R009,37,2.82,25.43,IoT
SENS_R010,2026-09-15T17:00:00,R010,42,2.79,26.9,IoT
SENS_R011,2026-09-15T17:00:00,R011,63,3.13,26.01,IoT
SENS_R012,2026-09-15T17:00:00,R012,42,2.53,25.79,IoT
SENS_R013,2026-09-15T17:00:00,R013,56,2.13,24.92,IoT
SENS_R014,2026-09-15T17:00:00,R014,26,2.57,25.34,IoT
SENS_R015,2026-09-15T17:00:00,R015,32,3.88,26.87,IoT
SENS_R016,2026-09-15T17:00:00,R016,45,2.86,24.6,IoT
SENS_R017,2026-09-15T17:00:00,R017,43,2.73,25.92,IoT
SENS_R018,2026-09-15T17:00:00,R018,38,1.82,24.02,IoT
SENS_R019,2026-09-15T17:00:00,R019,33,2.91,26.53,IoT
SENS_R020,2026-09-15T17:00:00,R020,32,2.92,24.01,IoT
SENS_R021,2026-09-15T17:00:00,R021,49,3.24,26.72,IoT
SENS_R022,2026-09-15T17:00:00,R022,49,2.8,25.41,IoT
SENS_R023,2026-09-15T17:00:00,R023,25,3.35,25.46,IoT
SENS_R024,2026-09-15T17:00:00,R024,61,4.05,24.86,IoT
SENS_R025,2026-09-15T17:00:00,R025,54,3.0,25.91,IoT
SENS_R026,2026-09-15T17:00:00,R026,18,2.23,23.67,IoT
SENS_R027,2026-09-15T17:00:00,R027,34,1.32,24.29,IoT
SENS_R028,2026-09-15T17:00:00,R028,17,1.9,25.25,IoT
SENS_R029,2026-09-15T17:00:00,R029,80,2.66,25.79,IoT
SENS_R030,2026-09-15T17:00:00,R030,59,3.17,25.91,IoT
SENS_R001,2026-09-15T18:00:00,R001,13,1.4,24.06,IoT
SENS_R002,2026-09-15T18:00:00,R002,1,0.79,23.33,IoT
SENS_R003,2026-09-15T18:00:00,R003,22,1.48,25.13,IoT
SENS_R004,2026-09-15T18:00:00,R004,25,2.0,23.43,IoT
SENS_R005,2026-09-15T18:00:00,R005,28,2.01,23.75,IoT
SENS_R006,2026-09-15T18:00:00,R006,3,1.0,22.59,IoT
SENS_R007,2026-09-15T18:00:00,R007,9,1.9,24.08,IoT
SENS_R008,2026-09-15T18:00:00,R008,18,1.48,23.32,IoT
SENS_R009,2026-09-15T18:00:00,R009,9,1.43,24.1,IoT
SENS_R010,2026-09-15T18:00:00,R010,20,1.98,24.24,IoT
SENS_R011,2026-09-15T18:00:00,R011,27,2.43,23.75,IoT
SENS_R012,2026-09-15T18:00:00,R012,15,1.82,24.49,IoT
SENS_R013,2026-09-15T18:00:00,R013,35,1.91,23.24,IoT
SENS_R014,2026-09-15T18:00:00,R014,6,0.79,24.56,IoT
SENS_R015,2026-09-15T18:00:00,R015,12,2.08,25.76,IoT
SENS_R016,2026-09-15T18:00:00,R016,19,1.79,23.64,IoT
SENS_R017,2026-09-15T18:00:00,R017,16,1.42,23.42,IoT
SENS_R018,2026-09-15T18:00:00,R018,11,0.9,24.41,IoT
SENS_R019,2026-09-15T18:00:00,R019,15,1.38,24.41,IoT
SENS_R020,2026-09-15T18:00:00,R020,13,1.8,24.04,IoT
SENS_R021,2026-09-15T18:00:00,R021,22,1.91,26.1,IoT
SENS_R022,2026-09-15T18:00:00,R022,14,1.05,23.23,IoT
SENS_R023,2026-09-15T18:00:00,R023,6,0.9,24.44,IoT
SENS_R024,2026-09-15T18:00:00,R024,10,1.21,24.77,IoT
SENS_R025,2026-09-15T18:00:00,R025,19,0.81,24.54,IoT
SENS_R026,2026-09-15T18:00:00,R026,21,2.23,24.48,IoT
SENS_R027,2026-09-15T18:00:00,R027,16,1.26,24.72,IoT
SENS_R028,2026-09-15T18:00:00,R028,13,1.71,25.1,IoT
SENS_R029,2026-09-15T18:00:00,R029,31,1.43,23.89,IoT
SENS_R030,2026-09-15T18:00:00,R030,17,1.12,23.16,IoT
SENS_R001,2026-09-15T19:00:00,R001,13,1.71,24.22,IoT
SENS_R002,2026-09-15T19:00:00,R002,25,1.22,24.32,IoT
SENS_R003,2026-09-15T19:00:00,R003,9,0.81,24.47,IoT
SENS_R004,2026-09-15T19:00:00,R004,38,2.25,26.44,IoT
SENS_R005,2026-09-15T19:00:00,R005,30,1.52,22.25,IoT
SENS_R006,2026-09-15T19:00:00,R006,13,1.45,22.82,IoT
SENS_R007,2026-09-15T19:00:00,R007,12,1.57,24.39,IoT
SENS_R008,2026-09-15T19:00:00,R008,30,1.9,24.66,IoT
SENS_R009,2026-09-15T19:00:00,R009,25,2.42,24.2,IoT
SENS_R010,2026-09-15T19:00:00,R010,20,1.96,25.14,IoT
SENS_R011,2026-09-15T19:00:00,R011,33,2.06,24.69,IoT
SENS_R012,2026-09-15T19:00:00,R012,5,0.95,24.85,IoT
SENS_R013,2026-09-15T19:00:00,R013,9,1.18,22.97,IoT
SENS_R014,2026-09-15T19:00:00,R014,6,0.95,23.55,IoT
SENS_R015,2026-09-15T19:00:00,R015,11,1.22,25.82,IoT
SENS_R016,2026-09-15T19:00:00,R016,0,0.77,25.36,IoT
SENS_R017,2026-09-15T19:00:00,R017,17,1.43,23.91,IoT
SENS_R018,2026-09-15T19:00:00,R018,1,0.74,22.46,IoT
SENS_R019,2026-09-15T19:00:00,R019,8,1.41,22.97,IoT
SENS_R020,2026-09-15T19:00:00,R020,9,1.34,24.8,IoT
SENS_R021,2026-09-15T19:00:00,R021,19,1.91,25.68,IoT
SENS_R022,2026-09-15T19:00:00,R022,22,2.22,24.95,IoT
SENS_R023,2026-09-15T19:00:00,R023,4,1.16,24.04,IoT
SENS_R024,2026-09-15T19:00:00,R024,20,1.4,24.36,IoT
SENS_R025,2026-09-15T19:00:00,R025,17,1.02,22.94,IoT
SENS_R026,2026-09-15T19:00:00,R026,7,1.12,24.35,IoT
SENS_R027,2026-09-15T19:00:00,R027,17,1.11,23.79,IoT
SENS_R028,2026-09-15T19:00:00,R028,8,1.19,23.64,IoT
SENS_R029,2026-09-15T19:00:00,R029,33,1.85,25.86,IoT
SENS_R030,2026-09-15T19:00:00,R030,23,1.83,24.31,IoT
SENS_R001,2026-09-15T20:00:00,R001,8,1.2,24.47,IoT
SENS_R002,2026-09-15T20:00:00,R002,30,1.39,23.06,IoT
SENS_R003,2026-09-15T20:00:00,R003,27,1.73,23.94,IoT
SENS_R004,2026-09-15T20:00:00,R004,0,1.08,23.25,IoT
SENS_R005,2026-09-15T20:00:00,R005,28,1.94,24.51,IoT
SENS_R006,2026-09-15T20:00:00,R006,3,1.28,24.34,IoT
SENS_R007,2026-09-15T20:00:00,R007,7,1.5,23.39,IoT
SENS_R008,2026-09-15T20:00:00,R008,9,0.68,23.58,IoT
SENS_R009,2026-09-15T20:00:00,R009,11,1.43,24.79,IoT
SENS_R010,2026-09-15T20:00:00,R010,2,1.22,23.94,IoT
SENS_R011,2026-09-15T20:00:00,R011,15,1.45,24.5,IoT
SENS_R012,2026-09-15T20:00:00,R012,10,1.19,23.87,IoT
SENS_R013,2026-09-15T20:00:00,R013,44,1.67,24.43,IoT
SENS_R014,2026-09-15T20:00:00,R014,20,2.14,25.02,IoT
SENS_R015,2026-09-15T20:00:00,R015,4,0.95,24.66,IoT
SENS_R016,2026-09-15T20:00:00,R016,15,1.16,24.05,IoT
SENS_R017,2026-09-15T20:00:00,R017,0,0.72,23.61,IoT
SENS_R018,2026-09-15T20:00:00,R018,19,1.6,25.55,IoT
SENS_R019,2026-09-15T20:00:00,R019,21,2.0,23.66,IoT
SENS_R020,2026-09-15T20:00:00,R020,12,1.77,24.12,IoT
SENS_R021,2026-09-15T20:00:00,R021,11,1.48,23.44,IoT
SENS_R022,2026-09-15T20:00:00,R022,24,2.2,26.0,IoT
SENS_R023,2026-09-15T20:00:00,R023,17,2.31,24.89,IoT
SENS_R024,2026-09-15T20:00:00,R024,26,1.93,23.53,IoT
SENS_R025,2026-09-15T20:00:00,R025,28,1.52,23.95,IoT
SENS_R026,2026-09-15T20:00:00,R026,6,1.03,23.53,IoT
SENS_R027,2026-09-15T20:00:00,R027,37,1.75,24.47,IoT
SENS_R028,2026-09-15T20:00:00,R028,3,1.17,24.68,IoT
SENS_R029,2026-09-15T20:00:00,R029,39,1.93,25.02,IoT
SENS_R030,2026-09-15T20:00:00,R030,7,0.71,25.36,IoT
SENS_R001,2026-09-15T21:00:00,R001,9,1.75,24.49,IoT
SENS_R002,2026-09-15T21:00:00,R002,27,1.75,23.17,IoT
SENS_R003,2026-09-15T21:00:00,R003,14,0.79,25.09,IoT
SENS_R004,2026-09-15T21:00:00,R004,21,1.38,23.06,IoT
SENS_R005,2026-09-15T21:00:00,R005,26,1.84,26.37,IoT
SENS_R006,2026-09-15T21:00:00,R006,1,1.01,24.92,IoT
SENS_R007,2026-09-15T21:00:00,R007,8,1.19,25.2,IoT
SENS_R008,2026-09-15T21:00:00,R008,24,2.16,24.7,IoT
SENS_R009,2026-09-15T21:00:00,R009,12,1.44,24.72,IoT
SENS_R010,2026-09-15T21:00:00,R010,18,1.72,25.5,IoT
SENS_R011,2026-09-15T21:00:00,R011,28,1.6,25.44,IoT
SENS_R012,2026-09-15T21:00:00,R012,9,1.35,24.02,IoT
SENS_R013,2026-09-15T21:00:00,R013,25,1.48,23.01,IoT
SENS_R014,2026-09-15T21:00:00,R014,5,0.99,23.95,IoT
SENS_R015,2026-09-15T21:00:00,R015,3,1.1,24.09,IoT
SENS_R016,2026-09-15T21:00:00,R016,26,1.85,24.86,IoT
SENS_R017,2026-09-15T21:00:00,R017,10,1.14,23.51,IoT
SENS_R018,2026-09-15T21:00:00,R018,33,1.7,23.47,IoT
SENS_R019,2026-09-15T21:00:00,R019,17,1.66,25.22,IoT
SENS_R020,2026-09-15T21:00:00,R020,8,1.01,23.49,IoT
SENS_R021,2026-09-15T21:00:00,R021,20,1.64,24.0,IoT
SENS_R022,2026-09-15T21:00:00,R022,10,1.14,23.01,IoT
SENS_R023,2026-09-15T21:00:00,R023,8,1.13,23.1,IoT
SENS_R024,2026-09-15T21:00:00,R024,20,2.06,24.47,IoT
SENS_R025,2026-09-15T21:00:00,R025,19,1.06,23.96,IoT
SENS_R026,2026-09-15T21:00:00,R026,12,1.73,24.22,IoT
SENS_R027,2026-09-15T21:00:00,R027,32,1.18,24.38,IoT
SENS_R028,2026-09-15T21:00:00,R028,18,2.18,25.42,IoT
SENS_R029,2026-09-15T21:00:00,R029,46,1.93,23.88,IoT
SENS_R030,2026-09-15T21:00:00,R030,24,1.77,25.71,IoT
SENS_R001,2026-09-16T06:00:00,R001,4,1.42,24.57,IoT
SENS_R002,2026-09-16T06:00:00,R002,41,1.95,25.17,IoT
SENS_R003,2026-09-16T06:00:00,R003,16,1.72,24.45,IoT
SENS_R004,2026-09-16T06:00:00,R004,29,2.1,25.72,IoT
SENS_R005,2026-09-16T06:00:00,R005,20,1.54,23.64,IoT
SENS_R006,2026-09-16T06:00:00,R006,1,1.1,23.5,IoT
SENS_R007,2026-09-16T06:00:00,R007,7,1.6,23.97,IoT
SENS_R008,2026-09-16T06:00:00,R008,18,1.5,23.54,IoT
SENS_R009,2026-09-16T06:00:00,R009,14,1.66,24.86,IoT
SENS_R010,2026-09-16T06:00:00,R010,5,1.5,24.99,IoT
SENS_R011,2026-09-16T06:00:00,R011,22,1.33,24.01,IoT
SENS_R012,2026-09-16T06:00:00,R012,1,0.92,25.35,IoT
SENS_R013,2026-09-16T06:00:00,R013,60,1.82,24.63,IoT
SENS_R014,2026-09-16T06:00:00,R014,8,1.2,21.65,IoT
SENS_R015,2026-09-16T06:00:00,R015,10,1.65,24.83,IoT
SENS_R016,2026-09-16T06:00:00,R016,21,1.47,24.43,IoT
SENS_R017,2026-09-16T06:00:00,R017,8,1.02,23.82,IoT
SENS_R018,2026-09-16T06:00:00,R018,21,2.0,25.73,IoT
SENS_R019,2026-09-16T06:00:00,R019,30,2.46,24.27,IoT
SENS_R020,2026-09-16T06:00:00,R020,13,1.59,25.34,IoT
SENS_R021,2026-09-16T06:00:00,R021,22,1.84,24.19,IoT
SENS_R022,2026-09-16T06:00:00,R022,21,2.22,24.82,IoT
SENS_R023,2026-09-16T06:00:00,R023,14,1.79,24.1,IoT
SENS_R024,2026-09-16T06:00:00,R024,6,1.2,22.99,IoT
SENS_R025,2026-09-16T06:00:00,R025,42,2.15,24.49,IoT
SENS_R026,2026-09-16T06:00:00,R026,16,1.96,24.48,IoT
SENS_R027,2026-09-16T06:00:00,R027,31,1.79,24.89,IoT
SENS_R028,2026-09-16T06:00:00,R028,6,1.41,23.25,IoT
SENS_R029,2026-09-16T06:00:00,R029,40,2.26,25.39,IoT
SENS_R030,2026-09-16T06:00:00,R030,15,1.98,25.58,IoT
SENS_R001,2026-09-16T07:00:00,R001,2,0.9,23.66,IoT
SENS_R002,2026-09-16T07:00:00,R002,35,1.73,24.44,IoT
SENS_R003,2026-09-16T07:00:00,R003,26,2.04,22.6,IoT
SENS_R004,2026-09-16T07:00:00,R004,15,1.3,24.29,IoT
SENS_R005,2026-09-16T07:00:00,R005,23,1.59,22.46,IoT
SENS_R006,2026-09-16T07:00:00,R006,7,1.09,23.56,IoT
SENS_R007,2026-09-16T07:00:00,R007,9,2.03,23.51,IoT
SENS_R008,2026-09-16T07:00:00,R008,24,2.24,25.53,IoT
SENS_R009,2026-09-16T07:00:00,R009,15,1.54,23.93,IoT
SENS_R010,2026-09-16T07:00:00,R010,20,2.09,23.59,IoT
SENS_R011,2026-09-16T07:00:00,R011,32,1.63,24.34,IoT
SENS_R012,2026-09-16T07:00:00,R012,13,1.58,24.48,IoT
SENS_R013,2026-09-16T07:00:00,R013,48,2.04,24.03,IoT
SENS_R014,2026-09-16T07:00:00,R014,13,1.68,24.36,IoT
SENS_R015,2026-09-16T07:00:00,R015,9,1.7,25.09,IoT
SENS_R016,2026-09-16T07:00:00,R016,18,1.9,24.89,IoT
SENS_R017,2026-09-16T07:00:00,R017,13,1.44,23.21,IoT
SENS_R018,2026-09-16T07:00:00,R018,13,1.34,22.74,IoT
SENS_R019,2026-09-16T07:00:00,R019,6,1.09,24.25,IoT
SENS_R020,2026-09-16T07:00:00,R020,14,1.32,24.06,IoT
SENS_R021,2026-09-16T07:00:00,R021,18,1.6,25.25,IoT
SENS_R022,2026-09-16T07:00:00,R022,20,1.62,24.81,IoT
SENS_R023,2026-09-16T07:00:00,R023,14,2.33,24.53,IoT
SENS_R024,2026-09-16T07:00:00,R024,20,1.95,23.99,IoT
SENS_R025,2026-09-16T07:00:00,R025,37,1.64,24.03,IoT
SENS_R026,2026-09-16T07:00:00,R026,12,1.18,25.31,IoT
SENS_R027,2026-09-16T07:00:00,R027,31,1.49,25.49,IoT
SENS_R028,2026-09-16T07:00:00,R028,6,1.0,25.99,IoT
SENS_R029,2026-09-16T07:00:00,R029,28,1.05,22.56,IoT
SENS_R030,2026-09-16T07:00:00,R030,30,2.11,23.75,IoT
SENS_R001,2026-09-16T08:00:00,R001,29,3.25,25.55,IoT
SENS_R002,2026-09-16T08:00:00,R002,67,2.97,25.57,IoT
SENS_R003,2026-09-16T08:00:00,R003,61,2.3,25.2,IoT
SENS_R004,2026-09-16T08:00:00,R004,39,2.19,24.26,IoT
SENS_R005,2026-09-16T08:00:00,R005,65,3.51,24.46,IoT
SENS_R006,2026-09-16T08:00:00,R006,23,2.36,25.48,IoT
SENS_R007,2026-09-16T08:00:00,R007,22,2.45,24.59,IoT
SENS_R008,2026-09-16T08:00:00,R008,47,2.85,23.98,IoT
SENS_R009,2026-09-16T08:00:00,R009,37,2.73,25.86,IoT
SENS_R010,2026-09-16T08:00:00,R010,41,3.11,25.54,IoT
SENS_R011,2026-09-16T08:00:00,R011,49,2.49,25.83,IoT
SENS_R012,2026-09-16T08:00:00,R012,47,3.18,27.07,IoT
SENS_R013,2026-09-16T08:00:00,R013,105,3.09,24.74,IoT
SENS_R014,2026-09-16T08:00:00,R014,28,2.82,25.41,IoT
SENS_R015,2026-09-16T08:00:00,R015,13,2.23,23.74,IoT
SENS_R016,2026-09-16T08:00:00,R016,35,2.62,25.27,IoT
SENS_R017,2026-09-16T08:00:00,R017,24,1.81,22.95,IoT
SENS_R018,2026-09-16T08:00:00,R018,61,3.32,25.35,IoT
SENS_R019,2026-09-16T08:00:00,R019,45,3.59,25.94,IoT
SENS_R020,2026-09-16T08:00:00,R020,42,3.1,25.31,IoT
SENS_R021,2026-09-16T08:00:00,R021,33,2.26,25.46,IoT
SENS_R022,2026-09-16T08:00:00,R022,39,2.35,23.6,IoT
SENS_R023,2026-09-16T08:00:00,R023,24,3.15,25.76,IoT
SENS_R024,2026-09-16T08:00:00,R024,27,2.49,25.7,IoT
SENS_R025,2026-09-16T08:00:00,R025,94,3.73,27.19,IoT
SENS_R026,2026-09-16T08:00:00,R026,28,2.89,24.85,IoT
SENS_R027,2026-09-16T08:00:00,R027,47,1.6,23.21,IoT
SENS_R028,2026-09-16T08:00:00,R028,22,2.68,26.8,IoT
SENS_R029,2026-09-16T08:00:00,R029,104,3.0,24.71,IoT
SENS_R030,2026-09-16T08:00:00,R030,40,2.82,25.0,IoT
SENS_R001,2026-09-16T09:00:00,R001,34,3.79,25.77,IoT
SENS_R002,2026-09-16T09:00:00,R002,78,2.94,25.13,IoT
SENS_R003,2026-09-16T09:00:00,R003,80,2.95,26.24,IoT
SENS_R004,2026-09-16T09:00:00,R004,41,2.17,25.61,IoT
SENS_R005,2026-09-16T09:00:00,R005,86,3.49,26.62,IoT
SENS_R006,2026-09-16T09:00:00,R006,30,2.94,25.2,IoT
SENS_R007,2026-09-16T09:00:00,R007,18,2.41,24.2,IoT
SENS_R008,2026-09-16T09:00:00,R008,52,2.83,25.98,IoT
SENS_R009,2026-09-16T09:00:00,R009,37,2.94,23.77,IoT
SENS_R010,2026-09-16T09:00:00,R010,39,2.92,26.08,IoT
SENS_R011,2026-09-16T09:00:00,R011,66,3.24,24.09,IoT
SENS_R012,2026-09-16T09:00:00,R012,68,3.81,26.26,IoT
SENS_R013,2026-09-16T09:00:00,R013,115,3.43,24.88,IoT
SENS_R014,2026-09-16T09:00:00,R014,21,2.11,25.21,IoT
SENS_R015,2026-09-16T09:00:00,R015,27,3.25,25.35,IoT
SENS_R016,2026-09-16T09:00:00,R016,34,2.06,24.94,IoT
SENS_R017,2026-09-16T09:00:00,R017,21,1.81,24.01,IoT
SENS_R018,2026-09-16T09:00:00,R018,66,3.58,24.39,IoT
SENS_R019,2026-09-16T09:00:00,R019,41,2.45,25.94,IoT
SENS_R020,2026-09-16T09:00:00,R020,28,2.48,24.77,IoT
SENS_R021,2026-09-16T09:00:00,R021,51,3.37,27.29,IoT
SENS_R022,2026-09-16T09:00:00,R022,42,2.95,25.77,IoT
SENS_R023,2026-09-16T09:00:00,R023,12,1.98,25.15,IoT
SENS_R024,2026-09-16T09:00:00,R024,39,3.05,25.73,IoT
SENS_R025,2026-09-16T09:00:00,R025,87,3.68,26.08,IoT
SENS_R026,2026-09-16T09:00:00,R026,13,1.29,24.57,IoT
SENS_R027,2026-09-16T09:00:00,R027,91,3.1,27.42,IoT
SENS_R028,2026-09-16T09:00:00,R028,40,3.09,24.84,IoT
SENS_R029,2026-09-16T09:00:00,R029,109,3.18,25.42,IoT
SENS_R030,2026-09-16T09:00:00,R030,68,4.1,25.44,IoT
SENS_R001,2026-09-16T10:00:00,R001,37,3.87,25.44,IoT
SENS_R002,2026-09-16T10:00:00,R002,69,2.76,25.84,IoT
SENS_R003,2026-09-16T10:00:00,R003,96,4.07,25.89,IoT
SENS_R004,2026-09-16T10:00:00,R004,64,3.09,24.91,IoT
SENS_R005,2026-09-16T10:00:00,R005,18,1.7,24.39,IoT
SENS_R006,2026-09-16T10:00:00,R006,22,2.52,23.61,IoT
SENS_R007,2026-09-16T10:00:00,R007,32,3.91,26.14,IoT
SENS_R008,2026-09-16T10:00:00,R008,60,3.18,25.26,IoT
SENS_R009,2026-09-16T10:00:00,R009,25,2.18,26.32,IoT
SENS_R010,2026-09-16T10:00:00,R010,43,2.61,25.3,IoT
SENS_R011,2026-09-16T10:00:00,R011,36,1.95,26.18,IoT
SENS_R012,2026-09-16T10:00:00,R012,71,3.51,24.35,IoT
SENS_R013,2026-09-16T10:00:00,R013,100,3.17,25.29,IoT
SENS_R014,2026-09-16T10:00:00,R014,29,3.09,26.3,IoT
SENS_R015,2026-09-16T10:00:00,R015,24,3.05,26.18,IoT
SENS_R016,2026-09-16T10:00:00,R016,43,2.8,25.58,IoT
SENS_R017,2026-09-16T10:00:00,R017,49,3.27,24.92,IoT
SENS_R018,2026-09-16T10:00:00,R018,66,3.58,26.35,IoT
SENS_R019,2026-09-16T10:00:00,R019,64,3.41,25.18,IoT
SENS_R020,2026-09-16T10:00:00,R020,51,3.64,26.72,IoT
SENS_R021,2026-09-16T10:00:00,R021,52,3.39,25.71,IoT
SENS_R022,2026-09-16T10:00:00,R022,33,2.39,24.93,IoT
SENS_R023,2026-09-16T10:00:00,R023,16,2.31,25.46,IoT
SENS_R024,2026-09-16T10:00:00,R024,25,2.16,25.32,IoT
SENS_R025,2026-09-16T10:00:00,R025,77,2.95,25.68,IoT
SENS_R026,2026-09-16T10:00:00,R026,32,3.47,26.46,IoT
SENS_R027,2026-09-16T10:00:00,R027,95,3.18,26.02,IoT
SENS_R028,2026-09-16T10:00:00,R028,21,2.66,25.83,IoT
SENS_R029,2026-09-16T10:00:00,R029,70,2.02,24.84,IoT
SENS_R030,2026-09-16T10:00:00,R030,56,3.49,25.86,IoT
SENS_R001,2026-09-16T11:00:00,R001,11,2.04,23.64,IoT
SENS_R002,2026-09-16T11:00:00,R002,40,1.77,24.3,IoT
SENS_R003,2026-09-16T11:00:00,R003,58,2.42,25.21,IoT
SENS_R004,2026-09-16T11:00:00,R004,52,3.08,26.97,IoT
SENS_R005,2026-09-16T11:00:00,R005,81,3.83,26.08,IoT
SENS_R006,2026-09-16T11:00:00,R006,41,4.07,26.07,IoT
SENS_R007,2026-09-16T11:00:00,R007,21,2.48,25.9,IoT
SENS_R008,2026-09-16T11:00:00,R008,69,3.32,27.06,IoT
SENS_R009,2026-09-16T11:00:00,R009,28,2.14,25.33,IoT
SENS_R010,2026-09-16T11:00:00,R010,62,3.66,26.63,IoT
SENS_R011,2026-09-16T11:00:00,R011,84,3.72,26.55,IoT
SENS_R012,2026-09-16T11:00:00,R012,43,2.63,24.95,IoT
SENS_R013,2026-09-16T11:00:00,R013,105,3.18,25.1,IoT
SENS_R014,2026-09-16T11:00:00,R014,18,2.72,25.84,IoT
SENS_R015,2026-09-16T11:00:00,R015,22,2.87,26.68,IoT
SENS_R016,2026-09-16T11:00:00,R016,52,3.35,26.89,IoT
SENS_R017,2026-09-16T11:00:00,R017,55,3.6,26.4,IoT
SENS_R018,2026-09-16T11:00:00,R018,83,3.6,25.59,IoT
SENS_R019,2026-09-16T11:00:00,R019,39,2.84,25.25,IoT
SENS_R020,2026-09-16T11:00:00,R020,30,2.25,25.25,IoT
SENS_R021,2026-09-16T11:00:00,R021,51,3.2,25.79,IoT
SENS_R022,2026-09-16T11:00:00,R022,40,2.73,24.71,IoT
SENS_R023,2026-09-16T11:00:00,R023,24,3.44,24.53,IoT
SENS_R024,2026-09-16T11:00:00,R024,48,2.84,24.47,IoT
SENS_R025,2026-09-16T11:00:00,R025,67,2.38,25.55,IoT
SENS_R026,2026-09-16T11:00:00,R026,33,3.12,24.44,IoT
SENS_R027,2026-09-16T11:00:00,R027,111,3.6,25.49,IoT
SENS_R028,2026-09-16T11:00:00,R028,25,2.15,22.9,IoT
SENS_R029,2026-09-16T11:00:00,R029,110,3.12,24.79,IoT
SENS_R030,2026-09-16T11:00:00,R030,67,3.77,25.43,IoT
SENS_R001,2026-09-16T12:00:00,R001,30,3.58,26.02,IoT
SENS_R002,2026-09-16T12:00:00,R002,64,2.73,24.67,IoT
SENS_R003,2026-09-16T12:00:00,R003,103,3.69,25.04,IoT
SENS_R004,2026-09-16T12:00:00,R004,64,3.3,26.27,IoT
SENS_R005,2026-09-16T12:00:00,R005,24,1.68,24.49,IoT
SENS_R006,2026-09-16T12:00:00,R006,35,3.09,24.68,IoT
SENS_R007,2026-09-16T12:00:00,R007,12,2.06,24.75,IoT
SENS_R008,2026-09-16T12:00:00,R008,83,3.45,25.51,IoT
SENS_R009,2026-09-16T12:00:00,R009,38,2.74,25.11,IoT
SENS_R010,2026-09-16T12:00:00,R010,50,3.16,24.88,IoT
SENS_R011,2026-09-16T12:00:00,R011,68,2.9,25.52,IoT
SENS_R012,2026-09-16T12:00:00,R012,47,2.63,25.52,IoT
SENS_R013,2026-09-16T12:00:00,R013,84,2.93,25.44,IoT
SENS_R014,2026-09-16T12:00:00,R014,42,3.77,26.28,IoT
SENS_R015,2026-09-16T12:00:00,R015,26,2.45,24.63,IoT
SENS_R016,2026-09-16T12:00:00,R016,34,2.34,24.71,IoT
SENS_R017,2026-09-16T12:00:00,R017,45,3.42,26.53,IoT
SENS_R018,2026-09-16T12:00:00,R018,67,3.28,26.41,IoT
SENS_R019,2026-09-16T12:00:00,R019,22,1.81,23.75,IoT
SENS_R020,2026-09-16T12:00:00,R020,43,3.43,25.54,IoT
SENS_R021,2026-09-16T12:00:00,R021,17,1.3,23.99,IoT
SENS_R022,2026-09-16T12:00:00,R022,51,3.47,25.05,IoT
SENS_R023,2026-09-16T12:00:00,R023,20,1.98,25.04,IoT
SENS_R024,2026-09-16T12:00:00,R024,44,2.64,25.07,IoT
SENS_R025,2026-09-16T12:00:00,R025,97,3.32,25.37,IoT
SENS_R026,2026-09-16T12:00:00,R026,19,1.76,25.56,IoT
SENS_R027,2026-09-16T12:00:00,R027,72,2.58,23.9,IoT
SENS_R028,2026-09-16T12:00:00,R028,30,3.0,25.07,IoT
SENS_R029,2026-09-16T12:00:00,R029,94,2.8,26.72,IoT
SENS_R030,2026-09-16T12:00:00,R030,39,2.32,24.68,IoT
SENS_R001,2026-09-16T13:00:00,R001,27,3.4,25.36,IoT
SENS_R002,2026-09-16T13:00:00,R002,81,3.01,24.44,IoT
SENS_R003,2026-09-16T13:00:00,R003,61,2.5,26.16,IoT
SENS_R004,2026-09-16T13:00:00,R004,62,2.64,25.41,IoT
SENS_R005,2026-09-16T13:00:00,R005,26,1.94,25.27,IoT
SENS_R006,2026-09-16T13:00:00,R006,31,2.93,26.62,IoT
SENS_R007,2026-09-16T13:00:00,R007,28,3.45,25.38,IoT
SENS_R008,2026-09-16T13:00:00,R008,78,3.52,26.8,IoT
SENS_R009,2026-09-16T13:00:00,R009,42,2.71,24.31,IoT
SENS_R010,2026-09-16T13:00:00,R010,68,4.12,28.2,IoT
SENS_R011,2026-09-16T13:00:00,R011,49,2.5,26.72,IoT
SENS_R012,2026-09-16T13:00:00,R012,36,2.1,25.54,IoT
SENS_R013,2026-09-16T13:00:00,R013,126,3.58,25.27,IoT
SENS_R014,2026-09-16T13:00:00,R014,21,2.35,26.04,IoT
SENS_R015,2026-09-16T13:00:00,R015,27,3.55,26.07,IoT
SENS_R016,2026-09-16T13:00:00,R016,49,2.87,25.43,IoT
SENS_R017,2026-09-16T13:00:00,R017,70,4.04,25.58,IoT
SENS_R018,2026-09-16T13:00:00,R018,73,3.24,26.67,IoT
SENS_R019,2026-09-16T13:00:00,R019,33,2.44,24.85,IoT
SENS_R020,2026-09-16T13:00:00,R020,38,2.87,25.46,IoT
SENS_R021,2026-09-16T13:00:00,R021,63,4.01,24.97,IoT
SENS_R022,2026-09-16T13:00:00,R022,60,3.68,26.1,IoT
SENS_R023,2026-09-16T13:00:00,R023,24,3.12,24.8,IoT
SENS_R024,2026-09-16T13:00:00,R024,29,2.35,24.87,IoT
SENS_R025,2026-09-16T13:00:00,R025,70,2.71,26.07,IoT
SENS_R026,2026-09-16T13:00:00,R026,33,3.15,26.82,IoT
SENS_R027,2026-09-16T13:00:00,R027,80,3.07,26.15,IoT
SENS_R028,2026-09-16T13:00:00,R028,39,3.74,26.61,IoT
SENS_R029,2026-09-16T13:00:00,R029,59,2.37,24.83,IoT
SENS_R030,2026-09-16T13:00:00,R030,52,3.01,26.67,IoT
SENS_R001,2026-09-16T14:00:00,R001,16,2.35,24.07,IoT
SENS_R002,2026-09-16T14:00:00,R002,80,2.75,25.6,IoT
SENS_R003,2026-09-16T14:00:00,R003,35,1.62,23.4,IoT
SENS_R004,2026-09-16T14:00:00,R004,49,2.72,25.91,IoT
SENS_R005,2026-09-16T14:00:00,R005,60,3.14,25.1,IoT
SENS_R006,2026-09-16T14:00:00,R006,25,2.71,24.86,IoT
SENS_R007,2026-09-16T14:00:00,R007,13,2.14,25.28,IoT
SENS_R008,2026-09-16T14:00:00,R008,40,2.33,24.78,IoT
SENS_R009,2026-09-16T14:00:00,R009,39,2.98,24.48,IoT
SENS_R010,2026-09-16T14:00:00,R010,41,2.53,25.52,IoT
SENS_R011,2026-09-16T14:00:00,R011,49,2.24,26.1,IoT
SENS_R012,2026-09-16T14:00:00,R012,35,2.11,25.91,IoT
SENS_R013,2026-09-16T14:00:00,R013,85,2.85,25.73,IoT
SENS_R014,2026-09-16T14:00:00,R014,27,2.84,25.25,IoT
SENS_R015,2026-09-16T14:00:00,R015,40,4.0,26.73,IoT
SENS_R016,2026-09-16T14:00:00,R016,26,1.88,24.19,IoT
SENS_R017,2026-09-16T14:00:00,R017,62,3.89,26.69,IoT
SENS_R018,2026-09-16T14:00:00,R018,49,2.4,23.12,IoT
SENS_R019,2026-09-16T14:00:00,R019,43,2.8,24.38,IoT
SENS_R020,2026-09-16T14:00:00,R020,53,3.56,24.89,IoT
SENS_R021,2026-09-16T14:00:00,R021,55,3.38,24.76,IoT
SENS_R022,2026-09-16T14:00:00,R022,30,2.5,25.96,IoT
SENS_R023,2026-09-16T14:00:00,R023,17,2.04,23.57,IoT
SENS_R024,2026-09-16T14:00:00,R024,27,1.92,24.98,IoT
SENS_R025,2026-09-16T14:00:00,R025,42,2.06,25.45,IoT
SENS_R026,2026-09-16T14:00:00,R026,24,2.43,24.74,IoT
SENS_R027,2026-09-16T14:00:00,R027,134,4.04,27.34,IoT
SENS_R028,2026-09-16T14:00:00,R028,25,2.4,26.21,IoT
SENS_R029,2026-09-16T14:00:00,R029,76,2.68,25.6,IoT
SENS_R030,2026-09-16T14:00:00,R030,50,2.95,25.2,IoT
SENS_R001,2026-09-16T15:00:00,R001,27,3.32,26.34,IoT
SENS_R002,2026-09-16T15:00:00,R002,87,3.56,24.95,IoT
SENS_R003,2026-09-16T15:00:00,R003,36,1.88,24.2,IoT
SENS_R004,2026-09-16T15:00:00,R004,70,3.78,26.42,IoT
SENS_R005,2026-09-16T15:00:00,R005,40,2.31,24.96,IoT
SENS_R006,2026-09-16T15:00:00,R006,26,2.79,24.31,IoT
SENS_R007,2026-09-16T15:00:00,R007,24,2.78,25.81,IoT
SENS_R008,2026-09-16T15:00:00,R008,74,3.5,25.89,IoT
SENS_R009,2026-09-16T15:00:00,R009,43,3.64,24.76,IoT
SENS_R010,2026-09-16T15:00:00,R010,25,2.02,23.69,IoT
SENS_R011,2026-09-16T15:00:00,R011,55,2.75,23.98,IoT
SENS_R012,2026-09-16T15:00:00,R012,66,4.05,26.27,IoT
SENS_R013,2026-09-16T15:00:00,R013,72,2.43,24.23,IoT
SENS_R014,2026-09-16T15:00:00,R014,41,3.14,24.71,IoT
SENS_R015,2026-09-16T15:00:00,R015,28,3.4,25.5,IoT
SENS_R016,2026-09-16T15:00:00,R016,50,3.13,25.38,IoT
SENS_R017,2026-09-16T15:00:00,R017,34,2.13,25.6,IoT
SENS_R018,2026-09-16T15:00:00,R018,69,3.11,25.33,IoT
SENS_R019,2026-09-16T15:00:00,R019,48,3.49,26.15,IoT
SENS_R020,2026-09-16T15:00:00,R020,44,3.37,25.4,IoT
SENS_R021,2026-09-16T15:00:00,R021,38,2.53,25.04,IoT
SENS_R022,2026-09-16T15:00:00,R022,58,3.84,26.07,IoT
SENS_R023,2026-09-16T15:00:00,R023,18,2.57,25.15,IoT
SENS_R024,2026-09-16T15:00:00,R024,28,1.95,24.78,IoT
SENS_R025,2026-09-16T15:00:00,R025,95,3.59,27.38,IoT
SENS_R026,2026-09-16T15:00:00,R026,36,3.34,24.85,IoT
SENS_R027,2026-09-16T15:00:00,R027,39,1.36,24.6,IoT
SENS_R028,2026-09-16T15:00:00,R028,24,2.87,23.53,IoT
SENS_R029,2026-09-16T15:00:00,R029,85,3.07,24.69,IoT
SENS_R030,2026-09-16T15:00:00,R030,40,2.77,25.62,IoT
SENS_R001,2026-09-16T16:00:00,R001,13,1.71,25.11,IoT
SENS_R002,2026-09-16T16:00:00,R002,39,1.79,22.21,IoT
SENS_R003,2026-09-16T16:00:00,R003,95,3.29,25.41,IoT
SENS_R004,2026-09-16T16:00:00,R004,52,2.41,24.14,IoT
SENS_R005,2026-09-16T16:00:00,R005,74,3.01,24.9,IoT
SENS_R006,2026-09-16T16:00:00,R006,19,2.07,23.48,IoT
SENS_R007,2026-09-16T16:00:00,R007,33,3.92,27.35,IoT
SENS_R008,2026-09-16T16:00:00,R008,66,3.23,23.84,IoT
SENS_R009,2026-09-16T16:00:00,R009,32,3.14,26.0,IoT
SENS_R010,2026-09-16T16:00:00,R010,31,2.73,24.72,IoT
SENS_R011,2026-09-16T16:00:00,R011,33,1.76,23.46,IoT
SENS_R012,2026-09-16T16:00:00,R012,71,3.67,25.37,IoT
SENS_R013,2026-09-16T16:00:00,R013,111,3.27,26.94,IoT
SENS_R014,2026-09-16T16:00:00,R014,25,2.66,22.98,IoT
SENS_R015,2026-09-16T16:00:00,R015,24,2.76,26.33,IoT
SENS_R016,2026-09-16T16:00:00,R016,46,3.34,25.11,IoT
SENS_R017,2026-09-16T16:00:00,R017,44,2.94,23.72,IoT
SENS_R018,2026-09-16T16:00:00,R018,43,2.84,25.24,IoT
SENS_R019,2026-09-16T16:00:00,R019,52,3.64,26.74,IoT
SENS_R020,2026-09-16T16:00:00,R020,48,3.49,24.05,IoT
SENS_R021,2026-09-16T16:00:00,R021,42,3.0,24.03,IoT
SENS_R022,2026-09-16T16:00:00,R022,52,3.5,27.14,IoT
SENS_R023,2026-09-16T16:00:00,R023,13,2.01,23.82,IoT
SENS_R024,2026-09-16T16:00:00,R024,38,2.83,23.7,IoT
SENS_R025,2026-09-16T16:00:00,R025,37,1.66,23.84,IoT
SENS_R026,2026-09-16T16:00:00,R026,23,2.75,25.09,IoT
SENS_R027,2026-09-16T16:00:00,R027,36,1.56,24.12,IoT
SENS_R028,2026-09-16T16:00:00,R028,32,3.13,25.81,IoT
SENS_R029,2026-09-16T16:00:00,R029,73,2.36,25.47,IoT
SENS_R030,2026-09-16T16:00:00,R030,55,3.29,25.58,IoT
SENS_R001,2026-09-16T17:00:00,R001,30,3.45,25.11,IoT
SENS_R002,2026-09-16T17:00:00,R002,77,3.4,25.73,IoT
SENS_R003,2026-09-16T17:00:00,R003,64,2.57,24.9,IoT
SENS_R004,2026-09-16T17:00:00,R004,74,3.59,24.71,IoT
SENS_R005,2026-09-16T17:00:00,R005,58,2.73,24.51,IoT
SENS_R006,2026-09-16T17:00:00,R006,30,3.25,25.32,IoT
SENS_R007,2026-09-16T17:00:00,R007,35,3.89,26.65,IoT
SENS_R008,2026-09-16T17:00:00,R008,44,2.81,25.8,IoT
SENS_R009,2026-09-16T17:00:00,R009,45,3.37,25.68,IoT
SENS_R010,2026-09-16T17:00:00,R010,44,3.12,27.35,IoT
SENS_R011,2026-09-16T17:00:00,R011,44,2.17,25.75,IoT
SENS_R012,2026-09-16T17:00:00,R012,41,2.88,24.9,IoT
SENS_R013,2026-09-16T17:00:00,R013,120,4.03,25.43,IoT
SENS_R014,2026-09-16T17:00:00,R014,35,3.24,25.04,IoT
SENS_R015,2026-09-16T17:00:00,R015,28,3.32,25.25,IoT
SENS_R016,2026-09-16T17:00:00,R016,33,1.95,23.48,IoT
SENS_R017,2026-09-16T17:00:00,R017,33,2.4,25.35,IoT
SENS_R018,2026-09-16T17:00:00,R018,75,3.21,25.52,IoT
SENS_R019,2026-09-16T17:00:00,R019,28,1.88,24.53,IoT
SENS_R020,2026-09-16T17:00:00,R020,38,3.06,24.32,IoT
SENS_R021,2026-09-16T17:00:00,R021,41,2.61,25.15,IoT
SENS_R022,2026-09-16T17:00:00,R022,15,1.79,24.55,IoT
SENS_R023,2026-09-16T17:00:00,R023,28,3.5,25.9,IoT
SENS_R024,2026-09-16T17:00:00,R024,33,2.37,24.45,IoT
SENS_R025,2026-09-16T17:00:00,R025,65,3.06,24.92,IoT
SENS_R026,2026-09-16T17:00:00,R026,48,4.28,26.05,IoT
SENS_R027,2026-09-16T17:00:00,R027,76,2.55,25.06,IoT
SENS_R028,2026-09-16T17:00:00,R028,35,3.19,25.39,IoT
SENS_R029,2026-09-16T17:00:00,R029,103,3.49,26.03,IoT
SENS_R030,2026-09-16T17:00:00,R030,67,3.71,24.82,IoT
SENS_R001,2026-09-16T18:00:00,R001,6,1.59,23.84,IoT
SENS_R002,2026-09-16T18:00:00,R002,15,1.58,26.08,IoT
SENS_R003,2026-09-16T18:00:00,R003,13,0.95,23.31,IoT
SENS_R004,2026-09-16T18:00:00,R004,26,1.36,25.02,IoT
SENS_R005,2026-09-16T18:00:00,R005,36,2.0,25.21,IoT
SENS_R006,2026-09-16T18:00:00,R006,15,1.71,23.41,IoT
SENS_R007,2026-09-16T18:00:00,R007,13,2.49,24.79,IoT
SENS_R008,2026-09-16T18:00:00,R008,13,1.19,22.94,IoT
SENS_R009,2026-09-16T18:00:00,R009,9,1.21,24.23,IoT
SENS_R010,2026-09-16T18:00:00,R010,15,1.91,25.38,IoT
SENS_R011,2026-09-16T18:00:00,R011,32,1.76,25.58,IoT
SENS_R012,2026-09-16T18:00:00,R012,13,1.17,24.01,IoT
SENS_R013,2026-09-16T18:00:00,R013,24,0.96,23.41,IoT
SENS_R014,2026-09-16T18:00:00,R014,8,1.65,24.99,IoT
SENS_R015,2026-09-16T18:00:00,R015,12,1.91,25.04,IoT
SENS_R016,2026-09-16T18:00:00,R016,27,1.42,24.77,IoT
SENS_R017,2026-09-16T18:00:00,R017,10,1.35,23.55,IoT
SENS_R018,2026-09-16T18:00:00,R018,22,1.04,23.88,IoT
SENS_R019,2026-09-16T18:00:00,R019,6,0.9,23.16,IoT
SENS_R020,2026-09-16T18:00:00,R020,8,1.04,24.0,IoT
SENS_R021,2026-09-16T18:00:00,R021,14,1.54,24.34,IoT
SENS_R022,2026-09-16T18:00:00,R022,4,1.28,24.28,IoT
SENS_R023,2026-09-16T18:00:00,R023,5,1.01,22.63,IoT
SENS_R024,2026-09-16T18:00:00,R024,2,1.02,22.93,IoT
SENS_R025,2026-09-16T18:00:00,R025,49,2.42,24.28,IoT
SENS_R026,2026-09-16T18:00:00,R026,9,1.22,24.89,IoT
SENS_R027,2026-09-16T18:00:00,R027,46,1.95,26.25,IoT
SENS_R028,2026-09-16T18:00:00,R028,9,1.28,23.35,IoT
SENS_R029,2026-09-16T18:00:00,R029,39,1.64,23.63,IoT
SENS_R030,2026-09-16T18:00:00,R030,11,0.75,23.64,IoT
SENS_R001,2026-09-16T19:00:00,R001,10,1.78,25.67,IoT
SENS_R002,2026-09-16T19:00:00,R002,26,1.14,23.23,IoT
SENS_R003,2026-09-16T19:00:00,R003,30,2.1,23.23,IoT
SENS_R004,2026-09-16T19:00:00,R004,15,1.46,23.51,IoT
SENS_R005,2026-09-16T19:00:00,R005,7,0.81,24.24,IoT
SENS_R006,2026-09-16T19:00:00,R006,5,1.11,24.2,IoT
SENS_R007,2026-09-16T19:00:00,R007,6,1.11,24.86,IoT
SENS_R008,2026-09-16T19:00:00,R008,32,2.0,25.5,IoT
SENS_R009,2026-09-16T19:00:00,R009,14,1.84,24.59,IoT
SENS_R010,2026-09-16T19:00:00,R010,12,1.38,23.42,IoT
SENS_R011,2026-09-16T19:00:00,R011,17,1.39,25.21,IoT
SENS_R012,2026-09-16T19:00:00,R012,21,1.82,23.43,IoT
SENS_R013,2026-09-16T19:00:00,R013,30,1.38,23.52,IoT
SENS_R014,2026-09-16T19:00:00,R014,10,1.92,24.29,IoT
SENS_R015,2026-09-16T19:00:00,R015,13,2.03,25.18,IoT
SENS_R016,2026-09-16T19:00:00,R016,22,1.65,26.37,IoT
SENS_R017,2026-09-16T19:00:00,R017,11,1.32,23.62,IoT
SENS_R018,2026-09-16T19:00:00,R018,23,1.7,24.25,IoT
SENS_R019,2026-09-16T19:00:00,R019,8,1.31,23.59,IoT
SENS_R020,2026-09-16T19:00:00,R020,12,1.47,24.16,IoT
SENS_R021,2026-09-16T19:00:00,R021,15,1.5,24.55,IoT
SENS_R022,2026-09-16T19:00:00,R022,14,1.29,24.97,IoT
SENS_R023,2026-09-16T19:00:00,R023,6,1.49,24.29,IoT
SENS_R024,2026-09-16T19:00:00,R024,20,1.68,24.51,IoT
SENS_R025,2026-09-16T19:00:00,R025,17,1.22,24.27,IoT
SENS_R026,2026-09-16T19:00:00,R026,5,1.14,23.09,IoT
SENS_R027,2026-09-16T19:00:00,R027,35,1.84,24.85,IoT
SENS_R028,2026-09-16T19:00:00,R028,3,0.77,23.81,IoT
SENS_R029,2026-09-16T19:00:00,R029,8,1.17,24.33,IoT
SENS_R030,2026-09-16T19:00:00,R030,32,2.28,27.41,IoT
SENS_R001,2026-09-16T20:00:00,R001,7,1.57,24.26,IoT
SENS_R002,2026-09-16T20:00:00,R002,16,1.13,24.56,IoT
SENS_R003,2026-09-16T20:00:00,R003,24,1.17,25.06,IoT
SENS_R004,2026-09-16T20:00:00,R004,26,1.84,23.79,IoT
SENS_R005,2026-09-16T20:00:00,R005,23,1.9,23.65,IoT
SENS_R006,2026-09-16T20:00:00,R006,16,1.25,24.32,IoT
SENS_R007,2026-09-16T20:00:00,R007,7,1.43,24.17,IoT
SENS_R008,2026-09-16T20:00:00,R008,17,1.06,22.91,IoT
SENS_R009,2026-09-16T20:00:00,R009,13,1.67,24.82,IoT
SENS_R010,2026-09-16T20:00:00,R010,13,1.3,25.59,IoT
SENS_R011,2026-09-16T20:00:00,R011,32,2.0,25.23,IoT
SENS_R012,2026-09-16T20:00:00,R012,14,1.67,24.46,IoT
SENS_R013,2026-09-16T20:00:00,R013,0,0.47,24.45,IoT
SENS_R014,2026-09-16T20:00:00,R014,7,1.44,23.39,IoT
SENS_R015,2026-09-16T20:00:00,R015,5,1.29,23.35,IoT
SENS_R016,2026-09-16T20:00:00,R016,34,2.39,24.57,IoT
SENS_R017,2026-09-16T20:00:00,R017,10,1.67,23.95,IoT
SENS_R018,2026-09-16T20:00:00,R018,12,1.42,23.61,IoT
SENS_R019,2026-09-16T20:00:00,R019,17,1.95,24.96,IoT
SENS_R020,2026-09-16T20:00:00,R020,12,1.88,25.54,IoT
SENS_R021,2026-09-16T20:00:00,R021,12,1.45,23.96,IoT
SENS_R022,2026-09-16T20:00:00,R022,15,1.48,24.35,IoT
SENS_R023,2026-09-16T20:00:00,R023,12,1.91,24.33,IoT
SENS_R024,2026-09-16T20:00:00,R024,19,1.73,24.78,IoT
SENS_R025,2026-09-16T20:00:00,R025,42,1.59,23.57,IoT
SENS_R026,2026-09-16T20:00:00,R026,6,0.93,22.99,IoT
SENS_R027,2026-09-16T20:00:00,R027,24,1.18,23.65,IoT
SENS_R028,2026-09-16T20:00:00,R028,10,1.18,23.48,IoT
SENS_R029,2026-09-16T20:00:00,R029,40,1.54,24.04,IoT
SENS_R030,2026-09-16T20:00:00,R030,24,1.98,24.78,IoT
SENS_R001,2026-09-16T21:00:00,R001,8,1.66,24.09,IoT
SENS_R002,2026-09-16T21:00:00,R002,21,1.41,23.13,IoT
SENS_R003,2026-09-16T21:00:00,R003,26,1.08,24.16,IoT
SENS_R004,2026-09-16T21:00:00,R004,7,1.16,23.67,IoT
SENS_R005,2026-09-16T21:00:00,R005,23,1.27,24.33,IoT
SENS_R006,2026-09-16T21:00:00,R006,14,1.76,23.42,IoT
SENS_R007,2026-09-16T21:00:00,R007,4,1.47,26.28,IoT
SENS_R008,2026-09-16T21:00:00,R008,36,2.21,25.91,IoT
SENS_R009,2026-09-16T21:00:00,R009,2,0.93,23.53,IoT
SENS_R010,2026-09-16T21:00:00,R010,16,1.8,24.72,IoT
SENS_R011,2026-09-16T21:00:00,R011,23,1.23,26.05,IoT
SENS_R012,2026-09-16T21:00:00,R012,18,1.65,23.83,IoT
SENS_R013,2026-09-16T21:00:00,R013,38,1.92,24.25,IoT
SENS_R014,2026-09-16T21:00:00,R014,17,1.97,24.24,IoT
SENS_R015,2026-09-16T21:00:00,R015,12,1.54,25.15,IoT
SENS_R016,2026-09-16T21:00:00,R016,17,1.59,24.33,IoT
SENS_R017,2026-09-16T21:00:00,R017,4,0.41,22.91,IoT
SENS_R018,2026-09-16T21:00:00,R018,13,0.77,24.67,IoT
SENS_R019,2026-09-16T21:00:00,R019,17,1.88,23.24,IoT
SENS_R020,2026-09-16T21:00:00,R020,5,1.1,24.21,IoT
SENS_R021,2026-09-16T21:00:00,R021,23,2.14,24.93,IoT
SENS_R022,2026-09-16T21:00:00,R022,20,1.58,23.07,IoT
SENS_R023,2026-09-16T21:00:00,R023,8,1.27,24.76,IoT
SENS_R024,2026-09-16T21:00:00,R024,9,0.94,23.94,IoT
SENS_R025,2026-09-16T21:00:00,R025,36,2.12,25.48,IoT
SENS_R026,2026-09-16T21:00:00,R026,7,1.09,24.59,IoT
SENS_R027,2026-09-16T21:00:00,R027,11,1.08,25.31,IoT
SENS_R028,2026-09-16T21:00:00,R028,9,1.96,24.85,IoT
SENS_R029,2026-09-16T21:00:00,R029,32,1.41,25.36,IoT
SENS_R030,2026-09-16T21:00:00,R030,21,1.69,25.72,IoT
SENS_R001,2026-09-17T06:00:00,R001,9,1.37,23.89,IoT
SENS_R002,2026-09-17T06:00:00,R002,23,1.5,24.8,IoT
SENS_R003,2026-09-17T06:00:00,R003,3,0.4,22.71,IoT
SENS_R004,2026-09-17T06:00:00,R004,34,1.79,22.33,IoT
SENS_R005,2026-09-17T06:00:00,R005,16,1.26,23.22,IoT
SENS_R006,2026-09-17T06:00:00,R006,13,1.67,24.24,IoT
SENS_R007,2026-09-17T06:00:00,R007,7,2.04,24.55,IoT
SENS_R008,2026-09-17T06:00:00,R008,19,0.97,24.62,IoT
SENS_R009,2026-09-17T06:00:00,R009,7,1.41,23.97,IoT
SENS_R010,2026-09-17T06:00:00,R010,18,1.38,24.6,IoT
SENS_R011,2026-09-17T06:00:00,R011,31,1.8,24.68,IoT
SENS_R012,2026-09-17T06:00:00,R012,33,2.05,23.25,IoT
SENS_R013,2026-09-17T06:00:00,R013,36,1.89,24.36,IoT
SENS_R014,2026-09-17T06:00:00,R014,13,2.34,25.53,IoT
SENS_R015,2026-09-17T06:00:00,R015,7,0.72,23.31,IoT
SENS_R016,2026-09-17T06:00:00,R016,14,1.34,25.26,IoT
SENS_R017,2026-09-17T06:00:00,R017,6,0.93,23.01,IoT
SENS_R018,2026-09-17T06:00:00,R018,19,1.68,24.23,IoT
SENS_R019,2026-09-17T06:00:00,R019,10,1.29,24.12,IoT
SENS_R020,2026-09-17T06:00:00,R020,12,1.58,24.99,IoT
SENS_R021,2026-09-17T06:00:00,R021,11,1.09,23.77,IoT
SENS_R022,2026-09-17T06:00:00,R022,21,1.56,23.66,IoT
SENS_R023,2026-09-17T06:00:00,R023,8,1.62,24.86,IoT
SENS_R024,2026-09-17T06:00:00,R024,12,1.64,23.96,IoT
SENS_R025,2026-09-17T06:00:00,R025,28,1.78,24.8,IoT
SENS_R026,2026-09-17T06:00:00,R026,12,1.47,24.96,IoT
SENS_R027,2026-09-17T06:00:00,R027,27,1.53,24.21,IoT
SENS_R028,2026-09-17T06:00:00,R028,15,1.97,24.79,IoT
SENS_R029,2026-09-17T06:00:00,R029,32,1.4,24.43,IoT
SENS_R030,2026-09-17T06:00:00,R030,13,1.73,22.41,IoT
SENS_R001,2026-09-17T07:00:00,R001,10,1.68,23.11,IoT
SENS_R002,2026-09-17T07:00:00,R002,27,1.27,23.81,IoT
SENS_R003,2026-09-17T07:00:00,R003,21,1.56,25.07,IoT
SENS_R004,2026-09-17T07:00:00,R004,10,1.02,23.18,IoT
SENS_R005,2026-09-17T07:00:00,R005,11,1.25,24.61,IoT
SENS_R006,2026-09-17T07:00:00,R006,7,1.37,24.64,IoT
SENS_R007,2026-09-17T07:00:00,R007,8,1.66,24.79,IoT
SENS_R008,2026-09-17T07:00:00,R008,25,1.34,24.23,IoT
SENS_R009,2026-09-17T07:00:00,R009,12,1.39,23.43,IoT
SENS_R010,2026-09-17T07:00:00,R010,16,1.68,25.32,IoT
SENS_R011,2026-09-17T07:00:00,R011,26,2.16,24.57,IoT
SENS_R012,2026-09-17T07:00:00,R012,14,1.55,23.94,IoT
SENS_R013,2026-09-17T07:00:00,R013,24,1.19,23.94,IoT
SENS_R014,2026-09-17T07:00:00,R014,15,2.01,25.08,IoT
SENS_R015,2026-09-17T07:00:00,R015,7,1.25,25.1,IoT
SENS_R016,2026-09-17T07:00:00,R016,9,1.3,24.51,IoT
SENS_R017,2026-09-17T07:00:00,R017,20,1.94,24.86,IoT
SENS_R018,2026-09-17T07:00:00,R018,23,1.58,22.85,IoT
SENS_R019,2026-09-17T07:00:00,R019,16,1.48,24.95,IoT
SENS_R020,2026-09-17T07:00:00,R020,5,0.57,23.55,IoT
SENS_R021,2026-09-17T07:00:00,R021,13,1.84,24.57,IoT
SENS_R022,2026-09-17T07:00:00,R022,19,1.65,24.95,IoT
SENS_R023,2026-09-17T07:00:00,R023,4,1.36,24.08,IoT
SENS_R024,2026-09-17T07:00:00,R024,6,0.94,23.32,IoT
SENS_R025,2026-09-17T07:00:00,R025,23,1.41,23.7,IoT
SENS_R026,2026-09-17T07:00:00,R026,8,1.21,24.52,IoT
SENS_R027,2026-09-17T07:00:00,R027,24,1.43,24.61,IoT
SENS_R028,2026-09-17T07:00:00,R028,12,1.23,24.39,IoT
SENS_R029,2026-09-17T07:00:00,R029,28,1.65,25.27,IoT
SENS_R030,2026-09-17T07:00:00,R030,19,2.01,24.22,IoT
SENS_R001,2026-09-17T08:00:00,R001,23,2.58,24.95,IoT
SENS_R002,2026-09-17T08:00:00,R002,70,2.9,24.94,IoT
SENS_R003,2026-09-17T08:00:00,R003,34,1.91,25.73,IoT
SENS_R004,2026-09-17T08:00:00,R004,35,1.79,24.91,IoT
SENS_R005,2026-09-17T08:00:00,R005,68,3.4,26.02,IoT
SENS_R006,2026-09-17T08:00:00,R006,39,3.35,25.02,IoT
SENS_R007,2026-09-17T08:00:00,R007,15,2.19,23.25,IoT
SENS_R008,2026-09-17T08:00:00,R008,60,3.14,24.08,IoT
SENS_R009,2026-09-17T08:00:00,R009,52,3.3,26.27,IoT
SENS_R010,2026-09-17T08:00:00,R010,44,3.19,24.74,IoT
SENS_R011,2026-09-17T08:00:00,R011,82,3.31,26.27,IoT
SENS_R012,2026-09-17T08:00:00,R012,31,2.89,25.12,IoT
SENS_R013,2026-09-17T08:00:00,R013,81,2.39,25.08,IoT
SENS_R014,2026-09-17T08:00:00,R014,34,3.0,23.95,IoT
SENS_R015,2026-09-17T08:00:00,R015,20,2.78,26.94,IoT
SENS_R016,2026-09-17T08:00:00,R016,47,3.3,25.61,IoT
SENS_R017,2026-09-17T08:00:00,R017,48,2.96,24.22,IoT
SENS_R018,2026-09-17T08:00:00,R018,97,4.36,25.9,IoT
SENS_R019,2026-09-17T08:00:00,R019,49,2.85,25.67,IoT
SENS_R020,2026-09-17T08:00:00,R020,46,3.5,24.88,IoT
SENS_R021,2026-09-17T08:00:00,R021,59,3.72,26.63,IoT
SENS_R022,2026-09-17T08:00:00,R022,29,1.85,23.18,IoT
SENS_R023,2026-09-17T08:00:00,R023,11,1.78,24.53,IoT
SENS_R024,2026-09-17T08:00:00,R024,61,3.61,24.72,IoT
SENS_R025,2026-09-17T08:00:00,R025,77,3.23,24.53,IoT
SENS_R026,2026-09-17T08:00:00,R026,43,4.03,26.98,IoT
SENS_R027,2026-09-17T08:00:00,R027,97,3.28,26.29,IoT
SENS_R028,2026-09-17T08:00:00,R028,40,3.12,24.9,IoT
SENS_R029,2026-09-17T08:00:00,R029,98,3.32,25.23,IoT
SENS_R030,2026-09-17T08:00:00,R030,46,2.62,24.2,IoT
SENS_R001,2026-09-17T09:00:00,R001,19,3.01,26.29,IoT
SENS_R002,2026-09-17T09:00:00,R002,88,3.07,25.28,IoT
SENS_R003,2026-09-17T09:00:00,R003,58,2.65,25.73,IoT
SENS_R004,2026-09-17T09:00:00,R004,87,3.44,25.62,IoT
SENS_R005,2026-09-17T09:00:00,R005,45,2.28,23.96,IoT
SENS_R006,2026-09-17T09:00:00,R006,26,2.17,24.78,IoT
SENS_R007,2026-09-17T09:00:00,R007,27,3.17,26.7,IoT
SENS_R008,2026-09-17T09:00:00,R008,63,2.79,26.06,IoT
SENS_R009,2026-09-17T09:00:00,R009,44,3.22,24.9,IoT
SENS_R010,2026-09-17T09:00:00,R010,32,2.13,23.83,IoT
SENS_R011,2026-09-17T09:00:00,R011,56,2.72,25.59,IoT
SENS_R012,2026-09-17T09:00:00,R012,45,2.47,24.68,IoT
SENS_R013,2026-09-17T09:00:00,R013,71,2.46,24.92,IoT
SENS_R014,2026-09-17T09:00:00,R014,42,3.45,25.47,IoT
SENS_R015,2026-09-17T09:00:00,R015,29,3.73,25.45,IoT
SENS_R016,2026-09-17T09:00:00,R016,59,3.83,26.99,IoT
SENS_R017,2026-09-17T09:00:00,R017,32,2.32,26.15,IoT
SENS_R018,2026-09-17T09:00:00,R018,93,4.13,27.08,IoT
SENS_R019,2026-09-17T09:00:00,R019,33,2.74,25.03,IoT
SENS_R020,2026-09-17T09:00:00,R020,38,2.86,26.17,IoT
SENS_R021,2026-09-17T09:00:00,R021,51,3.32,27.02,IoT
SENS_R022,2026-09-17T09:00:00,R022,34,2.57,24.68,IoT
SENS_R023,2026-09-17T09:00:00,R023,17,2.37,25.7,IoT
SENS_R024,2026-09-17T09:00:00,R024,53,3.26,23.14,IoT
SENS_R025,2026-09-17T09:00:00,R025,88,3.44,26.75,IoT
SENS_R026,2026-09-17T09:00:00,R026,41,3.69,25.65,IoT
SENS_R027,2026-09-17T09:00:00,R027,87,2.71,24.3,IoT
SENS_R028,2026-09-17T09:00:00,R028,37,3.45,27.44,IoT
SENS_R029,2026-09-17T09:00:00,R029,76,2.89,25.62,IoT
SENS_R030,2026-09-17T09:00:00,R030,49,3.16,25.39,IoT
SENS_R001,2026-09-17T10:00:00,R001,29,2.9,25.21,IoT
SENS_R002,2026-09-17T10:00:00,R002,49,1.93,24.2,IoT
SENS_R003,2026-09-17T10:00:00,R003,101,4.03,26.62,IoT
SENS_R004,2026-09-17T10:00:00,R004,60,2.87,25.77,IoT
SENS_R005,2026-09-17T10:00:00,R005,55,3.23,25.1,IoT
SENS_R006,2026-09-17T10:00:00,R006,19,2.26,25.47,IoT
SENS_R007,2026-09-17T10:00:00,R007,25,2.76,25.5,IoT
SENS_R008,2026-09-17T10:00:00,R008,38,2.25,25.21,IoT
SENS_R009,2026-09-17T10:00:00,R009,25,2.14,24.74,IoT
SENS_R010,2026-09-17T10:00:00,R010,59,3.91,26.18,IoT
SENS_R011,2026-09-17T10:00:00,R011,55,3.04,26.65,IoT
SENS_R012,2026-09-17T10:00:00,R012,54,2.68,24.63,IoT
SENS_R013,2026-09-17T10:00:00,R013,99,2.99,25.08,IoT
SENS_R014,2026-09-17T10:00:00,R014,26,2.81,25.34,IoT
SENS_R015,2026-09-17T10:00:00,R015,16,2.39,25.55,IoT
SENS_R016,2026-09-17T10:00:00,R016,61,3.91,27.02,IoT
SENS_R017,2026-09-17T10:00:00,R017,26,1.94,24.29,IoT
SENS_R018,2026-09-17T10:00:00,R018,90,4.48,26.78,IoT
SENS_R019,2026-09-17T10:00:00,R019,28,1.82,23.54,IoT
SENS_R020,2026-09-17T10:00:00,R020,51,4.01,26.52,IoT
SENS_R021,2026-09-17T10:00:00,R021,53,3.62,26.73,IoT
SENS_R022,2026-09-17T10:00:00,R022,22,1.96,25.42,IoT
SENS_R023,2026-09-17T10:00:00,R023,8,1.82,24.65,IoT
SENS_R024,2026-09-17T10:00:00,R024,63,4.03,26.0,IoT
SENS_R025,2026-09-17T10:00:00,R025,90,3.93,26.19,IoT
SENS_R026,2026-09-17T10:00:00,R026,30,2.71,25.68,IoT
SENS_R027,2026-09-17T10:00:00,R027,135,3.97,26.99,IoT
SENS_R028,2026-09-17T10:00:00,R028,42,3.21,25.62,IoT
SENS_R029,2026-09-17T10:00:00,R029,66,2.2,24.28,IoT
SENS_R030,2026-09-17T10:00:00,R030,40,2.41,22.98,IoT
SENS_R001,2026-09-17T11:00:00,R001,18,2.33,23.17,IoT
SENS_R002,2026-09-17T11:00:00,R002,89,3.57,25.37,IoT
SENS_R003,2026-09-17T11:00:00,R003,61,2.59,25.25,IoT
SENS_R004,2026-09-17T11:00:00,R004,87,3.78,25.21,IoT
SENS_R005,2026-09-17T11:00:00,R005,48,2.68,25.43,IoT
SENS_R006,2026-09-17T11:00:00,R006,38,3.38,27.57,IoT
SENS_R007,2026-09-17T11:00:00,R007,20,3.07,25.83,IoT
SENS_R008,2026-09-17T11:00:00,R008,65,3.3,23.83,IoT
SENS_R009,2026-09-17T11:00:00,R009,22,2.11,25.1,IoT
SENS_R010,2026-09-17T11:00:00,R010,41,2.77,25.31,IoT
SENS_R011,2026-09-17T11:00:00,R011,79,3.06,24.48,IoT
SENS_R012,2026-09-17T11:00:00,R012,57,3.29,25.64,IoT
SENS_R013,2026-09-17T11:00:00,R013,81,2.58,24.66,IoT
SENS_R014,2026-09-17T11:00:00,R014,25,2.44,24.2,IoT
SENS_R015,2026-09-17T11:00:00,R015,18,2.21,24.55,IoT
SENS_R016,2026-09-17T11:00:00,R016,44,2.56,24.23,IoT
SENS_R017,2026-09-17T11:00:00,R017,56,3.43,25.81,IoT
SENS_R018,2026-09-17T11:00:00,R018,63,2.57,24.2,IoT
SENS_R019,2026-09-17T11:00:00,R019,16,2.04,24.74,IoT
SENS_R020,2026-09-17T11:00:00,R020,31,2.31,25.61,IoT
SENS_R021,2026-09-17T11:00:00,R021,45,3.43,26.09,IoT
SENS_R022,2026-09-17T11:00:00,R022,42,2.91,25.73,IoT
SENS_R023,2026-09-17T11:00:00,R023,25,3.46,25.82,IoT
SENS_R024,2026-09-17T11:00:00,R024,26,1.72,23.74,IoT
SENS_R025,2026-09-17T11:00:00,R025,100,3.39,26.83,IoT
SENS_R026,2026-09-17T11:00:00,R026,30,2.72,24.04,IoT
SENS_R027,2026-09-17T11:00:00,R027,82,2.84,24.77,IoT
SENS_R028,2026-09-17T11:00:00,R028,15,1.95,24.78,IoT
SENS_R029,2026-09-17T11:00:00,R029,90,2.79,24.98,IoT
SENS_R030,2026-09-17T11:00:00,R030,44,3.29,26.87,IoT
SENS_R001,2026-09-17T12:00:00,R001,8,0.93,23.49,IoT
SENS_R002,2026-09-17T12:00:00,R002,41,1.98,23.05,IoT
SENS_R003,2026-09-17T12:00:00,R003,59,2.29,24.89,IoT
SENS_R004,2026-09-17T12:00:00,R004,57,2.48,26.48,IoT
SENS_R005,2026-09-17T12:00:00,R005,68,3.4,25.36,IoT
SENS_R006,2026-09-17T12:00:00,R006,40,3.37,25.82,IoT
SENS_R007,2026-09-17T12:00:00,R007,13,1.51,25.18,IoT
SENS_R008,2026-09-17T12:00:00,R008,67,2.95,24.34,IoT
SENS_R009,2026-09-17T12:00:00,R009,44,3.22,25.11,IoT
SENS_R010,2026-09-17T12:00:00,R010,37,2.44,24.43,IoT
SENS_R011,2026-09-17T12:00:00,R011,67,3.51,24.7,IoT
SENS_R012,2026-09-17T12:00:00,R012,49,2.96,24.43,IoT
SENS_R013,2026-09-17T12:00:00,R013,107,3.82,26.16,IoT
SENS_R014,2026-09-17T12:00:00,R014,21,2.58,24.87,IoT
SENS_R015,2026-09-17T12:00:00,R015,23,3.17,24.58,IoT
SENS_R016,2026-09-17T12:00:00,R016,46,2.73,24.67,IoT
SENS_R017,2026-09-17T12:00:00,R017,35,2.55,24.7,IoT
SENS_R018,2026-09-17T12:00:00,R018,43,2.71,26.78,IoT
SENS_R019,2026-09-17T12:00:00,R019,57,3.28,25.86,IoT
SENS_R020,2026-09-17T12:00:00,R020,42,3.06,25.7,IoT
SENS_R021,2026-09-17T12:00:00,R021,28,2.36,24.31,IoT
SENS_R022,2026-09-17T12:00:00,R022,29,2.57,25.15,IoT
SENS_R023,2026-09-17T12:00:00,R023,25,3.2,26.44,IoT
SENS_R024,2026-09-17T12:00:00,R024,29,1.95,25.03,IoT
SENS_R025,2026-09-17T12:00:00,R025,57,2.54,25.69,IoT
SENS_R026,2026-09-17T12:00:00,R026,43,3.8,27.5,IoT
SENS_R027,2026-09-17T12:00:00,R027,102,3.04,25.13,IoT
SENS_R028,2026-09-17T12:00:00,R028,36,3.74,26.32,IoT
SENS_R029,2026-09-17T12:00:00,R029,56,1.96,24.51,IoT
SENS_R030,2026-09-17T12:00:00,R030,41,2.52,24.7,IoT
SENS_R001,2026-09-17T13:00:00,R001,27,3.03,24.68,IoT
SENS_R002,2026-09-17T13:00:00,R002,37,1.89,24.6,IoT
SENS_R003,2026-09-17T13:00:00,R003,78,2.64,25.18,IoT
SENS_R004,2026-09-17T13:00:00,R004,28,1.85,24.91,IoT
SENS_R005,2026-09-17T13:00:00,R005,40,2.52,24.42,IoT
SENS_R006,2026-09-17T13:00:00,R006,18,2.06,25.0,IoT
SENS_R007,2026-09-17T13:00:00,R007,19,2.78,25.19,IoT
SENS_R008,2026-09-17T13:00:00,R008,79,3.24,27.09,IoT
SENS_R009,2026-09-17T13:00:00,R009,39,3.07,25.66,IoT
SENS_R010,2026-09-17T13:00:00,R010,43,3.22,25.45,IoT
SENS_R011,2026-09-17T13:00:00,R011,43,2.33,24.24,IoT
SENS_R012,2026-09-17T13:00:00,R012,32,2.32,25.19,IoT
SENS_R013,2026-09-17T13:00:00,R013,68,2.4,23.82,IoT
SENS_R014,2026-09-17T13:00:00,R014,29,2.75,24.93,IoT
SENS_R015,2026-09-17T13:00:00,R015,23,3.32,25.23,IoT
SENS_R016,2026-09-17T13:00:00,R016,53,3.2,24.76,IoT
SENS_R017,2026-09-17T13:00:00,R017,39,2.38,26.47,IoT
SENS_R018,2026-09-17T13:00:00,R018,58,3.27,26.19,IoT
SENS_R019,2026-09-17T13:00:00,R019,35,2.25,25.64,IoT
SENS_R020,2026-09-17T13:00:00,R020,45,3.67,25.94,IoT
SENS_R021,2026-09-17T13:00:00,R021,36,2.7,24.44,IoT
SENS_R022,2026-09-17T13:00:00,R022,32,2.59,25.26,IoT
SENS_R023,2026-09-17T13:00:00,R023,28,3.25,25.28,IoT
SENS_R024,2026-09-17T13:00:00,R024,60,3.96,25.72,IoT
SENS_R025,2026-09-17T13:00:00,R025,74,3.11,24.57,IoT
SENS_R026,2026-09-17T13:00:00,R026,37,3.07,26.76,IoT
SENS_R027,2026-09-17T13:00:00,R027,132,3.75,25.77,IoT
SENS_R028,2026-09-17T13:00:00,R028,27,2.99,25.44,IoT
SENS_R029,2026-09-17T13:00:00,R029,103,3.21,25.19,IoT
SENS_R030,2026-09-17T13:00:00,R030,37,2.35,24.47,IoT
SENS_R001,2026-09-17T14:00:00,R001,33,3.81,26.51,IoT
SENS_R002,2026-09-17T14:00:00,R002,90,3.24,24.46,IoT
SENS_R003,2026-09-17T14:00:00,R003,89,3.23,26.46,IoT
SENS_R004,2026-09-17T14:00:00,R004,58,3.31,25.3,IoT
SENS_R005,2026-09-17T14:00:00,R005,51,2.63,24.93,IoT
SENS_R006,2026-09-17T14:00:00,R006,34,3.01,25.31,IoT
SENS_R007,2026-09-17T14:00:00,R007,22,2.8,25.24,IoT
SENS_R008,2026-09-17T14:00:00,R008,79,3.79,28.03,IoT
SENS_R009,2026-09-17T14:00:00,R009,27,2.69,24.32,IoT
SENS_R010,2026-09-17T14:00:00,R010,41,2.92,24.8,IoT
SENS_R011,2026-09-17T14:00:00,R011,83,3.68,26.31,IoT
SENS_R012,2026-09-17T14:00:00,R012,39,2.07,24.88,IoT
SENS_R013,2026-09-17T14:00:00,R013,103,3.04,23.91,IoT
SENS_R014,2026-09-17T14:00:00,R014,30,2.65,24.08,IoT
SENS_R015,2026-09-17T14:00:00,R015,24,3.19,24.18,IoT
SENS_R016,2026-09-17T14:00:00,R016,59,3.61,26.05,IoT
SENS_R017,2026-09-17T14:00:00,R017,38,3.12,25.26,IoT
SENS_R018,2026-09-17T14:00:00,R018,53,2.64,24.94,IoT
SENS_R019,2026-09-17T14:00:00,R019,40,3.55,24.95,IoT
SENS_R020,2026-09-17T14:00:00,R020,50,3.72,26.86,IoT
SENS_R021,2026-09-17T14:00:00,R021,39,2.85,26.39,IoT
SENS_R022,2026-09-17T14:00:00,R022,34,2.58,23.26,IoT
SENS_R023,2026-09-17T14:00:00,R023,19,2.54,24.25,IoT
SENS_R024,2026-09-17T14:00:00,R024,40,2.58,26.7,IoT
SENS_R025,2026-09-17T14:00:00,R025,91,3.31,25.45,IoT
SENS_R026,2026-09-17T14:00:00,R026,30,3.05,26.22,IoT
SENS_R027,2026-09-17T14:00:00,R027,73,2.49,25.57,IoT
SENS_R028,2026-09-17T14:00:00,R028,39,3.71,27.45,IoT
SENS_R029,2026-09-17T14:00:00,R029,96,2.37,23.87,IoT
SENS_R030,2026-09-17T14:00:00,R030,43,2.5,25.39,IoT
SENS_R001,2026-09-17T15:00:00,R001,26,3.53,27.01,IoT
SENS_R002,2026-09-17T15:00:00,R002,57,2.48,25.5,IoT
SENS_R003,2026-09-17T15:00:00,R003,68,2.49,25.69,IoT
SENS_R004,2026-09-17T15:00:00,R004,45,2.79,24.8,IoT
SENS_R005,2026-09-17T15:00:00,R005,66,3.23,24.65,IoT
SENS_R006,2026-09-17T15:00:00,R006,28,2.76,25.0,IoT
SENS_R007,2026-09-17T15:00:00,R007,22,2.71,24.83,IoT
SENS_R008,2026-09-17T15:00:00,R008,34,2.03,24.17,IoT
SENS_R009,2026-09-17T15:00:00,R009,27,2.55,24.41,IoT
SENS_R010,2026-09-17T15:00:00,R010,38,2.7,26.34,IoT
SENS_R011,2026-09-17T15:00:00,R011,59,2.77,25.15,IoT
SENS_R012,2026-09-17T15:00:00,R012,53,2.93,25.24,IoT
SENS_R013,2026-09-17T15:00:00,R013,62,2.43,26.41,IoT
SENS_R014,2026-09-17T15:00:00,R014,33,3.31,26.23,IoT
SENS_R015,2026-09-17T15:00:00,R015,26,3.0,25.55,IoT
SENS_R016,2026-09-17T15:00:00,R016,68,3.72,26.74,IoT
SENS_R017,2026-09-17T15:00:00,R017,65,4.22,26.46,IoT
SENS_R018,2026-09-17T15:00:00,R018,55,2.29,25.0,IoT
SENS_R019,2026-09-17T15:00:00,R019,46,3.03,25.76,IoT
SENS_R020,2026-09-17T15:00:00,R020,45,3.32,26.32,IoT
SENS_R021,2026-09-17T15:00:00,R021,51,3.54,25.2,IoT
SENS_R022,2026-09-17T15:00:00,R022,53,3.58,26.96,IoT
SENS_R023,2026-09-17T15:00:00,R023,22,2.5,24.95,IoT
SENS_R024,2026-09-17T15:00:00,R024,39,2.52,25.54,IoT
SENS_R025,2026-09-17T15:00:00,R025,100,4.22,26.52,IoT
SENS_R026,2026-09-17T15:00:00,R026,26,2.48,24.64,IoT
SENS_R027,2026-09-17T15:00:00,R027,64,2.52,25.73,IoT
SENS_R028,2026-09-17T15:00:00,R028,27,1.87,24.38,IoT
SENS_R029,2026-09-17T15:00:00,R029,48,1.73,24.99,IoT
SENS_R030,2026-09-17T15:00:00,R030,37,2.93,25.01,IoT
SENS_R001,2026-09-17T16:00:00,R001,29,3.33,25.96,IoT
SENS_R002,2026-09-17T16:00:00,R002,79,3.7,26.42,IoT
SENS_R003,2026-09-17T16:00:00,R003,46,2.09,25.46,IoT
SENS_R004,2026-09-17T16:00:00,R004,72,2.91,24.85,IoT
SENS_R005,2026-09-17T16:00:00,R005,68,2.99,25.52,IoT
SENS_R006,2026-09-17T16:00:00,R006,25,2.96,24.73,IoT
SENS_R007,2026-09-17T16:00:00,R007,23,2.84,24.42,IoT
SENS_R008,2026-09-17T16:00:00,R008,50,2.54,25.56,IoT
SENS_R009,2026-09-17T16:00:00,R009,26,2.55,25.49,IoT
SENS_R010,2026-09-17T16:00:00,R010,25,2.29,25.9,IoT
SENS_R011,2026-09-17T16:00:00,R011,61,3.15,25.5,IoT
SENS_R012,2026-09-17T16:00:00,R012,31,2.21,26.14,IoT
SENS_R013,2026-09-17T16:00:00,R013,87,2.87,24.73,IoT
SENS_R014,2026-09-17T16:00:00,R014,36,3.18,24.87,IoT
SENS_R015,2026-09-17T16:00:00,R015,28,3.24,26.1,IoT
SENS_R016,2026-09-17T16:00:00,R016,42,2.01,23.8,IoT
SENS_R017,2026-09-17T16:00:00,R017,45,3.47,26.7,IoT
SENS_R018,2026-09-17T16:00:00,R018,86,3.68,26.01,IoT
SENS_R019,2026-09-17T16:00:00,R019,45,2.75,24.1,IoT
SENS_R020,2026-09-17T16:00:00,R020,46,3.56,26.04,IoT
SENS_R021,2026-09-17T16:00:00,R021,37,2.74,26.21,IoT
SENS_R022,2026-09-17T16:00:00,R022,29,2.06,24.63,IoT
SENS_R023,2026-09-17T16:00:00,R023,34,3.99,26.62,IoT
SENS_R024,2026-09-17T16:00:00,R024,20,1.98,24.77,IoT
SENS_R025,2026-09-17T16:00:00,R025,81,3.52,26.38,IoT
SENS_R026,2026-09-17T16:00:00,R026,33,3.07,25.49,IoT
SENS_R027,2026-09-17T16:00:00,R027,88,2.56,27.43,IoT
SENS_R028,2026-09-17T16:00:00,R028,34,2.85,25.91,IoT
SENS_R029,2026-09-17T16:00:00,R029,77,2.57,25.05,IoT
SENS_R030,2026-09-17T16:00:00,R030,48,2.9,25.66,IoT
SENS_R001,2026-09-17T17:00:00,R001,20,2.82,25.7,IoT
SENS_R002,2026-09-17T17:00:00,R002,76,2.68,25.53,IoT
SENS_R003,2026-09-17T17:00:00,R003,81,2.64,24.68,IoT
SENS_R004,2026-09-17T17:00:00,R004,66,3.88,25.16,IoT
SENS_R005,2026-09-17T17:00:00,R005,67,3.65,24.62,IoT
SENS_R006,2026-09-17T17:00:00,R006,32,3.12,24.37,IoT
SENS_R007,2026-09-17T17:00:00,R007,25,2.94,26.38,IoT
SENS_R008,2026-09-17T17:00:00,R008,46,2.22,26.15,IoT
SENS_R009,2026-09-17T17:00:00,R009,44,3.23,25.54,IoT
SENS_R010,2026-09-17T17:00:00,R010,57,3.66,25.69,IoT
SENS_R011,2026-09-17T17:00:00,R011,57,2.7,26.07,IoT
SENS_R012,2026-09-17T17:00:00,R012,24,1.75,23.74,IoT
SENS_R013,2026-09-17T17:00:00,R013,93,2.76,23.96,IoT
SENS_R014,2026-09-17T17:00:00,R014,31,2.98,25.64,IoT
SENS_R015,2026-09-17T17:00:00,R015,31,3.45,25.76,IoT
SENS_R016,2026-09-17T17:00:00,R016,66,3.63,26.82,IoT
SENS_R017,2026-09-17T17:00:00,R017,54,3.38,27.97,IoT
SENS_R018,2026-09-17T17:00:00,R018,73,2.6,24.09,IoT
SENS_R019,2026-09-17T17:00:00,R019,26,1.38,25.05,IoT
SENS_R020,2026-09-17T17:00:00,R020,38,3.42,27.72,IoT
SENS_R021,2026-09-17T17:00:00,R021,35,2.37,25.21,IoT
SENS_R022,2026-09-17T17:00:00,R022,41,2.6,25.06,IoT
SENS_R023,2026-09-17T17:00:00,R023,18,2.03,24.99,IoT
SENS_R024,2026-09-17T17:00:00,R024,36,2.52,24.14,IoT
SENS_R025,2026-09-17T17:00:00,R025,71,3.01,24.05,IoT
SENS_R026,2026-09-17T17:00:00,R026,26,2.29,25.52,IoT
SENS_R027,2026-09-17T17:00:00,R027,131,4.05,27.75,IoT
SENS_R028,2026-09-17T17:00:00,R028,28,2.51,24.04,IoT
SENS_R029,2026-09-17T17:00:00,R029,80,2.37,24.45,IoT
SENS_R030,2026-09-17T17:00:00,R030,46,2.84,24.61,IoT
SENS_R001,2026-09-17T18:00:00,R001,10,1.52,23.88,IoT
SENS_R002,2026-09-17T18:00:00,R002,20,1.58,23.74,IoT
SENS_R003,2026-09-17T18:00:00,R003,34,1.66,23.52,IoT
SENS_R004,2026-09-17T18:00:00,R004,17,1.09,24.88,IoT
SENS_R005,2026-09-17T18:00:00,R005,29,1.58,24.23,IoT
SENS_R006,2026-09-17T18:00:00,R006,9,1.05,24.21,IoT
SENS_R007,2026-09-17T18:00:00,R007,11,1.67,24.67,IoT
SENS_R008,2026-09-17T18:00:00,R008,23,1.89,24.3,IoT
SENS_R009,2026-09-17T18:00:00,R009,5,0.72,23.31,IoT
SENS_R010,2026-09-17T18:00:00,R010,11,1.49,23.92,IoT
SENS_R011,2026-09-17T18:00:00,R011,0,0.49,23.13,IoT
SENS_R012,2026-09-17T18:00:00,R012,17,1.57,22.59,IoT
SENS_R013,2026-09-17T18:00:00,R013,38,1.65,24.94,IoT
SENS_R014,2026-09-17T18:00:00,R014,12,1.83,25.84,IoT
SENS_R015,2026-09-17T18:00:00,R015,8,1.41,23.77,IoT
SENS_R016,2026-09-17T18:00:00,R016,9,1.25,23.54,IoT
SENS_R017,2026-09-17T18:00:00,R017,6,1.41,23.87,IoT
SENS_R018,2026-09-17T18:00:00,R018,29,2.18,24.04,IoT
SENS_R019,2026-09-17T18:00:00,R019,18,1.96,24.37,IoT
SENS_R020,2026-09-17T18:00:00,R020,10,1.41,23.07,IoT
SENS_R021,2026-09-17T18:00:00,R021,10,1.45,23.34,IoT
SENS_R022,2026-09-17T18:00:00,R022,18,1.91,24.35,IoT
SENS_R023,2026-09-17T18:00:00,R023,8,1.62,24.55,IoT
SENS_R024,2026-09-17T18:00:00,R024,12,1.66,22.63,IoT
SENS_R025,2026-09-17T18:00:00,R025,34,1.64,24.81,IoT
SENS_R026,2026-09-17T18:00:00,R026,5,0.72,23.37,IoT
SENS_R027,2026-09-17T18:00:00,R027,5,1.04,23.04,IoT
SENS_R028,2026-09-17T18:00:00,R028,11,1.89,23.36,IoT
SENS_R029,2026-09-17T18:00:00,R029,33,1.69,25.72,IoT
SENS_R030,2026-09-17T18:00:00,R030,25,1.93,25.66,IoT
SENS_R001,2026-09-17T19:00:00,R001,4,0.95,22.49,IoT
SENS_R002,2026-09-17T19:00:00,R002,25,1.75,25.97,IoT
SENS_R003,2026-09-17T19:00:00,R003,4,1.14,23.63,IoT
SENS_R004,2026-09-17T19:00:00,R004,24,1.55,24.85,IoT
SENS_R005,2026-09-17T19:00:00,R005,13,1.04,23.07,IoT
SENS_R006,2026-09-17T19:00:00,R006,14,1.63,23.21,IoT
SENS_R007,2026-09-17T19:00:00,R007,14,2.04,23.23,IoT
SENS_R008,2026-09-17T19:00:00,R008,23,1.76,23.88,IoT
SENS_R009,2026-09-17T19:00:00,R009,2,1.02,25.05,IoT
SENS_R010,2026-09-17T19:00:00,R010,8,1.27,23.68,IoT
SENS_R011,2026-09-17T19:00:00,R011,21,1.6,24.29,IoT
SENS_R012,2026-09-17T19:00:00,R012,8,1.06,24.12,IoT
SENS_R013,2026-09-17T19:00:00,R013,49,2.11,23.19,IoT
SENS_R014,2026-09-17T19:00:00,R014,12,1.68,24.65,IoT
SENS_R015,2026-09-17T19:00:00,R015,8,1.88,24.66,IoT
SENS_R016,2026-09-17T19:00:00,R016,9,1.11,23.16,IoT
SENS_R017,2026-09-17T19:00:00,R017,23,1.7,23.85,IoT
SENS_R018,2026-09-17T19:00:00,R018,40,2.25,26.02,IoT
SENS_R019,2026-09-17T19:00:00,R019,17,1.39,24.84,IoT
SENS_R020,2026-09-17T19:00:00,R020,13,1.09,24.27,IoT
SENS_R021,2026-09-17T19:00:00,R021,13,1.41,24.22,IoT
SENS_R022,2026-09-17T19:00:00,R022,13,1.34,27.18,IoT
SENS_R023,2026-09-17T19:00:00,R023,5,1.11,24.31,IoT
SENS_R024,2026-09-17T19:00:00,R024,8,1.39,25.05,IoT
SENS_R025,2026-09-17T19:00:00,R025,16,1.04,23.38,IoT
SENS_R026,2026-09-17T19:00:00,R026,11,1.52,23.22,IoT
SENS_R027,2026-09-17T19:00:00,R027,32,1.97,24.01,IoT
SENS_R028,2026-09-17T19:00:00,R028,0,0.59,23.62,IoT
SENS_R029,2026-09-17T19:00:00,R029,38,1.64,24.95,IoT
SENS_R030,2026-09-17T19:00:00,R030,9,1.04,24.11,IoT
SENS_R001,2026-09-17T20:00:00,R001,11,1.55,24.48,IoT
SENS_R002,2026-09-17T20:00:00,R002,21,1.41,23.72,IoT
SENS_R003,2026-09-17T20:00:00,R003,12,1.17,24.81,IoT
SENS_R004,2026-09-17T20:00:00,R004,0,0.99,24.8,IoT
SENS_R005,2026-09-17T20:00:00,R005,22,1.58,24.43,IoT
SENS_R006,2026-09-17T20:00:00,R006,9,1.39,24.65,IoT
SENS_R007,2026-09-17T20:00:00,R007,14,1.98,24.27,IoT
SENS_R008,2026-09-17T20:00:00,R008,15,1.72,24.33,IoT
SENS_R009,2026-09-17T20:00:00,R009,16,1.41,24.54,IoT
SENS_R010,2026-09-17T20:00:00,R010,1,1.0,23.93,IoT
SENS_R011,2026-09-17T20:00:00,R011,26,1.81,22.91,IoT
SENS_R012,2026-09-17T20:00:00,R012,22,1.89,24.96,IoT
SENS_R013,2026-09-17T20:00:00,R013,4,0.96,24.58,IoT
SENS_R014,2026-09-17T20:00:00,R014,15,1.69,24.26,IoT
SENS_R015,2026-09-17T20:00:00,R015,10,1.53,23.61,IoT
SENS_R016,2026-09-17T20:00:00,R016,25,2.0,24.72,IoT
SENS_R017,2026-09-17T20:00:00,R017,8,0.6,24.03,IoT
SENS_R018,2026-09-17T20:00:00,R018,39,1.81,23.55,IoT
SENS_R019,2026-09-17T20:00:00,R019,9,0.99,22.76,IoT
SENS_R020,2026-09-17T20:00:00,R020,18,2.19,25.95,IoT
SENS_R021,2026-09-17T20:00:00,R021,17,1.67,24.66,IoT
SENS_R022,2026-09-17T20:00:00,R022,8,1.03,25.11,IoT
SENS_R023,2026-09-17T20:00:00,R023,15,2.21,25.06,IoT
SENS_R024,2026-09-17T20:00:00,R024,20,1.73,24.97,IoT
SENS_R025,2026-09-17T20:00:00,R025,21,1.62,25.36,IoT
SENS_R026,2026-09-17T20:00:00,R026,7,1.25,24.66,IoT
SENS_R027,2026-09-17T20:00:00,R027,58,2.14,24.28,IoT
SENS_R028,2026-09-17T20:00:00,R028,8,1.05,24.18,IoT
SENS_R029,2026-09-17T20:00:00,R029,55,2.11,25.48,IoT
SENS_R030,2026-09-17T20:00:00,R030,10,1.27,23.05,IoT
SENS_R001,2026-09-17T21:00:00,R001,8,1.24,23.35,IoT
SENS_R002,2026-09-17T21:00:00,R002,34,2.22,24.85,IoT
SENS_R003,2026-09-17T21:00:00,R003,35,1.88,26.26,IoT
SENS_R004,2026-09-17T21:00:00,R004,19,1.37,25.05,IoT
SENS_R005,2026-09-17T21:00:00,R005,25,1.32,23.39,IoT
SENS_R006,2026-09-17T21:00:00,R006,18,2.04,24.89,IoT
SENS_R007,2026-09-17T21:00:00,R007,3,0.99,24.66,IoT
SENS_R008,2026-09-17T21:00:00,R008,28,1.91,24.67,IoT
SENS_R009,2026-09-17T21:00:00,R009,3,0.9,24.1,IoT
SENS_R010,2026-09-17T21:00:00,R010,11,1.66,24.75,IoT
SENS_R011,2026-09-17T21:00:00,R011,20,1.57,23.83,IoT
SENS_R012,2026-09-17T21:00:00,R012,10,1.47,23.68,IoT
SENS_R013,2026-09-17T21:00:00,R013,47,2.03,24.19,IoT
SENS_R014,2026-09-17T21:00:00,R014,8,1.35,25.51,IoT
SENS_R015,2026-09-17T21:00:00,R015,5,0.56,22.8,IoT
SENS_R016,2026-09-17T21:00:00,R016,28,2.24,24.93,IoT
SENS_R017,2026-09-17T21:00:00,R017,13,1.14,23.2,IoT
SENS_R018,2026-09-17T21:00:00,R018,25,2.04,24.77,IoT
SENS_R019,2026-09-17T21:00:00,R019,19,1.47,24.2,IoT
SENS_R020,2026-09-17T21:00:00,R020,20,1.91,24.56,IoT
SENS_R021,2026-09-17T21:00:00,R021,15,1.35,23.16,IoT
SENS_R022,2026-09-17T21:00:00,R022,12,1.28,23.73,IoT
SENS_R023,2026-09-17T21:00:00,R023,8,1.77,24.24,IoT
SENS_R024,2026-09-17T21:00:00,R024,11,2.13,24.65,IoT
SENS_R025,2026-09-17T21:00:00,R025,16,1.14,25.04,IoT
SENS_R026,2026-09-17T21:00:00,R026,9,1.44,25.51,IoT
SENS_R027,2026-09-17T21:00:00,R027,20,0.97,23.88,IoT
SENS_R028,2026-09-17T21:00:00,R028,10,1.28,24.5,IoT
SENS_R029,2026-09-17T21:00:00,R029,48,1.83,24.41,IoT
SENS_R030,2026-09-17T21:00:00,R030,10,1.36,22.78,IoT
SENS_R001,2026-09-18T06:00:00,R001,4,1.18,23.55,IoT
SENS_R002,2026-09-18T06:00:00,R002,0,0.93,24.99,IoT
SENS_R003,2026-09-18T06:00:00,R003,18,1.17,25.33,IoT
SENS_R004,2026-09-18T06:00:00,R004,24,1.53,25.26,IoT
SENS_R005,2026-09-18T06:00:00,R005,17,1.08,24.98,IoT
SENS_R006,2026-09-18T06:00:00,R006,8,0.95,24.17,IoT
SENS_R007,2026-09-18T06:00:00,R007,10,1.49,26.16,IoT
SENS_R008,2026-09-18T06:00:00,R008,7,1.31,22.15,IoT
SENS_R009,2026-09-18T06:00:00,R009,20,1.94,24.97,IoT
SENS_R010,2026-09-18T06:00:00,R010,13,1.39,24.28,IoT
SENS_R011,2026-09-18T06:00:00,R011,21,1.63,24.37,IoT
SENS_R012,2026-09-18T06:00:00,R012,8,0.96,23.65,IoT
SENS_R013,2026-09-18T06:00:00,R013,43,1.5,24.15,IoT
SENS_R014,2026-09-18T06:00:00,R014,9,1.51,23.17,IoT
SENS_R015,2026-09-18T06:00:00,R015,10,1.37,25.34,IoT
SENS_R016,2026-09-18T06:00:00,R016,17,1.49,24.92,IoT
SENS_R017,2026-09-18T06:00:00,R017,5,0.8,22.91,IoT
SENS_R018,2026-09-18T06:00:00,R018,5,1.11,24.12,IoT
SENS_R019,2026-09-18T06:00:00,R019,10,1.76,25.34,IoT
SENS_R020,2026-09-18T06:00:00,R020,4,0.84,25.53,IoT
SENS_R021,2026-09-18T06:00:00,R021,14,1.66,24.81,IoT
SENS_R022,2026-09-18T06:00:00,R022,12,1.2,23.9,IoT
SENS_R023,2026-09-18T06:00:00,R023,12,1.56,24.48,IoT
SENS_R024,2026-09-18T06:00:00,R024,18,2.08,25.47,IoT
SENS_R025,2026-09-18T06:00:00,R025,35,1.98,23.4,IoT
SENS_R026,2026-09-18T06:00:00,R026,9,1.42,23.61,IoT
SENS_R027,2026-09-18T06:00:00,R027,9,1.03,24.54,IoT
SENS_R028,2026-09-18T06:00:00,R028,22,1.93,23.39,IoT
SENS_R029,2026-09-18T06:00:00,R029,11,0.87,23.5,IoT
SENS_R030,2026-09-18T06:00:00,R030,5,0.83,24.15,IoT
SENS_R001,2026-09-18T07:00:00,R001,2,1.15,22.87,IoT
SENS_R002,2026-09-18T07:00:00,R002,28,1.2,23.27,IoT
SENS_R003,2026-09-18T07:00:00,R003,26,1.29,25.01,IoT
SENS_R004,2026-09-18T07:00:00,R004,15,1.43,24.17,IoT
SENS_R005,2026-09-18T07:00:00,R005,16,0.97,22.35,IoT
SENS_R006,2026-09-18T07:00:00,R006,18,2.34,24.1,IoT
SENS_R007,2026-09-18T07:00:00,R007,8,1.41,24.45,IoT
SENS_R008,2026-09-18T07:00:00,R008,35,2.27,24.81,IoT
SENS_R009,2026-09-18T07:00:00,R009,17,1.62,24.94,IoT
SENS_R010,2026-09-18T07:00:00,R010,15,1.74,23.09,IoT
SENS_R011,2026-09-18T07:00:00,R011,22,1.58,23.62,IoT
SENS_R012,2026-09-18T07:00:00,R012,23,1.66,24.47,IoT
SENS_R013,2026-09-18T07:00:00,R013,18,1.17,23.65,IoT
SENS_R014,2026-09-18T07:00:00,R014,12,1.77,23.55,IoT
SENS_R015,2026-09-18T07:00:00,R015,7,1.94,24.4,IoT
SENS_R016,2026-09-18T07:00:00,R016,7,1.05,24.36,IoT
SENS_R017,2026-09-18T07:00:00,R017,13,1.57,25.85,IoT
SENS_R018,2026-09-18T07:00:00,R018,33,2.06,24.0,IoT
SENS_R019,2026-09-18T07:00:00,R019,28,2.25,24.42,IoT
SENS_R020,2026-09-18T07:00:00,R020,21,1.9,23.79,IoT
SENS_R021,2026-09-18T07:00:00,R021,28,2.58,25.08,IoT
SENS_R022,2026-09-18T07:00:00,R022,11,1.45,23.64,IoT
SENS_R023,2026-09-18T07:00:00,R023,13,1.28,23.93,IoT
SENS_R024,2026-09-18T07:00:00,R024,21,1.8,24.71,IoT
SENS_R025,2026-09-18T07:00:00,R025,21,1.41,24.37,IoT
SENS_R026,2026-09-18T07:00:00,R026,10,1.28,23.38,IoT
SENS_R027,2026-09-18T07:00:00,R027,58,2.54,25.18,IoT
SENS_R028,2026-09-18T07:00:00,R028,6,1.59,24.04,IoT
SENS_R029,2026-09-18T07:00:00,R029,3,0.54,24.97,IoT
SENS_R030,2026-09-18T07:00:00,R030,30,1.91,24.9,IoT
SENS_R001,2026-09-18T08:00:00,R001,20,2.51,25.11,IoT
SENS_R002,2026-09-18T08:00:00,R002,83,3.12,25.65,IoT
SENS_R003,2026-09-18T08:00:00,R003,98,3.58,24.51,IoT
SENS_R004,2026-09-18T08:00:00,R004,54,2.6,24.72,IoT
SENS_R005,2026-09-18T08:00:00,R005,49,2.64,25.11,IoT
SENS_R006,2026-09-18T08:00:00,R006,37,3.26,26.01,IoT
SENS_R007,2026-09-18T08:00:00,R007,30,3.47,25.15,IoT
SENS_R008,2026-09-18T08:00:00,R008,94,4.12,26.4,IoT
SENS_R009,2026-09-18T08:00:00,R009,26,2.28,24.57,IoT
SENS_R010,2026-09-18T08:00:00,R010,59,3.83,24.79,IoT
SENS_R011,2026-09-18T08:00:00,R011,42,1.75,23.55,IoT
SENS_R012,2026-09-18T08:00:00,R012,22,1.47,24.34,IoT
SENS_R013,2026-09-18T08:00:00,R013,51,2.22,23.8,IoT
SENS_R014,2026-09-18T08:00:00,R014,33,3.22,25.09,IoT
SENS_R015,2026-09-18T08:00:00,R015,21,2.6,23.96,IoT
SENS_R016,2026-09-18T08:00:00,R016,79,4.25,25.93,IoT
SENS_R017,2026-09-18T08:00:00,R017,40,3.02,25.53,IoT
SENS_R018,2026-09-18T08:00:00,R018,62,2.87,24.08,IoT
SENS_R019,2026-09-18T08:00:00,R019,57,3.61,25.11,IoT
SENS_R020,2026-09-18T08:00:00,R020,33,2.38,24.87,IoT
SENS_R021,2026-09-18T08:00:00,R021,50,3.42,24.49,IoT
SENS_R022,2026-09-18T08:00:00,R022,42,2.73,23.77,IoT
SENS_R023,2026-09-18T08:00:00,R023,27,2.88,24.7,IoT
SENS_R024,2026-09-18T08:00:00,R024,48,3.22,25.76,IoT
SENS_R025,2026-09-18T08:00:00,R025,85,3.55,26.32,IoT
SENS_R026,2026-09-18T08:00:00,R026,32,3.06,24.44,IoT
SENS_R027,2026-09-18T08:00:00,R027,100,3.33,27.19,IoT
SENS_R028,2026-09-18T08:00:00,R028,42,4.22,26.52,IoT
SENS_R029,2026-09-18T08:00:00,R029,78,2.83,26.72,IoT
SENS_R030,2026-09-18T08:00:00,R030,44,2.49,24.4,IoT
SENS_R001,2026-09-18T09:00:00,R001,15,2.31,24.03,IoT
SENS_R002,2026-09-18T09:00:00,R002,93,3.65,24.88,IoT
SENS_R003,2026-09-18T09:00:00,R003,87,3.37,24.73,IoT
SENS_R004,2026-09-18T09:00:00,R004,59,2.97,24.19,IoT
SENS_R005,2026-09-18T09:00:00,R005,44,2.14,24.91,IoT
SENS_R006,2026-09-18T09:00:00,R006,37,3.51,26.39,IoT
SENS_R007,2026-09-18T09:00:00,R007,27,3.15,25.47,IoT
SENS_R008,2026-09-18T09:00:00,R008,39,2.23,25.09,IoT
SENS_R009,2026-09-18T09:00:00,R009,36,2.72,24.51,IoT
SENS_R010,2026-09-18T09:00:00,R010,40,2.84,25.03,IoT
SENS_R011,2026-09-18T09:00:00,R011,73,3.61,25.03,IoT
SENS_R012,2026-09-18T09:00:00,R012,26,1.55,26.14,IoT
SENS_R013,2026-09-18T09:00:00,R013,110,3.61,26.12,IoT
SENS_R014,2026-09-18T09:00:00,R014,47,4.53,25.74,IoT
SENS_R015,2026-09-18T09:00:00,R015,32,3.61,26.05,IoT
SENS_R016,2026-09-18T09:00:00,R016,44,2.71,26.15,IoT
SENS_R017,2026-09-18T09:00:00,R017,43,2.61,25.12,IoT
SENS_R018,2026-09-18T09:00:00,R018,27,1.61,25.65,IoT
SENS_R019,2026-09-18T09:00:00,R019,60,3.81,25.92,IoT
SENS_R020,2026-09-18T09:00:00,R020,38,2.8,24.45,IoT
SENS_R021,2026-09-18T09:00:00,R021,36,2.26,24.52,IoT
SENS_R022,2026-09-18T09:00:00,R022,44,3.11,25.84,IoT
SENS_R023,2026-09-18T09:00:00,R023,29,3.35,24.75,IoT
SENS_R024,2026-09-18T09:00:00,R024,31,2.2,23.71,IoT
SENS_R025,2026-09-18T09:00:00,R025,88,3.11,24.72,IoT
SENS_R026,2026-09-18T09:00:00,R026,34,3.26,25.4,IoT
SENS_R027,2026-09-18T09:00:00,R027,101,3.41,25.63,IoT
SENS_R028,2026-09-18T09:00:00,R028,22,1.58,24.52,IoT
SENS_R029,2026-09-18T09:00:00,R029,93,2.76,24.88,IoT
SENS_R030,2026-09-18T09:00:00,R030,32,2.08,24.87,IoT
SENS_R001,2026-09-18T10:00:00,R001,22,2.91,25.42,IoT
SENS_R002,2026-09-18T10:00:00,R002,107,4.27,25.63,IoT
SENS_R003,2026-09-18T10:00:00,R003,48,2.14,24.45,IoT
SENS_R004,2026-09-18T10:00:00,R004,46,2.21,24.03,IoT
SENS_R005,2026-09-18T10:00:00,R005,54,2.33,26.97,IoT
SENS_R006,2026-09-18T10:00:00,R006,42,4.32,27.18,IoT
SENS_R007,2026-09-18T10:00:00,R007,22,2.81,24.51,IoT
SENS_R008,2026-09-18T10:00:00,R008,52,2.56,24.53,IoT
SENS_R009,2026-09-18T10:00:00,R009,34,2.46,25.97,IoT
SENS_R010,2026-09-18T10:00:00,R010,26,2.21,24.31,IoT
SENS_R011,2026-09-18T10:00:00,R011,68,3.26,25.93,IoT
SENS_R012,2026-09-18T10:00:00,R012,67,3.43,26.63,IoT
SENS_R013,2026-09-18T10:00:00,R013,106,3.2,25.6,IoT
SENS_R014,2026-09-18T10:00:00,R014,20,1.99,25.12,IoT
SENS_R015,2026-09-18T10:00:00,R015,34,3.82,27.8,IoT
SENS_R016,2026-09-18T10:00:00,R016,42,2.75,24.88,IoT
SENS_R017,2026-09-18T10:00:00,R017,28,2.13,24.64,IoT
SENS_R018,2026-09-18T10:00:00,R018,57,2.81,25.08,IoT
SENS_R019,2026-09-18T10:00:00,R019,49,2.8,25.5,IoT
SENS_R020,2026-09-18T10:00:00,R020,34,2.71,23.9,IoT
SENS_R021,2026-09-18T10:00:00,R021,53,3.06,25.8,IoT
SENS_R022,2026-09-18T10:00:00,R022,48,3.15,26.65,IoT
SENS_R023,2026-09-18T10:00:00,R023,23,2.79,24.24,IoT
SENS_R024,2026-09-18T10:00:00,R024,42,2.91,24.45,IoT
SENS_R025,2026-09-18T10:00:00,R025,43,2.12,25.98,IoT
SENS_R026,2026-09-18T10:00:00,R026,32,2.65,25.43,IoT
SENS_R027,2026-09-18T10:00:00,R027,105,3.25,23.8,IoT
SENS_R028,2026-09-18T10:00:00,R028,36,3.94,25.24,IoT
SENS_R029,2026-09-18T10:00:00,R029,113,3.76,26.15,IoT
SENS_R030,2026-09-18T10:00:00,R030,55,2.86,24.25,IoT
SENS_R001,2026-09-18T11:00:00,R001,17,2.42,24.12,IoT
SENS_R002,2026-09-18T11:00:00,R002,50,2.2,23.97,IoT
SENS_R003,2026-09-18T11:00:00,R003,57,2.5,24.01,IoT
SENS_R004,2026-09-18T11:00:00,R004,48,2.57,24.61,IoT
SENS_R005,2026-09-18T11:00:00,R005,79,3.9,26.29,IoT
SENS_R006,2026-09-18T11:00:00,R006,35,3.53,25.97,IoT
SENS_R007,2026-09-18T11:00:00,R007,14,2.27,24.93,IoT
SENS_R008,2026-09-18T11:00:00,R008,73,3.24,26.1,IoT
SENS_R009,2026-09-18T11:00:00,R009,28,2.6,23.8,IoT
SENS_R010,2026-09-18T11:00:00,R010,42,2.8,26.46,IoT
SENS_R011,2026-09-18T11:00:00,R011,85,3.81,26.47,IoT
SENS_R012,2026-09-18T11:00:00,R012,36,1.92,24.8,IoT
SENS_R013,2026-09-18T11:00:00,R013,107,3.24,25.39,IoT
SENS_R014,2026-09-18T11:00:00,R014,36,3.23,25.97,IoT
SENS_R015,2026-09-18T11:00:00,R015,26,3.76,25.41,IoT
SENS_R016,2026-09-18T11:00:00,R016,67,3.53,24.35,IoT
SENS_R017,2026-09-18T11:00:00,R017,38,3.06,24.68,IoT
SENS_R018,2026-09-18T11:00:00,R018,82,3.64,27.77,IoT
SENS_R019,2026-09-18T11:00:00,R019,44,2.77,24.35,IoT
SENS_R020,2026-09-18T11:00:00,R020,40,2.99,24.21,IoT
SENS_R021,2026-09-18T11:00:00,R021,48,3.33,25.89,IoT
SENS_R022,2026-09-18T11:00:00,R022,47,3.36,25.78,IoT
SENS_R023,2026-09-18T11:00:00,R023,26,3.73,26.82,IoT
SENS_R024,2026-09-18T11:00:00,R024,54,3.6,24.1,IoT
SENS_R025,2026-09-18T11:00:00,R025,48,2.42,25.45,IoT
SENS_R026,2026-09-18T11:00:00,R026,33,3.1,25.48,IoT
SENS_R027,2026-09-18T11:00:00,R027,94,3.59,27.16,IoT
SENS_R028,2026-09-18T11:00:00,R028,36,3.07,25.69,IoT
SENS_R029,2026-09-18T11:00:00,R029,73,2.53,25.79,IoT
SENS_R030,2026-09-18T11:00:00,R030,26,2.09,25.35,IoT
SENS_R001,2026-09-18T12:00:00,R001,20,2.48,24.66,IoT
SENS_R002,2026-09-18T12:00:00,R002,26,1.61,22.42,IoT
SENS_R003,2026-09-18T12:00:00,R003,68,2.52,24.88,IoT
SENS_R004,2026-09-18T12:00:00,R004,80,3.58,25.18,IoT
SENS_R005,2026-09-18T12:00:00,R005,41,2.41,24.44,IoT
SENS_R006,2026-09-18T12:00:00,R006,37,3.27,26.55,IoT
SENS_R007,2026-09-18T12:00:00,R007,18,2.24,24.29,IoT
SENS_R008,2026-09-18T12:00:00,R008,48,2.61,25.87,IoT
SENS_R009,2026-09-18T12:00:00,R009,51,3.31,25.29,IoT
SENS_R010,2026-09-18T12:00:00,R010,53,3.16,25.58,IoT
SENS_R011,2026-09-18T12:00:00,R011,71,3.15,24.57,IoT
SENS_R012,2026-09-18T12:00:00,R012,44,2.55,24.48,IoT
SENS_R013,2026-09-18T12:00:00,R013,62,2.44,25.96,IoT
SENS_R014,2026-09-18T12:00:00,R014,24,2.01,24.79,IoT
SENS_R015,2026-09-18T12:00:00,R015,16,2.18,24.61,IoT
SENS_R016,2026-09-18T12:00:00,R016,45,2.62,23.07,IoT
SENS_R017,2026-09-18T12:00:00,R017,46,3.23,24.18,IoT
SENS_R018,2026-09-18T12:00:00,R018,53,2.77,25.21,IoT
SENS_R019,2026-09-18T12:00:00,R019,43,2.68,25.96,IoT
SENS_R020,2026-09-18T12:00:00,R020,54,4.0,26.41,IoT
SENS_R021,2026-09-18T12:00:00,R021,30,2.42,24.69,IoT
SENS_R022,2026-09-18T12:00:00,R022,56,3.26,26.22,IoT
SENS_R023,2026-09-18T12:00:00,R023,23,3.15,25.28,IoT
SENS_R024,2026-09-18T12:00:00,R024,49,3.11,24.45,IoT
SENS_R025,2026-09-18T12:00:00,R025,47,2.27,23.92,IoT
SENS_R026,2026-09-18T12:00:00,R026,21,1.82,25.58,IoT
SENS_R027,2026-09-18T12:00:00,R027,120,3.75,24.89,IoT
SENS_R028,2026-09-18T12:00:00,R028,33,3.15,24.68,IoT
SENS_R029,2026-09-18T12:00:00,R029,81,2.7,24.82,IoT
SENS_R030,2026-09-18T12:00:00,R030,47,2.82,24.46,IoT
SENS_R001,2026-09-18T13:00:00,R001,31,3.55,25.33,IoT
SENS_R002,2026-09-18T13:00:00,R002,106,3.81,25.92,IoT
SENS_R003,2026-09-18T13:00:00,R003,106,3.78,25.6,IoT
SENS_R004,2026-09-18T13:00:00,R004,86,3.76,27.03,IoT
SENS_R005,2026-09-18T13:00:00,R005,56,2.63,25.99,IoT
SENS_R006,2026-09-18T13:00:00,R006,40,3.87,25.71,IoT
SENS_R007,2026-09-18T13:00:00,R007,24,3.47,24.76,IoT
SENS_R008,2026-09-18T13:00:00,R008,48,2.27,24.87,IoT
SENS_R009,2026-09-18T13:00:00,R009,45,3.64,26.38,IoT
SENS_R010,2026-09-18T13:00:00,R010,30,2.56,25.6,IoT
SENS_R011,2026-09-18T13:00:00,R011,97,4.21,27.48,IoT
SENS_R012,2026-09-18T13:00:00,R012,39,2.4,25.95,IoT
SENS_R013,2026-09-18T13:00:00,R013,69,2.27,25.19,IoT
SENS_R014,2026-09-18T13:00:00,R014,30,2.56,25.16,IoT
SENS_R015,2026-09-18T13:00:00,R015,35,4.09,27.64,IoT
SENS_R016,2026-09-18T13:00:00,R016,32,2.05,23.74,IoT
SENS_R017,2026-09-18T13:00:00,R017,45,2.83,25.01,IoT
SENS_R018,2026-09-18T13:00:00,R018,49,2.59,25.43,IoT
SENS_R019,2026-09-18T13:00:00,R019,38,2.73,25.54,IoT
SENS_R020,2026-09-18T13:00:00,R020,51,3.72,26.28,IoT
SENS_R021,2026-09-18T13:00:00,R021,50,3.61,25.58,IoT
SENS_R022,2026-09-18T13:00:00,R022,47,3.33,25.6,IoT
SENS_R023,2026-09-18T13:00:00,R023,13,2.04,23.56,IoT
SENS_R024,2026-09-18T13:00:00,R024,50,3.29,25.01,IoT
SENS_R025,2026-09-18T13:00:00,R025,111,3.68,26.52,IoT
SENS_R026,2026-09-18T13:00:00,R026,44,4.05,26.83,IoT
SENS_R027,2026-09-18T13:00:00,R027,109,3.12,25.42,IoT
SENS_R028,2026-09-18T13:00:00,R028,35,3.12,25.76,IoT
SENS_R029,2026-09-18T13:00:00,R029,100,3.24,25.76,IoT
SENS_R030,2026-09-18T13:00:00,R030,64,3.41,24.79,IoT
SENS_R001,2026-09-18T14:00:00,R001,20,2.53,25.9,IoT
SENS_R002,2026-09-18T14:00:00,R002,72,2.92,25.25,IoT
SENS_R003,2026-09-18T14:00:00,R003,37,1.97,23.77,IoT
SENS_R004,2026-09-18T14:00:00,R004,74,3.23,23.66,IoT
SENS_R005,2026-09-18T14:00:00,R005,46,2.14,25.19,IoT
SENS_R006,2026-09-18T14:00:00,R006,31,3.21,26.23,IoT
SENS_R007,2026-09-18T14:00:00,R007,20,2.67,25.91,IoT
SENS_R008,2026-09-18T14:00:00,R008,72,3.34,25.15,IoT
SENS_R009,2026-09-18T14:00:00,R009,45,3.08,25.18,IoT
SENS_R010,2026-09-18T14:00:00,R010,59,3.88,26.55,IoT
SENS_R011,2026-09-18T14:00:00,R011,24,1.85,23.2,IoT
SENS_R012,2026-09-18T14:00:00,R012,55,3.58,26.97,IoT
SENS_R013,2026-09-18T14:00:00,R013,110,3.7,24.97,IoT
SENS_R014,2026-09-18T14:00:00,R014,26,2.23,24.88,IoT
SENS_R015,2026-09-18T14:00:00,R015,15,1.73,25.18,IoT
SENS_R016,2026-09-18T14:00:00,R016,26,1.74,23.56,IoT
SENS_R017,2026-09-18T14:00:00,R017,21,1.73,23.84,IoT
SENS_R018,2026-09-18T14:00:00,R018,57,3.01,24.63,IoT
SENS_R019,2026-09-18T14:00:00,R019,47,3.42,25.0,IoT
SENS_R020,2026-09-18T14:00:00,R020,42,2.89,25.26,IoT
SENS_R021,2026-09-18T14:00:00,R021,70,4.23,26.94,IoT
SENS_R022,2026-09-18T14:00:00,R022,43,2.98,25.32,IoT
SENS_R023,2026-09-18T14:00:00,R023,20,2.46,25.05,IoT
SENS_R024,2026-09-18T14:00:00,R024,46,3.48,25.63,IoT
SENS_R025,2026-09-18T14:00:00,R025,91,3.23,26.21,IoT
SENS_R026,2026-09-18T14:00:00,R026,26,2.78,24.27,IoT
SENS_R027,2026-09-18T14:00:00,R027,104,3.45,26.26,IoT
SENS_R028,2026-09-18T14:00:00,R028,22,1.8,23.62,IoT
SENS_R029,2026-09-18T14:00:00,R029,50,1.61,24.1,IoT
SENS_R030,2026-09-18T14:00:00,R030,27,2.15,23.17,IoT
SENS_R001,2026-09-18T15:00:00,R001,30,3.41,25.25,IoT
SENS_R002,2026-09-18T15:00:00,R002,83,3.35,25.21,IoT
SENS_R003,2026-09-18T15:00:00,R003,52,2.13,24.17,IoT
SENS_R004,2026-09-18T15:00:00,R004,67,3.1,25.92,IoT
SENS_R005,2026-09-18T15:00:00,R005,68,2.99,25.53,IoT
SENS_R006,2026-09-18T15:00:00,R006,20,2.01,24.96,IoT
SENS_R007,2026-09-18T15:00:00,R007,22,2.75,25.3,IoT
SENS_R008,2026-09-18T15:00:00,R008,44,2.11,24.44,IoT
SENS_R009,2026-09-18T15:00:00,R009,39,3.15,25.51,IoT
SENS_R010,2026-09-18T15:00:00,R010,31,2.68,25.2,IoT
SENS_R011,2026-09-18T15:00:00,R011,34,2.33,23.69,IoT
SENS_R012,2026-09-18T15:00:00,R012,63,3.53,25.82,IoT
SENS_R013,2026-09-18T15:00:00,R013,68,2.96,25.37,IoT
SENS_R014,2026-09-18T15:00:00,R014,29,3.21,27.33,IoT
SENS_R015,2026-09-18T15:00:00,R015,29,3.31,24.52,IoT
SENS_R016,2026-09-18T15:00:00,R016,58,3.14,24.58,IoT
SENS_R017,2026-09-18T15:00:00,R017,33,2.46,24.45,IoT
SENS_R018,2026-09-18T15:00:00,R018,58,3.29,26.23,IoT
SENS_R019,2026-09-18T15:00:00,R019,27,2.18,23.71,IoT
SENS_R020,2026-09-18T15:00:00,R020,19,2.16,26.13,IoT
SENS_R021,2026-09-18T15:00:00,R021,43,2.69,25.95,IoT
SENS_R022,2026-09-18T15:00:00,R022,29,2.19,24.98,IoT
SENS_R023,2026-09-18T15:00:00,R023,28,3.03,23.37,IoT
SENS_R024,2026-09-18T15:00:00,R024,59,3.77,26.04,IoT
SENS_R025,2026-09-18T15:00:00,R025,84,3.47,25.24,IoT
SENS_R026,2026-09-18T15:00:00,R026,21,2.03,23.33,IoT
SENS_R027,2026-09-18T15:00:00,R027,106,3.11,26.87,IoT
SENS_R028,2026-09-18T15:00:00,R028,17,1.83,24.26,IoT
SENS_R029,2026-09-18T15:00:00,R029,88,2.98,24.84,IoT
SENS_R030,2026-09-18T15:00:00,R030,35,2.45,24.6,IoT
SENS_R001,2026-09-18T16:00:00,R001,29,3.7,25.06,IoT
SENS_R002,2026-09-18T16:00:00,R002,73,2.73,24.27,IoT
SENS_R003,2026-09-18T16:00:00,R003,56,2.72,25.75,IoT
SENS_R004,2026-09-18T16:00:00,R004,76,3.45,23.86,IoT
SENS_R005,2026-09-18T16:00:00,R005,66,3.28,24.85,IoT
SENS_R006,2026-09-18T16:00:00,R006,32,3.56,25.49,IoT
SENS_R007,2026-09-18T16:00:00,R007,28,3.22,26.74,IoT
SENS_R008,2026-09-18T16:00:00,R008,73,3.4,25.39,IoT
SENS_R009,2026-09-18T16:00:00,R009,40,3.1,25.32,IoT
SENS_R010,2026-09-18T16:00:00,R010,41,3.09,24.98,IoT
SENS_R011,2026-09-18T16:00:00,R011,49,2.47,24.54,IoT
SENS_R012,2026-09-18T16:00:00,R012,51,2.99,26.44,IoT
SENS_R013,2026-09-18T16:00:00,R013,89,3.29,26.13,IoT
SENS_R014,2026-09-18T16:00:00,R014,28,2.91,24.35,IoT
SENS_R015,2026-09-18T16:00:00,R015,15,1.89,24.65,IoT
SENS_R016,2026-09-18T16:00:00,R016,54,3.07,25.04,IoT
SENS_R017,2026-09-18T16:00:00,R017,42,3.2,25.01,IoT
SENS_R018,2026-09-18T16:00:00,R018,78,3.71,26.37,IoT
SENS_R019,2026-09-18T16:00:00,R019,23,1.51,23.83,IoT
SENS_R020,2026-09-18T16:00:00,R020,35,2.75,24.93,IoT
SENS_R021,2026-09-18T16:00:00,R021,43,2.72,25.12,IoT
SENS_R022,2026-09-18T16:00:00,R022,33,2.17,24.53,IoT
SENS_R023,2026-09-18T16:00:00,R023,30,3.5,25.86,IoT
SENS_R024,2026-09-18T16:00:00,R024,47,2.87,25.78,IoT
SENS_R025,2026-09-18T16:00:00,R025,83,3.45,25.62,IoT
SENS_R026,2026-09-18T16:00:00,R026,34,3.7,26.19,IoT
SENS_R027,2026-09-18T16:00:00,R027,109,3.81,25.93,IoT
SENS_R028,2026-09-18T16:00:00,R028,27,2.57,24.42,IoT
SENS_R029,2026-09-18T16:00:00,R029,120,4.07,27.09,IoT
SENS_R030,2026-09-18T16:00:00,R030,41,2.7,26.47,IoT
SENS_R001,2026-09-18T17:00:00,R001,34,3.68,26.58,IoT
SENS_R002,2026-09-18T17:00:00,R002,54,2.48,24.75,IoT
SENS_R003,2026-09-18T17:00:00,R003,61,2.74,24.07,IoT
SENS_R004,2026-09-18T17:00:00,R004,46,2.22,24.06,IoT
SENS_R005,2026-09-18T17:00:00,R005,64,2.79,24.99,IoT
SENS_R006,2026-09-18T17:00:00,R006,29,2.95,25.39,IoT
SENS_R007,2026-09-18T17:00:00,R007,32,3.48,25.62,IoT
SENS_R008,2026-09-18T17:00:00,R008,45,2.5,24.5,IoT
SENS_R009,2026-09-18T17:00:00,R009,29,1.98,23.03,IoT
SENS_R010,2026-09-18T17:00:00,R010,42,2.83,25.29,IoT
SENS_R011,2026-09-18T17:00:00,R011,22,1.68,24.13,IoT
SENS_R012,2026-09-18T17:00:00,R012,63,3.27,26.34,IoT
SENS_R013,2026-09-18T17:00:00,R013,120,3.53,26.42,IoT
SENS_R014,2026-09-18T17:00:00,R014,29,2.66,24.61,IoT
SENS_R015,2026-09-18T17:00:00,R015,30,3.23,24.0,IoT
SENS_R016,2026-09-18T17:00:00,R016,56,2.97,25.19,IoT
SENS_R017,2026-09-18T17:00:00,R017,43,2.97,27.08,IoT
SENS_R018,2026-09-18T17:00:00,R018,56,2.69,24.64,IoT
SENS_R019,2026-09-18T17:00:00,R019,45,2.89,24.36,IoT
SENS_R020,2026-09-18T17:00:00,R020,55,4.37,27.28,IoT
SENS_R021,2026-09-18T17:00:00,R021,25,1.95,23.09,IoT
SENS_R022,2026-09-18T17:00:00,R022,29,2.11,24.16,IoT
SENS_R023,2026-09-18T17:00:00,R023,26,3.11,25.55,IoT
SENS_R024,2026-09-18T17:00:00,R024,31,2.36,24.65,IoT
SENS_R025,2026-09-18T17:00:00,R025,31,1.78,25.08,IoT
SENS_R026,2026-09-18T17:00:00,R026,36,3.09,25.58,IoT
SENS_R027,2026-09-18T17:00:00,R027,64,2.76,25.06,IoT
SENS_R028,2026-09-18T17:00:00,R028,41,3.73,24.67,IoT
SENS_R029,2026-09-18T17:00:00,R029,123,3.81,25.41,IoT
SENS_R030,2026-09-18T17:00:00,R030,68,3.63,26.48,IoT
SENS_R001,2026-09-18T18:00:00,R001,5,0.92,23.68,IoT
SENS_R002,2026-09-18T18:00:00,R002,28,1.79,23.9,IoT
SENS_R003,2026-09-18T18:00:00,R003,11,0.9,24.07,IoT
SENS_R004,2026-09-18T18:00:00,R004,24,1.33,24.06,IoT
SENS_R005,2026-09-18T18:00:00,R005,15,1.08,25.87,IoT
SENS_R006,2026-09-18T18:00:00,R006,12,1.65,24.58,IoT
SENS_R007,2026-09-18T18:00:00,R007,9,1.43,24.8,IoT
SENS_R008,2026-09-18T18:00:00,R008,24,1.75,23.92,IoT
SENS_R009,2026-09-18T18:00:00,R009,15,1.54,24.21,IoT
SENS_R010,2026-09-18T18:00:00,R010,11,1.14,23.23,IoT
SENS_R011,2026-09-18T18:00:00,R011,13,1.72,24.43,IoT
SENS_R012,2026-09-18T18:00:00,R012,14,1.39,24.31,IoT
SENS_R013,2026-09-18T18:00:00,R013,17,0.88,24.6,IoT
SENS_R014,2026-09-18T18:00:00,R014,14,1.29,24.8,IoT
SENS_R015,2026-09-18T18:00:00,R015,8,1.68,23.57,IoT
SENS_R016,2026-09-18T18:00:00,R016,10,1.14,23.49,IoT
SENS_R017,2026-09-18T18:00:00,R017,11,1.5,23.6,IoT
SENS_R018,2026-09-18T18:00:00,R018,16,1.27,24.59,IoT
SENS_R019,2026-09-18T18:00:00,R019,10,1.18,23.89,IoT
SENS_R020,2026-09-18T18:00:00,R020,14,1.89,23.75,IoT
SENS_R021,2026-09-18T18:00:00,R021,10,1.04,23.1,IoT
SENS_R022,2026-09-18T18:00:00,R022,6,1.41,23.32,IoT
SENS_R023,2026-09-18T18:00:00,R023,4,1.27,24.03,IoT
SENS_R024,2026-09-18T18:00:00,R024,16,1.19,24.46,IoT
SENS_R025,2026-09-18T18:00:00,R025,18,1.43,23.43,IoT
SENS_R026,2026-09-18T18:00:00,R026,10,0.86,23.08,IoT
SENS_R027,2026-09-18T18:00:00,R027,43,1.47,24.04,IoT
SENS_R028,2026-09-18T18:00:00,R028,10,1.68,24.33,IoT
SENS_R029,2026-09-18T18:00:00,R029,28,1.49,23.3,IoT
SENS_R030,2026-09-18T18:00:00,R030,26,2.04,25.72,IoT
SENS_R001,2026-09-18T19:00:00,R001,8,1.03,25.06,IoT
SENS_R002,2026-09-18T19:00:00,R002,21,1.48,25.11,IoT
SENS_R003,2026-09-18T19:00:00,R003,29,1.57,24.0,IoT
SENS_R004,2026-09-18T19:00:00,R004,32,1.69,23.11,IoT
SENS_R005,2026-09-18T19:00:00,R005,25,1.89,24.37,IoT
SENS_R006,2026-09-18T19:00:00,R006,16,1.76,24.28,IoT
SENS_R007,2026-09-18T19:00:00,R007,12,1.66,24.69,IoT
SENS_R008,2026-09-18T19:00:00,R008,32,2.15,24.23,IoT
SENS_R009,2026-09-18T19:00:00,R009,5,1.52,24.53,IoT
SENS_R010,2026-09-18T19:00:00,R010,20,1.83,24.74,IoT
SENS_R011,2026-09-18T19:00:00,R011,28,2.0,24.69,IoT
SENS_R012,2026-09-18T19:00:00,R012,32,2.16,25.15,IoT
SENS_R013,2026-09-18T19:00:00,R013,45,1.98,23.31,IoT
SENS_R014,2026-09-18T19:00:00,R014,6,1.1,24.54,IoT
SENS_R015,2026-09-18T19:00:00,R015,11,2.01,24.31,IoT
SENS_R016,2026-09-18T19:00:00,R016,15,1.02,23.21,IoT
SENS_R017,2026-09-18T19:00:00,R017,18,1.61,24.46,IoT
SENS_R018,2026-09-18T19:00:00,R018,4,0.67,23.43,IoT
SENS_R019,2026-09-18T19:00:00,R019,13,1.53,23.02,IoT
SENS_R020,2026-09-18T19:00:00,R020,8,1.08,23.53,IoT
SENS_R021,2026-09-18T19:00:00,R021,12,1.44,25.47,IoT
SENS_R022,2026-09-18T19:00:00,R022,7,1.02,23.57,IoT
SENS_R023,2026-09-18T19:00:00,R023,4,0.94,24.46,IoT
SENS_R024,2026-09-18T19:00:00,R024,26,2.2,25.43,IoT
SENS_R025,2026-09-18T19:00:00,R025,22,1.54,24.41,IoT
SENS_R026,2026-09-18T19:00:00,R026,5,1.32,25.18,IoT
SENS_R027,2026-09-18T19:00:00,R027,24,1.39,24.47,IoT
SENS_R028,2026-09-18T19:00:00,R028,9,1.18,23.39,IoT
SENS_R029,2026-09-18T19:00:00,R029,18,1.48,25.11,IoT
SENS_R030,2026-09-18T19:00:00,R030,12,1.48,24.54,IoT
SENS_R001,2026-09-18T20:00:00,R001,6,1.62,24.5,IoT
SENS_R002,2026-09-18T20:00:00,R002,6,0.99,23.78,IoT
SENS_R003,2026-09-18T20:00:00,R003,47,1.99,24.65,IoT
SENS_R004,2026-09-18T20:00:00,R004,21,1.59,24.9,IoT
SENS_R005,2026-09-18T20:00:00,R005,13,1.68,27.31,IoT
SENS_R006,2026-09-18T20:00:00,R006,15,1.4,25.55,IoT
SENS_R007,2026-09-18T20:00:00,R007,8,1.37,24.58,IoT
SENS_R008,2026-09-18T20:00:00,R008,32,1.7,23.54,IoT
SENS_R009,2026-09-18T20:00:00,R009,12,1.56,24.17,IoT
SENS_R010,2026-09-18T20:00:00,R010,16,1.74,25.01,IoT
SENS_R011,2026-09-18T20:00:00,R011,8,1.4,24.75,IoT
SENS_R012,2026-09-18T20:00:00,R012,16,1.53,24.96,IoT
SENS_R013,2026-09-18T20:00:00,R013,43,1.45,24.34,IoT
SENS_R014,2026-09-18T20:00:00,R014,13,1.92,24.18,IoT
SENS_R015,2026-09-18T20:00:00,R015,3,1.05,22.67,IoT
SENS_R016,2026-09-18T20:00:00,R016,18,1.63,24.53,IoT
SENS_R017,2026-09-18T20:00:00,R017,15,1.8,25.44,IoT
SENS_R018,2026-09-18T20:00:00,R018,14,1.22,24.85,IoT
SENS_R019,2026-09-18T20:00:00,R019,25,2.03,26.31,IoT
SENS_R020,2026-09-18T20:00:00,R020,21,2.44,24.36,IoT
SENS_R021,2026-09-18T20:00:00,R021,13,1.69,24.58,IoT
SENS_R022,2026-09-18T20:00:00,R022,3,1.08,24.24,IoT
SENS_R023,2026-09-18T20:00:00,R023,3,1.03,24.99,IoT
SENS_R024,2026-09-18T20:00:00,R024,19,1.91,25.1,IoT
SENS_R025,2026-09-18T20:00:00,R025,21,1.44,24.4,IoT
SENS_R026,2026-09-18T20:00:00,R026,14,1.78,23.59,IoT
SENS_R027,2026-09-18T20:00:00,R027,43,2.17,24.59,IoT
SENS_R028,2026-09-18T20:00:00,R028,9,1.27,24.58,IoT
SENS_R029,2026-09-18T20:00:00,R029,9,0.79,24.37,IoT
SENS_R030,2026-09-18T20:00:00,R030,24,1.96,25.08,IoT
SENS_R001,2026-09-18T21:00:00,R001,0,0.55,23.1,IoT
SENS_R002,2026-09-18T21:00:00,R002,33,1.52,24.87,IoT
SENS_R003,2026-09-18T21:00:00,R003,24,1.37,24.72,IoT
SENS_R004,2026-09-18T21:00:00,R004,21,1.66,25.87,IoT
SENS_R005,2026-09-18T21:00:00,R005,25,1.4,23.98,IoT
SENS_R006,2026-09-18T21:00:00,R006,14,2.03,24.47,IoT
SENS_R007,2026-09-18T21:00:00,R007,7,1.23,23.67,IoT
SENS_R008,2026-09-18T21:00:00,R008,20,0.97,24.25,IoT
SENS_R009,2026-09-18T21:00:00,R009,22,1.87,24.69,IoT
SENS_R010,2026-09-18T21:00:00,R010,20,1.69,23.63,IoT
SENS_R011,2026-09-18T21:00:00,R011,31,1.46,24.03,IoT
SENS_R012,2026-09-18T21:00:00,R012,12,1.32,22.9,IoT
SENS_R013,2026-09-18T21:00:00,R013,28,1.91,23.87,IoT
SENS_R014,2026-09-18T21:00:00,R014,7,1.39,22.89,IoT
SENS_R015,2026-09-18T21:00:00,R015,8,1.56,24.88,IoT
SENS_R016,2026-09-18T21:00:00,R016,11,1.29,24.32,IoT
SENS_R017,2026-09-18T21:00:00,R017,5,1.16,24.08,IoT
SENS_R018,2026-09-18T21:00:00,R018,13,0.96,24.21,IoT
SENS_R019,2026-09-18T21:00:00,R019,14,1.89,25.43,IoT
SENS_R020,2026-09-18T21:00:00,R020,12,1.52,25.29,IoT
SENS_R021,2026-09-18T21:00:00,R021,13,1.48,23.85,IoT
SENS_R022,2026-09-18T21:00:00,R022,12,1.31,22.56,IoT
SENS_R023,2026-09-18T21:00:00,R023,14,2.17,25.4,IoT
SENS_R024,2026-09-18T21:00:00,R024,9,1.34,24.44,IoT
SENS_R025,2026-09-18T21:00:00,R025,19,1.77,22.74,IoT
SENS_R026,2026-09-18T21:00:00,R026,7,1.72,24.39,IoT
SENS_R027,2026-09-18T21:00:00,R027,43,1.99,24.31,IoT
SENS_R028,2026-09-18T21:00:00,R028,2,0.93,23.28,IoT
SENS_R029,2026-09-18T21:00:00,R029,29,1.66,24.41,IoT
SENS_R030,2026-09-18T21:00:00,R030,20,1.66,24.19,IoT
SENS_R001,2026-09-19T06:00:00,R001,4,1.36,24.8,IoT
SENS_R002,2026-09-19T06:00:00,R002,21,1.05,23.51,IoT
SENS_R003,2026-09-19T06:00:00,R003,18,1.33,24.35,IoT
SENS_R004,2026-09-19T06:00:00,R004,20,1.39,24.14,IoT
SENS_R005,2026-09-19T06:00:00,R005,29,1.6,25.44,IoT
SENS_R006,2026-09-19T06:00:00,R006,0,0.92,23.67,IoT
SENS_R007,2026-09-19T06:00:00,R007,4,1.31,24.04,IoT
SENS_R008,2026-09-19T06:00:00,R008,18,1.4,23.15,IoT
SENS_R009,2026-09-19T06:00:00,R009,0,0.56,23.51,IoT
SENS_R010,2026-09-19T06:00:00,R010,6,1.15,22.59,IoT
SENS_R011,2026-09-19T06:00:00,R011,20,1.27,23.52,IoT
SENS_R012,2026-09-19T06:00:00,R012,6,0.9,24.31,IoT
SENS_R013,2026-09-19T06:00:00,R013,38,1.85,24.49,IoT
SENS_R014,2026-09-19T06:00:00,R014,9,1.51,24.27,IoT
SENS_R015,2026-09-19T06:00:00,R015,10,1.89,24.18,IoT
SENS_R016,2026-09-19T06:00:00,R016,2,1.41,23.57,IoT
SENS_R017,2026-09-19T06:00:00,R017,21,1.71,25.15,IoT
SENS_R018,2026-09-19T06:00:00,R018,22,1.31,24.49,IoT
SENS_R019,2026-09-19T06:00:00,R019,12,1.45,23.33,IoT
SENS_R020,2026-09-19T06:00:00,R020,13,1.44,25.56,IoT
SENS_R021,2026-09-19T06:00:00,R021,16,1.25,23.45,IoT
SENS_R022,2026-09-19T06:00:00,R022,15,1.69,25.56,IoT
SENS_R023,2026-09-19T06:00:00,R023,4,0.96,25.61,IoT
SENS_R024,2026-09-19T06:00:00,R024,2,0.87,24.17,IoT
SENS_R025,2026-09-19T06:00:00,R025,1,0.89,24.15,IoT
SENS_R026,2026-09-19T06:00:00,R026,10,1.55,25.2,IoT
SENS_R027,2026-09-19T06:00:00,R027,28,1.65,26.11,IoT
SENS_R028,2026-09-19T06:00:00,R028,5,1.12,23.34,IoT
SENS_R029,2026-09-19T06:00:00,R029,28,1.59,24.35,IoT
SENS_R030,2026-09-19T06:00:00,R030,16,1.57,22.68,IoT
SENS_R001,2026-09-19T07:00:00,R001,0,1.29,23.9,IoT
SENS_R002,2026-09-19T07:00:00,R002,39,1.59,21.58,IoT
SENS_R003,2026-09-19T07:00:00,R003,14,1.32,24.7,IoT
SENS_R004,2026-09-19T07:00:00,R004,6,0.89,23.46,IoT
SENS_R005,2026-09-19T07:00:00,R005,24,1.35,24.86,IoT
SENS_R006,2026-09-19T07:00:00,R006,8,1.51,23.28,IoT
SENS_R007,2026-09-19T07:00:00,R007,9,1.66,25.94,IoT
SENS_R008,2026-09-19T07:00:00,R008,22,1.82,24.63,IoT
SENS_R009,2026-09-19T07:00:00,R009,8,1.64,24.05,IoT
SENS_R010,2026-09-19T07:00:00,R010,13,1.64,24.13,IoT
SENS_R011,2026-09-19T07:00:00,R011,19,1.54,24.92,IoT
SENS_R012,2026-09-19T07:00:00,R012,16,1.42,22.31,IoT
SENS_R013,2026-09-19T07:00:00,R013,1,0.77,22.77,IoT
SENS_R014,2026-09-19T07:00:00,R014,15,1.47,23.48,IoT
SENS_R015,2026-09-19T07:00:00,R015,1,1.36,23.07,IoT
SENS_R016,2026-09-19T07:00:00,R016,1,0.85,23.88,IoT
SENS_R017,2026-09-19T07:00:00,R017,2,0.86,24.71,IoT
SENS_R018,2026-09-19T07:00:00,R018,14,1.12,24.68,IoT
SENS_R019,2026-09-19T07:00:00,R019,18,1.39,25.56,IoT
SENS_R020,2026-09-19T07:00:00,R020,0,0.96,24.89,IoT
SENS_R021,2026-09-19T07:00:00,R021,8,1.22,23.98,IoT
SENS_R022,2026-09-19T07:00:00,R022,6,1.34,23.41,IoT
SENS_R023,2026-09-19T07:00:00,R023,15,1.96,25.98,IoT
SENS_R024,2026-09-19T07:00:00,R024,5,0.78,23.87,IoT
SENS_R025,2026-09-19T07:00:00,R025,16,1.02,24.88,IoT
SENS_R026,2026-09-19T07:00:00,R026,0,0.41,22.94,IoT
SENS_R027,2026-09-19T07:00:00,R027,51,1.82,24.97,IoT
SENS_R028,2026-09-19T07:00:00,R028,6,1.26,22.98,IoT
SENS_R029,2026-09-19T07:00:00,R029,18,1.53,25.41,IoT
SENS_R030,2026-09-19T07:00:00,R030,22,1.54,23.11,IoT
SENS_R001,2026-09-19T08:00:00,R001,0,1.06,24.73,IoT
SENS_R002,2026-09-19T08:00:00,R002,31,1.45,23.22,IoT
SENS_R003,2026-09-19T08:00:00,R003,44,2.18,24.98,IoT
SENS_R004,2026-09-19T08:00:00,R004,22,1.97,23.55,IoT
SENS_R005,2026-09-19T08:00:00,R005,17,1.09,24.49,IoT
SENS_R006,2026-09-19T08:00:00,R006,15,2.08,25.58,IoT
SENS_R007,2026-09-19T08:00:00,R007,11,2.0,24.02,IoT
SENS_R008,2026-09-19T08:00:00,R008,30,2.28,24.22,IoT
SENS_R009,2026-09-19T08:00:00,R009,16,1.71,23.33,IoT
SENS_R010,2026-09-19T08:00:00,R010,12,1.56,24.37,IoT
SENS_R011,2026-09-19T08:00:00,R011,14,1.39,24.69,IoT
SENS_R012,2026-09-19T08:00:00,R012,21,1.76,22.2,IoT
SENS_R013,2026-09-19T08:00:00,R013,0,0.62,23.77,IoT
SENS_R014,2026-09-19T08:00:00,R014,8,1.47,26.36,IoT
SENS_R015,2026-09-19T08:00:00,R015,0,0.75,24.14,IoT
SENS_R016,2026-09-19T08:00:00,R016,20,1.49,22.55,IoT
SENS_R017,2026-09-19T08:00:00,R017,11,1.52,24.2,IoT
SENS_R018,2026-09-19T08:00:00,R018,15,1.61,25.53,IoT
SENS_R019,2026-09-19T08:00:00,R019,9,1.27,23.79,IoT
SENS_R020,2026-09-19T08:00:00,R020,9,1.06,22.17,IoT
SENS_R021,2026-09-19T08:00:00,R021,4,0.96,23.61,IoT
SENS_R022,2026-09-19T08:00:00,R022,22,1.89,23.92,IoT
SENS_R023,2026-09-19T08:00:00,R023,16,2.85,26.4,IoT
SENS_R024,2026-09-19T08:00:00,R024,10,1.03,24.81,IoT
SENS_R025,2026-09-19T08:00:00,R025,32,1.69,25.21,IoT
SENS_R026,2026-09-19T08:00:00,R026,7,1.03,24.02,IoT
SENS_R027,2026-09-19T08:00:00,R027,20,1.16,23.35,IoT
SENS_R028,2026-09-19T08:00:00,R028,7,0.79,24.6,IoT
SENS_R029,2026-09-19T08:00:00,R029,0,0.44,23.6,IoT
SENS_R030,2026-09-19T08:00:00,R030,1,0.44,23.15,IoT
SENS_R001,2026-09-19T09:00:00,R001,2,0.96,23.39,IoT
SENS_R002,2026-09-19T09:00:00,R002,6,1.09,23.31,IoT
SENS_R003,2026-09-19T09:00:00,R003,30,1.44,24.94,IoT
SENS_R004,2026-09-19T09:00:00,R004,14,1.37,24.38,IoT
SENS_R005,2026-09-19T09:00:00,R005,15,1.21,24.96,IoT
SENS_R006,2026-09-19T09:00:00,R006,3,0.95,24.8,IoT
SENS_R007,2026-09-19T09:00:00,R007,2,0.74,22.43,IoT
SENS_R008,2026-09-19T09:00:00,R008,3,0.98,24.24,IoT
SENS_R009,2026-09-19T09:00:00,R009,0,0.91,23.16,IoT
SENS_R010,2026-09-19T09:00:00,R010,7,1.35,24.08,IoT
SENS_R011,2026-09-19T09:00:00,R011,21,2.16,24.93,IoT
SENS_R012,2026-09-19T09:00:00,R012,3,1.01,23.59,IoT
SENS_R013,2026-09-19T09:00:00,R013,2,0.49,23.7,IoT
SENS_R014,2026-09-19T09:00:00,R014,0,0.9,23.66,IoT
SENS_R015,2026-09-19T09:00:00,R015,7,1.39,24.19,IoT
SENS_R016,2026-09-19T09:00:00,R016,0,0.76,22.66,IoT
SENS_R017,2026-09-19T09:00:00,R017,11,1.6,24.48,IoT
SENS_R018,2026-09-19T09:00:00,R018,12,0.79,24.13,IoT
SENS_R019,2026-09-19T09:00:00,R019,13,1.43,24.77,IoT
SENS_R020,2026-09-19T09:00:00,R020,5,1.3,23.76,IoT
SENS_R021,2026-09-19T09:00:00,R021,13,1.33,24.57,IoT
SENS_R022,2026-09-19T09:00:00,R022,8,1.12,23.96,IoT
SENS_R023,2026-09-19T09:00:00,R023,0,0.7,24.04,IoT
SENS_R024,2026-09-19T09:00:00,R024,1,1.03,24.27,IoT
SENS_R025,2026-09-19T09:00:00,R025,9,1.29,23.56,IoT
SENS_R026,2026-09-19T09:00:00,R026,7,1.18,24.01,IoT
SENS_R027,2026-09-19T09:00:00,R027,0,0.69,23.93,IoT
SENS_R028,2026-09-19T09:00:00,R028,9,1.15,24.64,IoT
SENS_R029,2026-09-19T09:00:00,R029,28,1.29,25.04,IoT
SENS_R030,2026-09-19T09:00:00,R030,22,1.87,24.13,IoT
SENS_R001,2026-09-19T10:00:00,R001,2,1.08,25.38,IoT
SENS_R002,2026-09-19T10:00:00,R002,10,1.26,25.63,IoT
SENS_R003,2026-09-19T10:00:00,R003,3,1.03,23.84,IoT
SENS_R004,2026-09-19T10:00:00,R004,21,0.82,22.98,IoT
SENS_R005,2026-09-19T10:00:00,R005,4,0.92,23.24,IoT
SENS_R006,2026-09-19T10:00:00,R006,17,1.73,24.13,IoT
SENS_R007,2026-09-19T10:00:00,R007,3,1.05,23.0,IoT
SENS_R008,2026-09-19T10:00:00,R008,26,1.46,25.92,IoT
SENS_R009,2026-09-19T10:00:00,R009,12,1.4,24.32,IoT
SENS_R010,2026-09-19T10:00:00,R010,0,1.17,23.39,IoT
SENS_R011,2026-09-19T10:00:00,R011,18,1.44,24.47,IoT
SENS_R012,2026-09-19T10:00:00,R012,22,2.36,24.68,IoT
SENS_R013,2026-09-19T10:00:00,R013,45,1.84,24.75,IoT
SENS_R014,2026-09-19T10:00:00,R014,11,1.34,23.46,IoT
SENS_R015,2026-09-19T10:00:00,R015,0,0.73,22.49,IoT
SENS_R016,2026-09-19T10:00:00,R016,19,1.97,25.48,IoT
SENS_R017,2026-09-19T10:00:00,R017,15,1.42,22.78,IoT
SENS_R018,2026-09-19T10:00:00,R018,19,0.98,23.58,IoT
SENS_R019,2026-09-19T10:00:00,R019,12,1.75,24.98,IoT
SENS_R020,2026-09-19T10:00:00,R020,17,1.79,24.89,IoT
SENS_R021,2026-09-19T10:00:00,R021,12,1.26,23.5,IoT
SENS_R022,2026-09-19T10:00:00,R022,14,1.75,24.62,IoT
SENS_R023,2026-09-19T10:00:00,R023,2,1.06,24.38,IoT
SENS_R024,2026-09-19T10:00:00,R024,9,0.94,24.19,IoT
SENS_R025,2026-09-19T10:00:00,R025,16,1.08,24.11,IoT
SENS_R026,2026-09-19T10:00:00,R026,0,1.0,24.16,IoT
SENS_R027,2026-09-19T10:00:00,R027,23,1.51,25.21,IoT
SENS_R028,2026-09-19T10:00:00,R028,0,0.9,23.41,IoT
SENS_R029,2026-09-19T10:00:00,R029,45,2.11,24.79,IoT
SENS_R030,2026-09-19T10:00:00,R030,12,1.19,23.56,IoT
SENS_R001,2026-09-19T11:00:00,R001,6,1.24,24.07,IoT
SENS_R002,2026-09-19T11:00:00,R002,6,0.45,23.25,IoT
SENS_R003,2026-09-19T11:00:00,R003,0,1.12,24.26,IoT
SENS_R004,2026-09-19T11:00:00,R004,2,0.62,24.48,IoT
SENS_R005,2026-09-19T11:00:00,R005,33,2.03,25.92,IoT
SENS_R006,2026-09-19T11:00:00,R006,4,0.88,24.53,IoT
SENS_R007,2026-09-19T11:00:00,R007,4,1.23,24.53,IoT
SENS_R008,2026-09-19T11:00:00,R008,19,1.81,25.08,IoT
SENS_R009,2026-09-19T11:00:00,R009,7,1.48,24.27,IoT
SENS_R010,2026-09-19T11:00:00,R010,24,2.27,26.0,IoT
SENS_R011,2026-09-19T11:00:00,R011,6,1.11,24.18,IoT
SENS_R012,2026-09-19T11:00:00,R012,23,1.87,24.3,IoT
SENS_R013,2026-09-19T11:00:00,R013,33,1.8,24.02,IoT
SENS_R014,2026-09-19T11:00:00,R014,1,0.98,21.61,IoT
SENS_R015,2026-09-19T11:00:00,R015,6,1.52,24.3,IoT
SENS_R016,2026-09-19T11:00:00,R016,3,0.64,22.58,IoT
SENS_R017,2026-09-19T11:00:00,R017,12,1.06,22.25,IoT
SENS_R018,2026-09-19T11:00:00,R018,14,1.43,23.81,IoT
SENS_R019,2026-09-19T11:00:00,R019,0,0.84,22.85,IoT
SENS_R020,2026-09-19T11:00:00,R020,15,1.8,25.86,IoT
SENS_R021,2026-09-19T11:00:00,R021,8,1.27,23.97,IoT
SENS_R022,2026-09-19T11:00:00,R022,0,0.09,24.63,IoT
SENS_R023,2026-09-19T11:00:00,R023,10,1.73,23.68,IoT
SENS_R024,2026-09-19T11:00:00,R024,4,0.78,22.71,IoT
SENS_R025,2026-09-19T11:00:00,R025,11,1.45,23.59,IoT
SENS_R026,2026-09-19T11:00:00,R026,1,0.92,24.55,IoT
SENS_R027,2026-09-19T11:00:00,R027,7,0.72,24.52,IoT
SENS_R028,2026-09-19T11:00:00,R028,3,0.94,23.75,IoT
SENS_R029,2026-09-19T11:00:00,R029,52,2.53,24.64,IoT
SENS_R030,2026-09-19T11:00:00,R030,15,1.42,24.43,IoT
SENS_R001,2026-09-19T12:00:00,R001,6,1.3,24.33,IoT
SENS_R002,2026-09-19T12:00:00,R002,0,0.82,23.94,IoT
SENS_R003,2026-09-19T12:00:00,R003,0,0.96,23.81,IoT
SENS_R004,2026-09-19T12:00:00,R004,22,1.9,24.2,IoT
SENS_R005,2026-09-19T12:00:00,R005,8,0.81,24.27,IoT
SENS_R006,2026-09-19T12:00:00,R006,17,1.58,24.22,IoT
SENS_R007,2026-09-19T12:00:00,R007,13,1.7,23.72,IoT
SENS_R008,2026-09-19T12:00:00,R008,11,0.85,23.53,IoT
SENS_R009,2026-09-19T12:00:00,R009,8,1.32,23.75,IoT
SENS_R010,2026-09-19T12:00:00,R010,7,0.57,22.68,IoT
SENS_R011,2026-09-19T12:00:00,R011,23,1.81,25.07,IoT
SENS_R012,2026-09-19T12:00:00,R012,18,1.13,25.43,IoT
SENS_R013,2026-09-19T12:00:00,R013,39,1.76,23.78,IoT
SENS_R014,2026-09-19T12:00:00,R014,11,1.3,25.41,IoT
SENS_R015,2026-09-19T12:00:00,R015,12,2.21,25.68,IoT
SENS_R016,2026-09-19T12:00:00,R016,13,1.83,23.88,IoT
SENS_R017,2026-09-19T12:00:00,R017,24,1.94,24.37,IoT
SENS_R018,2026-09-19T12:00:00,R018,0,0.91,23.01,IoT
SENS_R019,2026-09-19T12:00:00,R019,18,1.78,24.33,IoT
SENS_R020,2026-09-19T12:00:00,R020,5,1.02,24.64,IoT
SENS_R021,2026-09-19T12:00:00,R021,25,2.26,24.2,IoT
SENS_R022,2026-09-19T12:00:00,R022,17,1.78,25.79,IoT
SENS_R023,2026-09-19T12:00:00,R023,9,1.73,23.99,IoT
SENS_R024,2026-09-19T12:00:00,R024,21,2.14,24.6,IoT
SENS_R025,2026-09-19T12:00:00,R025,27,1.86,24.11,IoT
SENS_R026,2026-09-19T12:00:00,R026,7,1.42,24.91,IoT
SENS_R027,2026-09-19T12:00:00,R027,38,1.71,24.21,IoT
SENS_R028,2026-09-19T12:00:00,R028,7,1.3,24.07,IoT
SENS_R029,2026-09-19T12:00:00,R029,5,0.62,22.42,IoT
SENS_R030,2026-09-19T12:00:00,R030,9,1.3,24.52,IoT
SENS_R001,2026-09-19T13:00:00,R001,8,1.6,23.53,IoT
SENS_R002,2026-09-19T13:00:00,R002,21,1.17,23.24,IoT
SENS_R003,2026-09-19T13:00:00,R003,27,1.5,23.25,IoT
SENS_R004,2026-09-19T13:00:00,R004,21,1.73,24.91,IoT
SENS_R005,2026-09-19T13:00:00,R005,0,1.31,24.24,IoT
SENS_R006,2026-09-19T13:00:00,R006,6,1.19,25.03,IoT
SENS_R007,2026-09-19T13:00:00,R007,2,1.02,23.17,IoT
SENS_R008,2026-09-19T13:00:00,R008,25,1.87,23.99,IoT
SENS_R009,2026-09-19T13:00:00,R009,7,1.34,23.96,IoT
SENS_R010,2026-09-19T13:00:00,R010,21,2.23,24.67,IoT
SENS_R011,2026-09-19T13:00:00,R011,29,1.89,24.79,IoT
SENS_R012,2026-09-19T13:00:00,R012,16,1.58,22.87,IoT
SENS_R013,2026-09-19T13:00:00,R013,27,1.55,24.93,IoT
SENS_R014,2026-09-19T13:00:00,R014,13,1.86,25.54,IoT
SENS_R015,2026-09-19T13:00:00,R015,15,1.77,25.09,IoT
SENS_R016,2026-09-19T13:00:00,R016,8,1.47,23.46,IoT
SENS_R017,2026-09-19T13:00:00,R017,21,1.63,24.94,IoT
SENS_R018,2026-09-19T13:00:00,R018,8,1.08,26.07,IoT
SENS_R019,2026-09-19T13:00:00,R019,6,1.13,24.42,IoT
SENS_R020,2026-09-19T13:00:00,R020,11,1.67,24.24,IoT
SENS_R021,2026-09-19T13:00:00,R021,19,2.05,24.42,IoT
SENS_R022,2026-09-19T13:00:00,R022,11,1.04,23.57,IoT
SENS_R023,2026-09-19T13:00:00,R023,2,1.02,23.15,IoT
SENS_R024,2026-09-19T13:00:00,R024,9,1.2,22.42,IoT
SENS_R025,2026-09-19T13:00:00,R025,15,1.3,22.32,IoT
SENS_R026,2026-09-19T13:00:00,R026,0,0.76,23.44,IoT
SENS_R027,2026-09-19T13:00:00,R027,25,1.59,24.54,IoT
SENS_R028,2026-09-19T13:00:00,R028,2,0.99,22.91,IoT
SENS_R029,2026-09-19T13:00:00,R029,22,1.18,24.29,IoT
SENS_R030,2026-09-19T13:00:00,R030,19,1.67,24.94,IoT
SENS_R001,2026-09-19T14:00:00,R001,2,1.12,23.94,IoT
SENS_R002,2026-09-19T14:00:00,R002,31,1.85,25.28,IoT
SENS_R003,2026-09-19T14:00:00,R003,17,1.03,25.12,IoT
SENS_R004,2026-09-19T14:00:00,R004,15,1.27,22.86,IoT
SENS_R005,2026-09-19T14:00:00,R005,6,1.14,22.26,IoT
SENS_R006,2026-09-19T14:00:00,R006,0,0.81,22.8,IoT
SENS_R007,2026-09-19T14:00:00,R007,7,1.72,24.4,IoT
SENS_R008,2026-09-19T14:00:00,R008,12,1.27,24.06,IoT
SENS_R009,2026-09-19T14:00:00,R009,12,1.3,24.35,IoT
SENS_R010,2026-09-19T14:00:00,R010,3,0.6,23.88,IoT
SENS_R011,2026-09-19T14:00:00,R011,26,1.87,25.05,IoT
SENS_R012,2026-09-19T14:00:00,R012,15,1.06,23.41,IoT
SENS_R013,2026-09-19T14:00:00,R013,14,1.21,23.42,IoT
SENS_R014,2026-09-19T14:00:00,R014,2,1.29,24.33,IoT
SENS_R015,2026-09-19T14:00:00,R015,11,1.73,24.28,IoT
SENS_R016,2026-09-19T14:00:00,R016,3,0.71,23.2,IoT
SENS_R017,2026-09-19T14:00:00,R017,8,1.54,23.49,IoT
SENS_R018,2026-09-19T14:00:00,R018,31,2.12,24.44,IoT
SENS_R019,2026-09-19T14:00:00,R019,10,0.38,22.87,IoT
SENS_R020,2026-09-19T14:00:00,R020,10,0.56,22.93,IoT
SENS_R021,2026-09-19T14:00:00,R021,8,1.09,22.49,IoT
SENS_R022,2026-09-19T14:00:00,R022,19,1.88,25.44,IoT
SENS_R023,2026-09-19T14:00:00,R023,10,1.83,23.91,IoT
SENS_R024,2026-09-19T14:00:00,R024,18,1.75,24.42,IoT
SENS_R025,2026-09-19T14:00:00,R025,30,1.71,24.01,IoT
SENS_R026,2026-09-19T14:00:00,R026,2,0.86,24.63,IoT
SENS_R027,2026-09-19T14:00:00,R027,40,1.69,24.43,IoT
SENS_R028,2026-09-19T14:00:00,R028,0,0.38,23.17,IoT
SENS_R029,2026-09-19T14:00:00,R029,43,1.96,24.26,IoT
SENS_R030,2026-09-19T14:00:00,R030,25,1.93,24.26,IoT
SENS_R001,2026-09-19T15:00:00,R001,9,2.05,26.64,IoT
SENS_R002,2026-09-19T15:00:00,R002,34,1.55,25.34,IoT
SENS_R003,2026-09-19T15:00:00,R003,17,1.39,25.0,IoT
SENS_R004,2026-09-19T15:00:00,R004,0,0.7,24.44,IoT
SENS_R005,2026-09-19T15:00:00,R005,22,1.39,25.66,IoT
SENS_R006,2026-09-19T15:00:00,R006,0,0.87,23.05,IoT
SENS_R007,2026-09-19T15:00:00,R007,3,1.37,25.2,IoT
SENS_R008,2026-09-19T15:00:00,R008,6,1.05,23.59,IoT
SENS_R009,2026-09-19T15:00:00,R009,9,1.6,24.61,IoT
SENS_R010,2026-09-19T15:00:00,R010,6,1.25,23.47,IoT
SENS_R011,2026-09-19T15:00:00,R011,0,0.51,25.34,IoT
SENS_R012,2026-09-19T15:00:00,R012,13,1.51,22.71,IoT
SENS_R013,2026-09-19T15:00:00,R013,53,2.2,23.61,IoT
SENS_R014,2026-09-19T15:00:00,R014,11,1.36,24.64,IoT
SENS_R015,2026-09-19T15:00:00,R015,3,0.91,24.13,IoT
SENS_R016,2026-09-19T15:00:00,R016,19,1.53,24.28,IoT
SENS_R017,2026-09-19T15:00:00,R017,6,1.32,22.73,IoT
SENS_R018,2026-09-19T15:00:00,R018,20,1.63,24.87,IoT
SENS_R019,2026-09-19T15:00:00,R019,9,1.43,24.4,IoT
SENS_R020,2026-09-19T15:00:00,R020,9,1.43,22.97,IoT
SENS_R021,2026-09-19T15:00:00,R021,26,2.08,25.26,IoT
SENS_R022,2026-09-19T15:00:00,R022,0,0.65,24.25,IoT
SENS_R023,2026-09-19T15:00:00,R023,5,1.01,24.04,IoT
SENS_R024,2026-09-19T15:00:00,R024,9,1.37,25.39,IoT
SENS_R025,2026-09-19T15:00:00,R025,25,1.7,23.78,IoT
SENS_R026,2026-09-19T15:00:00,R026,4,0.87,22.5,IoT
SENS_R027,2026-09-19T15:00:00,R027,21,1.1,25.48,IoT
SENS_R028,2026-09-19T15:00:00,R028,2,1.09,22.92,IoT
SENS_R029,2026-09-19T15:00:00,R029,17,1.0,22.53,IoT
SENS_R030,2026-09-19T15:00:00,R030,11,1.03,22.18,IoT
SENS_R001,2026-09-19T16:00:00,R001,4,1.03,24.01,IoT
SENS_R002,2026-09-19T16:00:00,R002,1,0.38,21.84,IoT
SENS_R003,2026-09-19T16:00:00,R003,8,0.81,23.74,IoT
SENS_R004,2026-09-19T16:00:00,R004,5,1.07,25.72,IoT
SENS_R005,2026-09-19T16:00:00,R005,16,1.53,24.73,IoT
SENS_R006,2026-09-19T16:00:00,R006,3,0.66,23.88,IoT
SENS_R007,2026-09-19T16:00:00,R007,1,1.14,24.74,IoT
SENS_R008,2026-09-19T16:00:00,R008,12,1.41,22.83,IoT
SENS_R009,2026-09-19T16:00:00,R009,9,1.12,24.2,IoT
SENS_R010,2026-09-19T16:00:00,R010,7,1.36,23.68,IoT
SENS_R011,2026-09-19T16:00:00,R011,8,1.18,24.64,IoT
SENS_R012,2026-09-19T16:00:00,R012,4,0.89,23.16,IoT
SENS_R013,2026-09-19T16:00:00,R013,6,0.82,24.72,IoT
SENS_R014,2026-09-19T16:00:00,R014,8,1.68,24.26,IoT
SENS_R015,2026-09-19T16:00:00,R015,14,1.87,25.07,IoT
SENS_R016,2026-09-19T16:00:00,R016,3,0.74,22.65,IoT
SENS_R017,2026-09-19T16:00:00,R017,4,0.81,22.2,IoT
SENS_R018,2026-09-19T16:00:00,R018,9,1.3,24.17,IoT
SENS_R019,2026-09-19T16:00:00,R019,3,1.11,23.32,IoT
SENS_R020,2026-09-19T16:00:00,R020,18,1.74,23.35,IoT
SENS_R021,2026-09-19T16:00:00,R021,3,0.78,21.61,IoT
SENS_R022,2026-09-19T16:00:00,R022,1,0.51,22.96,IoT
SENS_R023,2026-09-19T16:00:00,R023,7,1.29,23.01,IoT
SENS_R024,2026-09-19T16:00:00,R024,13,1.91,25.13,IoT
SENS_R025,2026-09-19T16:00:00,R025,10,0.9,24.84,IoT
SENS_R026,2026-09-19T16:00:00,R026,12,1.55,24.2,IoT
SENS_R027,2026-09-19T16:00:00,R027,44,1.86,23.53,IoT
SENS_R028,2026-09-19T16:00:00,R028,6,1.65,24.08,IoT
SENS_R029,2026-09-19T16:00:00,R029,4,1.12,24.67,IoT
SENS_R030,2026-09-19T16:00:00,R030,17,1.16,24.2,IoT
SENS_R001,2026-09-19T17:00:00,R001,5,1.05,25.35,IoT
SENS_R002,2026-09-19T17:00:00,R002,17,1.27,24.47,IoT
SENS_R003,2026-09-19T17:00:00,R003,41,2.05,23.17,IoT
SENS_R004,2026-09-19T17:00:00,R004,0,1.19,24.01,IoT
SENS_R005,2026-09-19T17:00:00,R005,16,1.06,24.7,IoT
SENS_R006,2026-09-19T17:00:00,R006,1,0.79,22.64,IoT
SENS_R007,2026-09-19T17:00:00,R007,14,1.76,24.19,IoT
SENS_R008,2026-09-19T17:00:00,R008,5,1.13,23.53,IoT
SENS_R009,2026-09-19T17:00:00,R009,14,1.4,24.17,IoT
SENS_R010,2026-09-19T17:00:00,R010,14,1.68,24.79,IoT
SENS_R011,2026-09-19T17:00:00,R011,9,1.27,25.33,IoT
SENS_R012,2026-09-19T17:00:00,R012,6,0.92,24.42,IoT
SENS_R013,2026-09-19T17:00:00,R013,51,1.91,24.69,IoT
SENS_R014,2026-09-19T17:00:00,R014,11,1.37,24.72,IoT
SENS_R015,2026-09-19T17:00:00,R015,8,1.48,22.9,IoT
SENS_R016,2026-09-19T17:00:00,R016,7,1.01,25.0,IoT
SENS_R017,2026-09-19T17:00:00,R017,18,1.97,24.0,IoT
SENS_R018,2026-09-19T17:00:00,R018,19,1.26,24.5,IoT
SENS_R019,2026-09-19T17:00:00,R019,12,1.51,24.54,IoT
SENS_R020,2026-09-19T17:00:00,R020,6,0.97,22.84,IoT
SENS_R021,2026-09-19T17:00:00,R021,11,1.29,22.9,IoT
SENS_R022,2026-09-19T17:00:00,R022,5,1.23,23.44,IoT
SENS_R023,2026-09-19T17:00:00,R023,10,1.8,24.64,IoT
SENS_R024,2026-09-19T17:00:00,R024,8,0.88,23.23,IoT
SENS_R025,2026-09-19T17:00:00,R025,13,1.17,24.75,IoT
SENS_R026,2026-09-19T17:00:00,R026,18,2.3,24.47,IoT
SENS_R027,2026-09-19T17:00:00,R027,8,0.94,23.41,IoT
SENS_R028,2026-09-19T17:00:00,R028,13,1.88,24.85,IoT
SENS_R029,2026-09-19T17:00:00,R029,52,1.8,25.29,IoT
SENS_R030,2026-09-19T17:00:00,R030,17,1.17,23.65,IoT
SENS_R001,2026-09-19T18:00:00,R001,7,1.36,24.51,IoT
SENS_R002,2026-09-19T18:00:00,R002,15,1.29,24.01,IoT
SENS_R003,2026-09-19T18:00:00,R003,23,1.45,24.45,IoT
SENS_R004,2026-09-19T18:00:00,R004,10,1.17,24.67,IoT
SENS_R005,2026-09-19T18:00:00,R005,11,1.08,25.34,IoT
SENS_R006,2026-09-19T18:00:00,R006,11,1.65,24.49,IoT
SENS_R007,2026-09-19T18:00:00,R007,9,1.43,24.09,IoT
SENS_R008,2026-09-19T18:00:00,R008,16,1.47,24.33,IoT
SENS_R009,2026-09-19T18:00:00,R009,3,1.07,24.03,IoT
SENS_R010,2026-09-19T18:00:00,R010,21,2.32,24.87,IoT
SENS_R011,2026-09-19T18:00:00,R011,20,1.24,24.14,IoT
SENS_R012,2026-09-19T18:00:00,R012,14,1.58,25.79,IoT
SENS_R013,2026-09-19T18:00:00,R013,12,1.15,23.15,IoT
SENS_R014,2026-09-19T18:00:00,R014,13,1.59,25.21,IoT
SENS_R015,2026-09-19T18:00:00,R015,8,1.61,23.98,IoT
SENS_R016,2026-09-19T18:00:00,R016,9,1.37,24.12,IoT
SENS_R017,2026-09-19T18:00:00,R017,9,1.27,25.8,IoT
SENS_R018,2026-09-19T18:00:00,R018,20,1.95,24.25,IoT
SENS_R019,2026-09-19T18:00:00,R019,14,1.68,24.77,IoT
SENS_R020,2026-09-19T18:00:00,R020,4,0.85,24.09,IoT
SENS_R021,2026-09-19T18:00:00,R021,15,1.85,24.92,IoT
SENS_R022,2026-09-19T18:00:00,R022,21,1.65,25.13,IoT
SENS_R023,2026-09-19T18:00:00,R023,9,1.52,24.29,IoT
SENS_R024,2026-09-19T18:00:00,R024,11,1.36,24.04,IoT
SENS_R025,2026-09-19T18:00:00,R025,7,0.93,23.4,IoT
SENS_R026,2026-09-19T18:00:00,R026,7,1.33,24.34,IoT
SENS_R027,2026-09-19T18:00:00,R027,33,1.77,24.08,IoT
SENS_R028,2026-09-19T18:00:00,R028,3,1.18,22.44,IoT
SENS_R029,2026-09-19T18:00:00,R029,29,1.72,23.59,IoT
SENS_R030,2026-09-19T18:00:00,R030,13,1.59,22.24,IoT
SENS_R001,2026-09-19T19:00:00,R001,2,0.74,23.93,IoT
SENS_R002,2026-09-19T19:00:00,R002,22,1.33,25.19,IoT
SENS_R003,2026-09-19T19:00:00,R003,24,1.74,23.82,IoT
SENS_R004,2026-09-19T19:00:00,R004,7,0.74,22.02,IoT
SENS_R005,2026-09-19T19:00:00,R005,19,1.64,24.92,IoT
SENS_R006,2026-09-19T19:00:00,R006,13,1.76,24.82,IoT
SENS_R007,2026-09-19T19:00:00,R007,0,0.99,22.53,IoT
SENS_R008,2026-09-19T19:00:00,R008,11,1.41,23.35,IoT
SENS_R009,2026-09-19T19:00:00,R009,7,1.1,23.6,IoT
SENS_R010,2026-09-19T19:00:00,R010,13,1.33,23.74,IoT
SENS_R011,2026-09-19T19:00:00,R011,19,1.81,24.14,IoT
SENS_R012,2026-09-19T19:00:00,R012,18,1.44,24.87,IoT
SENS_R013,2026-09-19T19:00:00,R013,35,1.47,24.05,IoT
SENS_R014,2026-09-19T19:00:00,R014,10,1.48,23.24,IoT
SENS_R015,2026-09-19T19:00:00,R015,0,0.9,24.02,IoT
SENS_R016,2026-09-19T19:00:00,R016,5,0.62,23.4,IoT
SENS_R017,2026-09-19T19:00:00,R017,20,1.95,25.82,IoT
SENS_R018,2026-09-19T19:00:00,R018,22,1.98,23.37,IoT
SENS_R019,2026-09-19T19:00:00,R019,5,1.38,23.21,IoT
SENS_R020,2026-09-19T19:00:00,R020,13,1.45,23.47,IoT
SENS_R021,2026-09-19T19:00:00,R021,0,0.59,25.67,IoT
SENS_R022,2026-09-19T19:00:00,R022,4,0.61,23.01,IoT
SENS_R023,2026-09-19T19:00:00,R023,8,1.8,24.3,IoT
SENS_R024,2026-09-19T19:00:00,R024,13,1.84,24.78,IoT
SENS_R025,2026-09-19T19:00:00,R025,15,1.91,24.61,IoT
SENS_R026,2026-09-19T19:00:00,R026,5,0.98,22.26,IoT
SENS_R027,2026-09-19T19:00:00,R027,32,1.89,25.11,IoT
SENS_R028,2026-09-19T19:00:00,R028,12,1.87,22.93,IoT
SENS_R029,2026-09-19T19:00:00,R029,30,1.5,24.24,IoT
SENS_R030,2026-09-19T19:00:00,R030,1,0.83,24.18,IoT
SENS_R001,2026-09-19T20:00:00,R001,10,2.1,25.78,IoT
SENS_R002,2026-09-19T20:00:00,R002,7,0.69,23.05,IoT
SENS_R003,2026-09-19T20:00:00,R003,18,1.25,23.66,IoT
SENS_R004,2026-09-19T20:00:00,R004,2,0.73,22.6,IoT
SENS_R005,2026-09-19T20:00:00,R005,30,1.45,23.29,IoT
SENS_R006,2026-09-19T20:00:00,R006,16,1.66,23.52,IoT
SENS_R007,2026-09-19T20:00:00,R007,6,1.55,24.56,IoT
SENS_R008,2026-09-19T20:00:00,R008,5,0.84,23.12,IoT
SENS_R009,2026-09-19T20:00:00,R009,13,1.94,25.82,IoT
SENS_R010,2026-09-19T20:00:00,R010,18,1.91,24.44,IoT
SENS_R011,2026-09-19T20:00:00,R011,27,1.76,24.23,IoT
SENS_R012,2026-09-19T20:00:00,R012,4,1.48,24.46,IoT
SENS_R013,2026-09-19T20:00:00,R013,9,1.03,23.71,IoT
SENS_R014,2026-09-19T20:00:00,R014,5,0.77,25.53,IoT
SENS_R015,2026-09-19T20:00:00,R015,7,1.67,24.28,IoT
SENS_R016,2026-09-19T20:00:00,R016,12,1.24,25.05,IoT
SENS_R017,2026-09-19T20:00:00,R017,8,1.29,23.59,IoT
SENS_R018,2026-09-19T20:00:00,R018,3,0.77,23.27,IoT
SENS_R019,2026-09-19T20:00:00,R019,0,0.95,23.09,IoT
SENS_R020,2026-09-19T20:00:00,R020,4,0.88,24.23,IoT
SENS_R021,2026-09-19T20:00:00,R021,14,1.94,24.41,IoT
SENS_R022,2026-09-19T20:00:00,R022,6,1.29,25.27,IoT
SENS_R023,2026-09-19T20:00:00,R023,7,1.39,22.28,IoT
SENS_R024,2026-09-19T20:00:00,R024,20,2.11,24.67,IoT
SENS_R025,2026-09-19T20:00:00,R025,18,1.09,22.9,IoT
SENS_R026,2026-09-19T20:00:00,R026,17,2.44,25.11,IoT
SENS_R027,2026-09-19T20:00:00,R027,56,1.91,24.55,IoT
SENS_R028,2026-09-19T20:00:00,R028,0,0.97,23.3,IoT
SENS_R029,2026-09-19T20:00:00,R029,19,1.62,24.23,IoT
SENS_R030,2026-09-19T20:00:00,R030,10,1.34,25.3,IoT
SENS_R001,2026-09-19T21:00:00,R001,0,0.59,24.65,IoT
SENS_R002,2026-09-19T21:00:00,R002,13,1.19,22.76,IoT
SENS_R003,2026-09-19T21:00:00,R003,32,2.18,25.78,IoT
SENS_R004,2026-09-19T21:00:00,R004,32,1.7,25.12,IoT
SENS_R005,2026-09-19T21:00:00,R005,24,1.68,25.49,IoT
SENS_R006,2026-09-19T21:00:00,R006,9,1.27,22.64,IoT
SENS_R007,2026-09-19T21:00:00,R007,5,1.18,24.01,IoT
SENS_R008,2026-09-19T21:00:00,R008,35,2.17,24.69,IoT
SENS_R009,2026-09-19T21:00:00,R009,25,2.45,24.59,IoT
SENS_R010,2026-09-19T21:00:00,R010,7,1.45,24.01,IoT
SENS_R011,2026-09-19T21:00:00,R011,3,0.85,26.3,IoT
SENS_R012,2026-09-19T21:00:00,R012,0,0.83,23.77,IoT
SENS_R013,2026-09-19T21:00:00,R013,53,1.67,24.23,IoT
SENS_R014,2026-09-19T21:00:00,R014,8,1.63,25.38,IoT
SENS_R015,2026-09-19T21:00:00,R015,8,1.6,23.66,IoT
SENS_R016,2026-09-19T21:00:00,R016,0,0.92,24.94,IoT
SENS_R017,2026-09-19T21:00:00,R017,12,1.67,24.59,IoT
SENS_R018,2026-09-19T21:00:00,R018,6,0.6,23.72,IoT
SENS_R019,2026-09-19T21:00:00,R019,6,0.89,24.46,IoT
SENS_R020,2026-09-19T21:00:00,R020,7,0.86,23.19,IoT
SENS_R021,2026-09-19T21:00:00,R021,4,1.02,24.09,IoT
SENS_R022,2026-09-19T21:00:00,R022,2,0.59,23.73,IoT
SENS_R023,2026-09-19T21:00:00,R023,12,1.85,24.65,IoT
SENS_R024,2026-09-19T21:00:00,R024,13,1.4,23.75,IoT
SENS_R025,2026-09-19T21:00:00,R025,18,1.15,25.12,IoT
SENS_R026,2026-09-19T21:00:00,R026,4,1.1,25.42,IoT
SENS_R027,2026-09-19T21:00:00,R027,0,0.73,23.59,IoT
SENS_R028,2026-09-19T21:00:00,R028,0,0.72,25.04,IoT
SENS_R029,2026-09-19T21:00:00,R029,6,0.72,22.5,IoT
SENS_R030,2026-09-19T21:00:00,R030,18,1.57,23.05,IoT
SENS_R001,2026-09-20T06:00:00,R001,17,2.17,24.72,IoT
SENS_R002,2026-09-20T06:00:00,R002,33,1.44,23.55,IoT
SENS_R003,2026-09-20T06:00:00,R003,36,1.76,24.94,IoT
SENS_R004,2026-09-20T06:00:00,R004,20,1.79,25.65,IoT
SENS_R005,2026-09-20T06:00:00,R005,8,1.06,24.21,IoT
SENS_R006,2026-09-20T06:00:00,R006,5,1.56,23.92,IoT
SENS_R007,2026-09-20T06:00:00,R007,13,2.25,24.66,IoT
SENS_R008,2026-09-20T06:00:00,R008,20,1.57,24.11,IoT
SENS_R009,2026-09-20T06:00:00,R009,2,1.07,24.38,IoT
SENS_R010,2026-09-20T06:00:00,R010,13,1.8,25.35,IoT
SENS_R011,2026-09-20T06:00:00,R011,0,1.2,24.85,IoT
SENS_R012,2026-09-20T06:00:00,R012,17,1.56,24.85,IoT
SENS_R013,2026-09-20T06:00:00,R013,47,1.56,23.47,IoT
SENS_R014,2026-09-20T06:00:00,R014,11,1.82,25.36,IoT
SENS_R015,2026-09-20T06:00:00,R015,6,1.49,24.78,IoT
SENS_R016,2026-09-20T06:00:00,R016,18,1.91,24.5,IoT
SENS_R017,2026-09-20T06:00:00,R017,13,1.87,23.72,IoT
SENS_R018,2026-09-20T06:00:00,R018,6,1.14,24.14,IoT
SENS_R019,2026-09-20T06:00:00,R019,7,1.2,23.94,IoT
SENS_R020,2026-09-20T06:00:00,R020,7,0.99,23.42,IoT
SENS_R021,2026-09-20T06:00:00,R021,22,1.72,23.81,IoT
SENS_R022,2026-09-20T06:00:00,R022,14,1.5,24.77,IoT
SENS_R023,2026-09-20T06:00:00,R023,4,1.37,21.89,IoT
SENS_R024,2026-09-20T06:00:00,R024,3,0.88,24.33,IoT
SENS_R025,2026-09-20T06:00:00,R025,10,0.97,24.08,IoT
SENS_R026,2026-09-20T06:00:00,R026,13,2.0,24.73,IoT
SENS_R027,2026-09-20T06:00:00,R027,29,1.34,23.53,IoT
SENS_R028,2026-09-20T06:00:00,R028,1,0.64,22.1,IoT
SENS_R029,2026-09-20T06:00:00,R029,27,1.28,23.46,IoT
SENS_R030,2026-09-20T06:00:00,R030,11,1.71,24.43,IoT
SENS_R001,2026-09-20T07:00:00,R001,12,2.0,24.51,IoT
SENS_R002,2026-09-20T07:00:00,R002,24,1.33,24.29,IoT
SENS_R003,2026-09-20T07:00:00,R003,6,1.25,23.73,IoT
SENS_R004,2026-09-20T07:00:00,R004,8,0.99,22.91,IoT
SENS_R005,2026-09-20T07:00:00,R005,24,1.76,24.29,IoT
SENS_R006,2026-09-20T07:00:00,R006,0,1.11,23.49,IoT
SENS_R007,2026-09-20T07:00:00,R007,10,2.03,23.94,IoT
SENS_R008,2026-09-20T07:00:00,R008,22,1.2,23.38,IoT
SENS_R009,2026-09-20T07:00:00,R009,14,1.81,24.82,IoT
SENS_R010,2026-09-20T07:00:00,R010,1,0.76,24.3,IoT
SENS_R011,2026-09-20T07:00:00,R011,25,1.44,24.98,IoT
SENS_R012,2026-09-20T07:00:00,R012,15,1.36,23.77,IoT
SENS_R013,2026-09-20T07:00:00,R013,0,0.9,24.68,IoT
SENS_R014,2026-09-20T07:00:00,R014,0,0.85,22.78,IoT
SENS_R015,2026-09-20T07:00:00,R015,3,1.21,24.84,IoT
SENS_R016,2026-09-20T07:00:00,R016,7,1.25,24.07,IoT
SENS_R017,2026-09-20T07:00:00,R017,7,1.83,23.43,IoT
SENS_R018,2026-09-20T07:00:00,R018,1,0.89,22.56,IoT
SENS_R019,2026-09-20T07:00:00,R019,5,1.04,24.04,IoT
SENS_R020,2026-09-20T07:00:00,R020,13,1.72,23.57,IoT
SENS_R021,2026-09-20T07:00:00,R021,7,1.27,23.99,IoT
SENS_R022,2026-09-20T07:00:00,R022,6,1.12,23.12,IoT
SENS_R023,2026-09-20T07:00:00,R023,8,1.53,24.78,IoT
SENS_R024,2026-09-20T07:00:00,R024,16,1.58,24.55,IoT
SENS_R025,2026-09-20T07:00:00,R025,4,1.05,24.21,IoT
SENS_R026,2026-09-20T07:00:00,R026,4,1.01,24.46,IoT
SENS_R027,2026-09-20T07:00:00,R027,36,1.64,25.46,IoT
SENS_R028,2026-09-20T07:00:00,R028,10,1.54,24.1,IoT
SENS_R029,2026-09-20T07:00:00,R029,62,1.97,26.08,IoT
SENS_R030,2026-09-20T07:00:00,R030,3,1.12,24.57,IoT
SENS_R001,2026-09-20T08:00:00,R001,5,1.36,23.94,IoT
SENS_R002,2026-09-20T08:00:00,R002,0,0.7,24.4,IoT
SENS_R003,2026-09-20T08:00:00,R003,13,0.98,22.89,IoT
SENS_R004,2026-09-20T08:00:00,R004,34,1.72,24.28,IoT
SENS_R005,2026-09-20T08:00:00,R005,4,0.67,24.15,IoT
SENS_R006,2026-09-20T08:00:00,R006,16,1.89,24.78,IoT
SENS_R007,2026-09-20T08:00:00,R007,0,1.03,22.85,IoT
SENS_R008,2026-09-20T08:00:00,R008,12,1.04,23.3,IoT
SENS_R009,2026-09-20T08:00:00,R009,3,0.73,23.85,IoT
SENS_R010,2026-09-20T08:00:00,R010,6,1.05,23.94,IoT
SENS_R011,2026-09-20T08:00:00,R011,13,1.34,24.32,IoT
SENS_R012,2026-09-20T08:00:00,R012,20,1.6,24.28,IoT
SENS_R013,2026-09-20T08:00:00,R013,30,1.4,24.52,IoT
SENS_R014,2026-09-20T08:00:00,R014,2,1.42,24.81,IoT
SENS_R015,2026-09-20T08:00:00,R015,7,0.96,23.92,IoT
SENS_R016,2026-09-20T08:00:00,R016,0,0.77,24.03,IoT
SENS_R017,2026-09-20T08:00:00,R017,8,1.57,23.72,IoT
SENS_R018,2026-09-20T08:00:00,R018,17,1.37,23.67,IoT
SENS_R019,2026-09-20T08:00:00,R019,3,1.13,24.25,IoT
SENS_R020,2026-09-20T08:00:00,R020,13,0.99,25.01,IoT
SENS_R021,2026-09-20T08:00:00,R021,2,1.31,23.92,IoT
SENS_R022,2026-09-20T08:00:00,R022,7,1.04,23.24,IoT
SENS_R023,2026-09-20T08:00:00,R023,6,1.56,23.51,IoT
SENS_R024,2026-09-20T08:00:00,R024,12,1.66,25.05,IoT
SENS_R025,2026-09-20T08:00:00,R025,29,1.6,23.58,IoT
SENS_R026,2026-09-20T08:00:00,R026,5,1.34,24.56,IoT
SENS_R027,2026-09-20T08:00:00,R027,36,1.46,24.34,IoT
SENS_R028,2026-09-20T08:00:00,R028,0,0.84,24.05,IoT
SENS_R029,2026-09-20T08:00:00,R029,20,1.54,23.85,IoT
SENS_R030,2026-09-20T08:00:00,R030,0,0.69,23.8,IoT
SENS_R001,2026-09-20T09:00:00,R001,9,1.8,25.82,IoT
SENS_R002,2026-09-20T09:00:00,R002,10,0.69,23.48,IoT
SENS_R003,2026-09-20T09:00:00,R003,20,1.15,24.66,IoT
SENS_R004,2026-09-20T09:00:00,R004,13,1.44,24.43,IoT
SENS_R005,2026-09-20T09:00:00,R005,11,0.69,23.58,IoT
SENS_R006,2026-09-20T09:00:00,R006,5,1.51,24.37,IoT
SENS_R007,2026-09-20T09:00:00,R007,9,2.07,25.33,IoT
SENS_R008,2026-09-20T09:00:00,R008,15,1.13,23.91,IoT
SENS_R009,2026-09-20T09:00:00,R009,7,1.35,24.22,IoT
SENS_R010,2026-09-20T09:00:00,R010,5,1.03,24.78,IoT
SENS_R011,2026-09-20T09:00:00,R011,7,0.95,25.62,IoT
SENS_R012,2026-09-20T09:00:00,R012,10,1.35,23.35,IoT
SENS_R013,2026-09-20T09:00:00,R013,10,1.24,24.21,IoT
SENS_R014,2026-09-20T09:00:00,R014,6,1.31,22.78,IoT
SENS_R015,2026-09-20T09:00:00,R015,3,0.97,23.7,IoT
SENS_R016,2026-09-20T09:00:00,R016,0,0.94,24.56,IoT
SENS_R017,2026-09-20T09:00:00,R017,5,1.14,25.38,IoT
SENS_R018,2026-09-20T09:00:00,R018,6,0.78,23.17,IoT
SENS_R019,2026-09-20T09:00:00,R019,10,1.2,25.16,IoT
SENS_R020,2026-09-20T09:00:00,R020,13,1.63,26.67,IoT
SENS_R021,2026-09-20T09:00:00,R021,20,1.57,23.37,IoT
SENS_R022,2026-09-20T09:00:00,R022,11,1.45,23.95,IoT
SENS_R023,2026-09-20T09:00:00,R023,12,1.75,24.98,IoT
SENS_R024,2026-09-20T09:00:00,R024,9,1.3,23.42,IoT
SENS_R025,2026-09-20T09:00:00,R025,34,1.64,23.77,IoT
SENS_R026,2026-09-20T09:00:00,R026,3,0.57,23.85,IoT
SENS_R027,2026-09-20T09:00:00,R027,18,0.9,22.96,IoT
SENS_R028,2026-09-20T09:00:00,R028,4,1.0,23.9,IoT
SENS_R029,2026-09-20T09:00:00,R029,16,1.03,23.27,IoT
SENS_R030,2026-09-20T09:00:00,R030,11,1.38,24.09,IoT
SENS_R001,2026-09-20T10:00:00,R001,5,1.27,23.4,IoT
SENS_R002,2026-09-20T10:00:00,R002,0,0.91,24.39,IoT
SENS_R003,2026-09-20T10:00:00,R003,0,0.59,22.67,IoT
SENS_R004,2026-09-20T10:00:00,R004,8,0.8,24.47,IoT
SENS_R005,2026-09-20T10:00:00,R005,9,0.96,24.31,IoT
SENS_R006,2026-09-20T10:00:00,R006,8,1.2,23.45,IoT
SENS_R007,2026-09-20T10:00:00,R007,5,1.03,23.83,IoT
SENS_R008,2026-09-20T10:00:00,R008,17,1.26,24.2,IoT
SENS_R009,2026-09-20T10:00:00,R009,21,1.97,25.01,IoT
SENS_R010,2026-09-20T10:00:00,R010,12,1.37,24.95,IoT
SENS_R011,2026-09-20T10:00:00,R011,4,0.92,22.34,IoT
SENS_R012,2026-09-20T10:00:00,R012,7,1.25,24.46,IoT
SENS_R013,2026-09-20T10:00:00,R013,0,0.71,24.57,IoT
SENS_R014,2026-09-20T10:00:00,R014,5,1.27,24.64,IoT
SENS_R015,2026-09-20T10:00:00,R015,5,1.73,23.92,IoT
SENS_R016,2026-09-20T10:00:00,R016,17,1.49,25.07,IoT
SENS_R017,2026-09-20T10:00:00,R017,6,0.58,24.5,IoT
SENS_R018,2026-09-20T10:00:00,R018,8,1.02,24.01,IoT
SENS_R019,2026-09-20T10:00:00,R019,3,1.02,24.15,IoT
SENS_R020,2026-09-20T10:00:00,R020,7,0.84,24.65,IoT
SENS_R021,2026-09-20T10:00:00,R021,19,1.77,24.14,IoT
SENS_R022,2026-09-20T10:00:00,R022,6,0.9,24.07,IoT
SENS_R023,2026-09-20T10:00:00,R023,3,0.56,22.72,IoT
SENS_R024,2026-09-20T10:00:00,R024,1,0.72,21.36,IoT
SENS_R025,2026-09-20T10:00:00,R025,27,1.39,24.03,IoT
SENS_R026,2026-09-20T10:00:00,R026,4,1.12,24.49,IoT
SENS_R027,2026-09-20T10:00:00,R027,16,1.66,25.09,IoT
SENS_R028,2026-09-20T10:00:00,R028,1,1.38,24.45,IoT
SENS_R029,2026-09-20T10:00:00,R029,11,0.82,23.47,IoT
SENS_R030,2026-09-20T10:00:00,R030,6,1.15,23.98,IoT
SENS_R001,2026-09-20T11:00:00,R001,10,2.05,26.16,IoT
SENS_R002,2026-09-20T11:00:00,R002,17,1.04,24.77,IoT
SENS_R003,2026-09-20T11:00:00,R003,25,1.39,25.11,IoT
SENS_R004,2026-09-20T11:00:00,R004,16,1.5,22.58,IoT
SENS_R005,2026-09-20T11:00:00,R005,0,0.66,24.25,IoT
SENS_R006,2026-09-20T11:00:00,R006,3,1.37,23.72,IoT
SENS_R007,2026-09-20T11:00:00,R007,6,1.45,23.86,IoT
SENS_R008,2026-09-20T11:00:00,R008,11,1.38,24.29,IoT
SENS_R009,2026-09-20T11:00:00,R009,0,0.57,21.76,IoT
SENS_R010,2026-09-20T11:00:00,R010,22,2.06,25.54,IoT
SENS_R011,2026-09-20T11:00:00,R011,24,1.95,24.11,IoT
SENS_R012,2026-09-20T11:00:00,R012,12,1.16,23.91,IoT
SENS_R013,2026-09-20T11:00:00,R013,33,1.71,24.17,IoT
SENS_R014,2026-09-20T11:00:00,R014,0,1.08,24.05,IoT
SENS_R015,2026-09-20T11:00:00,R015,2,1.25,23.25,IoT
SENS_R016,2026-09-20T11:00:00,R016,11,0.67,23.16,IoT
SENS_R017,2026-09-20T11:00:00,R017,14,1.52,23.26,IoT
SENS_R018,2026-09-20T11:00:00,R018,3,1.06,24.06,IoT
SENS_R019,2026-09-20T11:00:00,R019,0,1.07,25.5,IoT
SENS_R020,2026-09-20T11:00:00,R020,6,1.2,24.51,IoT
SENS_R021,2026-09-20T11:00:00,R021,19,1.84,24.94,IoT
SENS_R022,2026-09-20T11:00:00,R022,19,1.95,24.74,IoT
SENS_R023,2026-09-20T11:00:00,R023,3,1.42,24.35,IoT
SENS_R024,2026-09-20T11:00:00,R024,7,1.12,24.9,IoT
SENS_R025,2026-09-20T11:00:00,R025,0,0.56,23.2,IoT
SENS_R026,2026-09-20T11:00:00,R026,4,1.53,25.41,IoT
SENS_R027,2026-09-20T11:00:00,R027,23,1.65,25.11,IoT
SENS_R028,2026-09-20T11:00:00,R028,3,0.92,23.43,IoT
SENS_R029,2026-09-20T11:00:00,R029,50,2.08,25.67,IoT
SENS_R030,2026-09-20T11:00:00,R030,9,1.55,25.48,IoT
SENS_R001,2026-09-20T12:00:00,R001,4,0.85,24.58,IoT
SENS_R002,2026-09-20T12:00:00,R002,7,1.0,23.59,IoT
SENS_R003,2026-09-20T12:00:00,R003,20,1.32,24.23,IoT
SENS_R004,2026-09-20T12:00:00,R004,8,1.31,23.13,IoT
SENS_R005,2026-09-20T12:00:00,R005,23,1.8,24.39,IoT
SENS_R006,2026-09-20T12:00:00,R006,6,1.22,22.63,IoT
SENS_R007,2026-09-20T12:00:00,R007,8,1.0,23.91,IoT
SENS_R008,2026-09-20T12:00:00,R008,0,0.65,22.77,IoT
SENS_R009,2026-09-20T12:00:00,R009,14,1.53,24.7,IoT
SENS_R010,2026-09-20T12:00:00,R010,12,1.47,23.75,IoT
SENS_R011,2026-09-20T12:00:00,R011,27,2.03,22.58,IoT
SENS_R012,2026-09-20T12:00:00,R012,2,0.67,22.34,IoT
SENS_R013,2026-09-20T12:00:00,R013,8,1.0,23.7,IoT
SENS_R014,2026-09-20T12:00:00,R014,9,1.62,23.84,IoT
SENS_R015,2026-09-20T12:00:00,R015,2,0.92,23.63,IoT
SENS_R016,2026-09-20T12:00:00,R016,6,1.07,22.56,IoT
SENS_R017,2026-09-20T12:00:00,R017,10,1.4,24.87,IoT
SENS_R018,2026-09-20T12:00:00,R018,16,1.37,23.78,IoT
SENS_R019,2026-09-20T12:00:00,R019,2,0.82,24.09,IoT
SENS_R020,2026-09-20T12:00:00,R020,0,0.93,24.52,IoT
SENS_R021,2026-09-20T12:00:00,R021,8,0.98,23.38,IoT
SENS_R022,2026-09-20T12:00:00,R022,20,1.89,24.86,IoT
SENS_R023,2026-09-20T12:00:00,R023,11,1.32,22.93,IoT
SENS_R024,2026-09-20T12:00:00,R024,8,1.19,24.96,IoT
SENS_R025,2026-09-20T12:00:00,R025,12,1.57,22.66,IoT
SENS_R026,2026-09-20T12:00:00,R026,5,0.91,23.78,IoT
SENS_R027,2026-09-20T12:00:00,R027,36,1.74,24.91,IoT
SENS_R028,2026-09-20T12:00:00,R028,9,1.23,24.72,IoT
SENS_R029,2026-09-20T12:00:00,R029,38,2.19,24.51,IoT
SENS_R030,2026-09-20T12:00:00,R030,8,1.48,24.28,IoT
SENS_R001,2026-09-20T13:00:00,R001,9,1.79,24.42,IoT
SENS_R002,2026-09-20T13:00:00,R002,25,1.48,22.75,IoT
SENS_R003,2026-09-20T13:00:00,R003,29,1.74,25.92,IoT
SENS_R004,2026-09-20T13:00:00,R004,2,1.03,22.92,IoT
SENS_R005,2026-09-20T13:00:00,R005,30,1.63,24.72,IoT
SENS_R006,2026-09-20T13:00:00,R006,7,1.88,24.79,IoT
SENS_R007,2026-09-20T13:00:00,R007,6,1.17,24.47,IoT
SENS_R008,2026-09-20T13:00:00,R008,19,1.9,24.97,IoT
SENS_R009,2026-09-20T13:00:00,R009,3,0.75,24.43,IoT
SENS_R010,2026-09-20T13:00:00,R010,14,1.48,24.06,IoT
SENS_R011,2026-09-20T13:00:00,R011,17,1.54,24.25,IoT
SENS_R012,2026-09-20T13:00:00,R012,7,1.32,23.52,IoT
SENS_R013,2026-09-20T13:00:00,R013,4,0.97,24.08,IoT
SENS_R014,2026-09-20T13:00:00,R014,18,1.95,26.01,IoT
SENS_R015,2026-09-20T13:00:00,R015,1,0.59,23.03,IoT
SENS_R016,2026-09-20T13:00:00,R016,23,1.51,21.99,IoT
SENS_R017,2026-09-20T13:00:00,R017,20,1.43,23.01,IoT
SENS_R018,2026-09-20T13:00:00,R018,26,1.96,25.81,IoT
SENS_R019,2026-09-20T13:00:00,R019,4,1.13,24.33,IoT
SENS_R020,2026-09-20T13:00:00,R020,7,1.21,24.77,IoT
SENS_R021,2026-09-20T13:00:00,R021,19,1.92,24.42,IoT
SENS_R022,2026-09-20T13:00:00,R022,3,1.23,24.15,IoT
SENS_R023,2026-09-20T13:00:00,R023,3,0.63,23.37,IoT
SENS_R024,2026-09-20T13:00:00,R024,9,1.08,24.64,IoT
SENS_R025,2026-09-20T13:00:00,R025,22,1.16,22.37,IoT
SENS_R026,2026-09-20T13:00:00,R026,15,2.29,25.06,IoT
SENS_R027,2026-09-20T13:00:00,R027,29,1.78,24.61,IoT
SENS_R028,2026-09-20T13:00:00,R028,7,1.26,25.12,IoT
SENS_R029,2026-09-20T13:00:00,R029,18,1.18,23.1,IoT
SENS_R030,2026-09-20T13:00:00,R030,22,1.8,23.74,IoT
SENS_R001,2026-09-20T14:00:00,R001,4,0.81,23.76,IoT
SENS_R002,2026-09-20T14:00:00,R002,7,0.56,23.55,IoT
SENS_R003,2026-09-20T14:00:00,R003,3,0.82,22.76,IoT
SENS_R004,2026-09-20T14:00:00,R004,1,1.1,25.03,IoT
SENS_R005,2026-09-20T14:00:00,R005,36,2.08,25.36,IoT
SENS_R006,2026-09-20T14:00:00,R006,11,1.18,24.95,IoT
SENS_R007,2026-09-20T14:00:00,R007,2,1.2,23.22,IoT
SENS_R008,2026-09-20T14:00:00,R008,32,1.92,24.9,IoT
SENS_R009,2026-09-20T14:00:00,R009,6,0.79,24.54,IoT
SENS_R010,2026-09-20T14:00:00,R010,16,1.65,23.5,IoT
SENS_R011,2026-09-20T14:00:00,R011,17,1.69,26.15,IoT
SENS_R012,2026-09-20T14:00:00,R012,14,1.52,22.61,IoT
SENS_R013,2026-09-20T14:00:00,R013,15,0.92,23.32,IoT
SENS_R014,2026-09-20T14:00:00,R014,8,1.94,23.94,IoT
SENS_R015,2026-09-20T14:00:00,R015,4,1.09,24.28,IoT
SENS_R016,2026-09-20T14:00:00,R016,14,1.24,24.41,IoT
SENS_R017,2026-09-20T14:00:00,R017,9,1.6,24.76,IoT
SENS_R018,2026-09-20T14:00:00,R018,16,1.49,25.85,IoT
SENS_R019,2026-09-20T14:00:00,R019,20,1.64,24.46,IoT
SENS_R020,2026-09-20T14:00:00,R020,8,1.17,23.77,IoT
SENS_R021,2026-09-20T14:00:00,R021,0,0.34,24.35,IoT
SENS_R022,2026-09-20T14:00:00,R022,14,1.59,22.41,IoT
SENS_R023,2026-09-20T14:00:00,R023,2,0.81,22.16,IoT
SENS_R024,2026-09-20T14:00:00,R024,11,1.43,23.98,IoT
SENS_R025,2026-09-20T14:00:00,R025,13,1.55,23.15,IoT
SENS_R026,2026-09-20T14:00:00,R026,15,1.63,25.16,IoT
SENS_R027,2026-09-20T14:00:00,R027,49,1.42,23.21,IoT
SENS_R028,2026-09-20T14:00:00,R028,7,1.55,24.23,IoT
SENS_R029,2026-09-20T14:00:00,R029,29,1.62,24.49,IoT
SENS_R030,2026-09-20T14:00:00,R030,4,0.94,24.43,IoT
SENS_R001,2026-09-20T15:00:00,R001,7,1.47,23.46,IoT
SENS_R002,2026-09-20T15:00:00,R002,5,0.88,24.55,IoT
SENS_R003,2026-09-20T15:00:00,R003,13,1.12,25.56,IoT
SENS_R004,2026-09-20T15:00:00,R004,21,1.73,25.29,IoT
SENS_R005,2026-09-20T15:00:00,R005,28,1.87,24.94,IoT
SENS_R006,2026-09-20T15:00:00,R006,11,1.37,24.22,IoT
SENS_R007,2026-09-20T15:00:00,R007,12,1.93,24.9,IoT
SENS_R008,2026-09-20T15:00:00,R008,26,1.65,23.94,IoT
SENS_R009,2026-09-20T15:00:00,R009,5,1.26,22.69,IoT
SENS_R010,2026-09-20T15:00:00,R010,24,2.11,25.58,IoT
SENS_R011,2026-09-20T15:00:00,R011,32,2.19,23.89,IoT
SENS_R012,2026-09-20T15:00:00,R012,2,0.92,24.6,IoT
SENS_R013,2026-09-20T15:00:00,R013,6,0.91,23.91,IoT
SENS_R014,2026-09-20T15:00:00,R014,6,1.5,23.76,IoT
SENS_R015,2026-09-20T15:00:00,R015,9,1.45,25.0,IoT
SENS_R016,2026-09-20T15:00:00,R016,6,1.12,24.22,IoT
SENS_R017,2026-09-20T15:00:00,R017,0,0.97,25.7,IoT
SENS_R018,2026-09-20T15:00:00,R018,9,1.19,25.09,IoT
SENS_R019,2026-09-20T15:00:00,R019,16,1.99,24.47,IoT
SENS_R020,2026-09-20T15:00:00,R020,18,2.1,25.02,IoT
SENS_R021,2026-09-20T15:00:00,R021,6,0.94,22.75,IoT
SENS_R022,2026-09-20T15:00:00,R022,2,1.08,23.86,IoT
SENS_R023,2026-09-20T15:00:00,R023,11,1.77,23.79,IoT
SENS_R024,2026-09-20T15:00:00,R024,12,1.25,22.45,IoT
SENS_R025,2026-09-20T15:00:00,R025,22,1.58,26.09,IoT
SENS_R026,2026-09-20T15:00:00,R026,8,1.5,24.04,IoT
SENS_R027,2026-09-20T15:00:00,R027,0,0.54,23.51,IoT
SENS_R028,2026-09-20T15:00:00,R028,7,1.53,25.15,IoT
SENS_R029,2026-09-20T15:00:00,R029,16,1.29,23.83,IoT
SENS_R030,2026-09-20T15:00:00,R030,21,1.38,23.4,IoT
SENS_R001,2026-09-20T16:00:00,R001,9,1.52,24.14,IoT
SENS_R002,2026-09-20T16:00:00,R002,25,1.74,24.08,IoT
SENS_R003,2026-09-20T16:00:00,R003,13,0.87,23.33,IoT
SENS_R004,2026-09-20T16:00:00,R004,25,1.94,25.16,IoT
SENS_R005,2026-09-20T16:00:00,R005,36,2.32,24.71,IoT
SENS_R006,2026-09-20T16:00:00,R006,4,1.39,23.72,IoT
SENS_R007,2026-09-20T16:00:00,R007,0,0.99,23.45,IoT
SENS_R008,2026-09-20T16:00:00,R008,26,1.62,24.75,IoT
SENS_R009,2026-09-20T16:00:00,R009,23,2.26,24.73,IoT
SENS_R010,2026-09-20T16:00:00,R010,4,0.8,23.78,IoT
SENS_R011,2026-09-20T16:00:00,R011,19,1.22,24.33,IoT
SENS_R012,2026-09-20T16:00:00,R012,12,1.3,24.61,IoT
SENS_R013,2026-09-20T16:00:00,R013,40,1.36,24.21,IoT
SENS_R014,2026-09-20T16:00:00,R014,9,1.45,25.06,IoT
SENS_R015,2026-09-20T16:00:00,R015,0,0.71,22.69,IoT
SENS_R016,2026-09-20T16:00:00,R016,10,1.25,22.43,IoT
SENS_R017,2026-09-20T16:00:00,R017,19,1.8,23.97,IoT
SENS_R018,2026-09-20T16:00:00,R018,21,1.12,23.65,IoT
SENS_R019,2026-09-20T16:00:00,R019,9,1.63,24.31,IoT
SENS_R020,2026-09-20T16:00:00,R020,8,0.56,24.16,IoT
SENS_R021,2026-09-20T16:00:00,R021,12,1.89,24.37,IoT
SENS_R022,2026-09-20T16:00:00,R022,12,1.26,23.84,IoT
SENS_R023,2026-09-20T16:00:00,R023,4,0.64,22.04,IoT
SENS_R024,2026-09-20T16:00:00,R024,7,1.39,23.46,IoT
SENS_R025,2026-09-20T16:00:00,R025,25,1.14,24.3,IoT
SENS_R026,2026-09-20T16:00:00,R026,15,1.71,24.78,IoT
SENS_R027,2026-09-20T16:00:00,R027,19,1.68,24.47,IoT
SENS_R028,2026-09-20T16:00:00,R028,0,0.95,22.73,IoT
SENS_R029,2026-09-20T16:00:00,R029,35,1.81,23.83,IoT
SENS_R030,2026-09-20T16:00:00,R030,12,1.38,23.51,IoT
SENS_R001,2026-09-20T17:00:00,R001,10,1.48,24.45,IoT
SENS_R002,2026-09-20T17:00:00,R002,1,1.13,22.48,IoT
SENS_R003,2026-09-20T17:00:00,R003,19,1.43,25.75,IoT
SENS_R004,2026-09-20T17:00:00,R004,9,0.95,24.26,IoT
SENS_R005,2026-09-20T17:00:00,R005,0,0.51,23.93,IoT
SENS_R006,2026-09-20T17:00:00,R006,8,1.31,24.64,IoT
SENS_R007,2026-09-20T17:00:00,R007,5,1.19,23.71,IoT
SENS_R008,2026-09-20T17:00:00,R008,8,1.2,25.1,IoT
SENS_R009,2026-09-20T17:00:00,R009,1,0.5,23.33,IoT
SENS_R010,2026-09-20T17:00:00,R010,0,0.81,23.14,IoT
SENS_R011,2026-09-20T17:00:00,R011,12,1.31,25.12,IoT
SENS_R012,2026-09-20T17:00:00,R012,21,1.54,24.28,IoT
SENS_R013,2026-09-20T17:00:00,R013,29,1.27,25.75,IoT
SENS_R014,2026-09-20T17:00:00,R014,12,1.54,23.54,IoT
SENS_R015,2026-09-20T17:00:00,R015,2,1.17,23.29,IoT
SENS_R016,2026-09-20T17:00:00,R016,12,1.07,24.37,IoT
SENS_R017,2026-09-20T17:00:00,R017,5,0.7,24.46,IoT
SENS_R018,2026-09-20T17:00:00,R018,14,1.54,25.21,IoT
SENS_R019,2026-09-20T17:00:00,R019,13,1.41,25.05,IoT
SENS_R020,2026-09-20T17:00:00,R020,9,1.19,24.19,IoT
SENS_R021,2026-09-20T17:00:00,R021,8,1.61,24.97,IoT
SENS_R022,2026-09-20T17:00:00,R022,12,0.94,24.36,IoT
SENS_R023,2026-09-20T17:00:00,R023,15,1.88,25.63,IoT
SENS_R024,2026-09-20T17:00:00,R024,21,1.92,25.13,IoT
SENS_R025,2026-09-20T17:00:00,R025,16,1.62,24.65,IoT
SENS_R026,2026-09-20T17:00:00,R026,4,0.85,24.87,IoT
SENS_R027,2026-09-20T17:00:00,R027,29,1.45,24.98,IoT
SENS_R028,2026-09-20T17:00:00,R028,4,1.38,24.5,IoT
SENS_R029,2026-09-20T17:00:00,R029,17,1.33,24.65,IoT
SENS_R030,2026-09-20T17:00:00,R030,10,1.19,24.81,IoT
SENS_R001,2026-09-20T18:00:00,R001,0,0.97,22.82,IoT
SENS_R002,2026-09-20T18:00:00,R002,25,1.99,25.46,IoT
SENS_R003,2026-09-20T18:00:00,R003,14,1.16,25.68,IoT
SENS_R004,2026-09-20T18:00:00,R004,12,1.03,25.34,IoT
SENS_R005,2026-09-20T18:00:00,R005,22,1.33,23.64,IoT
SENS_R006,2026-09-20T18:00:00,R006,3,0.96,24.18,IoT
SENS_R007,2026-09-20T18:00:00,R007,8,1.38,24.58,IoT
SENS_R008,2026-09-20T18:00:00,R008,9,1.34,23.83,IoT
SENS_R009,2026-09-20T18:00:00,R009,15,1.55,23.18,IoT
SENS_R010,2026-09-20T18:00:00,R010,9,1.29,23.96,IoT
SENS_R011,2026-09-20T18:00:00,R011,18,1.66,23.92,IoT
SENS_R012,2026-09-20T18:00:00,R012,22,1.82,23.9,IoT
SENS_R013,2026-09-20T18:00:00,R013,43,1.89,23.37,IoT
SENS_R014,2026-09-20T18:00:00,R014,12,1.75,23.54,IoT
SENS_R015,2026-09-20T18:00:00,R015,0,0.6,22.65,IoT
SENS_R016,2026-09-20T18:00:00,R016,7,0.87,22.56,IoT
SENS_R017,2026-09-20T18:00:00,R017,26,2.5,25.91,IoT
SENS_R018,2026-09-20T18:00:00,R018,3,1.12,25.15,IoT
SENS_R019,2026-09-20T18:00:00,R019,0,1.04,23.58,IoT
SENS_R020,2026-09-20T18:00:00,R020,6,1.27,24.12,IoT
SENS_R021,2026-09-20T18:00:00,R021,14,1.2,23.97,IoT
SENS_R022,2026-09-20T18:00:00,R022,0,1.01,24.62,IoT
SENS_R023,2026-09-20T18:00:00,R023,12,2.18,25.4,IoT
SENS_R024,2026-09-20T18:00:00,R024,8,1.53,24.25,IoT
SENS_R025,2026-09-20T18:00:00,R025,17,1.67,24.85,IoT
SENS_R026,2026-09-20T18:00:00,R026,4,1.06,25.05,IoT
SENS_R027,2026-09-20T18:00:00,R027,17,1.34,25.01,IoT
SENS_R028,2026-09-20T18:00:00,R028,5,1.37,24.09,IoT
SENS_R029,2026-09-20T18:00:00,R029,3,0.49,23.36,IoT
SENS_R030,2026-09-20T18:00:00,R030,11,0.86,22.53,IoT
SENS_R001,2026-09-20T19:00:00,R001,4,1.09,23.24,IoT
SENS_R002,2026-09-20T19:00:00,R002,10,0.9,23.54,IoT
SENS_R003,2026-09-20T19:00:00,R003,16,1.29,24.58,IoT
SENS_R004,2026-09-20T19:00:00,R004,33,2.04,23.09,IoT
SENS_R005,2026-09-20T19:00:00,R005,27,2.15,23.67,IoT
SENS_R006,2026-09-20T19:00:00,R006,15,1.67,25.21,IoT
SENS_R007,2026-09-20T19:00:00,R007,3,0.99,22.79,IoT
SENS_R008,2026-09-20T19:00:00,R008,23,1.41,23.89,IoT
SENS_R009,2026-09-20T19:00:00,R009,0,1.13,24.86,IoT
SENS_R010,2026-09-20T19:00:00,R010,7,1.18,23.34,IoT
SENS_R011,2026-09-20T19:00:00,R011,16,1.33,25.12,IoT
SENS_R012,2026-09-20T19:00:00,R012,0,0.59,22.68,IoT
SENS_R013,2026-09-20T19:00:00,R013,46,1.73,26.18,IoT
SENS_R014,2026-09-20T19:00:00,R014,9,1.26,22.81,IoT
SENS_R015,2026-09-20T19:00:00,R015,10,1.74,25.01,IoT
SENS_R016,2026-09-20T19:00:00,R016,20,1.72,25.7,IoT
SENS_R017,2026-09-20T19:00:00,R017,15,1.93,24.21,IoT
SENS_R018,2026-09-20T19:00:00,R018,28,1.48,24.47,IoT
SENS_R019,2026-09-20T19:00:00,R019,11,1.41,23.81,IoT
SENS_R020,2026-09-20T19:00:00,R020,22,2.32,26.07,IoT
SENS_R021,2026-09-20T19:00:00,R021,13,1.73,23.6,IoT
SENS_R022,2026-09-20T19:00:00,R022,13,1.54,24.16,IoT
SENS_R023,2026-09-20T19:00:00,R023,7,1.07,24.13,IoT
SENS_R024,2026-09-20T19:00:00,R024,5,0.88,22.65,IoT
SENS_R025,2026-09-20T19:00:00,R025,30,1.09,23.34,IoT
SENS_R026,2026-09-20T19:00:00,R026,3,1.17,23.67,IoT
SENS_R027,2026-09-20T19:00:00,R027,14,1.14,24.72,IoT
SENS_R028,2026-09-20T19:00:00,R028,2,0.91,23.74,IoT
SENS_R029,2026-09-20T19:00:00,R029,12,1.19,22.81,IoT
SENS_R030,2026-09-20T19:00:00,R030,17,1.37,23.66,IoT
SENS_R001,2026-09-20T20:00:00,R001,6,1.15,24.22,IoT
SENS_R002,2026-09-20T20:00:00,R002,4,1.25,24.49,IoT
SENS_R003,2026-09-20T20:00:00,R003,24,1.39,25.46,IoT
SENS_R004,2026-09-20T20:00:00,R004,9,0.93,23.66,IoT
SENS_R005,2026-09-20T20:00:00,R005,18,1.39,23.66,IoT
SENS_R006,2026-09-20T20:00:00,R006,7,1.2,23.46,IoT
SENS_R007,2026-09-20T20:00:00,R007,12,1.99,24.5,IoT
SENS_R008,2026-09-20T20:00:00,R008,25,1.45,24.28,IoT
SENS_R009,2026-09-20T20:00:00,R009,7,1.06,24.84,IoT
SENS_R010,2026-09-20T20:00:00,R010,16,1.76,24.48,IoT
SENS_R011,2026-09-20T20:00:00,R011,13,1.27,23.58,IoT
SENS_R012,2026-09-20T20:00:00,R012,30,1.85,23.75,IoT
SENS_R013,2026-09-20T20:00:00,R013,17,1.61,23.86,IoT
SENS_R014,2026-09-20T20:00:00,R014,14,1.99,25.01,IoT
SENS_R015,2026-09-20T20:00:00,R015,7,1.44,24.7,IoT
SENS_R016,2026-09-20T20:00:00,R016,10,0.61,24.21,IoT
SENS_R017,2026-09-20T20:00:00,R017,17,1.74,25.72,IoT
SENS_R018,2026-09-20T20:00:00,R018,20,1.65,24.48,IoT
SENS_R019,2026-09-20T20:00:00,R019,15,1.32,24.68,IoT
SENS_R020,2026-09-20T20:00:00,R020,11,1.75,26.21,IoT
SENS_R021,2026-09-20T20:00:00,R021,3,0.82,24.25,IoT
SENS_R022,2026-09-20T20:00:00,R022,2,1.24,24.53,IoT
SENS_R023,2026-09-20T20:00:00,R023,3,0.66,22.06,IoT
SENS_R024,2026-09-20T20:00:00,R024,9,1.34,23.37,IoT
SENS_R025,2026-09-20T20:00:00,R025,2,0.91,22.73,IoT
SENS_R026,2026-09-20T20:00:00,R026,10,1.48,24.14,IoT
SENS_R027,2026-09-20T20:00:00,R027,9,0.71,24.63,IoT
SENS_R028,2026-09-20T20:00:00,R028,11,0.94,23.1,IoT
SENS_R029,2026-09-20T20:00:00,R029,11,1.11,24.29,IoT
SENS_R030,2026-09-20T20:00:00,R030,1,0.68,22.82,IoT
SENS_R001,2026-09-20T21:00:00,R001,11,1.98,24.83,IoT
SENS_R002,2026-09-20T21:00:00,R002,1,1.1,23.23,IoT
SENS_R003,2026-09-20T21:00:00,R003,32,1.74,24.71,IoT
SENS_R004,2026-09-20T21:00:00,R004,26,1.72,24.46,IoT
SENS_R005,2026-09-20T21:00:00,R005,10,1.12,23.33,IoT
SENS_R006,2026-09-20T21:00:00,R006,2,0.85,23.66,IoT
SENS_R007,2026-09-20T21:00:00,R007,12,2.28,23.93,IoT
SENS_R008,2026-09-20T21:00:00,R008,20,1.12,23.06,IoT
SENS_R009,2026-09-20T21:00:00,R009,5,1.61,24.22,IoT
SENS_R010,2026-09-20T21:00:00,R010,9,1.0,24.17,IoT
SENS_R011,2026-09-20T21:00:00,R011,20,1.16,23.97,IoT
SENS_R012,2026-09-20T21:00:00,R012,8,1.53,23.68,IoT
SENS_R013,2026-09-20T21:00:00,R013,3,1.03,23.9,IoT
SENS_R014,2026-09-20T21:00:00,R014,10,1.24,24.17,IoT
SENS_R015,2026-09-20T21:00:00,R015,9,1.48,23.84,IoT
SENS_R016,2026-09-20T21:00:00,R016,14,1.15,23.98,IoT
SENS_R017,2026-09-20T21:00:00,R017,0,0.86,24.34,IoT
SENS_R018,2026-09-20T21:00:00,R018,12,1.15,22.91,IoT
SENS_R019,2026-09-20T21:00:00,R019,9,1.85,23.81,IoT
SENS_R020,2026-09-20T21:00:00,R020,10,1.31,24.22,IoT
SENS_R021,2026-09-20T21:00:00,R021,7,0.82,22.91,IoT
SENS_R022,2026-09-20T21:00:00,R022,21,2.37,25.25,IoT
SENS_R023,2026-09-20T21:00:00,R023,9,1.66,24.1,IoT
SENS_R024,2026-09-20T21:00:00,R024,0,0.69,23.96,IoT
SENS_R025,2026-09-20T21:00:00,R025,17,1.53,23.12,IoT
SENS_R026,2026-09-20T21:00:00,R026,6,1.8,23.21,IoT
SENS_R027,2026-09-20T21:00:00,R027,9,1.58,23.81,IoT
SENS_R028,2026-09-20T21:00:00,R028,8,1.2,24.63,IoT
SENS_R029,2026-09-20T21:00:00,R029,11,0.8,23.65,IoT
SENS_R030,2026-09-20T21:00:00,R030,22,1.57,23.22,IoT
