student_id,course_id,relationship
S0428,C001,ENROLLED_IN
S0256,C001,ENROLLED_IN
S0773,C001,ENROLLED_IN
S0326,C001,ENROLLED_IN
S0682,C001,ENROLLED_IN
S0628,C001,ENROLLED_IN
S0218,C001,ENROLLED_IN
S0176,C001,ENROLLED_IN
S0018,C001,ENROLLED_IN
S0286,C001,ENROLLED_IN
S0008,C001,ENROLLED_IN
S0998,C001,ENROLLED_IN
S0267,C001,ENROLLED_IN
S0987,C001,ENROLLED_IN
S0185,C001,ENROLLED_IN
S0681,C001,ENROLLED_IN
S0669,C001,ENROLLED_IN
S0269,C001,ENROLLED_IN
S0866,C001,ENROLLED_IN
S0621,C001,ENROLLED_IN
S0690,C001,ENROLLED_IN
S0109,C001,ENROLLED_IN
S0139,C001,ENROLLED_IN
S0389,C001,ENROLLED_IN
S0385,C001,ENROLLED_IN
S0397,C001,ENROLLED_IN
S0664,C001,ENROLLED_IN
S0847,C001,ENROLLED_IN
S0667,C001,ENROLLED_IN
S0909,C001,ENROLLED_IN
S0602,C002,ENROLLED_IN
S0185,C002,ENROLLED_IN
S0394,C002,ENROLLED_IN
S0924,C002,ENROLLED_IN
S0367,C002,ENROLLED_IN
S0931,C002,ENROLLED_IN
S0719,C002,ENROLLED_IN
S0172,C002,ENROLLED_IN
S0984,C002,ENROLLED_IN
S0037,C002,ENROLLED_IN
S0671,C002,ENROLLED_IN
S0045,C002,ENROLLED_IN
S0359,C002,ENROLLED_IN
S0710,C002,ENROLLED_IN
S0456,C002,ENROLLED_IN
S0841,C002,ENROLLED_IN
S0161,C002,ENROLLED_IN
S0341,C002,ENROLLED_IN
S0505,C002,ENROLLED_IN
S0224,C002,ENROLLED_IN
S0411,C002,ENROLLED_IN
S0259,C002,ENROLLED_IN
S0042,C002,ENROLLED_IN
S0059,C002,ENROLLED_IN
S0722,C002,ENROLLED_IN
S0136,C002,ENROLLED_IN
S0717,C002,ENROLLED_IN
S0190,C002,ENROLLED_IN
S0881,C002,ENROLLED_IN
S0567,C002,ENROLLED_IN
S0417,C002,ENROLLED_IN
S0123,C002,ENROLLED_IN
S0951,C002,ENROLLED_IN
S0436,C002,ENROLLED_IN
S0956,C002,ENROLLED_IN
S0737,C002,ENROLLED_IN
S0234,C002,ENROLLED_IN
S0247,C002,ENROLLED_IN
S0421,C002,ENROLLED_IN
S0996,C002,ENROLLED_IN
S0647,C002,ENROLLED_IN
S0588,C002,ENROLLED_IN
S0612,C002,ENROLLED_IN
S0510,C002,ENROLLED_IN
S0525,C002,ENROLLED_IN
S0217,C002,ENROLLED_IN
S0392,C002,ENROLLED_IN
S0053,C002,ENROLLED_IN
S0909,C002,ENROLLED_IN
S0713,C002,ENROLLED_IN
S0107,C002,ENROLLED_IN
S0893,C002,ENROLLED_IN
S0506,C002,ENROLLED_IN
S0072,C002,ENROLLED_IN
S0892,C002,ENROLLED_IN
S0101,C002,ENROLLED_IN
S0846,C002,ENROLLED_IN
S0197,C002,ENROLLED_IN
S0363,C002,ENROLLED_IN
S0552,C002,ENROLLED_IN
S0393,C002,ENROLLED_IN
S0537,C002,ENROLLED_IN
S0221,C002,ENROLLED_IN
S0186,C002,ENROLLED_IN
S0183,C003,ENROLLED_IN
S0699,C003,ENROLLED_IN
S0015,C003,ENROLLED_IN
S0581,C003,ENROLLED_IN
S0670,C003,ENROLLED_IN
S0689,C003,ENROLLED_IN
S0282,C003,ENROLLED_IN
S0382,C003,ENROLLED_IN
S0989,C003,ENROLLED_IN
S0202,C003,ENROLLED_IN
S0406,C003,ENROLLED_IN
S0318,C003,ENROLLED_IN
S0480,C003,ENROLLED_IN
S0448,C003,ENROLLED_IN
S0275,C003,ENROLLED_IN
S0917,C003,ENROLLED_IN
S0545,C003,ENROLLED_IN
S0836,C003,ENROLLED_IN
S0258,C003,ENROLLED_IN
S0058,C003,ENROLLED_IN
S0116,C003,ENROLLED_IN
S0971,C003,ENROLLED_IN
S0023,C003,ENROLLED_IN
S0048,C003,ENROLLED_IN
S0367,C003,ENROLLED_IN
S0165,C003,ENROLLED_IN
S0161,C003,ENROLLED_IN
S0050,C003,ENROLLED_IN
S0902,C003,ENROLLED_IN
S0650,C003,ENROLLED_IN
S0172,C003,ENROLLED_IN
S0507,C003,ENROLLED_IN
S0737,C003,ENROLLED_IN
S0901,C003,ENROLLED_IN
S0100,C003,ENROLLED_IN
S0291,C003,ENROLLED_IN
S0771,C003,ENROLLED_IN
S0990,C003,ENROLLED_IN
S0316,C003,ENROLLED_IN
S0658,C003,ENROLLED_IN
S0002,C003,ENROLLED_IN
S0182,C003,ENROLLED_IN
S0213,C003,ENROLLED_IN
S0492,C003,ENROLLED_IN
S0374,C003,ENROLLED_IN
S0120,C003,ENROLLED_IN
S0866,C003,ENROLLED_IN
S0858,C003,ENROLLED_IN
S0432,C003,ENROLLED_IN
S0898,C003,ENROLLED_IN
S0257,C003,ENROLLED_IN
S0176,C003,ENROLLED_IN
S0854,C003,ENROLLED_IN
S0776,C003,ENROLLED_IN
S0546,C003,ENROLLED_IN
S0767,C003,ENROLLED_IN
S0657,C003,ENROLLED_IN
S0631,C003,ENROLLED_IN
S0401,C003,ENROLLED_IN
S0114,C003,ENROLLED_IN
S0949,C003,ENROLLED_IN
S0879,C003,ENROLLED_IN
S0462,C003,ENROLLED_IN
S0742,C004,ENROLLED_IN
S0536,C004,ENROLLED_IN
S0605,C004,ENROLLED_IN
S0750,C004,ENROLLED_IN
S0423,C004,ENROLLED_IN
S0829,C004,ENROLLED_IN
S0435,C004,ENROLLED_IN
S0558,C004,ENROLLED_IN
S0869,C004,ENROLLED_IN
S0131,C004,ENROLLED_IN
S0286,C004,ENROLLED_IN
S0859,C004,ENROLLED_IN
S0530,C004,ENROLLED_IN
S0833,C004,ENROLLED_IN
S0390,C004,ENROLLED_IN
S0769,C004,ENROLLED_IN
S0011,C004,ENROLLED_IN
S0349,C004,ENROLLED_IN
S0096,C004,ENROLLED_IN
S0843,C004,ENROLLED_IN
S0463,C004,ENROLLED_IN
S0945,C004,ENROLLED_IN
S0861,C004,ENROLLED_IN
S0031,C004,ENROLLED_IN
S0239,C004,ENROLLED_IN
S0127,C004,ENROLLED_IN
S0497,C004,ENROLLED_IN
S0906,C004,ENROLLED_IN
S0728,C004,ENROLLED_IN
S0563,C004,ENROLLED_IN
S0080,C004,ENROLLED_IN
S0261,C004,ENROLLED_IN
S0003,C004,ENROLLED_IN
S0949,C004,ENROLLED_IN
S0913,C004,ENROLLED_IN
S0315,C004,ENROLLED_IN
S0490,C004,ENROLLED_IN
S0428,C004,ENROLLED_IN
S0061,C004,ENROLLED_IN
S0690,C004,ENROLLED_IN
S0830,C004,ENROLLED_IN
S0894,C004,ENROLLED_IN
S0596,C004,ENROLLED_IN
S0247,C004,ENROLLED_IN
S0399,C004,ENROLLED_IN
S0881,C004,ENROLLED_IN
S0900,C004,ENROLLED_IN
S0534,C004,ENROLLED_IN
S0444,C004,ENROLLED_IN
S0582,C004,ENROLLED_IN
S0344,C004,ENROLLED_IN
S0471,C004,ENROLLED_IN
S0597,C004,ENROLLED_IN
S0217,C004,ENROLLED_IN
S0205,C004,ENROLLED_IN
S0110,C004,ENROLLED_IN
S0738,C004,ENROLLED_IN
S0613,C004,ENROLLED_IN
S0749,C004,ENROLLED_IN
S0577,C004,ENROLLED_IN
S0759,C004,ENROLLED_IN
S0487,C004,ENROLLED_IN
S0045,C004,ENROLLED_IN
S0963,C004,ENROLLED_IN
S0717,C004,ENROLLED_IN
S0323,C004,ENROLLED_IN
S0862,C004,ENROLLED_IN
S0574,C004,ENROLLED_IN
S0403,C004,ENROLLED_IN
S0208,C004,ENROLLED_IN
S0012,C004,ENROLLED_IN
S0675,C004,ENROLLED_IN
S0406,C004,ENROLLED_IN
S0977,C004,ENROLLED_IN
S0294,C004,ENROLLED_IN
S0673,C004,ENROLLED_IN
S0246,C004,ENROLLED_IN
S0743,C004,ENROLLED_IN
S0672,C004,ENROLLED_IN
S0129,C004,ENROLLED_IN
S0483,C004,ENROLLED_IN
S0567,C004,ENROLLED_IN
S0971,C004,ENROLLED_IN
S0288,C004,ENROLLED_IN
S0053,C004,ENROLLED_IN
S0425,C004,ENROLLED_IN
S0735,C004,ENROLLED_IN
S0168,C004,ENROLLED_IN
S0846,C004,ENROLLED_IN
S0150,C004,ENROLLED_IN
S0983,C004,ENROLLED_IN
S0579,C004,ENROLLED_IN
S0811,C004,ENROLLED_IN
S0234,C004,ENROLLED_IN
S0686,C004,ENROLLED_IN
S0076,C004,ENROLLED_IN
S0863,C004,ENROLLED_IN
S0564,C004,ENROLLED_IN
S0104,C004,ENROLLED_IN
S0439,C004,ENROLLED_IN
S0396,C005,ENROLLED_IN
S0185,C005,ENROLLED_IN
S0401,C005,ENROLLED_IN
S0089,C005,ENROLLED_IN
S0310,C005,ENROLLED_IN
S0946,C005,ENROLLED_IN
S0447,C005,ENROLLED_IN
S0635,C005,ENROLLED_IN
S0789,C005,ENROLLED_IN
S0082,C005,ENROLLED_IN
S0507,C005,ENROLLED_IN
S0436,C005,ENROLLED_IN
S0972,C005,ENROLLED_IN
S0331,C005,ENROLLED_IN
S0611,C005,ENROLLED_IN
S0313,C005,ENROLLED_IN
S0364,C005,ENROLLED_IN
S0161,C005,ENROLLED_IN
S0301,C005,ENROLLED_IN
S0553,C005,ENROLLED_IN
S0785,C005,ENROLLED_IN
S0253,C005,ENROLLED_IN
S0201,C005,ENROLLED_IN
S0824,C005,ENROLLED_IN
S0966,C005,ENROLLED_IN
S0180,C005,ENROLLED_IN
S0390,C005,ENROLLED_IN
S0546,C005,ENROLLED_IN
S0905,C005,ENROLLED_IN
S0709,C005,ENROLLED_IN
S0196,C005,ENROLLED_IN
S0647,C005,ENROLLED_IN
S0828,C005,ENROLLED_IN
S0842,C005,ENROLLED_IN
S0935,C005,ENROLLED_IN
S0868,C005,ENROLLED_IN
S0288,C005,ENROLLED_IN
S0138,C005,ENROLLED_IN
S0721,C005,ENROLLED_IN
S0096,C006,ENROLLED_IN
S0001,C006,ENROLLED_IN
S0734,C006,ENROLLED_IN
S0327,C006,ENROLLED_IN
S0640,C006,ENROLLED_IN
S0876,C006,ENROLLED_IN
S0928,C006,ENROLLED_IN
S0173,C006,ENROLLED_IN
S0717,C006,ENROLLED_IN
S0446,C006,ENROLLED_IN
S0074,C006,ENROLLED_IN
S0631,C006,ENROLLED_IN
S0012,C006,ENROLLED_IN
S0837,C006,ENROLLED_IN
S0148,C006,ENROLLED_IN
S0080,C006,ENROLLED_IN
S0105,C006,ENROLLED_IN
S0843,C006,ENROLLED_IN
S0367,C006,ENROLLED_IN
S0397,C006,ENROLLED_IN
S0818,C006,ENROLLED_IN
S0342,C006,ENROLLED_IN
S0179,C006,ENROLLED_IN
S0682,C006,ENROLLED_IN
S0202,C006,ENROLLED_IN
S0070,C007,ENROLLED_IN
S0274,C007,ENROLLED_IN
S0489,C007,ENROLLED_IN
S0963,C007,ENROLLED_IN
S0964,C007,ENROLLED_IN
S0956,C007,ENROLLED_IN
S0953,C007,ENROLLED_IN
S0634,C007,ENROLLED_IN
S0482,C007,ENROLLED_IN
S0660,C007,ENROLLED_IN
S0794,C007,ENROLLED_IN
S0781,C007,ENROLLED_IN
S0851,C007,ENROLLED_IN
S0153,C007,ENROLLED_IN
S0313,C007,ENROLLED_IN
S0782,C007,ENROLLED_IN
S0676,C007,ENROLLED_IN
S0680,C007,ENROLLED_IN
S0230,C007,ENROLLED_IN
S0773,C007,ENROLLED_IN
S0883,C007,ENROLLED_IN
S0874,C007,ENROLLED_IN
S0569,C007,ENROLLED_IN
S0507,C007,ENROLLED_IN
S0764,C007,ENROLLED_IN
S0812,C007,ENROLLED_IN
S0665,C007,ENROLLED_IN
S0247,C007,ENROLLED_IN
S0014,C007,ENROLLED_IN
S0948,C007,ENROLLED_IN
S0213,C007,ENROLLED_IN
S0738,C007,ENROLLED_IN
S0074,C007,ENROLLED_IN
S0998,C007,ENROLLED_IN
S0985,C007,ENROLLED_IN
S0526,C007,ENROLLED_IN
S0877,C007,ENROLLED_IN
S0401,C007,ENROLLED_IN
S0775,C007,ENROLLED_IN
S0031,C007,ENROLLED_IN
S0264,C007,ENROLLED_IN
S0380,C007,ENROLLED_IN
S0246,C007,ENROLLED_IN
S0811,C007,ENROLLED_IN
S0428,C007,ENROLLED_IN
S0136,C007,ENROLLED_IN
S0390,C007,ENROLLED_IN
S0684,C007,ENROLLED_IN
S0292,C007,ENROLLED_IN
S0573,C007,ENROLLED_IN
S0049,C008,ENROLLED_IN
S0565,C008,ENROLLED_IN
S0817,C008,ENROLLED_IN
S0317,C008,ENROLLED_IN
S0545,C008,ENROLLED_IN
S0477,C008,ENROLLED_IN
S0166,C008,ENROLLED_IN
S0193,C008,ENROLLED_IN
S0240,C008,ENROLLED_IN
S0112,C008,ENROLLED_IN
S0053,C008,ENROLLED_IN
S0825,C008,ENROLLED_IN
S0334,C008,ENROLLED_IN
S0967,C008,ENROLLED_IN
S0393,C008,ENROLLED_IN
S0930,C008,ENROLLED_IN
S0336,C008,ENROLLED_IN
S0170,C008,ENROLLED_IN
S0753,C008,ENROLLED_IN
S0977,C008,ENROLLED_IN
S0656,C008,ENROLLED_IN
S0524,C008,ENROLLED_IN
S0066,C008,ENROLLED_IN
S0260,C008,ENROLLED_IN
S0283,C008,ENROLLED_IN
S0549,C008,ENROLLED_IN
S0982,C009,ENROLLED_IN
S0091,C009,ENROLLED_IN
S0436,C009,ENROLLED_IN
S0097,C009,ENROLLED_IN
S0007,C009,ENROLLED_IN
S0941,C009,ENROLLED_IN
S0996,C009,ENROLLED_IN
S0060,C009,ENROLLED_IN
S0566,C009,ENROLLED_IN
S0325,C009,ENROLLED_IN
S0081,C009,ENROLLED_IN
S0399,C009,ENROLLED_IN
S0939,C009,ENROLLED_IN
S0286,C009,ENROLLED_IN
S0894,C009,ENROLLED_IN
S0702,C009,ENROLLED_IN
S0563,C009,ENROLLED_IN
S0845,C009,ENROLLED_IN
S0799,C009,ENROLLED_IN
S0761,C009,ENROLLED_IN
S0437,C009,ENROLLED_IN
S0020,C009,ENROLLED_IN
S0661,C009,ENROLLED_IN
S0979,C009,ENROLLED_IN
S0659,C009,ENROLLED_IN
S0712,C009,ENROLLED_IN
S0294,C009,ENROLLED_IN
S0896,C009,ENROLLED_IN
S0544,C009,ENROLLED_IN
S0843,C009,ENROLLED_IN
S0132,C009,ENROLLED_IN
S0633,C009,ENROLLED_IN
S0014,C009,ENROLLED_IN
S0789,C009,ENROLLED_IN
S0173,C009,ENROLLED_IN
S0614,C009,ENROLLED_IN
S0498,C009,ENROLLED_IN
S0361,C009,ENROLLED_IN
S0956,C009,ENROLLED_IN
S0153,C009,ENROLLED_IN
S0703,C009,ENROLLED_IN
S0630,C009,ENROLLED_IN
S0621,C009,ENROLLED_IN
S0126,C009,ENROLLED_IN
S0013,C009,ENROLLED_IN
S0319,C009,ENROLLED_IN
S0607,C009,ENROLLED_IN
S0224,C009,ENROLLED_IN
S0102,C010,ENROLLED_IN
S0573,C010,ENROLLED_IN
S0173,C010,ENROLLED_IN
S0229,C010,ENROLLED_IN
S0326,C010,ENROLLED_IN
S0088,C010,ENROLLED_IN
S0949,C010,ENROLLED_IN
S0294,C010,ENROLLED_IN
S0362,C010,ENROLLED_IN
S0574,C010,ENROLLED_IN
S0277,C010,ENROLLED_IN
S0371,C010,ENROLLED_IN
S0170,C010,ENROLLED_IN
S0068,C010,ENROLLED_IN
S0266,C010,ENROLLED_IN
S0407,C010,ENROLLED_IN
S0373,C010,ENROLLED_IN
S0413,C010,ENROLLED_IN
S0710,C010,ENROLLED_IN
S0129,C010,ENROLLED_IN
S0484,C010,ENROLLED_IN
S0333,C010,ENROLLED_IN
S0004,C010,ENROLLED_IN
S0766,C010,ENROLLED_IN
S0799,C010,ENROLLED_IN
S0937,C010,ENROLLED_IN
S0046,C010,ENROLLED_IN
S0726,C010,ENROLLED_IN
S0472,C010,ENROLLED_IN
S0055,C011,ENROLLED_IN
S0388,C011,ENROLLED_IN
S0420,C011,ENROLLED_IN
S0713,C011,ENROLLED_IN
S0664,C011,ENROLLED_IN
S0520,C011,ENROLLED_IN
S0204,C011,ENROLLED_IN
S0095,C011,ENROLLED_IN
S0931,C011,ENROLLED_IN
S0468,C011,ENROLLED_IN
S0822,C011,ENROLLED_IN
S0842,C011,ENROLLED_IN
S0416,C011,ENROLLED_IN
S0219,C011,ENROLLED_IN
S0686,C011,ENROLLED_IN
S0432,C011,ENROLLED_IN
S0014,C011,ENROLLED_IN
S0510,C011,ENROLLED_IN
S0190,C011,ENROLLED_IN
S0493,C011,ENROLLED_IN
S0750,C011,ENROLLED_IN
S0565,C011,ENROLLED_IN
S0581,C011,ENROLLED_IN
S0684,C011,ENROLLED_IN
S0909,C011,ENROLLED_IN
S0148,C011,ENROLLED_IN
S0763,C011,ENROLLED_IN
S0599,C011,ENROLLED_IN
S0871,C011,ENROLLED_IN
S0101,C011,ENROLLED_IN
S0632,C011,ENROLLED_IN
S0924,C011,ENROLLED_IN
S0652,C011,ENROLLED_IN
S0695,C011,ENROLLED_IN
S0546,C011,ENROLLED_IN
S0794,C011,ENROLLED_IN
S0737,C011,ENROLLED_IN
S0053,C011,ENROLLED_IN
S0429,C011,ENROLLED_IN
S0781,C011,ENROLLED_IN
S0693,C011,ENROLLED_IN
S0006,C011,ENROLLED_IN
S0875,C011,ENROLLED_IN
S0674,C011,ENROLLED_IN
S0197,C011,ENROLLED_IN
S0715,C011,ENROLLED_IN
S0952,C011,ENROLLED_IN
S0882,C011,ENROLLED_IN
S0299,C011,ENROLLED_IN
S0853,C011,ENROLLED_IN
S0982,C011,ENROLLED_IN
S0398,C011,ENROLLED_IN
S0421,C011,ENROLLED_IN
S0884,C011,ENROLLED_IN
S0811,C011,ENROLLED_IN
S0244,C011,ENROLLED_IN
S0328,C011,ENROLLED_IN
S0886,C011,ENROLLED_IN
S0718,C011,ENROLLED_IN
S0465,C011,ENROLLED_IN
S0947,C011,ENROLLED_IN
S0873,C011,ENROLLED_IN
S0041,C011,ENROLLED_IN
S0224,C011,ENROLLED_IN
S0586,C011,ENROLLED_IN
S0913,C011,ENROLLED_IN
S0128,C011,ENROLLED_IN
S0921,C011,ENROLLED_IN
S0558,C011,ENROLLED_IN
S0883,C011,ENROLLED_IN
S0671,C011,ENROLLED_IN
S0880,C011,ENROLLED_IN
S0275,C011,ENROLLED_IN
S0302,C011,ENROLLED_IN
S0699,C011,ENROLLED_IN
S0131,C011,ENROLLED_IN
S0912,C011,ENROLLED_IN
S0142,C011,ENROLLED_IN
S0230,C011,ENROLLED_IN
S0929,C011,ENROLLED_IN
S0808,C011,ENROLLED_IN
S0529,C011,ENROLLED_IN
S0443,C011,ENROLLED_IN
S0902,C012,ENROLLED_IN
S0845,C012,ENROLLED_IN
S0200,C012,ENROLLED_IN
S0010,C012,ENROLLED_IN
S0461,C012,ENROLLED_IN
S0855,C012,ENROLLED_IN
S0053,C012,ENROLLED_IN
S0016,C012,ENROLLED_IN
S0399,C012,ENROLLED_IN
S0877,C012,ENROLLED_IN
S0989,C012,ENROLLED_IN
S0158,C012,ENROLLED_IN
S0367,C012,ENROLLED_IN
S0240,C012,ENROLLED_IN
S0198,C012,ENROLLED_IN
S0194,C012,ENROLLED_IN
S0141,C012,ENROLLED_IN
S0044,C012,ENROLLED_IN
S0725,C012,ENROLLED_IN
S0595,C012,ENROLLED_IN
S0580,C012,ENROLLED_IN
S0494,C012,ENROLLED_IN
S0082,C012,ENROLLED_IN
S0602,C012,ENROLLED_IN
S0135,C012,ENROLLED_IN
S0235,C012,ENROLLED_IN
S0628,C012,ENROLLED_IN
S0294,C012,ENROLLED_IN
S0344,C012,ENROLLED_IN
S0760,C012,ENROLLED_IN
S0836,C012,ENROLLED_IN
S0699,C012,ENROLLED_IN
S0468,C012,ENROLLED_IN
S0970,C012,ENROLLED_IN
S0239,C012,ENROLLED_IN
S0408,C012,ENROLLED_IN
S0167,C012,ENROLLED_IN
S0424,C012,ENROLLED_IN
S0176,C012,ENROLLED_IN
S0577,C012,ENROLLED_IN
S0361,C012,ENROLLED_IN
S0202,C012,ENROLLED_IN
S0977,C012,ENROLLED_IN
S0527,C012,ENROLLED_IN
S0371,C012,ENROLLED_IN
S0059,C012,ENROLLED_IN
S0153,C012,ENROLLED_IN
S0528,C012,ENROLLED_IN
S0372,C012,ENROLLED_IN
S0061,C012,ENROLLED_IN
S0348,C012,ENROLLED_IN
S0145,C012,ENROLLED_IN
S0165,C013,ENROLLED_IN
S0392,C013,ENROLLED_IN
S0425,C013,ENROLLED_IN
S0568,C013,ENROLLED_IN
S0741,C013,ENROLLED_IN
S0399,C013,ENROLLED_IN
S0863,C013,ENROLLED_IN
S0302,C013,ENROLLED_IN
S0665,C013,ENROLLED_IN
S0368,C013,ENROLLED_IN
S0050,C013,ENROLLED_IN
S0261,C013,ENROLLED_IN
S0324,C013,ENROLLED_IN
S0088,C013,ENROLLED_IN
S0203,C013,ENROLLED_IN
S0486,C013,ENROLLED_IN
S0779,C013,ENROLLED_IN
S0869,C013,ENROLLED_IN
S0026,C013,ENROLLED_IN
S0202,C013,ENROLLED_IN
S0056,C013,ENROLLED_IN
S0477,C013,ENROLLED_IN
S0981,C013,ENROLLED_IN
S0117,C013,ENROLLED_IN
S0467,C013,ENROLLED_IN
S0308,C013,ENROLLED_IN
S0991,C013,ENROLLED_IN
S0806,C013,ENROLLED_IN
S0745,C013,ENROLLED_IN
S0346,C013,ENROLLED_IN
S0643,C013,ENROLLED_IN
S0522,C013,ENROLLED_IN
S0109,C013,ENROLLED_IN
S0362,C013,ENROLLED_IN
S0513,C013,ENROLLED_IN
S0298,C013,ENROLLED_IN
S0022,C013,ENROLLED_IN
S0856,C013,ENROLLED_IN
S0140,C013,ENROLLED_IN
S0613,C013,ENROLLED_IN
S0619,C013,ENROLLED_IN
S0294,C013,ENROLLED_IN
S0317,C013,ENROLLED_IN
S0013,C013,ENROLLED_IN
S0731,C013,ENROLLED_IN
S0704,C013,ENROLLED_IN
S0124,C013,ENROLLED_IN
S0928,C013,ENROLLED_IN
S0752,C013,ENROLLED_IN
S0466,C013,ENROLLED_IN
S0905,C013,ENROLLED_IN
S0434,C013,ENROLLED_IN
S0355,C013,ENROLLED_IN
S0726,C013,ENROLLED_IN
S0127,C013,ENROLLED_IN
S0215,C013,ENROLLED_IN
S0031,C013,ENROLLED_IN
S0153,C013,ENROLLED_IN
S0161,C014,ENROLLED_IN
S0271,C014,ENROLLED_IN
S0125,C014,ENROLLED_IN
S0166,C014,ENROLLED_IN
S0788,C014,ENROLLED_IN
S0169,C014,ENROLLED_IN
S0486,C014,ENROLLED_IN
S0213,C014,ENROLLED_IN
S0298,C014,ENROLLED_IN
S0638,C014,ENROLLED_IN
S0091,C014,ENROLLED_IN
S0913,C014,ENROLLED_IN
S0691,C014,ENROLLED_IN
S0143,C014,ENROLLED_IN
S0801,C014,ENROLLED_IN
S0634,C014,ENROLLED_IN
S0452,C014,ENROLLED_IN
S0521,C014,ENROLLED_IN
S0693,C014,ENROLLED_IN
S0435,C014,ENROLLED_IN
S0873,C014,ENROLLED_IN
S0915,C014,ENROLLED_IN
S0339,C014,ENROLLED_IN
S0236,C014,ENROLLED_IN
S0550,C014,ENROLLED_IN
S0449,C014,ENROLLED_IN
S0331,C014,ENROLLED_IN
S0954,C014,ENROLLED_IN
S0604,C014,ENROLLED_IN
S0578,C014,ENROLLED_IN
S0576,C014,ENROLLED_IN
S0930,C014,ENROLLED_IN
S0690,C014,ENROLLED_IN
S0766,C014,ENROLLED_IN
S0333,C014,ENROLLED_IN
S0652,C014,ENROLLED_IN
S0054,C014,ENROLLED_IN
S0512,C014,ENROLLED_IN
S0607,C014,ENROLLED_IN
S0229,C014,ENROLLED_IN
S0631,C014,ENROLLED_IN
S0916,C014,ENROLLED_IN
S0249,C014,ENROLLED_IN
S0920,C014,ENROLLED_IN
S0726,C015,ENROLLED_IN
S0135,C015,ENROLLED_IN
S0882,C015,ENROLLED_IN
S0544,C015,ENROLLED_IN
S0716,C015,ENROLLED_IN
S0938,C015,ENROLLED_IN
S0815,C015,ENROLLED_IN
S0258,C015,ENROLLED_IN
S0028,C015,ENROLLED_IN
S0171,C015,ENROLLED_IN
S0751,C015,ENROLLED_IN
S0473,C015,ENROLLED_IN
S0957,C015,ENROLLED_IN
S0993,C015,ENROLLED_IN
S0125,C015,ENROLLED_IN
S0783,C015,ENROLLED_IN
S0845,C015,ENROLLED_IN
S0936,C015,ENROLLED_IN
S0366,C015,ENROLLED_IN
S0412,C015,ENROLLED_IN
S0370,C015,ENROLLED_IN
S0577,C015,ENROLLED_IN
S0700,C015,ENROLLED_IN
S0836,C015,ENROLLED_IN
S0886,C015,ENROLLED_IN
S0539,C015,ENROLLED_IN
S0379,C015,ENROLLED_IN
S0297,C015,ENROLLED_IN
S0185,C015,ENROLLED_IN
S0555,C015,ENROLLED_IN
S0804,C015,ENROLLED_IN
S0198,C015,ENROLLED_IN
S0979,C015,ENROLLED_IN
S0874,C015,ENROLLED_IN
S0077,C015,ENROLLED_IN
S0103,C015,ENROLLED_IN
S0488,C015,ENROLLED_IN
S0980,C015,ENROLLED_IN
S0696,C015,ENROLLED_IN
S0222,C015,ENROLLED_IN
S0939,C015,ENROLLED_IN
S0457,C015,ENROLLED_IN
S0468,C015,ENROLLED_IN
S0323,C015,ENROLLED_IN
S0645,C015,ENROLLED_IN
S0908,C015,ENROLLED_IN
S0093,C015,ENROLLED_IN
S0012,C015,ENROLLED_IN
S0879,C015,ENROLLED_IN
S0334,C015,ENROLLED_IN
S0941,C015,ENROLLED_IN
S0975,C015,ENROLLED_IN
S0896,C015,ENROLLED_IN
S0655,C015,ENROLLED_IN
S0712,C015,ENROLLED_IN
S0864,C015,ENROLLED_IN
S0376,C015,ENROLLED_IN
S0271,C015,ENROLLED_IN
S0619,C015,ENROLLED_IN
S0825,C015,ENROLLED_IN
S0601,C015,ENROLLED_IN
S0714,C015,ENROLLED_IN
S0992,C015,ENROLLED_IN
S0016,C015,ENROLLED_IN
S0085,C015,ENROLLED_IN
S0553,C015,ENROLLED_IN
S0484,C015,ENROLLED_IN
S0582,C015,ENROLLED_IN
S0148,C015,ENROLLED_IN
S0409,C015,ENROLLED_IN
S0832,C015,ENROLLED_IN
S0433,C015,ENROLLED_IN
S0907,C015,ENROLLED_IN
S0010,C015,ENROLLED_IN
S0280,C015,ENROLLED_IN
S0153,C015,ENROLLED_IN
S0559,C015,ENROLLED_IN
S0901,C015,ENROLLED_IN
S0798,C015,ENROLLED_IN
S0402,C015,ENROLLED_IN
S0212,C015,ENROLLED_IN
S0154,C015,ENROLLED_IN
S0831,C015,ENROLLED_IN
S0115,C016,ENROLLED_IN
S0887,C016,ENROLLED_IN
S0232,C016,ENROLLED_IN
S0991,C016,ENROLLED_IN
S0627,C016,ENROLLED_IN
S0363,C016,ENROLLED_IN
S0071,C016,ENROLLED_IN
S0501,C016,ENROLLED_IN
S0972,C016,ENROLLED_IN
S0040,C016,ENROLLED_IN
S0522,C016,ENROLLED_IN
S0847,C016,ENROLLED_IN
S0511,C016,ENROLLED_IN
S0136,C016,ENROLLED_IN
S0192,C016,ENROLLED_IN
S0793,C016,ENROLLED_IN
S0548,C016,ENROLLED_IN
S0759,C016,ENROLLED_IN
S0470,C016,ENROLLED_IN
S0563,C016,ENROLLED_IN
S0106,C016,ENROLLED_IN
S0612,C016,ENROLLED_IN
S0982,C016,ENROLLED_IN
S0091,C016,ENROLLED_IN
S0116,C016,ENROLLED_IN
S0166,C016,ENROLLED_IN
S0454,C016,ENROLLED_IN
S0756,C016,ENROLLED_IN
S0347,C016,ENROLLED_IN
S0885,C017,ENROLLED_IN
S0649,C017,ENROLLED_IN
S0467,C017,ENROLLED_IN
S0708,C017,ENROLLED_IN
S0960,C017,ENROLLED_IN
S0383,C017,ENROLLED_IN
S0949,C017,ENROLLED_IN
S0644,C017,ENROLLED_IN
S0918,C017,ENROLLED_IN
S0574,C017,ENROLLED_IN
S0071,C017,ENROLLED_IN
S0223,C017,ENROLLED_IN
S0966,C017,ENROLLED_IN
S0481,C017,ENROLLED_IN
S0405,C017,ENROLLED_IN
S0343,C017,ENROLLED_IN
S0268,C017,ENROLLED_IN
S0969,C017,ENROLLED_IN
S0150,C017,ENROLLED_IN
S0169,C017,ENROLLED_IN
S0545,C017,ENROLLED_IN
S0563,C017,ENROLLED_IN
S0802,C017,ENROLLED_IN
S0602,C017,ENROLLED_IN
S0543,C017,ENROLLED_IN
S0792,C017,ENROLLED_IN
S0746,C017,ENROLLED_IN
S0155,C017,ENROLLED_IN
S0751,C017,ENROLLED_IN
S0050,C017,ENROLLED_IN
S0753,C017,ENROLLED_IN
S0581,C017,ENROLLED_IN
S0736,C017,ENROLLED_IN
S0456,C017,ENROLLED_IN
S0048,C017,ENROLLED_IN
S0242,C017,ENROLLED_IN
S0949,C018,ENROLLED_IN
S0192,C018,ENROLLED_IN
S0063,C018,ENROLLED_IN
S0536,C018,ENROLLED_IN
S0592,C018,ENROLLED_IN
S0927,C018,ENROLLED_IN
S0132,C018,ENROLLED_IN
S0226,C018,ENROLLED_IN
S0286,C018,ENROLLED_IN
S0930,C018,ENROLLED_IN
S0014,C018,ENROLLED_IN
S0591,C018,ENROLLED_IN
S0962,C018,ENROLLED_IN
S0307,C018,ENROLLED_IN
S0445,C018,ENROLLED_IN
S0936,C018,ENROLLED_IN
S0901,C018,ENROLLED_IN
S0088,C018,ENROLLED_IN
S0076,C018,ENROLLED_IN
S0648,C018,ENROLLED_IN
S0957,C018,ENROLLED_IN
S0483,C018,ENROLLED_IN
S0384,C018,ENROLLED_IN
S0222,C018,ENROLLED_IN
S0194,C018,ENROLLED_IN
S0500,C018,ENROLLED_IN
S0375,C018,ENROLLED_IN
S1000,C018,ENROLLED_IN
S0609,C018,ENROLLED_IN
S0914,C018,ENROLLED_IN
S0614,C018,ENROLLED_IN
S0015,C018,ENROLLED_IN
S0314,C018,ENROLLED_IN
S0960,C018,ENROLLED_IN
S0864,C018,ENROLLED_IN
S0012,C018,ENROLLED_IN
S0662,C018,ENROLLED_IN
S0553,C018,ENROLLED_IN
S0813,C018,ENROLLED_IN
S0442,C018,ENROLLED_IN
S0106,C018,ENROLLED_IN
S0085,C018,ENROLLED_IN
S0710,C018,ENROLLED_IN
S0598,C018,ENROLLED_IN
S0519,C018,ENROLLED_IN
S0645,C018,ENROLLED_IN
S0885,C018,ENROLLED_IN
S0439,C018,ENROLLED_IN
S0157,C018,ENROLLED_IN
S0418,C018,ENROLLED_IN
S0700,C018,ENROLLED_IN
S0764,C018,ENROLLED_IN
S0855,C018,ENROLLED_IN
S0414,C018,ENROLLED_IN
S0631,C018,ENROLLED_IN
S0766,C018,ENROLLED_IN
S0264,C018,ENROLLED_IN
S0202,C018,ENROLLED_IN
S0174,C018,ENROLLED_IN
S0991,C019,ENROLLED_IN
S0280,C019,ENROLLED_IN
S0914,C019,ENROLLED_IN
S0247,C019,ENROLLED_IN
S0270,C019,ENROLLED_IN
S0330,C019,ENROLLED_IN
S0158,C019,ENROLLED_IN
S0402,C019,ENROLLED_IN
S0735,C019,ENROLLED_IN
S0734,C019,ENROLLED_IN
S0613,C019,ENROLLED_IN
S0246,C019,ENROLLED_IN
S0097,C019,ENROLLED_IN
S0574,C019,ENROLLED_IN
S0064,C019,ENROLLED_IN
S0908,C019,ENROLLED_IN
S0026,C019,ENROLLED_IN
S0282,C019,ENROLLED_IN
S0398,C019,ENROLLED_IN
S0504,C019,ENROLLED_IN
S0934,C019,ENROLLED_IN
S0726,C019,ENROLLED_IN
S0630,C019,ENROLLED_IN
S0879,C019,ENROLLED_IN
S0291,C019,ENROLLED_IN
S0701,C019,ENROLLED_IN
S0374,C019,ENROLLED_IN
S0637,C019,ENROLLED_IN
S0417,C019,ENROLLED_IN
S0673,C019,ENROLLED_IN
S0732,C019,ENROLLED_IN
S0595,C019,ENROLLED_IN
S0980,C019,ENROLLED_IN
S1000,C019,ENROLLED_IN
S0901,C019,ENROLLED_IN
S0543,C019,ENROLLED_IN
S0541,C019,ENROLLED_IN
S0032,C019,ENROLLED_IN
S0455,C019,ENROLLED_IN
S0805,C019,ENROLLED_IN
S0189,C019,ENROLLED_IN
S0842,C019,ENROLLED_IN
S0281,C019,ENROLLED_IN
S0755,C019,ENROLLED_IN
S0083,C019,ENROLLED_IN
S0063,C019,ENROLLED_IN
S0274,C019,ENROLLED_IN
S0420,C019,ENROLLED_IN
S0198,C019,ENROLLED_IN
S0075,C019,ENROLLED_IN
S0757,C019,ENROLLED_IN
S0081,C019,ENROLLED_IN
S0481,C019,ENROLLED_IN
S0767,C019,ENROLLED_IN
S0983,C019,ENROLLED_IN
S0951,C019,ENROLLED_IN
S0072,C019,ENROLLED_IN
S0393,C019,ENROLLED_IN
S0607,C019,ENROLLED_IN
S0997,C019,ENROLLED_IN
S0191,C019,ENROLLED_IN
S0314,C019,ENROLLED_IN
S0946,C019,ENROLLED_IN
S0487,C019,ENROLLED_IN
S0773,C019,ENROLLED_IN
S0598,C019,ENROLLED_IN
S0268,C019,ENROLLED_IN
S0586,C019,ENROLLED_IN
S0743,C019,ENROLLED_IN
S0269,C019,ENROLLED_IN
S0197,C019,ENROLLED_IN
S0145,C019,ENROLLED_IN
S0686,C019,ENROLLED_IN
S0260,C019,ENROLLED_IN
S0476,C019,ENROLLED_IN
S0449,C019,ENROLLED_IN
S0474,C019,ENROLLED_IN
S0460,C019,ENROLLED_IN
S0300,C019,ENROLLED_IN
S0930,C019,ENROLLED_IN
S0477,C019,ENROLLED_IN
S0550,C019,ENROLLED_IN
S0179,C019,ENROLLED_IN
S0205,C019,ENROLLED_IN
S0865,C019,ENROLLED_IN
S0214,C019,ENROLLED_IN
S0846,C019,ENROLLED_IN
S0646,C019,ENROLLED_IN
S0693,C019,ENROLLED_IN
S0439,C019,ENROLLED_IN
S0909,C019,ENROLLED_IN
S0014,C019,ENROLLED_IN
S0446,C019,ENROLLED_IN
S0501,C019,ENROLLED_IN
S0492,C019,ENROLLED_IN
S0689,C019,ENROLLED_IN
S0886,C019,ENROLLED_IN
S0963,C019,ENROLLED_IN
S0111,C019,ENROLLED_IN
S0396,C020,ENROLLED_IN
S0281,C020,ENROLLED_IN
S0529,C020,ENROLLED_IN
S0739,C020,ENROLLED_IN
S0436,C020,ENROLLED_IN
S0625,C020,ENROLLED_IN
S0119,C020,ENROLLED_IN
S0274,C020,ENROLLED_IN
S0851,C020,ENROLLED_IN
S0403,C020,ENROLLED_IN
S0984,C020,ENROLLED_IN
S0734,C020,ENROLLED_IN
S0183,C020,ENROLLED_IN
S0543,C020,ENROLLED_IN
S0944,C020,ENROLLED_IN
S0339,C020,ENROLLED_IN
S0371,C020,ENROLLED_IN
S0706,C020,ENROLLED_IN
S0613,C020,ENROLLED_IN
S0464,C020,ENROLLED_IN
S0197,C020,ENROLLED_IN
S0388,C020,ENROLLED_IN
S0743,C020,ENROLLED_IN
S0872,C020,ENROLLED_IN
S0232,C020,ENROLLED_IN
S0033,C020,ENROLLED_IN
S0448,C020,ENROLLED_IN
S0993,C020,ENROLLED_IN
S0112,C020,ENROLLED_IN
S0447,C020,ENROLLED_IN
S0783,C020,ENROLLED_IN
S0784,C020,ENROLLED_IN
S0130,C020,ENROLLED_IN
S0110,C020,ENROLLED_IN
S0093,C020,ENROLLED_IN
S0025,C020,ENROLLED_IN
S0684,C020,ENROLLED_IN
S0867,C020,ENROLLED_IN
S0402,C020,ENROLLED_IN
S0550,C020,ENROLLED_IN
S0127,C020,ENROLLED_IN
S0584,C020,ENROLLED_IN
S0186,C020,ENROLLED_IN
S0592,C020,ENROLLED_IN
S0294,C020,ENROLLED_IN
S0259,C020,ENROLLED_IN
S0398,C020,ENROLLED_IN
S0361,C020,ENROLLED_IN
S0754,C020,ENROLLED_IN
S0476,C020,ENROLLED_IN
S0340,C020,ENROLLED_IN
S0812,C020,ENROLLED_IN
S0582,C020,ENROLLED_IN
S0777,C020,ENROLLED_IN
S0267,C020,ENROLLED_IN
S0715,C020,ENROLLED_IN
S0763,C021,ENROLLED_IN
S0507,C021,ENROLLED_IN
S0124,C021,ENROLLED_IN
S0217,C021,ENROLLED_IN
S0151,C021,ENROLLED_IN
S0910,C021,ENROLLED_IN
S0674,C021,ENROLLED_IN
S0382,C021,ENROLLED_IN
S0296,C021,ENROLLED_IN
S0697,C021,ENROLLED_IN
S0152,C021,ENROLLED_IN
S0917,C021,ENROLLED_IN
S0223,C021,ENROLLED_IN
S0933,C021,ENROLLED_IN
S0427,C021,ENROLLED_IN
S0228,C021,ENROLLED_IN
S0239,C021,ENROLLED_IN
S0329,C021,ENROLLED_IN
S0437,C021,ENROLLED_IN
S0899,C021,ENROLLED_IN
S0569,C021,ENROLLED_IN
S0875,C021,ENROLLED_IN
S0103,C021,ENROLLED_IN
S0585,C021,ENROLLED_IN
S0384,C021,ENROLLED_IN
S0458,C021,ENROLLED_IN
S0950,C021,ENROLLED_IN
S0034,C021,ENROLLED_IN
S0257,C021,ENROLLED_IN
S0809,C021,ENROLLED_IN
S0733,C021,ENROLLED_IN
S0563,C021,ENROLLED_IN
S0439,C021,ENROLLED_IN
S0579,C021,ENROLLED_IN
S0374,C021,ENROLLED_IN
S0699,C021,ENROLLED_IN
S0590,C021,ENROLLED_IN
S0773,C021,ENROLLED_IN
S0375,C021,ENROLLED_IN
S0826,C021,ENROLLED_IN
S0512,C021,ENROLLED_IN
S0506,C021,ENROLLED_IN
S0969,C021,ENROLLED_IN
S0825,C021,ENROLLED_IN
S0426,C021,ENROLLED_IN
S0212,C021,ENROLLED_IN
S0921,C021,ENROLLED_IN
S0480,C021,ENROLLED_IN
S0540,C021,ENROLLED_IN
S0572,C021,ENROLLED_IN
S0893,C021,ENROLLED_IN
S0867,C021,ENROLLED_IN
S0972,C021,ENROLLED_IN
S0518,C021,ENROLLED_IN
S0390,C021,ENROLLED_IN
S0349,C021,ENROLLED_IN
S0073,C021,ENROLLED_IN
S0481,C021,ENROLLED_IN
S0760,C021,ENROLLED_IN
S0901,C021,ENROLLED_IN
S0214,C021,ENROLLED_IN
S0716,C021,ENROLLED_IN
S0857,C021,ENROLLED_IN
S0162,C021,ENROLLED_IN
S0948,C021,ENROLLED_IN
S0916,C021,ENROLLED_IN
S0602,C021,ENROLLED_IN
S0181,C021,ENROLLED_IN
S0790,C021,ENROLLED_IN
S0016,C021,ENROLLED_IN
S0325,C021,ENROLLED_IN
S0851,C021,ENROLLED_IN
S0047,C022,ENROLLED_IN
S0640,C022,ENROLLED_IN
S0029,C022,ENROLLED_IN
S0913,C022,ENROLLED_IN
S0117,C022,ENROLLED_IN
S0173,C022,ENROLLED_IN
S0278,C022,ENROLLED_IN
S0270,C022,ENROLLED_IN
S0362,C022,ENROLLED_IN
S0051,C022,ENROLLED_IN
S0698,C022,ENROLLED_IN
S0004,C022,ENROLLED_IN
S0894,C022,ENROLLED_IN
S0823,C022,ENROLLED_IN
S0533,C022,ENROLLED_IN
S0929,C022,ENROLLED_IN
S0216,C022,ENROLLED_IN
S0768,C022,ENROLLED_IN
S0647,C022,ENROLLED_IN
S0495,C022,ENROLLED_IN
S0190,C022,ENROLLED_IN
S0567,C022,ENROLLED_IN
S0370,C022,ENROLLED_IN
S0319,C022,ENROLLED_IN
S0631,C022,ENROLLED_IN
S0617,C022,ENROLLED_IN
S0087,C022,ENROLLED_IN
S0371,C022,ENROLLED_IN
S0125,C022,ENROLLED_IN
S0552,C022,ENROLLED_IN
S0849,C022,ENROLLED_IN
S0015,C022,ENROLLED_IN
S0570,C022,ENROLLED_IN
S0560,C022,ENROLLED_IN
S0712,C022,ENROLLED_IN
S0210,C022,ENROLLED_IN
S0821,C022,ENROLLED_IN
S0076,C022,ENROLLED_IN
S0589,C022,ENROLLED_IN
S0292,C022,ENROLLED_IN
S0562,C022,ENROLLED_IN
S0798,C022,ENROLLED_IN
S0564,C022,ENROLLED_IN
S0893,C022,ENROLLED_IN
S0690,C022,ENROLLED_IN
S0050,C022,ENROLLED_IN
S0909,C022,ENROLLED_IN
S0298,C022,ENROLLED_IN
S0853,C022,ENROLLED_IN
S0770,C022,ENROLLED_IN
S0905,C022,ENROLLED_IN
S0661,C022,ENROLLED_IN
S0748,C022,ENROLLED_IN
S0352,C022,ENROLLED_IN
S0416,C022,ENROLLED_IN
S0311,C022,ENROLLED_IN
S0257,C022,ENROLLED_IN
S0611,C022,ENROLLED_IN
S0425,C022,ENROLLED_IN
S0797,C022,ENROLLED_IN
S0451,C022,ENROLLED_IN
S0863,C022,ENROLLED_IN
S0709,C022,ENROLLED_IN
S0446,C022,ENROLLED_IN
S0114,C022,ENROLLED_IN
S0677,C022,ENROLLED_IN
S0065,C022,ENROLLED_IN
S0780,C022,ENROLLED_IN
S0465,C022,ENROLLED_IN
S0585,C022,ENROLLED_IN
S0713,C022,ENROLLED_IN
S0877,C022,ENROLLED_IN
S0747,C023,ENROLLED_IN
S0264,C023,ENROLLED_IN
S0815,C023,ENROLLED_IN
S0714,C023,ENROLLED_IN
S0531,C023,ENROLLED_IN
S0311,C023,ENROLLED_IN
S0506,C023,ENROLLED_IN
S0834,C023,ENROLLED_IN
S0965,C023,ENROLLED_IN
S0149,C023,ENROLLED_IN
S0812,C023,ENROLLED_IN
S0174,C023,ENROLLED_IN
S0317,C023,ENROLLED_IN
S0044,C023,ENROLLED_IN
S0959,C023,ENROLLED_IN
S0354,C023,ENROLLED_IN
S0761,C023,ENROLLED_IN
S0348,C023,ENROLLED_IN
S0224,C023,ENROLLED_IN
S0893,C023,ENROLLED_IN
S0582,C023,ENROLLED_IN
S0487,C023,ENROLLED_IN
S0059,C023,ENROLLED_IN
S0523,C023,ENROLLED_IN
S0010,C023,ENROLLED_IN
S0062,C023,ENROLLED_IN
S0397,C023,ENROLLED_IN
S0529,C023,ENROLLED_IN
S0234,C023,ENROLLED_IN
S0181,C023,ENROLLED_IN
S0798,C023,ENROLLED_IN
S0694,C023,ENROLLED_IN
S0617,C023,ENROLLED_IN
S0460,C023,ENROLLED_IN
S0029,C023,ENROLLED_IN
S0738,C023,ENROLLED_IN
S0182,C023,ENROLLED_IN
S0437,C023,ENROLLED_IN
S0684,C023,ENROLLED_IN
S0960,C023,ENROLLED_IN
S0219,C023,ENROLLED_IN
S0520,C023,ENROLLED_IN
S0603,C023,ENROLLED_IN
S0826,C023,ENROLLED_IN
S0974,C023,ENROLLED_IN
S0365,C023,ENROLLED_IN
S0175,C023,ENROLLED_IN
S0731,C023,ENROLLED_IN
S0734,C023,ENROLLED_IN
S0415,C023,ENROLLED_IN
S0912,C023,ENROLLED_IN
S0598,C023,ENROLLED_IN
S0845,C023,ENROLLED_IN
S0778,C023,ENROLLED_IN
S0032,C024,ENROLLED_IN
S0444,C024,ENROLLED_IN
S0715,C024,ENROLLED_IN
S0690,C024,ENROLLED_IN
S0549,C024,ENROLLED_IN
S0135,C024,ENROLLED_IN
S0946,C024,ENROLLED_IN
S0311,C024,ENROLLED_IN
S0976,C024,ENROLLED_IN
S0439,C024,ENROLLED_IN
S0414,C024,ENROLLED_IN
S0037,C024,ENROLLED_IN
S0834,C024,ENROLLED_IN
S0014,C024,ENROLLED_IN
S0003,C024,ENROLLED_IN
S0403,C024,ENROLLED_IN
S0862,C024,ENROLLED_IN
S0087,C024,ENROLLED_IN
S0566,C024,ENROLLED_IN
S0651,C024,ENROLLED_IN
S0785,C024,ENROLLED_IN
S0920,C024,ENROLLED_IN
S0080,C024,ENROLLED_IN
S0728,C024,ENROLLED_IN
S0303,C024,ENROLLED_IN
S0425,C024,ENROLLED_IN
S0450,C024,ENROLLED_IN
S0383,C024,ENROLLED_IN
S0351,C024,ENROLLED_IN
S0994,C024,ENROLLED_IN
S0209,C024,ENROLLED_IN
S0057,C024,ENROLLED_IN
S0689,C024,ENROLLED_IN
S0015,C024,ENROLLED_IN
S0957,C024,ENROLLED_IN
S0916,C024,ENROLLED_IN
S0501,C024,ENROLLED_IN
S0126,C024,ENROLLED_IN
S0892,C024,ENROLLED_IN
S0871,C024,ENROLLED_IN
S0603,C024,ENROLLED_IN
S0991,C024,ENROLLED_IN
S0576,C024,ENROLLED_IN
S0557,C024,ENROLLED_IN
S0217,C024,ENROLLED_IN
S0588,C024,ENROLLED_IN
S0308,C024,ENROLLED_IN
S0101,C024,ENROLLED_IN
S0081,C024,ENROLLED_IN
S0815,C025,ENROLLED_IN
S0907,C025,ENROLLED_IN
S0824,C025,ENROLLED_IN
S0523,C025,ENROLLED_IN
S0763,C025,ENROLLED_IN
S0111,C025,ENROLLED_IN
S0244,C025,ENROLLED_IN
S0411,C025,ENROLLED_IN
S0620,C025,ENROLLED_IN
S0387,C025,ENROLLED_IN
S0724,C025,ENROLLED_IN
S0035,C025,ENROLLED_IN
S0348,C025,ENROLLED_IN
S0308,C025,ENROLLED_IN
S0922,C025,ENROLLED_IN
S0853,C025,ENROLLED_IN
S0050,C025,ENROLLED_IN
S0241,C025,ENROLLED_IN
S0619,C025,ENROLLED_IN
S0415,C025,ENROLLED_IN
S0842,C025,ENROLLED_IN
S0393,C025,ENROLLED_IN
S0501,C025,ENROLLED_IN
S0552,C025,ENROLLED_IN
S0631,C025,ENROLLED_IN
S0338,C025,ENROLLED_IN
S0195,C025,ENROLLED_IN
S0511,C026,ENROLLED_IN
S0968,C026,ENROLLED_IN
S0114,C026,ENROLLED_IN
S0340,C026,ENROLLED_IN
S0801,C026,ENROLLED_IN
S0884,C026,ENROLLED_IN
S0052,C026,ENROLLED_IN
S0060,C026,ENROLLED_IN
S0051,C026,ENROLLED_IN
S0147,C026,ENROLLED_IN
S0905,C026,ENROLLED_IN
S0328,C026,ENROLLED_IN
S0944,C026,ENROLLED_IN
S0526,C026,ENROLLED_IN
S0466,C026,ENROLLED_IN
S0197,C026,ENROLLED_IN
S0506,C026,ENROLLED_IN
S0180,C026,ENROLLED_IN
S0164,C026,ENROLLED_IN
S0484,C026,ENROLLED_IN
S0121,C026,ENROLLED_IN
S0625,C026,ENROLLED_IN
S0138,C026,ENROLLED_IN
S0875,C026,ENROLLED_IN
S0472,C026,ENROLLED_IN
S0555,C026,ENROLLED_IN
S0774,C026,ENROLLED_IN
S0878,C026,ENROLLED_IN
S0667,C026,ENROLLED_IN
S0515,C026,ENROLLED_IN
S0240,C026,ENROLLED_IN
S0970,C026,ENROLLED_IN
S0018,C026,ENROLLED_IN
S0310,C026,ENROLLED_IN
S0996,C026,ENROLLED_IN
S0443,C026,ENROLLED_IN
S0517,C026,ENROLLED_IN
S0357,C026,ENROLLED_IN
S0333,C026,ENROLLED_IN
S0390,C026,ENROLLED_IN
S0181,C026,ENROLLED_IN
S0870,C026,ENROLLED_IN
S0139,C026,ENROLLED_IN
S0031,C026,ENROLLED_IN
S0216,C026,ENROLLED_IN
S0266,C026,ENROLLED_IN
S0227,C026,ENROLLED_IN
S0318,C026,ENROLLED_IN
S0129,C026,ENROLLED_IN
S0735,C026,ENROLLED_IN
S0465,C026,ENROLLED_IN
S0268,C026,ENROLLED_IN
S0599,C026,ENROLLED_IN
S0027,C026,ENROLLED_IN
S0172,C026,ENROLLED_IN
S0144,C026,ENROLLED_IN
S0102,C026,ENROLLED_IN
S0854,C026,ENROLLED_IN
S0720,C026,ENROLLED_IN
S0058,C026,ENROLLED_IN
S0827,C026,ENROLLED_IN
S0156,C026,ENROLLED_IN
S0408,C026,ENROLLED_IN
S0330,C026,ENROLLED_IN
S0796,C026,ENROLLED_IN
S0244,C026,ENROLLED_IN
S0004,C026,ENROLLED_IN
S0347,C026,ENROLLED_IN
S0902,C026,ENROLLED_IN
S0371,C026,ENROLLED_IN
S0039,C026,ENROLLED_IN
S0803,C026,ENROLLED_IN
S0992,C026,ENROLLED_IN
S0054,C026,ENROLLED_IN
S0030,C026,ENROLLED_IN
S0430,C026,ENROLLED_IN
S0838,C026,ENROLLED_IN
S0818,C026,ENROLLED_IN
S0971,C026,ENROLLED_IN
S0957,C026,ENROLLED_IN
S0378,C026,ENROLLED_IN
S0732,C026,ENROLLED_IN
S0464,C026,ENROLLED_IN
S0541,C026,ENROLLED_IN
S0942,C026,ENROLLED_IN
S0923,C026,ENROLLED_IN
S0393,C026,ENROLLED_IN
S0617,C026,ENROLLED_IN
S0993,C026,ENROLLED_IN
S0512,C026,ENROLLED_IN
S0822,C026,ENROLLED_IN
S0966,C026,ENROLLED_IN
S0508,C026,ENROLLED_IN
S0134,C026,ENROLLED_IN
S0738,C027,ENROLLED_IN
S0045,C027,ENROLLED_IN
S0002,C027,ENROLLED_IN
S0580,C027,ENROLLED_IN
S0184,C027,ENROLLED_IN
S0281,C027,ENROLLED_IN
S0581,C027,ENROLLED_IN
S0805,C027,ENROLLED_IN
S0945,C027,ENROLLED_IN
S0567,C027,ENROLLED_IN
S0504,C027,ENROLLED_IN
S0946,C027,ENROLLED_IN
S0419,C027,ENROLLED_IN
S0471,C027,ENROLLED_IN
S0059,C027,ENROLLED_IN
S0463,C027,ENROLLED_IN
S0990,C027,ENROLLED_IN
S0017,C027,ENROLLED_IN
S0031,C027,ENROLLED_IN
S0913,C027,ENROLLED_IN
S0048,C027,ENROLLED_IN
S0247,C027,ENROLLED_IN
S0749,C027,ENROLLED_IN
S0688,C027,ENROLLED_IN
S0597,C027,ENROLLED_IN
S0197,C027,ENROLLED_IN
S0158,C027,ENROLLED_IN
S0311,C027,ENROLLED_IN
S0784,C027,ENROLLED_IN
S0034,C027,ENROLLED_IN
S0987,C027,ENROLLED_IN
S0141,C027,ENROLLED_IN
S0481,C027,ENROLLED_IN
S0513,C027,ENROLLED_IN
S0400,C027,ENROLLED_IN
S0077,C027,ENROLLED_IN
S0327,C027,ENROLLED_IN
S0268,C027,ENROLLED_IN
S0656,C027,ENROLLED_IN
S0260,C027,ENROLLED_IN
S0171,C027,ENROLLED_IN
S0384,C027,ENROLLED_IN
S0266,C027,ENROLLED_IN
S0585,C027,ENROLLED_IN
S0385,C027,ENROLLED_IN
S0995,C027,ENROLLED_IN
S0415,C027,ENROLLED_IN
S0820,C027,ENROLLED_IN
S0921,C027,ENROLLED_IN
S0955,C027,ENROLLED_IN
S0903,C028,ENROLLED_IN
S0193,C028,ENROLLED_IN
S0817,C028,ENROLLED_IN
S0458,C028,ENROLLED_IN
S0502,C028,ENROLLED_IN
S0074,C028,ENROLLED_IN
S0751,C028,ENROLLED_IN
S0846,C028,ENROLLED_IN
S0354,C028,ENROLLED_IN
S0494,C028,ENROLLED_IN
S0648,C028,ENROLLED_IN
S0893,C028,ENROLLED_IN
S0773,C028,ENROLLED_IN
S0918,C028,ENROLLED_IN
S0766,C028,ENROLLED_IN
S0556,C028,ENROLLED_IN
S0430,C028,ENROLLED_IN
S0717,C028,ENROLLED_IN
S0552,C028,ENROLLED_IN
S0736,C028,ENROLLED_IN
S0640,C028,ENROLLED_IN
S0220,C028,ENROLLED_IN
S0191,C028,ENROLLED_IN
S0120,C028,ENROLLED_IN
S0673,C028,ENROLLED_IN
S0511,C028,ENROLLED_IN
S0749,C028,ENROLLED_IN
S0712,C028,ENROLLED_IN
S0313,C028,ENROLLED_IN
S0706,C028,ENROLLED_IN
S0700,C028,ENROLLED_IN
S0271,C028,ENROLLED_IN
S0179,C028,ENROLLED_IN
S0649,C028,ENROLLED_IN
S0319,C028,ENROLLED_IN
S0806,C028,ENROLLED_IN
S0828,C028,ENROLLED_IN
S0897,C028,ENROLLED_IN
S0994,C028,ENROLLED_IN
S0409,C028,ENROLLED_IN
S0481,C028,ENROLLED_IN
S0979,C028,ENROLLED_IN
S0767,C028,ENROLLED_IN
S0448,C028,ENROLLED_IN
S0808,C028,ENROLLED_IN
S0015,C028,ENROLLED_IN
S0562,C028,ENROLLED_IN
S0048,C029,ENROLLED_IN
S0921,C029,ENROLLED_IN
S0909,C029,ENROLLED_IN
S0598,C029,ENROLLED_IN
S0516,C029,ENROLLED_IN
S0560,C029,ENROLLED_IN
S0322,C029,ENROLLED_IN
S0762,C029,ENROLLED_IN
S0716,C029,ENROLLED_IN
S0201,C029,ENROLLED_IN
S0966,C029,ENROLLED_IN
S0788,C029,ENROLLED_IN
S0653,C029,ENROLLED_IN
S0382,C029,ENROLLED_IN
S0069,C029,ENROLLED_IN
S0740,C029,ENROLLED_IN
S0080,C029,ENROLLED_IN
S0890,C029,ENROLLED_IN
S0664,C029,ENROLLED_IN
S0811,C029,ENROLLED_IN
S0855,C029,ENROLLED_IN
S0840,C029,ENROLLED_IN
S0753,C029,ENROLLED_IN
S0235,C029,ENROLLED_IN
S0414,C029,ENROLLED_IN
S0820,C029,ENROLLED_IN
S0224,C029,ENROLLED_IN
S0496,C029,ENROLLED_IN
S0764,C029,ENROLLED_IN
S0079,C029,ENROLLED_IN
S0058,C029,ENROLLED_IN
S0047,C029,ENROLLED_IN
S0400,C029,ENROLLED_IN
S0756,C029,ENROLLED_IN
S0276,C029,ENROLLED_IN
S0072,C029,ENROLLED_IN
S0454,C029,ENROLLED_IN
S0374,C029,ENROLLED_IN
S0818,C029,ENROLLED_IN
S0714,C029,ENROLLED_IN
S0434,C029,ENROLLED_IN
S0303,C029,ENROLLED_IN
S0406,C029,ENROLLED_IN
S0041,C029,ENROLLED_IN
S0580,C029,ENROLLED_IN
S0214,C029,ENROLLED_IN
S0499,C029,ENROLLED_IN
S0808,C029,ENROLLED_IN
S0656,C029,ENROLLED_IN
S0347,C029,ENROLLED_IN
S0692,C030,ENROLLED_IN
S0969,C030,ENROLLED_IN
S0821,C030,ENROLLED_IN
S0684,C030,ENROLLED_IN
S0187,C030,ENROLLED_IN
S0606,C030,ENROLLED_IN
S0956,C030,ENROLLED_IN
S0987,C030,ENROLLED_IN
S0625,C030,ENROLLED_IN
S0369,C030,ENROLLED_IN
S0269,C030,ENROLLED_IN
S0276,C030,ENROLLED_IN
S0053,C030,ENROLLED_IN
S0768,C030,ENROLLED_IN
S0691,C030,ENROLLED_IN
S0289,C030,ENROLLED_IN
S0867,C030,ENROLLED_IN
S0304,C030,ENROLLED_IN
S0824,C030,ENROLLED_IN
S0310,C030,ENROLLED_IN
S0496,C030,ENROLLED_IN
S0454,C030,ENROLLED_IN
S0610,C030,ENROLLED_IN
S0169,C030,ENROLLED_IN
S0122,C030,ENROLLED_IN
S0252,C030,ENROLLED_IN
S0567,C030,ENROLLED_IN
S0212,C030,ENROLLED_IN
S0944,C030,ENROLLED_IN
S0736,C030,ENROLLED_IN
S0599,C030,ENROLLED_IN
S0432,C030,ENROLLED_IN
S0218,C030,ENROLLED_IN
S0227,C030,ENROLLED_IN
S0930,C030,ENROLLED_IN
S0228,C030,ENROLLED_IN
S0264,C030,ENROLLED_IN
S0195,C030,ENROLLED_IN
S0322,C030,ENROLLED_IN
S0950,C030,ENROLLED_IN
S0594,C030,ENROLLED_IN
S0952,C030,ENROLLED_IN
S0550,C030,ENROLLED_IN
S0663,C030,ENROLLED_IN
S0038,C030,ENROLLED_IN
S0092,C030,ENROLLED_IN
S0090,C030,ENROLLED_IN
S0751,C030,ENROLLED_IN
S0798,C030,ENROLLED_IN
S0475,C030,ENROLLED_IN
S0471,C030,ENROLLED_IN
S0622,C030,ENROLLED_IN
S0801,C030,ENROLLED_IN
S0651,C030,ENROLLED_IN
S0612,C030,ENROLLED_IN
S0633,C030,ENROLLED_IN
S0063,C030,ENROLLED_IN
S0728,C030,ENROLLED_IN
S0023,C030,ENROLLED_IN
S0213,C030,ENROLLED_IN
S0499,C030,ENROLLED_IN
S0358,C030,ENROLLED_IN
S0887,C030,ENROLLED_IN
S0986,C030,ENROLLED_IN
S0355,C030,ENROLLED_IN
S0829,C030,ENROLLED_IN
S0816,C030,ENROLLED_IN
S0539,C030,ENROLLED_IN
S0391,C030,ENROLLED_IN
S0885,C030,ENROLLED_IN
S0200,C030,ENROLLED_IN
S0765,C030,ENROLLED_IN
S0111,C030,ENROLLED_IN
S0834,C030,ENROLLED_IN
S0905,C030,ENROLLED_IN
S0830,C030,ENROLLED_IN
S0325,C030,ENROLLED_IN
S0963,C030,ENROLLED_IN
S0555,C030,ENROLLED_IN
S0476,C030,ENROLLED_IN
S0444,C030,ENROLLED_IN
S0455,C030,ENROLLED_IN
S0877,C031,ENROLLED_IN
S0275,C031,ENROLLED_IN
S0042,C031,ENROLLED_IN
S0830,C031,ENROLLED_IN
S0129,C031,ENROLLED_IN
S0056,C031,ENROLLED_IN
S0425,C031,ENROLLED_IN
S0959,C031,ENROLLED_IN
S0078,C031,ENROLLED_IN
S0110,C031,ENROLLED_IN
S0637,C031,ENROLLED_IN
S0864,C031,ENROLLED_IN
S0103,C031,ENROLLED_IN
S0847,C031,ENROLLED_IN
S0538,C031,ENROLLED_IN
S0487,C031,ENROLLED_IN
S0186,C031,ENROLLED_IN
S0901,C031,ENROLLED_IN
S0841,C031,ENROLLED_IN
S0303,C031,ENROLLED_IN
S0350,C031,ENROLLED_IN
S0497,C031,ENROLLED_IN
S0710,C031,ENROLLED_IN
S0738,C031,ENROLLED_IN
S0176,C031,ENROLLED_IN
S0941,C031,ENROLLED_IN
S0605,C031,ENROLLED_IN
S1000,C031,ENROLLED_IN
S0929,C031,ENROLLED_IN
S0958,C031,ENROLLED_IN
S0029,C031,ENROLLED_IN
S0932,C031,ENROLLED_IN
S0716,C031,ENROLLED_IN
S0378,C031,ENROLLED_IN
S0740,C031,ENROLLED_IN
S0119,C031,ENROLLED_IN
S0193,C031,ENROLLED_IN
S0424,C031,ENROLLED_IN
S0022,C031,ENROLLED_IN
S0062,C031,ENROLLED_IN
S0759,C031,ENROLLED_IN
S0401,C031,ENROLLED_IN
S0492,C031,ENROLLED_IN
S0843,C031,ENROLLED_IN
S0645,C031,ENROLLED_IN
S0299,C031,ENROLLED_IN
S0693,C031,ENROLLED_IN
S0971,C031,ENROLLED_IN
S0561,C031,ENROLLED_IN
S0441,C031,ENROLLED_IN
S0789,C031,ENROLLED_IN
S0737,C031,ENROLLED_IN
S0428,C031,ENROLLED_IN
S0614,C031,ENROLLED_IN
S0280,C031,ENROLLED_IN
S0271,C031,ENROLLED_IN
S0177,C031,ENROLLED_IN
S0650,C031,ENROLLED_IN
S0781,C031,ENROLLED_IN
S0482,C031,ENROLLED_IN
S0563,C031,ENROLLED_IN
S0726,C031,ENROLLED_IN
S0587,C031,ENROLLED_IN
S0252,C031,ENROLLED_IN
S0244,C031,ENROLLED_IN
S0227,C031,ENROLLED_IN
S0713,C031,ENROLLED_IN
S0801,C031,ENROLLED_IN
S0888,C031,ENROLLED_IN
S0974,C031,ENROLLED_IN
S0162,C031,ENROLLED_IN
S0493,C031,ENROLLED_IN
S0881,C031,ENROLLED_IN
S0447,C031,ENROLLED_IN
S0697,C031,ENROLLED_IN
S0329,C031,ENROLLED_IN
S0800,C031,ENROLLED_IN
S0181,C031,ENROLLED_IN
S0461,C031,ENROLLED_IN
S0294,C031,ENROLLED_IN
S0539,C032,ENROLLED_IN
S0018,C032,ENROLLED_IN
S0610,C032,ENROLLED_IN
S0491,C032,ENROLLED_IN
S0933,C032,ENROLLED_IN
S0718,C032,ENROLLED_IN
S0956,C032,ENROLLED_IN
S0600,C032,ENROLLED_IN
S0384,C032,ENROLLED_IN
S0470,C032,ENROLLED_IN
S0814,C032,ENROLLED_IN
S0726,C032,ENROLLED_IN
S0377,C032,ENROLLED_IN
S0836,C032,ENROLLED_IN
S0359,C032,ENROLLED_IN
S0105,C032,ENROLLED_IN
S0575,C032,ENROLLED_IN
S0177,C032,ENROLLED_IN
S0621,C032,ENROLLED_IN
S0203,C032,ENROLLED_IN
S0060,C032,ENROLLED_IN
S0903,C032,ENROLLED_IN
S0833,C032,ENROLLED_IN
S0853,C032,ENROLLED_IN
S0917,C032,ENROLLED_IN
S0423,C032,ENROLLED_IN
S0291,C032,ENROLLED_IN
S0195,C032,ENROLLED_IN
S0701,C032,ENROLLED_IN
S0325,C032,ENROLLED_IN
S0097,C032,ENROLLED_IN
S0430,C032,ENROLLED_IN
S0808,C032,ENROLLED_IN
S0690,C032,ENROLLED_IN
S0887,C032,ENROLLED_IN
S0245,C032,ENROLLED_IN
S0033,C032,ENROLLED_IN
S0013,C032,ENROLLED_IN
S0881,C032,ENROLLED_IN
S0758,C032,ENROLLED_IN
S0911,C032,ENROLLED_IN
S0027,C032,ENROLLED_IN
S0264,C032,ENROLLED_IN
S0744,C032,ENROLLED_IN
S0987,C032,ENROLLED_IN
S0258,C032,ENROLLED_IN
S0237,C032,ENROLLED_IN
S0316,C032,ENROLLED_IN
S0295,C032,ENROLLED_IN
S0230,C032,ENROLLED_IN
S0112,C032,ENROLLED_IN
S0086,C032,ENROLLED_IN
S0876,C032,ENROLLED_IN
S0784,C032,ENROLLED_IN
S0127,C032,ENROLLED_IN
S0288,C032,ENROLLED_IN
S0458,C032,ENROLLED_IN
S0463,C032,ENROLLED_IN
S0326,C032,ENROLLED_IN
S0943,C032,ENROLLED_IN
S0117,C032,ENROLLED_IN
S0952,C032,ENROLLED_IN
S0730,C032,ENROLLED_IN
S0190,C032,ENROLLED_IN
S0275,C032,ENROLLED_IN
S0220,C032,ENROLLED_IN
S0151,C032,ENROLLED_IN
S0488,C032,ENROLLED_IN
S0696,C032,ENROLLED_IN
S0798,C032,ENROLLED_IN
S0144,C032,ENROLLED_IN
S0439,C032,ENROLLED_IN
S0066,C032,ENROLLED_IN
S0699,C032,ENROLLED_IN
S0262,C032,ENROLLED_IN
S0351,C032,ENROLLED_IN
S0535,C033,ENROLLED_IN
S0988,C033,ENROLLED_IN
S0442,C033,ENROLLED_IN
S0949,C033,ENROLLED_IN
S0430,C033,ENROLLED_IN
S0003,C033,ENROLLED_IN
S0447,C033,ENROLLED_IN
S0309,C033,ENROLLED_IN
S0478,C033,ENROLLED_IN
S0773,C033,ENROLLED_IN
S0921,C033,ENROLLED_IN
S0354,C033,ENROLLED_IN
S0754,C033,ENROLLED_IN
S0417,C033,ENROLLED_IN
S0993,C033,ENROLLED_IN
S0313,C033,ENROLLED_IN
S0984,C033,ENROLLED_IN
S1000,C033,ENROLLED_IN
S0913,C033,ENROLLED_IN
S0699,C033,ENROLLED_IN
S0799,C033,ENROLLED_IN
S0717,C033,ENROLLED_IN
S0073,C033,ENROLLED_IN
S0428,C033,ENROLLED_IN
S0740,C033,ENROLLED_IN
S0409,C033,ENROLLED_IN
S0122,C033,ENROLLED_IN
S0546,C033,ENROLLED_IN
S0415,C033,ENROLLED_IN
S0887,C033,ENROLLED_IN
S0460,C033,ENROLLED_IN
S0038,C033,ENROLLED_IN
S0241,C033,ENROLLED_IN
S0860,C033,ENROLLED_IN
S0729,C033,ENROLLED_IN
S0134,C033,ENROLLED_IN
S0349,C033,ENROLLED_IN
S0636,C033,ENROLLED_IN
S0211,C033,ENROLLED_IN
S0649,C033,ENROLLED_IN
S0802,C033,ENROLLED_IN
S0359,C033,ENROLLED_IN
S0842,C033,ENROLLED_IN
S0549,C033,ENROLLED_IN
S0226,C033,ENROLLED_IN
S0093,C033,ENROLLED_IN
S0807,C033,ENROLLED_IN
S0916,C033,ENROLLED_IN
S0135,C033,ENROLLED_IN
S0501,C033,ENROLLED_IN
S0440,C033,ENROLLED_IN
S0920,C033,ENROLLED_IN
S0012,C033,ENROLLED_IN
S0897,C033,ENROLLED_IN
S0804,C033,ENROLLED_IN
S0794,C033,ENROLLED_IN
S0600,C033,ENROLLED_IN
S0662,C033,ENROLLED_IN
S0761,C033,ENROLLED_IN
S0482,C033,ENROLLED_IN
S0873,C033,ENROLLED_IN
S0321,C033,ENROLLED_IN
S0363,C033,ENROLLED_IN
S0790,C033,ENROLLED_IN
S0587,C033,ENROLLED_IN
S0801,C033,ENROLLED_IN
S0094,C033,ENROLLED_IN
S0752,C033,ENROLLED_IN
S0555,C033,ENROLLED_IN
S0764,C033,ENROLLED_IN
S0707,C033,ENROLLED_IN
S0200,C033,ENROLLED_IN
S0982,C033,ENROLLED_IN
S0929,C033,ENROLLED_IN
S0567,C033,ENROLLED_IN
S0961,C033,ENROLLED_IN
S0700,C033,ENROLLED_IN
S0526,C033,ENROLLED_IN
S0375,C033,ENROLLED_IN
S0063,C033,ENROLLED_IN
S0840,C033,ENROLLED_IN
S0269,C034,ENROLLED_IN
S0547,C034,ENROLLED_IN
S0910,C034,ENROLLED_IN
S0887,C034,ENROLLED_IN
S0473,C034,ENROLLED_IN
S0713,C034,ENROLLED_IN
S0930,C034,ENROLLED_IN
S0563,C034,ENROLLED_IN
S0801,C034,ENROLLED_IN
S0779,C034,ENROLLED_IN
S0917,C034,ENROLLED_IN
S0139,C034,ENROLLED_IN
S0932,C034,ENROLLED_IN
S0649,C034,ENROLLED_IN
S0588,C034,ENROLLED_IN
S0924,C034,ENROLLED_IN
S0544,C034,ENROLLED_IN
S0634,C034,ENROLLED_IN
S0817,C034,ENROLLED_IN
S0317,C034,ENROLLED_IN
S0809,C034,ENROLLED_IN
S0016,C034,ENROLLED_IN
S0729,C034,ENROLLED_IN
S0394,C034,ENROLLED_IN
S0886,C034,ENROLLED_IN
S0787,C034,ENROLLED_IN
S0303,C034,ENROLLED_IN
S0987,C034,ENROLLED_IN
S0559,C034,ENROLLED_IN
S0638,C034,ENROLLED_IN
S0523,C034,ENROLLED_IN
S0325,C034,ENROLLED_IN
S0104,C034,ENROLLED_IN
S0524,C034,ENROLLED_IN
S0824,C034,ENROLLED_IN
S0380,C034,ENROLLED_IN
S0699,C034,ENROLLED_IN
S0409,C034,ENROLLED_IN
S0594,C034,ENROLLED_IN
S0808,C034,ENROLLED_IN
S0840,C034,ENROLLED_IN
S0991,C034,ENROLLED_IN
S0103,C034,ENROLLED_IN
S0004,C034,ENROLLED_IN
S0737,C034,ENROLLED_IN
S0968,C034,ENROLLED_IN
S0219,C034,ENROLLED_IN
S0641,C034,ENROLLED_IN
S0050,C034,ENROLLED_IN
S0722,C034,ENROLLED_IN
S0378,C034,ENROLLED_IN
S0716,C034,ENROLLED_IN
S0915,C034,ENROLLED_IN
S0128,C034,ENROLLED_IN
S0517,C035,ENROLLED_IN
S0429,C035,ENROLLED_IN
S0892,C035,ENROLLED_IN
S0568,C035,ENROLLED_IN
S0118,C035,ENROLLED_IN
S0798,C035,ENROLLED_IN
S0873,C035,ENROLLED_IN
S0271,C035,ENROLLED_IN
S0253,C035,ENROLLED_IN
S0032,C035,ENROLLED_IN
S0137,C035,ENROLLED_IN
S0174,C035,ENROLLED_IN
S0507,C035,ENROLLED_IN
S0706,C035,ENROLLED_IN
S0958,C035,ENROLLED_IN
S0086,C035,ENROLLED_IN
S0512,C035,ENROLLED_IN
S0007,C035,ENROLLED_IN
S0436,C035,ENROLLED_IN
S0122,C035,ENROLLED_IN
S0922,C035,ENROLLED_IN
S0928,C035,ENROLLED_IN
S0504,C035,ENROLLED_IN
S0013,C035,ENROLLED_IN
S0273,C035,ENROLLED_IN
S0788,C035,ENROLLED_IN
S0053,C035,ENROLLED_IN
S0526,C035,ENROLLED_IN
S0634,C035,ENROLLED_IN
S0643,C035,ENROLLED_IN
S0728,C035,ENROLLED_IN
S0759,C035,ENROLLED_IN
S0716,C035,ENROLLED_IN
S0834,C035,ENROLLED_IN
S0951,C035,ENROLLED_IN
S0165,C035,ENROLLED_IN
S0094,C035,ENROLLED_IN
S0038,C035,ENROLLED_IN
S0130,C035,ENROLLED_IN
S0652,C035,ENROLLED_IN
S0705,C035,ENROLLED_IN
S0875,C035,ENROLLED_IN
S0481,C035,ENROLLED_IN
S0439,C035,ENROLLED_IN
S0055,C035,ENROLLED_IN
S0505,C035,ENROLLED_IN
S0835,C035,ENROLLED_IN
S0087,C035,ENROLLED_IN
S0956,C036,ENROLLED_IN
S0045,C036,ENROLLED_IN
S0023,C036,ENROLLED_IN
S0915,C036,ENROLLED_IN
S0424,C036,ENROLLED_IN
S0244,C036,ENROLLED_IN
S0068,C036,ENROLLED_IN
S0619,C036,ENROLLED_IN
S0431,C036,ENROLLED_IN
S0423,C036,ENROLLED_IN
S0335,C036,ENROLLED_IN
S0292,C036,ENROLLED_IN
S0842,C036,ENROLLED_IN
S0480,C036,ENROLLED_IN
S0748,C036,ENROLLED_IN
S0968,C036,ENROLLED_IN
S0182,C036,ENROLLED_IN
S0298,C036,ENROLLED_IN
S0674,C036,ENROLLED_IN
S0766,C036,ENROLLED_IN
S0381,C036,ENROLLED_IN
S0358,C036,ENROLLED_IN
S0248,C036,ENROLLED_IN
S0935,C036,ENROLLED_IN
S0461,C036,ENROLLED_IN
S0317,C036,ENROLLED_IN
S0413,C036,ENROLLED_IN
S0089,C036,ENROLLED_IN
S0514,C036,ENROLLED_IN
S0262,C036,ENROLLED_IN
S0982,C036,ENROLLED_IN
S0791,C036,ENROLLED_IN
S0473,C036,ENROLLED_IN
S0673,C036,ENROLLED_IN
S0905,C036,ENROLLED_IN
S0536,C036,ENROLLED_IN
S0247,C036,ENROLLED_IN
S0761,C036,ENROLLED_IN
S0155,C036,ENROLLED_IN
S0031,C036,ENROLLED_IN
S0800,C036,ENROLLED_IN
S0628,C036,ENROLLED_IN
S0558,C036,ENROLLED_IN
S0268,C036,ENROLLED_IN
S0882,C036,ENROLLED_IN
S0608,C036,ENROLLED_IN
S0491,C036,ENROLLED_IN
S0680,C036,ENROLLED_IN
S0346,C036,ENROLLED_IN
S0043,C036,ENROLLED_IN
S0049,C036,ENROLLED_IN
S0221,C036,ENROLLED_IN
S0412,C036,ENROLLED_IN
S0087,C036,ENROLLED_IN
S0094,C036,ENROLLED_IN
S0314,C036,ENROLLED_IN
S0467,C036,ENROLLED_IN
S0815,C036,ENROLLED_IN
S0384,C036,ENROLLED_IN
S0388,C036,ENROLLED_IN
S0611,C036,ENROLLED_IN
S0775,C036,ENROLLED_IN
S0012,C036,ENROLLED_IN
S0675,C036,ENROLLED_IN
S0916,C036,ENROLLED_IN
S0590,C036,ENROLLED_IN
S0588,C036,ENROLLED_IN
S0832,C036,ENROLLED_IN
S0889,C036,ENROLLED_IN
S0411,C037,ENROLLED_IN
S0490,C037,ENROLLED_IN
S0035,C037,ENROLLED_IN
S0208,C037,ENROLLED_IN
S0801,C037,ENROLLED_IN
S0581,C037,ENROLLED_IN
S0683,C037,ENROLLED_IN
S0986,C037,ENROLLED_IN
S0654,C037,ENROLLED_IN
S0563,C037,ENROLLED_IN
S0389,C037,ENROLLED_IN
S0474,C037,ENROLLED_IN
S0164,C037,ENROLLED_IN
S0431,C037,ENROLLED_IN
S0579,C037,ENROLLED_IN
S0290,C037,ENROLLED_IN
S0733,C037,ENROLLED_IN
S0853,C037,ENROLLED_IN
S0876,C037,ENROLLED_IN
S0713,C037,ENROLLED_IN
S0957,C037,ENROLLED_IN
S0813,C037,ENROLLED_IN
S0642,C037,ENROLLED_IN
S0413,C037,ENROLLED_IN
S0568,C037,ENROLLED_IN
S0797,C037,ENROLLED_IN
S0355,C037,ENROLLED_IN
S0646,C037,ENROLLED_IN
S0041,C037,ENROLLED_IN
S0311,C037,ENROLLED_IN
S0531,C037,ENROLLED_IN
S0054,C037,ENROLLED_IN
S0965,C037,ENROLLED_IN
S0541,C037,ENROLLED_IN
S0117,C037,ENROLLED_IN
S0015,C037,ENROLLED_IN
S0977,C037,ENROLLED_IN
S0583,C037,ENROLLED_IN
S0983,C037,ENROLLED_IN
S0203,C037,ENROLLED_IN
S0636,C037,ENROLLED_IN
S0973,C037,ENROLLED_IN
S0051,C037,ENROLLED_IN
S0554,C037,ENROLLED_IN
S0631,C037,ENROLLED_IN
S0843,C037,ENROLLED_IN
S0594,C037,ENROLLED_IN
S0952,C037,ENROLLED_IN
S0429,C037,ENROLLED_IN
S0906,C037,ENROLLED_IN
S0373,C037,ENROLLED_IN
S0667,C037,ENROLLED_IN
S0655,C037,ENROLLED_IN
S0457,C037,ENROLLED_IN
S0924,C037,ENROLLED_IN
S0927,C037,ENROLLED_IN
S0019,C037,ENROLLED_IN
S0784,C037,ENROLLED_IN
S0923,C037,ENROLLED_IN
S0816,C037,ENROLLED_IN
S0152,C037,ENROLLED_IN
S0448,C037,ENROLLED_IN
S0224,C037,ENROLLED_IN
S0363,C037,ENROLLED_IN
S0478,C037,ENROLLED_IN
S0003,C037,ENROLLED_IN
S0707,C037,ENROLLED_IN
S0753,C037,ENROLLED_IN
S0512,C037,ENROLLED_IN
S0056,C037,ENROLLED_IN
S0040,C038,ENROLLED_IN
S0806,C038,ENROLLED_IN
S0436,C038,ENROLLED_IN
S0894,C038,ENROLLED_IN
S0387,C038,ENROLLED_IN
S0498,C038,ENROLLED_IN
S0942,C038,ENROLLED_IN
S0140,C038,ENROLLED_IN
S0448,C038,ENROLLED_IN
S0056,C038,ENROLLED_IN
S0499,C038,ENROLLED_IN
S0990,C038,ENROLLED_IN
S0248,C038,ENROLLED_IN
S0987,C038,ENROLLED_IN
S0991,C038,ENROLLED_IN
S0908,C038,ENROLLED_IN
S0767,C038,ENROLLED_IN
S0051,C038,ENROLLED_IN
S0071,C038,ENROLLED_IN
S0731,C038,ENROLLED_IN
S0166,C038,ENROLLED_IN
S0130,C038,ENROLLED_IN
S0722,C038,ENROLLED_IN
S0234,C038,ENROLLED_IN
S0661,C038,ENROLLED_IN
S0396,C038,ENROLLED_IN
S0029,C038,ENROLLED_IN
S0282,C038,ENROLLED_IN
S0341,C038,ENROLLED_IN
S0310,C038,ENROLLED_IN
S0786,C038,ENROLLED_IN
S0466,C038,ENROLLED_IN
S0003,C038,ENROLLED_IN
S0390,C038,ENROLLED_IN
S0369,C038,ENROLLED_IN
S0023,C038,ENROLLED_IN
S0134,C038,ENROLLED_IN
S0266,C038,ENROLLED_IN
S0441,C038,ENROLLED_IN
S0151,C038,ENROLLED_IN
S0663,C038,ENROLLED_IN
S0514,C038,ENROLLED_IN
S0339,C038,ENROLLED_IN
S0427,C038,ENROLLED_IN
S0125,C038,ENROLLED_IN
S0272,C038,ENROLLED_IN
S0616,C038,ENROLLED_IN
S0929,C038,ENROLLED_IN
S0227,C038,ENROLLED_IN
S0876,C038,ENROLLED_IN
S0593,C038,ENROLLED_IN
S0294,C038,ENROLLED_IN
S0867,C038,ENROLLED_IN
S0361,C038,ENROLLED_IN
S0615,C038,ENROLLED_IN
S0205,C038,ENROLLED_IN
S0833,C038,ENROLLED_IN
S0338,C038,ENROLLED_IN
S0775,C038,ENROLLED_IN
S0375,C038,ENROLLED_IN
S0249,C038,ENROLLED_IN
S0200,C038,ENROLLED_IN
S0079,C038,ENROLLED_IN
S0941,C038,ENROLLED_IN
S0928,C038,ENROLLED_IN
S0326,C039,ENROLLED_IN
S0891,C039,ENROLLED_IN
S0690,C039,ENROLLED_IN
S0763,C039,ENROLLED_IN
S0651,C039,ENROLLED_IN
S0830,C039,ENROLLED_IN
S0222,C039,ENROLLED_IN
S0820,C039,ENROLLED_IN
S0967,C039,ENROLLED_IN
S0437,C039,ENROLLED_IN
S0555,C039,ENROLLED_IN
S0825,C039,ENROLLED_IN
S0062,C039,ENROLLED_IN
S0431,C039,ENROLLED_IN
S0602,C039,ENROLLED_IN
S0143,C039,ENROLLED_IN
S0264,C039,ENROLLED_IN
S0829,C039,ENROLLED_IN
S0409,C039,ENROLLED_IN
S0344,C039,ENROLLED_IN
S0386,C039,ENROLLED_IN
S0804,C039,ENROLLED_IN
S0780,C039,ENROLLED_IN
S0920,C039,ENROLLED_IN
S0817,C039,ENROLLED_IN
S0692,C039,ENROLLED_IN
S0237,C039,ENROLLED_IN
S0566,C039,ENROLLED_IN
S0915,C039,ENROLLED_IN
S0419,C039,ENROLLED_IN
S0696,C039,ENROLLED_IN
S0284,C039,ENROLLED_IN
S0145,C039,ENROLLED_IN
S0233,C039,ENROLLED_IN
S0257,C039,ENROLLED_IN
S0868,C039,ENROLLED_IN
S0117,C039,ENROLLED_IN
S0691,C039,ENROLLED_IN
S0888,C039,ENROLLED_IN
S0383,C039,ENROLLED_IN
S0786,C039,ENROLLED_IN
S0353,C039,ENROLLED_IN
S0709,C039,ENROLLED_IN
S0310,C039,ENROLLED_IN
S0210,C039,ENROLLED_IN
S0900,C039,ENROLLED_IN
S0687,C039,ENROLLED_IN
S0611,C039,ENROLLED_IN
S0584,C039,ENROLLED_IN
S0348,C039,ENROLLED_IN
S0415,C039,ENROLLED_IN
S0929,C039,ENROLLED_IN
S0993,C039,ENROLLED_IN
S0624,C039,ENROLLED_IN
S0197,C039,ENROLLED_IN
S0731,C039,ENROLLED_IN
S0050,C039,ENROLLED_IN
S0748,C039,ENROLLED_IN
S0548,C039,ENROLLED_IN
S0350,C039,ENROLLED_IN
S0140,C039,ENROLLED_IN
S0968,C039,ENROLLED_IN
S0398,C039,ENROLLED_IN
S0749,C039,ENROLLED_IN
S0539,C039,ENROLLED_IN
S0836,C039,ENROLLED_IN
S0183,C039,ENROLLED_IN
S0862,C039,ENROLLED_IN
S0860,C039,ENROLLED_IN
S0016,C039,ENROLLED_IN
S0758,C040,ENROLLED_IN
S0745,C040,ENROLLED_IN
S0771,C040,ENROLLED_IN
S0477,C040,ENROLLED_IN
S0824,C040,ENROLLED_IN
S0018,C040,ENROLLED_IN
S0546,C040,ENROLLED_IN
S0434,C040,ENROLLED_IN
S0466,C040,ENROLLED_IN
S0844,C040,ENROLLED_IN
S0314,C040,ENROLLED_IN
S0456,C040,ENROLLED_IN
S0874,C040,ENROLLED_IN
S0337,C040,ENROLLED_IN
S0470,C040,ENROLLED_IN
S0640,C040,ENROLLED_IN
S0949,C040,ENROLLED_IN
S0268,C040,ENROLLED_IN
S0887,C040,ENROLLED_IN
S0302,C040,ENROLLED_IN
S0332,C040,ENROLLED_IN
S0901,C040,ENROLLED_IN
S0134,C040,ENROLLED_IN
S0078,C040,ENROLLED_IN
S0822,C040,ENROLLED_IN
S0612,C040,ENROLLED_IN
S0239,C040,ENROLLED_IN
S0694,C040,ENROLLED_IN
S0448,C040,ENROLLED_IN
S0706,C040,ENROLLED_IN
S0834,C040,ENROLLED_IN
S0974,C040,ENROLLED_IN
S0549,C040,ENROLLED_IN
S0774,C040,ENROLLED_IN
S0254,C040,ENROLLED_IN
S0861,C040,ENROLLED_IN
S0510,C040,ENROLLED_IN
S0326,C040,ENROLLED_IN
S0724,C040,ENROLLED_IN
S0859,C040,ENROLLED_IN
S0424,C040,ENROLLED_IN
S0629,C040,ENROLLED_IN
S0426,C040,ENROLLED_IN
S0631,C040,ENROLLED_IN
S0689,C040,ENROLLED_IN
S0793,C040,ENROLLED_IN
S0736,C040,ENROLLED_IN
S0158,C040,ENROLLED_IN
S0857,C040,ENROLLED_IN
S0514,C040,ENROLLED_IN
S0841,C040,ENROLLED_IN
S0198,C040,ENROLLED_IN
S0120,C040,ENROLLED_IN
S0729,C041,ENROLLED_IN
S0715,C041,ENROLLED_IN
S0419,C041,ENROLLED_IN
S0563,C041,ENROLLED_IN
S0857,C041,ENROLLED_IN
S0918,C041,ENROLLED_IN
S0114,C041,ENROLLED_IN
S0145,C041,ENROLLED_IN
S0620,C041,ENROLLED_IN
S0622,C041,ENROLLED_IN
S0545,C041,ENROLLED_IN
S0401,C041,ENROLLED_IN
S0020,C041,ENROLLED_IN
S0167,C041,ENROLLED_IN
S0426,C041,ENROLLED_IN
S0657,C041,ENROLLED_IN
S0919,C041,ENROLLED_IN
S0439,C041,ENROLLED_IN
S0861,C041,ENROLLED_IN
S0599,C041,ENROLLED_IN
S0757,C041,ENROLLED_IN
S0656,C041,ENROLLED_IN
S0798,C041,ENROLLED_IN
S0326,C041,ENROLLED_IN
S0122,C041,ENROLLED_IN
S0229,C041,ENROLLED_IN
S0685,C041,ENROLLED_IN
S0247,C041,ENROLLED_IN
S0194,C041,ENROLLED_IN
S0187,C041,ENROLLED_IN
S0473,C041,ENROLLED_IN
S0619,C041,ENROLLED_IN
S0912,C041,ENROLLED_IN
S0104,C041,ENROLLED_IN
S0248,C041,ENROLLED_IN
S0937,C041,ENROLLED_IN
S0623,C041,ENROLLED_IN
S0132,C041,ENROLLED_IN
S0899,C041,ENROLLED_IN
S0958,C041,ENROLLED_IN
S0678,C041,ENROLLED_IN
S0807,C041,ENROLLED_IN
S0309,C041,ENROLLED_IN
S0523,C041,ENROLLED_IN
S0461,C041,ENROLLED_IN
S0003,C041,ENROLLED_IN
S0776,C041,ENROLLED_IN
S0069,C041,ENROLLED_IN
S0428,C041,ENROLLED_IN
S0074,C041,ENROLLED_IN
S0164,C041,ENROLLED_IN
S0830,C041,ENROLLED_IN
S0749,C041,ENROLLED_IN
S0136,C041,ENROLLED_IN
S0262,C041,ENROLLED_IN
S0640,C041,ENROLLED_IN
S0997,C041,ENROLLED_IN
S0651,C041,ENROLLED_IN
S0851,C041,ENROLLED_IN
S0060,C041,ENROLLED_IN
S0070,C041,ENROLLED_IN
S0116,C041,ENROLLED_IN
S0021,C041,ENROLLED_IN
S0761,C041,ENROLLED_IN
S0480,C041,ENROLLED_IN
S0331,C041,ENROLLED_IN
S0140,C041,ENROLLED_IN
S0181,C041,ENROLLED_IN
S0970,C042,ENROLLED_IN
S0995,C042,ENROLLED_IN
S0724,C042,ENROLLED_IN
S0974,C042,ENROLLED_IN
S0484,C042,ENROLLED_IN
S0231,C042,ENROLLED_IN
S0813,C042,ENROLLED_IN
S0121,C042,ENROLLED_IN
S0909,C042,ENROLLED_IN
S0443,C042,ENROLLED_IN
S0850,C042,ENROLLED_IN
S0007,C042,ENROLLED_IN
S0929,C042,ENROLLED_IN
S0560,C042,ENROLLED_IN
S0715,C042,ENROLLED_IN
S0703,C042,ENROLLED_IN
S0652,C042,ENROLLED_IN
S0705,C042,ENROLLED_IN
S0835,C042,ENROLLED_IN
S0114,C042,ENROLLED_IN
S0747,C042,ENROLLED_IN
S0756,C042,ENROLLED_IN
S0167,C042,ENROLLED_IN
S1000,C042,ENROLLED_IN
S0905,C042,ENROLLED_IN
S0054,C043,ENROLLED_IN
S0115,C043,ENROLLED_IN
S0078,C043,ENROLLED_IN
S0673,C043,ENROLLED_IN
S0916,C043,ENROLLED_IN
S0924,C043,ENROLLED_IN
S0468,C043,ENROLLED_IN
S0021,C043,ENROLLED_IN
S0877,C043,ENROLLED_IN
S0804,C043,ENROLLED_IN
S0353,C043,ENROLLED_IN
S0591,C043,ENROLLED_IN
S0407,C043,ENROLLED_IN
S0744,C043,ENROLLED_IN
S0508,C043,ENROLLED_IN
S0941,C043,ENROLLED_IN
S0907,C043,ENROLLED_IN
S0339,C043,ENROLLED_IN
S0615,C043,ENROLLED_IN
S0200,C043,ENROLLED_IN
S0900,C043,ENROLLED_IN
S0833,C043,ENROLLED_IN
S0752,C043,ENROLLED_IN
S0549,C043,ENROLLED_IN
S0690,C043,ENROLLED_IN
S0215,C043,ENROLLED_IN
S0791,C043,ENROLLED_IN
S0665,C043,ENROLLED_IN
S0284,C043,ENROLLED_IN
S0073,C043,ENROLLED_IN
S0035,C043,ENROLLED_IN
S0034,C043,ENROLLED_IN
S0617,C043,ENROLLED_IN
S0718,C043,ENROLLED_IN
S0728,C043,ENROLLED_IN
S0435,C043,ENROLLED_IN
S0039,C043,ENROLLED_IN
S0476,C043,ENROLLED_IN
S0268,C043,ENROLLED_IN
S0174,C043,ENROLLED_IN
S0292,C043,ENROLLED_IN
S0601,C043,ENROLLED_IN
S0104,C043,ENROLLED_IN
S0077,C043,ENROLLED_IN
S0842,C043,ENROLLED_IN
S0814,C043,ENROLLED_IN
S0642,C043,ENROLLED_IN
S0141,C043,ENROLLED_IN
S0932,C043,ENROLLED_IN
S0977,C043,ENROLLED_IN
S0991,C043,ENROLLED_IN
S0848,C043,ENROLLED_IN
S0226,C043,ENROLLED_IN
S0662,C043,ENROLLED_IN
S0569,C043,ENROLLED_IN
S0899,C043,ENROLLED_IN
S0910,C043,ENROLLED_IN
S0310,C043,ENROLLED_IN
S0779,C043,ENROLLED_IN
S0383,C043,ENROLLED_IN
S0664,C043,ENROLLED_IN
S0209,C043,ENROLLED_IN
S0456,C043,ENROLLED_IN
S0100,C043,ENROLLED_IN
S0044,C043,ENROLLED_IN
S0532,C043,ENROLLED_IN
S0464,C043,ENROLLED_IN
S0064,C043,ENROLLED_IN
S0163,C043,ENROLLED_IN
S0531,C043,ENROLLED_IN
S0449,C043,ENROLLED_IN
S0697,C044,ENROLLED_IN
S0546,C044,ENROLLED_IN
S0557,C044,ENROLLED_IN
S0305,C044,ENROLLED_IN
S0034,C044,ENROLLED_IN
S0520,C044,ENROLLED_IN
S0539,C044,ENROLLED_IN
S0503,C044,ENROLLED_IN
S0637,C044,ENROLLED_IN
S0338,C044,ENROLLED_IN
S0469,C044,ENROLLED_IN
S0992,C044,ENROLLED_IN
S0303,C044,ENROLLED_IN
S0454,C044,ENROLLED_IN
S0836,C044,ENROLLED_IN
S0057,C044,ENROLLED_IN
S0715,C044,ENROLLED_IN
S0147,C044,ENROLLED_IN
S0220,C044,ENROLLED_IN
S0626,C044,ENROLLED_IN
S0457,C044,ENROLLED_IN
S0470,C044,ENROLLED_IN
S0913,C044,ENROLLED_IN
S0475,C044,ENROLLED_IN
S0433,C044,ENROLLED_IN
S0175,C044,ENROLLED_IN
S0380,C044,ENROLLED_IN
S0690,C044,ENROLLED_IN
S0388,C044,ENROLLED_IN
S0271,C044,ENROLLED_IN
S0198,C044,ENROLLED_IN
S0350,C044,ENROLLED_IN
S0268,C044,ENROLLED_IN
S0316,C044,ENROLLED_IN
S0604,C044,ENROLLED_IN
S0877,C044,ENROLLED_IN
S0609,C044,ENROLLED_IN
S0584,C044,ENROLLED_IN
S0675,C044,ENROLLED_IN
S0165,C044,ENROLLED_IN
S0095,C044,ENROLLED_IN
S0307,C044,ENROLLED_IN
S0016,C044,ENROLLED_IN
S0075,C044,ENROLLED_IN
S0431,C044,ENROLLED_IN
S0974,C044,ENROLLED_IN
S0517,C044,ENROLLED_IN
S0583,C044,ENROLLED_IN
S0833,C044,ENROLLED_IN
S0712,C044,ENROLLED_IN
S0596,C044,ENROLLED_IN
S0248,C044,ENROLLED_IN
S0390,C044,ENROLLED_IN
S0623,C044,ENROLLED_IN
S0252,C044,ENROLLED_IN
S0871,C044,ENROLLED_IN
S0311,C044,ENROLLED_IN
S0158,C044,ENROLLED_IN
S0725,C044,ENROLLED_IN
S0730,C045,ENROLLED_IN
S0644,C045,ENROLLED_IN
S0994,C045,ENROLLED_IN
S0128,C045,ENROLLED_IN
S0403,C045,ENROLLED_IN
S0980,C045,ENROLLED_IN
S0465,C045,ENROLLED_IN
S0829,C045,ENROLLED_IN
S0592,C045,ENROLLED_IN
S0892,C045,ENROLLED_IN
S0903,C045,ENROLLED_IN
S0884,C045,ENROLLED_IN
S0874,C045,ENROLLED_IN
S0694,C045,ENROLLED_IN
S0916,C045,ENROLLED_IN
S0151,C045,ENROLLED_IN
S0277,C045,ENROLLED_IN
S0568,C045,ENROLLED_IN
S0469,C045,ENROLLED_IN
S0296,C045,ENROLLED_IN
S0709,C045,ENROLLED_IN
S0041,C045,ENROLLED_IN
S0345,C045,ENROLLED_IN
S0054,C045,ENROLLED_IN
S0612,C045,ENROLLED_IN
S0924,C045,ENROLLED_IN
S0969,C045,ENROLLED_IN
S0670,C045,ENROLLED_IN
S0267,C045,ENROLLED_IN
S0586,C045,ENROLLED_IN
S0221,C045,ENROLLED_IN
S0974,C045,ENROLLED_IN
S0621,C045,ENROLLED_IN
S0125,C045,ENROLLED_IN
S0996,C045,ENROLLED_IN
S0435,C045,ENROLLED_IN
S0508,C045,ENROLLED_IN
S0020,C045,ENROLLED_IN
S0250,C045,ENROLLED_IN
S0660,C045,ENROLLED_IN
S0626,C045,ENROLLED_IN
S0880,C045,ENROLLED_IN
S0454,C045,ENROLLED_IN
S0666,C045,ENROLLED_IN
S0698,C045,ENROLLED_IN
S0870,C045,ENROLLED_IN
S0303,C045,ENROLLED_IN
S0828,C045,ENROLLED_IN
S0024,C045,ENROLLED_IN
S0837,C045,ENROLLED_IN
S0718,C045,ENROLLED_IN
S0481,C045,ENROLLED_IN
S0895,C045,ENROLLED_IN
S0272,C045,ENROLLED_IN
S0528,C045,ENROLLED_IN
S0341,C045,ENROLLED_IN
S0015,C045,ENROLLED_IN
S0008,C045,ENROLLED_IN
S0222,C045,ENROLLED_IN
S0029,C045,ENROLLED_IN
S0572,C045,ENROLLED_IN
S0637,C045,ENROLLED_IN
S0047,C045,ENROLLED_IN
S0899,C045,ENROLLED_IN
S0780,C045,ENROLLED_IN
S0967,C045,ENROLLED_IN
S0715,C045,ENROLLED_IN
S0347,C045,ENROLLED_IN
S0540,C045,ENROLLED_IN
S0881,C045,ENROLLED_IN
S0336,C046,ENROLLED_IN
S0999,C046,ENROLLED_IN
S0401,C046,ENROLLED_IN
S0444,C046,ENROLLED_IN
S0632,C046,ENROLLED_IN
S0605,C046,ENROLLED_IN
S0246,C046,ENROLLED_IN
S0901,C046,ENROLLED_IN
S0687,C046,ENROLLED_IN
S0154,C046,ENROLLED_IN
S0647,C046,ENROLLED_IN
S0573,C046,ENROLLED_IN
S0095,C046,ENROLLED_IN
S0550,C046,ENROLLED_IN
S0327,C046,ENROLLED_IN
S0710,C046,ENROLLED_IN
S0132,C046,ENROLLED_IN
S0096,C046,ENROLLED_IN
S0313,C046,ENROLLED_IN
S0699,C046,ENROLLED_IN
S0173,C046,ENROLLED_IN
S0138,C046,ENROLLED_IN
S0028,C046,ENROLLED_IN
S0234,C046,ENROLLED_IN
S0282,C046,ENROLLED_IN
S0323,C046,ENROLLED_IN
S0123,C046,ENROLLED_IN
S0353,C047,ENROLLED_IN
S0513,C047,ENROLLED_IN
S0056,C047,ENROLLED_IN
S0554,C047,ENROLLED_IN
S0712,C047,ENROLLED_IN
S0354,C047,ENROLLED_IN
S0281,C047,ENROLLED_IN
S0416,C047,ENROLLED_IN
S0684,C047,ENROLLED_IN
S0982,C047,ENROLLED_IN
S0889,C047,ENROLLED_IN
S0656,C047,ENROLLED_IN
S0473,C047,ENROLLED_IN
S0805,C047,ENROLLED_IN
S0884,C047,ENROLLED_IN
S0933,C047,ENROLLED_IN
S0339,C047,ENROLLED_IN
S0887,C047,ENROLLED_IN
S0617,C047,ENROLLED_IN
S0613,C047,ENROLLED_IN
S0914,C047,ENROLLED_IN
S0372,C047,ENROLLED_IN
S0241,C047,ENROLLED_IN
S0061,C047,ENROLLED_IN
S0015,C047,ENROLLED_IN
S0253,C047,ENROLLED_IN
S0765,C047,ENROLLED_IN
S0225,C048,ENROLLED_IN
S0555,C048,ENROLLED_IN
S0812,C048,ENROLLED_IN
S0883,C048,ENROLLED_IN
S0006,C048,ENROLLED_IN
S0112,C048,ENROLLED_IN
S0567,C048,ENROLLED_IN
S0756,C048,ENROLLED_IN
S0055,C048,ENROLLED_IN
S0775,C048,ENROLLED_IN
S0103,C048,ENROLLED_IN
S0295,C048,ENROLLED_IN
S0909,C048,ENROLLED_IN
S0008,C048,ENROLLED_IN
S0676,C048,ENROLLED_IN
S0193,C048,ENROLLED_IN
S0881,C048,ENROLLED_IN
S0479,C048,ENROLLED_IN
S0835,C048,ENROLLED_IN
S0355,C048,ENROLLED_IN
S0198,C048,ENROLLED_IN
S0974,C048,ENROLLED_IN
S0092,C048,ENROLLED_IN
S0640,C048,ENROLLED_IN
S0672,C048,ENROLLED_IN
S0600,C048,ENROLLED_IN
S0547,C048,ENROLLED_IN
S0836,C048,ENROLLED_IN
S0387,C048,ENROLLED_IN
S0777,C048,ENROLLED_IN
S0252,C048,ENROLLED_IN
S0459,C048,ENROLLED_IN
S0182,C048,ENROLLED_IN
S0111,C048,ENROLLED_IN
S0722,C048,ENROLLED_IN
S0758,C048,ENROLLED_IN
S0972,C048,ENROLLED_IN
S0840,C048,ENROLLED_IN
S0571,C048,ENROLLED_IN
S0660,C049,ENROLLED_IN
S0158,C049,ENROLLED_IN
S0072,C049,ENROLLED_IN
S0792,C049,ENROLLED_IN
S0366,C049,ENROLLED_IN
S0820,C049,ENROLLED_IN
S0016,C049,ENROLLED_IN
S0245,C049,ENROLLED_IN
S0691,C049,ENROLLED_IN
S0653,C049,ENROLLED_IN
S0537,C049,ENROLLED_IN
S0404,C049,ENROLLED_IN
S0361,C049,ENROLLED_IN
S0397,C049,ENROLLED_IN
S0151,C049,ENROLLED_IN
S0680,C049,ENROLLED_IN
S0348,C049,ENROLLED_IN
S0442,C049,ENROLLED_IN
S0799,C049,ENROLLED_IN
S0718,C049,ENROLLED_IN
S0706,C049,ENROLLED_IN
S0858,C049,ENROLLED_IN
S0472,C049,ENROLLED_IN
S0392,C049,ENROLLED_IN
S0997,C049,ENROLLED_IN
S0901,C049,ENROLLED_IN
S0730,C049,ENROLLED_IN
S0372,C049,ENROLLED_IN
S0399,C049,ENROLLED_IN
S0546,C049,ENROLLED_IN
S0734,C049,ENROLLED_IN
S0031,C049,ENROLLED_IN
S0623,C049,ENROLLED_IN
S0165,C049,ENROLLED_IN
S0148,C049,ENROLLED_IN
S0753,C049,ENROLLED_IN
S0101,C049,ENROLLED_IN
S0377,C049,ENROLLED_IN
S0380,C049,ENROLLED_IN
S0351,C049,ENROLLED_IN
S0080,C049,ENROLLED_IN
S0473,C049,ENROLLED_IN
S0240,C049,ENROLLED_IN
S0887,C049,ENROLLED_IN
S0960,C049,ENROLLED_IN
S0594,C049,ENROLLED_IN
S0520,C049,ENROLLED_IN
S0038,C049,ENROLLED_IN
S0749,C049,ENROLLED_IN
S0209,C049,ENROLLED_IN
S0629,C049,ENROLLED_IN
S0210,C049,ENROLLED_IN
S0807,C049,ENROLLED_IN
S0326,C049,ENROLLED_IN
S0253,C049,ENROLLED_IN
S0463,C049,ENROLLED_IN
S0603,C049,ENROLLED_IN
S0174,C049,ENROLLED_IN
S0895,C049,ENROLLED_IN
S0063,C049,ENROLLED_IN
S0067,C049,ENROLLED_IN
S0263,C049,ENROLLED_IN
S0853,C049,ENROLLED_IN
S0369,C049,ENROLLED_IN
S0019,C049,ENROLLED_IN
S0811,C049,ENROLLED_IN
S0920,C049,ENROLLED_IN
S0207,C049,ENROLLED_IN
S0385,C049,ENROLLED_IN
S0371,C049,ENROLLED_IN
S0924,C049,ENROLLED_IN
S0785,C049,ENROLLED_IN
S0081,C049,ENROLLED_IN
S0401,C049,ENROLLED_IN
S0419,C049,ENROLLED_IN
S0555,C050,ENROLLED_IN
S0352,C050,ENROLLED_IN
S0798,C050,ENROLLED_IN
S0088,C050,ENROLLED_IN
S0113,C050,ENROLLED_IN
S0157,C050,ENROLLED_IN
S0364,C050,ENROLLED_IN
S0988,C050,ENROLLED_IN
S0685,C050,ENROLLED_IN
S0995,C050,ENROLLED_IN
S0337,C050,ENROLLED_IN
S0733,C050,ENROLLED_IN
S0831,C050,ENROLLED_IN
S0942,C050,ENROLLED_IN
S0547,C050,ENROLLED_IN
S0525,C050,ENROLLED_IN
S0371,C050,ENROLLED_IN
S0235,C050,ENROLLED_IN
S0083,C050,ENROLLED_IN
S0096,C050,ENROLLED_IN
S0636,C050,ENROLLED_IN
S0174,C050,ENROLLED_IN
S0319,C050,ENROLLED_IN
S0184,C050,ENROLLED_IN
S0073,C050,ENROLLED_IN
S0828,C050,ENROLLED_IN
S0212,C050,ENROLLED_IN
S0822,C050,ENROLLED_IN
S0070,C050,ENROLLED_IN
S0117,C050,ENROLLED_IN
S0129,C050,ENROLLED_IN
S0323,C050,ENROLLED_IN
S0901,C050,ENROLLED_IN
S0151,C050,ENROLLED_IN
S0844,C050,ENROLLED_IN
S0375,C051,ENROLLED_IN
S0814,C051,ENROLLED_IN
S0996,C051,ENROLLED_IN
S0547,C051,ENROLLED_IN
S0573,C051,ENROLLED_IN
S0203,C051,ENROLLED_IN
S0577,C051,ENROLLED_IN
S0389,C051,ENROLLED_IN
S0756,C051,ENROLLED_IN
S0436,C051,ENROLLED_IN
S0024,C051,ENROLLED_IN
S0280,C051,ENROLLED_IN
S0077,C051,ENROLLED_IN
S0824,C051,ENROLLED_IN
S0731,C051,ENROLLED_IN
S0590,C051,ENROLLED_IN
S0604,C051,ENROLLED_IN
S0276,C051,ENROLLED_IN
S0988,C051,ENROLLED_IN
S0038,C051,ENROLLED_IN
S0465,C051,ENROLLED_IN
S0683,C051,ENROLLED_IN
S0416,C051,ENROLLED_IN
S0481,C051,ENROLLED_IN
S0150,C051,ENROLLED_IN
S0184,C052,ENROLLED_IN
S0886,C052,ENROLLED_IN
S0506,C052,ENROLLED_IN
S0870,C052,ENROLLED_IN
S0398,C052,ENROLLED_IN
S0747,C052,ENROLLED_IN
S0597,C052,ENROLLED_IN
S0106,C052,ENROLLED_IN
S0762,C052,ENROLLED_IN
S0401,C052,ENROLLED_IN
S0926,C052,ENROLLED_IN
S0966,C052,ENROLLED_IN
S0115,C052,ENROLLED_IN
S0166,C052,ENROLLED_IN
S0284,C052,ENROLLED_IN
S0714,C052,ENROLLED_IN
S0996,C052,ENROLLED_IN
S0588,C052,ENROLLED_IN
S0461,C052,ENROLLED_IN
S0830,C052,ENROLLED_IN
S0405,C052,ENROLLED_IN
S0652,C052,ENROLLED_IN
S0961,C052,ENROLLED_IN
S0520,C052,ENROLLED_IN
S0077,C052,ENROLLED_IN
S0564,C052,ENROLLED_IN
S0979,C052,ENROLLED_IN
S0792,C052,ENROLLED_IN
S0200,C052,ENROLLED_IN
S0915,C052,ENROLLED_IN
S0941,C052,ENROLLED_IN
S0351,C052,ENROLLED_IN
S0438,C052,ENROLLED_IN
S0826,C052,ENROLLED_IN
S0811,C052,ENROLLED_IN
S0038,C052,ENROLLED_IN
S0072,C052,ENROLLED_IN
S0392,C052,ENROLLED_IN
S0701,C052,ENROLLED_IN
S0427,C052,ENROLLED_IN
S0336,C052,ENROLLED_IN
S0172,C052,ENROLLED_IN
S0239,C052,ENROLLED_IN
S0656,C052,ENROLLED_IN
S0995,C052,ENROLLED_IN
S0525,C053,ENROLLED_IN
S0474,C053,ENROLLED_IN
S0536,C053,ENROLLED_IN
S0569,C053,ENROLLED_IN
S0583,C053,ENROLLED_IN
S0333,C053,ENROLLED_IN
S0683,C053,ENROLLED_IN
S0404,C053,ENROLLED_IN
S0510,C053,ENROLLED_IN
S0319,C053,ENROLLED_IN
S0266,C053,ENROLLED_IN
S0719,C053,ENROLLED_IN
S0530,C053,ENROLLED_IN
S0858,C053,ENROLLED_IN
S0134,C053,ENROLLED_IN
S0150,C053,ENROLLED_IN
S0077,C053,ENROLLED_IN
S0748,C053,ENROLLED_IN
S0550,C053,ENROLLED_IN
S0746,C053,ENROLLED_IN
S0716,C053,ENROLLED_IN
S0529,C053,ENROLLED_IN
S0752,C053,ENROLLED_IN
S0438,C053,ENROLLED_IN
S0255,C053,ENROLLED_IN
S0047,C053,ENROLLED_IN
S0929,C053,ENROLLED_IN
S0896,C053,ENROLLED_IN
S0084,C053,ENROLLED_IN
S0462,C053,ENROLLED_IN
S0946,C053,ENROLLED_IN
S0187,C053,ENROLLED_IN
S0775,C053,ENROLLED_IN
S0472,C053,ENROLLED_IN
S0023,C053,ENROLLED_IN
S0471,C053,ENROLLED_IN
S0088,C053,ENROLLED_IN
S0519,C053,ENROLLED_IN
S0094,C053,ENROLLED_IN
S0242,C053,ENROLLED_IN
S0377,C053,ENROLLED_IN
S0072,C053,ENROLLED_IN
S0340,C053,ENROLLED_IN
S0390,C053,ENROLLED_IN
S0962,C053,ENROLLED_IN
S0807,C053,ENROLLED_IN
S0777,C053,ENROLLED_IN
S0050,C053,ENROLLED_IN
S0265,C053,ENROLLED_IN
S0371,C053,ENROLLED_IN
S0821,C053,ENROLLED_IN
S0848,C053,ENROLLED_IN
S0099,C053,ENROLLED_IN
S0667,C053,ENROLLED_IN
S0846,C053,ENROLLED_IN
S0590,C053,ENROLLED_IN
S0301,C054,ENROLLED_IN
S0785,C054,ENROLLED_IN
S0128,C054,ENROLLED_IN
S0940,C054,ENROLLED_IN
S0962,C054,ENROLLED_IN
S0795,C054,ENROLLED_IN
S0800,C054,ENROLLED_IN
S0420,C054,ENROLLED_IN
S0284,C054,ENROLLED_IN
S0022,C054,ENROLLED_IN
S0475,C054,ENROLLED_IN
S0168,C054,ENROLLED_IN
S0518,C054,ENROLLED_IN
S0568,C054,ENROLLED_IN
S0731,C054,ENROLLED_IN
S0325,C054,ENROLLED_IN
S0878,C054,ENROLLED_IN
S0732,C054,ENROLLED_IN
S0336,C054,ENROLLED_IN
S0708,C054,ENROLLED_IN
S0050,C054,ENROLLED_IN
S0223,C054,ENROLLED_IN
S0961,C054,ENROLLED_IN
S0374,C054,ENROLLED_IN
S0819,C054,ENROLLED_IN
S0195,C054,ENROLLED_IN
S0251,C054,ENROLLED_IN
S0454,C055,ENROLLED_IN
S0762,C055,ENROLLED_IN
S0706,C055,ENROLLED_IN
S0083,C055,ENROLLED_IN
S0714,C055,ENROLLED_IN
S0726,C055,ENROLLED_IN
S0493,C055,ENROLLED_IN
S0276,C055,ENROLLED_IN
S0817,C055,ENROLLED_IN
S0847,C055,ENROLLED_IN
S0864,C055,ENROLLED_IN
S0443,C055,ENROLLED_IN
S0911,C055,ENROLLED_IN
S0190,C055,ENROLLED_IN
S0708,C055,ENROLLED_IN
S0982,C055,ENROLLED_IN
S0712,C055,ENROLLED_IN
S0074,C055,ENROLLED_IN
S0771,C055,ENROLLED_IN
S0705,C055,ENROLLED_IN
S0544,C055,ENROLLED_IN
S0251,C055,ENROLLED_IN
S0966,C055,ENROLLED_IN
S0781,C055,ENROLLED_IN
S0658,C055,ENROLLED_IN
S0577,C055,ENROLLED_IN
S0673,C055,ENROLLED_IN
S0822,C055,ENROLLED_IN
S0941,C055,ENROLLED_IN
S0806,C055,ENROLLED_IN
S0356,C055,ENROLLED_IN
S0241,C055,ENROLLED_IN
S0697,C055,ENROLLED_IN
S0910,C055,ENROLLED_IN
S0336,C055,ENROLLED_IN
S0998,C055,ENROLLED_IN
S0581,C055,ENROLLED_IN
S0466,C055,ENROLLED_IN
S0525,C055,ENROLLED_IN
S0433,C055,ENROLLED_IN
S0388,C055,ENROLLED_IN
S0530,C055,ENROLLED_IN
S0291,C055,ENROLLED_IN
S0324,C055,ENROLLED_IN
S0994,C055,ENROLLED_IN
S0645,C055,ENROLLED_IN
S0355,C055,ENROLLED_IN
S0755,C055,ENROLLED_IN
S0381,C055,ENROLLED_IN
S0568,C055,ENROLLED_IN
S0527,C055,ENROLLED_IN
S0231,C055,ENROLLED_IN
S0223,C055,ENROLLED_IN
S0492,C055,ENROLLED_IN
S0138,C055,ENROLLED_IN
S0076,C055,ENROLLED_IN
S0366,C055,ENROLLED_IN
S0644,C055,ENROLLED_IN
S0113,C055,ENROLLED_IN
S0010,C055,ENROLLED_IN
S0175,C055,ENROLLED_IN
S0334,C055,ENROLLED_IN
S0952,C055,ENROLLED_IN
S0100,C055,ENROLLED_IN
S0589,C055,ENROLLED_IN
S0553,C055,ENROLLED_IN
S0996,C055,ENROLLED_IN
S0195,C055,ENROLLED_IN
S0694,C055,ENROLLED_IN
S0500,C055,ENROLLED_IN
S0192,C055,ENROLLED_IN
S0883,C055,ENROLLED_IN
S0078,C055,ENROLLED_IN
S0135,C055,ENROLLED_IN
S0208,C055,ENROLLED_IN
S0352,C055,ENROLLED_IN
S0855,C055,ENROLLED_IN
S0256,C055,ENROLLED_IN
S0136,C055,ENROLLED_IN
S0261,C055,ENROLLED_IN
S0620,C055,ENROLLED_IN
S0335,C055,ENROLLED_IN
S0277,C055,ENROLLED_IN
S0828,C055,ENROLLED_IN
S0435,C055,ENROLLED_IN
S0763,C055,ENROLLED_IN
S0768,C055,ENROLLED_IN
S0513,C055,ENROLLED_IN
S0181,C055,ENROLLED_IN
S0225,C055,ENROLLED_IN
S0523,C055,ENROLLED_IN
S0363,C055,ENROLLED_IN
S0890,C055,ENROLLED_IN
S0180,C055,ENROLLED_IN
S0812,C055,ENROLLED_IN
S0242,C055,ENROLLED_IN
S0712,C056,ENROLLED_IN
S0344,C056,ENROLLED_IN
S0858,C056,ENROLLED_IN
S0396,C056,ENROLLED_IN
S0592,C056,ENROLLED_IN
S0027,C056,ENROLLED_IN
S0800,C056,ENROLLED_IN
S0594,C056,ENROLLED_IN
S0729,C056,ENROLLED_IN
S0678,C056,ENROLLED_IN
S0640,C056,ENROLLED_IN
S0801,C056,ENROLLED_IN
S0078,C056,ENROLLED_IN
S0911,C056,ENROLLED_IN
S0432,C056,ENROLLED_IN
S0749,C056,ENROLLED_IN
S0206,C056,ENROLLED_IN
S0958,C056,ENROLLED_IN
S0928,C056,ENROLLED_IN
S0487,C056,ENROLLED_IN
S0764,C056,ENROLLED_IN
S0428,C056,ENROLLED_IN
S0976,C056,ENROLLED_IN
S0220,C056,ENROLLED_IN
S0327,C056,ENROLLED_IN
S0194,C056,ENROLLED_IN
S0047,C056,ENROLLED_IN
S0153,C056,ENROLLED_IN
S0446,C056,ENROLLED_IN
S0060,C056,ENROLLED_IN
S0161,C056,ENROLLED_IN
S0701,C056,ENROLLED_IN
S0308,C056,ENROLLED_IN
S0525,C056,ENROLLED_IN
S0582,C056,ENROLLED_IN
S0706,C056,ENROLLED_IN
S0385,C056,ENROLLED_IN
S0900,C056,ENROLLED_IN
S0723,C056,ENROLLED_IN
S0467,C056,ENROLLED_IN
S0085,C056,ENROLLED_IN
S0048,C056,ENROLLED_IN
S0035,C056,ENROLLED_IN
S0844,C056,ENROLLED_IN
S0967,C056,ENROLLED_IN
S0727,C056,ENROLLED_IN
S0535,C056,ENROLLED_IN
S0411,C056,ENROLLED_IN
S0413,C056,ENROLLED_IN
S0985,C056,ENROLLED_IN
S0984,C056,ENROLLED_IN
S0813,C056,ENROLLED_IN
S0607,C056,ENROLLED_IN
S0025,C056,ENROLLED_IN
S0318,C056,ENROLLED_IN
S0523,C056,ENROLLED_IN
S0170,C056,ENROLLED_IN
S0148,C056,ENROLLED_IN
S0646,C056,ENROLLED_IN
S0974,C056,ENROLLED_IN
S0264,C056,ENROLLED_IN
S0435,C056,ENROLLED_IN
S0301,C056,ENROLLED_IN
S0764,C057,ENROLLED_IN
S0855,C057,ENROLLED_IN
S0095,C057,ENROLLED_IN
S0831,C057,ENROLLED_IN
S0844,C057,ENROLLED_IN
S0157,C057,ENROLLED_IN
S0950,C057,ENROLLED_IN
S0756,C057,ENROLLED_IN
S0269,C057,ENROLLED_IN
S0109,C057,ENROLLED_IN
S0548,C057,ENROLLED_IN
S0467,C057,ENROLLED_IN
S0188,C057,ENROLLED_IN
S0483,C057,ENROLLED_IN
S0507,C057,ENROLLED_IN
S0614,C057,ENROLLED_IN
S0766,C057,ENROLLED_IN
S0204,C057,ENROLLED_IN
S0395,C057,ENROLLED_IN
S0809,C057,ENROLLED_IN
S0827,C057,ENROLLED_IN
S0350,C057,ENROLLED_IN
S0686,C057,ENROLLED_IN
S0255,C057,ENROLLED_IN
S0366,C057,ENROLLED_IN
S0879,C057,ENROLLED_IN
S0486,C057,ENROLLED_IN
S0814,C057,ENROLLED_IN
S0047,C057,ENROLLED_IN
S0853,C057,ENROLLED_IN
S0941,C057,ENROLLED_IN
S0675,C057,ENROLLED_IN
S0211,C057,ENROLLED_IN
S0945,C057,ENROLLED_IN
S0455,C057,ENROLLED_IN
S0170,C057,ENROLLED_IN
S0594,C057,ENROLLED_IN
S0634,C057,ENROLLED_IN
S0869,C057,ENROLLED_IN
S0824,C057,ENROLLED_IN
S0845,C057,ENROLLED_IN
S0550,C057,ENROLLED_IN
S0289,C057,ENROLLED_IN
S0900,C057,ENROLLED_IN
S0178,C057,ENROLLED_IN
S0960,C057,ENROLLED_IN
S0454,C057,ENROLLED_IN
S0288,C057,ENROLLED_IN
S0643,C057,ENROLLED_IN
S0243,C057,ENROLLED_IN
S0253,C057,ENROLLED_IN
S0579,C057,ENROLLED_IN
S0492,C057,ENROLLED_IN
S0932,C057,ENROLLED_IN
S0716,C057,ENROLLED_IN
S0147,C057,ENROLLED_IN
S0222,C057,ENROLLED_IN
S0738,C057,ENROLLED_IN
S0266,C057,ENROLLED_IN
S0967,C057,ENROLLED_IN
S0003,C057,ENROLLED_IN
S0461,C057,ENROLLED_IN
S0544,C057,ENROLLED_IN
S0124,C057,ENROLLED_IN
S0735,C057,ENROLLED_IN
S0199,C057,ENROLLED_IN
S0305,C057,ENROLLED_IN
S0408,C057,ENROLLED_IN
S0397,C057,ENROLLED_IN
S0835,C057,ENROLLED_IN
S0687,C057,ENROLLED_IN
S0644,C057,ENROLLED_IN
S0148,C057,ENROLLED_IN
S0402,C057,ENROLLED_IN
S0112,C057,ENROLLED_IN
S0543,C057,ENROLLED_IN
S0411,C057,ENROLLED_IN
S0526,C057,ENROLLED_IN
S0130,C057,ENROLLED_IN
S0581,C057,ENROLLED_IN
S0139,C057,ENROLLED_IN
S0905,C058,ENROLLED_IN
S0202,C058,ENROLLED_IN
S0157,C058,ENROLLED_IN
S0576,C058,ENROLLED_IN
S0266,C058,ENROLLED_IN
S0203,C058,ENROLLED_IN
S0089,C058,ENROLLED_IN
S0845,C058,ENROLLED_IN
S0811,C058,ENROLLED_IN
S0948,C058,ENROLLED_IN
S0367,C058,ENROLLED_IN
S0987,C058,ENROLLED_IN
S0237,C058,ENROLLED_IN
S0406,C058,ENROLLED_IN
S0953,C058,ENROLLED_IN
S0120,C058,ENROLLED_IN
S0694,C058,ENROLLED_IN
S0695,C058,ENROLLED_IN
S0524,C058,ENROLLED_IN
S0300,C058,ENROLLED_IN
S0944,C058,ENROLLED_IN
S0728,C058,ENROLLED_IN
S0149,C058,ENROLLED_IN
S0582,C058,ENROLLED_IN
S0446,C058,ENROLLED_IN
S0668,C058,ENROLLED_IN
S0021,C058,ENROLLED_IN
S0721,C058,ENROLLED_IN
S0061,C058,ENROLLED_IN
S0499,C058,ENROLLED_IN
S0989,C058,ENROLLED_IN
S0533,C058,ENROLLED_IN
S0231,C058,ENROLLED_IN
S0497,C058,ENROLLED_IN
S0859,C058,ENROLLED_IN
S0849,C058,ENROLLED_IN
S0592,C058,ENROLLED_IN
S0014,C058,ENROLLED_IN
S0074,C058,ENROLLED_IN
S0715,C058,ENROLLED_IN
S0244,C058,ENROLLED_IN
S0663,C058,ENROLLED_IN
S0764,C058,ENROLLED_IN
S0498,C058,ENROLLED_IN
S0325,C058,ENROLLED_IN
S0162,C058,ENROLLED_IN
S0978,C058,ENROLLED_IN
S0176,C058,ENROLLED_IN
S0647,C058,ENROLLED_IN
S0378,C058,ENROLLED_IN
S0991,C058,ENROLLED_IN
S0127,C058,ENROLLED_IN
S0816,C058,ENROLLED_IN
S0458,C058,ENROLLED_IN
S0414,C058,ENROLLED_IN
S0976,C058,ENROLLED_IN
S0363,C058,ENROLLED_IN
S0137,C058,ENROLLED_IN
S0704,C058,ENROLLED_IN
S0333,C058,ENROLLED_IN
S0001,C058,ENROLLED_IN
S0489,C058,ENROLLED_IN
S0917,C058,ENROLLED_IN
S0069,C058,ENROLLED_IN
S0977,C058,ENROLLED_IN
S0274,C058,ENROLLED_IN
S0379,C058,ENROLLED_IN
S0086,C058,ENROLLED_IN
S0252,C058,ENROLLED_IN
S0121,C058,ENROLLED_IN
S0119,C058,ENROLLED_IN
S0343,C058,ENROLLED_IN
S0523,C058,ENROLLED_IN
S0565,C058,ENROLLED_IN
S0109,C058,ENROLLED_IN
S0538,C058,ENROLLED_IN
S0543,C058,ENROLLED_IN
S0423,C058,ENROLLED_IN
S0966,C058,ENROLLED_IN
S0487,C058,ENROLLED_IN
S0264,C058,ENROLLED_IN
S0878,C058,ENROLLED_IN
S0411,C058,ENROLLED_IN
S0664,C058,ENROLLED_IN
S0717,C058,ENROLLED_IN
S0657,C058,ENROLLED_IN
S0566,C058,ENROLLED_IN
S0799,C058,ENROLLED_IN
S0356,C058,ENROLLED_IN
S0818,C058,ENROLLED_IN
S0613,C059,ENROLLED_IN
S0704,C059,ENROLLED_IN
S0122,C059,ENROLLED_IN
S0943,C059,ENROLLED_IN
S0208,C059,ENROLLED_IN
S0394,C059,ENROLLED_IN
S0379,C059,ENROLLED_IN
S0845,C059,ENROLLED_IN
S0257,C059,ENROLLED_IN
S0211,C059,ENROLLED_IN
S0701,C059,ENROLLED_IN
S0009,C059,ENROLLED_IN
S0939,C059,ENROLLED_IN
S0129,C059,ENROLLED_IN
S0057,C059,ENROLLED_IN
S0679,C059,ENROLLED_IN
S0760,C059,ENROLLED_IN
S0484,C059,ENROLLED_IN
S0458,C059,ENROLLED_IN
S0674,C059,ENROLLED_IN
S0292,C059,ENROLLED_IN
S0577,C059,ENROLLED_IN
S0414,C059,ENROLLED_IN
S0524,C059,ENROLLED_IN
S0725,C059,ENROLLED_IN
S0127,C059,ENROLLED_IN
S0591,C059,ENROLLED_IN
S0132,C059,ENROLLED_IN
S0512,C059,ENROLLED_IN
S0437,C059,ENROLLED_IN
S0136,C059,ENROLLED_IN
S0769,C059,ENROLLED_IN
S0665,C059,ENROLLED_IN
S0090,C059,ENROLLED_IN
S0196,C059,ENROLLED_IN
S0566,C059,ENROLLED_IN
S0640,C059,ENROLLED_IN
S0160,C059,ENROLLED_IN
S0321,C059,ENROLLED_IN
S0474,C059,ENROLLED_IN
S0905,C059,ENROLLED_IN
S0544,C059,ENROLLED_IN
S0794,C059,ENROLLED_IN
S0952,C059,ENROLLED_IN
S0366,C059,ENROLLED_IN
S0081,C059,ENROLLED_IN
S0895,C059,ENROLLED_IN
S0089,C059,ENROLLED_IN
S0553,C059,ENROLLED_IN
S0890,C059,ENROLLED_IN
S0474,C060,ENROLLED_IN
S0579,C060,ENROLLED_IN
S0200,C060,ENROLLED_IN
S0882,C060,ENROLLED_IN
S0539,C060,ENROLLED_IN
S0657,C060,ENROLLED_IN
S0686,C060,ENROLLED_IN
S0595,C060,ENROLLED_IN
S0102,C060,ENROLLED_IN
S0972,C060,ENROLLED_IN
S0883,C060,ENROLLED_IN
S0975,C060,ENROLLED_IN
S0533,C060,ENROLLED_IN
S0045,C060,ENROLLED_IN
S0698,C060,ENROLLED_IN
S0599,C060,ENROLLED_IN
S0478,C060,ENROLLED_IN
S0711,C060,ENROLLED_IN
S0158,C060,ENROLLED_IN
S0615,C060,ENROLLED_IN
S0601,C060,ENROLLED_IN
S0855,C060,ENROLLED_IN
S0534,C060,ENROLLED_IN
S0373,C060,ENROLLED_IN
S0664,C060,ENROLLED_IN
S0361,C060,ENROLLED_IN
S0372,C060,ENROLLED_IN
S0396,C060,ENROLLED_IN
S0792,C060,ENROLLED_IN
S0201,C060,ENROLLED_IN
S0542,C060,ENROLLED_IN
S0111,C060,ENROLLED_IN
S0843,C060,ENROLLED_IN
S0757,C060,ENROLLED_IN
S0069,C060,ENROLLED_IN
S0203,C060,ENROLLED_IN
S0271,C060,ENROLLED_IN
S0871,C060,ENROLLED_IN
S0752,C060,ENROLLED_IN
S0561,C060,ENROLLED_IN
S0157,C060,ENROLLED_IN
S0635,C060,ENROLLED_IN
S0838,C060,ENROLLED_IN
S0574,C060,ENROLLED_IN
S0772,C060,ENROLLED_IN
S0820,C060,ENROLLED_IN
S0267,C060,ENROLLED_IN
S0363,C060,ENROLLED_IN
S0998,C060,ENROLLED_IN
S0349,C060,ENROLLED_IN
S0007,C060,ENROLLED_IN
S0191,C060,ENROLLED_IN
S0930,C060,ENROLLED_IN
S0505,C060,ENROLLED_IN
S0286,C060,ENROLLED_IN
S0988,C060,ENROLLED_IN
S0588,C060,ENROLLED_IN
S0987,C060,ENROLLED_IN
S0929,C060,ENROLLED_IN
S0498,C060,ENROLLED_IN
S0401,C060,ENROLLED_IN
S0206,C060,ENROLLED_IN
S0471,C060,ENROLLED_IN
S0636,C060,ENROLLED_IN
S0909,C060,ENROLLED_IN
S0470,C060,ENROLLED_IN
S0977,C060,ENROLLED_IN
S0037,C060,ENROLLED_IN
S0394,C060,ENROLLED_IN
S0218,C060,ENROLLED_IN
S0233,C060,ENROLLED_IN
S0460,C060,ENROLLED_IN
S0316,C060,ENROLLED_IN
S0196,C060,ENROLLED_IN
S0280,C060,ENROLLED_IN
S0354,C060,ENROLLED_IN
S0356,C060,ENROLLED_IN
S0020,C060,ENROLLED_IN
S0360,C060,ENROLLED_IN
S0053,C061,ENROLLED_IN
S0795,C061,ENROLLED_IN
S0307,C061,ENROLLED_IN
S0330,C061,ENROLLED_IN
S0913,C061,ENROLLED_IN
S0412,C061,ENROLLED_IN
S0581,C061,ENROLLED_IN
S0031,C061,ENROLLED_IN
S0189,C061,ENROLLED_IN
S0511,C061,ENROLLED_IN
S0693,C061,ENROLLED_IN
S0611,C061,ENROLLED_IN
S0487,C061,ENROLLED_IN
S0561,C061,ENROLLED_IN
S0972,C061,ENROLLED_IN
S0201,C061,ENROLLED_IN
S0432,C061,ENROLLED_IN
S0947,C061,ENROLLED_IN
S0638,C061,ENROLLED_IN
S0675,C061,ENROLLED_IN
S0496,C061,ENROLLED_IN
S0800,C061,ENROLLED_IN
S0114,C061,ENROLLED_IN
S0696,C061,ENROLLED_IN
S0763,C061,ENROLLED_IN
S0743,C061,ENROLLED_IN
S0922,C061,ENROLLED_IN
S0458,C061,ENROLLED_IN
S0536,C061,ENROLLED_IN
S0177,C061,ENROLLED_IN
S0930,C061,ENROLLED_IN
S0753,C061,ENROLLED_IN
S0340,C061,ENROLLED_IN
S0618,C061,ENROLLED_IN
S0153,C061,ENROLLED_IN
S0018,C061,ENROLLED_IN
S0600,C061,ENROLLED_IN
S0391,C061,ENROLLED_IN
S0794,C061,ENROLLED_IN
S0427,C061,ENROLLED_IN
S0726,C061,ENROLLED_IN
S0083,C061,ENROLLED_IN
S0609,C061,ENROLLED_IN
S0142,C061,ENROLLED_IN
S0043,C061,ENROLLED_IN
S0316,C061,ENROLLED_IN
S0381,C061,ENROLLED_IN
S0861,C061,ENROLLED_IN
S0288,C061,ENROLLED_IN
S0326,C061,ENROLLED_IN
S0226,C061,ENROLLED_IN
S0193,C061,ENROLLED_IN
S0983,C062,ENROLLED_IN
S0878,C062,ENROLLED_IN
S0790,C062,ENROLLED_IN
S0615,C062,ENROLLED_IN
S0253,C062,ENROLLED_IN
S0094,C062,ENROLLED_IN
S0991,C062,ENROLLED_IN
S0088,C062,ENROLLED_IN
S0597,C062,ENROLLED_IN
S0756,C062,ENROLLED_IN
S0458,C062,ENROLLED_IN
S0686,C062,ENROLLED_IN
S0390,C062,ENROLLED_IN
S0229,C062,ENROLLED_IN
S0503,C062,ENROLLED_IN
S0430,C062,ENROLLED_IN
S0626,C062,ENROLLED_IN
S0586,C062,ENROLLED_IN
S0608,C062,ENROLLED_IN
S0197,C062,ENROLLED_IN
S0104,C062,ENROLLED_IN
S0119,C062,ENROLLED_IN
S0681,C062,ENROLLED_IN
S0171,C062,ENROLLED_IN
S0569,C062,ENROLLED_IN
S0196,C062,ENROLLED_IN
S0200,C062,ENROLLED_IN
S0324,C062,ENROLLED_IN
S0886,C062,ENROLLED_IN
S0211,C062,ENROLLED_IN
S0935,C062,ENROLLED_IN
S0593,C062,ENROLLED_IN
S0489,C062,ENROLLED_IN
S0919,C062,ENROLLED_IN
S0281,C062,ENROLLED_IN
S0122,C062,ENROLLED_IN
S0355,C062,ENROLLED_IN
S0566,C062,ENROLLED_IN
S0074,C062,ENROLLED_IN
S0018,C062,ENROLLED_IN
S0130,C062,ENROLLED_IN
S0990,C062,ENROLLED_IN
S0966,C062,ENROLLED_IN
S0452,C062,ENROLLED_IN
S0387,C062,ENROLLED_IN
S0357,C062,ENROLLED_IN
S0271,C062,ENROLLED_IN
S0631,C062,ENROLLED_IN
S0168,C062,ENROLLED_IN
S0203,C062,ENROLLED_IN
S0581,C062,ENROLLED_IN
S0293,C062,ENROLLED_IN
S0866,C062,ENROLLED_IN
S0915,C062,ENROLLED_IN
S0814,C062,ENROLLED_IN
S0670,C062,ENROLLED_IN
S0570,C062,ENROLLED_IN
S0929,C062,ENROLLED_IN
S0994,C062,ENROLLED_IN
S0302,C062,ENROLLED_IN
S0158,C062,ENROLLED_IN
S0676,C062,ENROLLED_IN
S0713,C062,ENROLLED_IN
S0643,C062,ENROLLED_IN
S0034,C062,ENROLLED_IN
S0459,C062,ENROLLED_IN
S0138,C062,ENROLLED_IN
S0027,C062,ENROLLED_IN
S0339,C062,ENROLLED_IN
S0818,C062,ENROLLED_IN
S0832,C062,ENROLLED_IN
S0700,C062,ENROLLED_IN
S0984,C062,ENROLLED_IN
S0589,C062,ENROLLED_IN
S0453,C062,ENROLLED_IN
S0845,C062,ENROLLED_IN
S0699,C062,ENROLLED_IN
S0855,C062,ENROLLED_IN
S0742,C062,ENROLLED_IN
S0869,C062,ENROLLED_IN
S0463,C062,ENROLLED_IN
S0002,C063,ENROLLED_IN
S0511,C063,ENROLLED_IN
S0343,C063,ENROLLED_IN
S0348,C063,ENROLLED_IN
S0906,C063,ENROLLED_IN
S0727,C063,ENROLLED_IN
S0381,C063,ENROLLED_IN
S0905,C063,ENROLLED_IN
S0060,C063,ENROLLED_IN
S0373,C063,ENROLLED_IN
S0008,C063,ENROLLED_IN
S0085,C063,ENROLLED_IN
S0715,C063,ENROLLED_IN
S0157,C063,ENROLLED_IN
S0025,C063,ENROLLED_IN
S0202,C063,ENROLLED_IN
S0090,C063,ENROLLED_IN
S0026,C063,ENROLLED_IN
S0776,C063,ENROLLED_IN
S0507,C063,ENROLLED_IN
S0368,C063,ENROLLED_IN
S0433,C063,ENROLLED_IN
S0604,C063,ENROLLED_IN
S0595,C063,ENROLLED_IN
S0545,C063,ENROLLED_IN
S0590,C063,ENROLLED_IN
S0977,C063,ENROLLED_IN
S0763,C063,ENROLLED_IN
S0716,C063,ENROLLED_IN
S0927,C063,ENROLLED_IN
S0943,C063,ENROLLED_IN
S0464,C063,ENROLLED_IN
S0907,C063,ENROLLED_IN
S0010,C063,ENROLLED_IN
S0149,C063,ENROLLED_IN
S0338,C063,ENROLLED_IN
S0656,C063,ENROLLED_IN
S0467,C063,ENROLLED_IN
S0846,C063,ENROLLED_IN
S0987,C063,ENROLLED_IN
S0596,C063,ENROLLED_IN
S0487,C063,ENROLLED_IN
S0762,C063,ENROLLED_IN
S0429,C063,ENROLLED_IN
S0070,C063,ENROLLED_IN
S0391,C063,ENROLLED_IN
S0081,C063,ENROLLED_IN
S0536,C063,ENROLLED_IN
S0426,C063,ENROLLED_IN
S0213,C064,ENROLLED_IN
S0827,C064,ENROLLED_IN
S0879,C064,ENROLLED_IN
S0882,C064,ENROLLED_IN
S0856,C064,ENROLLED_IN
S0251,C064,ENROLLED_IN
S0543,C064,ENROLLED_IN
S0295,C064,ENROLLED_IN
S0100,C064,ENROLLED_IN
S0432,C064,ENROLLED_IN
S0510,C064,ENROLLED_IN
S0240,C064,ENROLLED_IN
S0234,C064,ENROLLED_IN
S0270,C064,ENROLLED_IN
S0038,C064,ENROLLED_IN
S0952,C064,ENROLLED_IN
S0488,C064,ENROLLED_IN
S0748,C064,ENROLLED_IN
S0259,C064,ENROLLED_IN
S0102,C064,ENROLLED_IN
S0456,C064,ENROLLED_IN
S0611,C064,ENROLLED_IN
S0117,C064,ENROLLED_IN
S0082,C064,ENROLLED_IN
S0668,C065,ENROLLED_IN
S0017,C065,ENROLLED_IN
S0914,C065,ENROLLED_IN
S0692,C065,ENROLLED_IN
S0676,C065,ENROLLED_IN
S0052,C065,ENROLLED_IN
S0708,C065,ENROLLED_IN
S0136,C065,ENROLLED_IN
S0277,C065,ENROLLED_IN
S0875,C065,ENROLLED_IN
S0604,C065,ENROLLED_IN
S0054,C065,ENROLLED_IN
S0190,C065,ENROLLED_IN
S0268,C065,ENROLLED_IN
S0825,C065,ENROLLED_IN
S0196,C065,ENROLLED_IN
S0351,C065,ENROLLED_IN
S0407,C065,ENROLLED_IN
S0943,C065,ENROLLED_IN
S0572,C065,ENROLLED_IN
S0936,C065,ENROLLED_IN
S0385,C065,ENROLLED_IN
S0159,C065,ENROLLED_IN
S0354,C065,ENROLLED_IN
S0310,C065,ENROLLED_IN
S0720,C065,ENROLLED_IN
S0107,C065,ENROLLED_IN
S0472,C065,ENROLLED_IN
S0848,C065,ENROLLED_IN
S0521,C065,ENROLLED_IN
S0712,C065,ENROLLED_IN
S0142,C065,ENROLLED_IN
S0773,C065,ENROLLED_IN
S0733,C065,ENROLLED_IN
S0715,C065,ENROLLED_IN
S0312,C065,ENROLLED_IN
S0533,C065,ENROLLED_IN
S0793,C065,ENROLLED_IN
S0818,C065,ENROLLED_IN
S0490,C065,ENROLLED_IN
S0599,C065,ENROLLED_IN
S0722,C065,ENROLLED_IN
S0157,C065,ENROLLED_IN
S0227,C065,ENROLLED_IN
S0966,C065,ENROLLED_IN
S0858,C065,ENROLLED_IN
S0474,C065,ENROLLED_IN
S0841,C065,ENROLLED_IN
S0214,C065,ENROLLED_IN
S0182,C065,ENROLLED_IN
S0336,C065,ENROLLED_IN
S0586,C065,ENROLLED_IN
S0153,C065,ENROLLED_IN
S0417,C065,ENROLLED_IN
S0768,C065,ENROLLED_IN
S0840,C065,ENROLLED_IN
S0034,C065,ENROLLED_IN
S0757,C065,ENROLLED_IN
S0292,C065,ENROLLED_IN
S0987,C065,ENROLLED_IN
S0060,C065,ENROLLED_IN
S0553,C065,ENROLLED_IN
S0458,C065,ENROLLED_IN
S0952,C065,ENROLLED_IN
S0315,C065,ENROLLED_IN
S0758,C065,ENROLLED_IN
S0849,C065,ENROLLED_IN
S0232,C065,ENROLLED_IN
S0698,C065,ENROLLED_IN
S0313,C065,ENROLLED_IN
S0255,C065,ENROLLED_IN
S0522,C065,ENROLLED_IN
S0822,C065,ENROLLED_IN
S0459,C065,ENROLLED_IN
S0013,C065,ENROLLED_IN
S0204,C065,ENROLLED_IN
S0369,C065,ENROLLED_IN
S0724,C065,ENROLLED_IN
S0626,C065,ENROLLED_IN
S0787,C065,ENROLLED_IN
S0989,C065,ENROLLED_IN
S0960,C065,ENROLLED_IN
S0185,C065,ENROLLED_IN
S0123,C065,ENROLLED_IN
S0023,C065,ENROLLED_IN
S0861,C065,ENROLLED_IN
S0735,C065,ENROLLED_IN
S0727,C065,ENROLLED_IN
S0595,C065,ENROLLED_IN
S0662,C066,ENROLLED_IN
S0691,C066,ENROLLED_IN
S0204,C066,ENROLLED_IN
S0141,C066,ENROLLED_IN
S0139,C066,ENROLLED_IN
S0070,C066,ENROLLED_IN
S0254,C066,ENROLLED_IN
S0260,C066,ENROLLED_IN
S0008,C066,ENROLLED_IN
S0293,C066,ENROLLED_IN
S0526,C066,ENROLLED_IN
S0613,C066,ENROLLED_IN
S0891,C066,ENROLLED_IN
S0493,C066,ENROLLED_IN
S0742,C066,ENROLLED_IN
S0042,C066,ENROLLED_IN
S0414,C066,ENROLLED_IN
S0766,C066,ENROLLED_IN
S0146,C066,ENROLLED_IN
S0479,C066,ENROLLED_IN
S0296,C066,ENROLLED_IN
S0463,C066,ENROLLED_IN
S0710,C066,ENROLLED_IN
S0397,C066,ENROLLED_IN
S0283,C066,ENROLLED_IN
S0447,C066,ENROLLED_IN
S0958,C066,ENROLLED_IN
S0943,C066,ENROLLED_IN
S0689,C066,ENROLLED_IN
S0207,C066,ENROLLED_IN
S0850,C066,ENROLLED_IN
S0666,C066,ENROLLED_IN
S0068,C066,ENROLLED_IN
S0469,C066,ENROLLED_IN
S0633,C066,ENROLLED_IN
S0846,C066,ENROLLED_IN
S0978,C066,ENROLLED_IN
S0575,C066,ENROLLED_IN
S0877,C066,ENROLLED_IN
S0006,C066,ENROLLED_IN
S0959,C066,ENROLLED_IN
S0497,C066,ENROLLED_IN
S0510,C066,ENROLLED_IN
S0735,C066,ENROLLED_IN
S0324,C066,ENROLLED_IN
S0198,C066,ENROLLED_IN
S0730,C066,ENROLLED_IN
S0935,C066,ENROLLED_IN
S0654,C066,ENROLLED_IN
S0376,C066,ENROLLED_IN
S0225,C066,ENROLLED_IN
S0152,C066,ENROLLED_IN
S0866,C066,ENROLLED_IN
S0362,C066,ENROLLED_IN
S0371,C066,ENROLLED_IN
S0732,C066,ENROLLED_IN
S0898,C066,ENROLLED_IN
S0546,C066,ENROLLED_IN
S0747,C066,ENROLLED_IN
S0582,C066,ENROLLED_IN
S0770,C066,ENROLLED_IN
S0231,C066,ENROLLED_IN
S0796,C066,ENROLLED_IN
S0388,C066,ENROLLED_IN
S0800,C066,ENROLLED_IN
S0494,C066,ENROLLED_IN
S0718,C066,ENROLLED_IN
S0570,C066,ENROLLED_IN
S0196,C066,ENROLLED_IN
S0005,C066,ENROLLED_IN
S0151,C066,ENROLLED_IN
S0341,C066,ENROLLED_IN
S0419,C066,ENROLLED_IN
S0996,C066,ENROLLED_IN
S0965,C066,ENROLLED_IN
S0491,C066,ENROLLED_IN
S0651,C066,ENROLLED_IN
S0834,C066,ENROLLED_IN
S0695,C066,ENROLLED_IN
S0757,C066,ENROLLED_IN
S0536,C066,ENROLLED_IN
S0594,C066,ENROLLED_IN
S0111,C066,ENROLLED_IN
S0739,C066,ENROLLED_IN
S0116,C066,ENROLLED_IN
S0537,C067,ENROLLED_IN
S0288,C067,ENROLLED_IN
S0406,C067,ENROLLED_IN
S0924,C067,ENROLLED_IN
S0104,C067,ENROLLED_IN
S0452,C067,ENROLLED_IN
S0020,C067,ENROLLED_IN
S0225,C067,ENROLLED_IN
S0899,C067,ENROLLED_IN
S0650,C067,ENROLLED_IN
S0311,C067,ENROLLED_IN
S0470,C067,ENROLLED_IN
S0926,C067,ENROLLED_IN
S0091,C067,ENROLLED_IN
S0071,C067,ENROLLED_IN
S0204,C067,ENROLLED_IN
S0629,C067,ENROLLED_IN
S0894,C067,ENROLLED_IN
S0880,C067,ENROLLED_IN
S0161,C067,ENROLLED_IN
S0772,C067,ENROLLED_IN
S0991,C067,ENROLLED_IN
S0946,C067,ENROLLED_IN
S0746,C067,ENROLLED_IN
S0783,C067,ENROLLED_IN
S0590,C067,ENROLLED_IN
S0696,C067,ENROLLED_IN
S0325,C067,ENROLLED_IN
S0346,C067,ENROLLED_IN
S0851,C067,ENROLLED_IN
S0207,C067,ENROLLED_IN
S0903,C067,ENROLLED_IN
S0829,C067,ENROLLED_IN
S0158,C067,ENROLLED_IN
S0269,C067,ENROLLED_IN
S0653,C067,ENROLLED_IN
S0781,C067,ENROLLED_IN
S0648,C067,ENROLLED_IN
S0390,C067,ENROLLED_IN
S0330,C067,ENROLLED_IN
S0188,C067,ENROLLED_IN
S0575,C067,ENROLLED_IN
S0140,C067,ENROLLED_IN
S0879,C067,ENROLLED_IN
S0509,C067,ENROLLED_IN
S0249,C067,ENROLLED_IN
S0748,C067,ENROLLED_IN
S0952,C067,ENROLLED_IN
S0999,C068,ENROLLED_IN
S0252,C068,ENROLLED_IN
S0702,C068,ENROLLED_IN
S0695,C068,ENROLLED_IN
S0159,C068,ENROLLED_IN
S0845,C068,ENROLLED_IN
S0977,C068,ENROLLED_IN
S0652,C068,ENROLLED_IN
S0331,C068,ENROLLED_IN
S0054,C068,ENROLLED_IN
S0934,C068,ENROLLED_IN
S0415,C068,ENROLLED_IN
S0057,C068,ENROLLED_IN
S0676,C068,ENROLLED_IN
S0102,C068,ENROLLED_IN
S0741,C068,ENROLLED_IN
S0271,C068,ENROLLED_IN
S0048,C068,ENROLLED_IN
S0320,C068,ENROLLED_IN
S0383,C068,ENROLLED_IN
S0256,C068,ENROLLED_IN
S0352,C068,ENROLLED_IN
S0920,C068,ENROLLED_IN
S0559,C068,ENROLLED_IN
S0311,C068,ENROLLED_IN
S0326,C068,ENROLLED_IN
S0398,C068,ENROLLED_IN
S0575,C068,ENROLLED_IN
S0298,C068,ENROLLED_IN
S0746,C068,ENROLLED_IN
S0526,C068,ENROLLED_IN
S0805,C068,ENROLLED_IN
S0188,C068,ENROLLED_IN
S0584,C068,ENROLLED_IN
S0473,C068,ENROLLED_IN
S0699,C068,ENROLLED_IN
S0494,C068,ENROLLED_IN
S0505,C068,ENROLLED_IN
S0960,C068,ENROLLED_IN
S0386,C068,ENROLLED_IN
S0875,C068,ENROLLED_IN
S0519,C068,ENROLLED_IN
S0962,C068,ENROLLED_IN
S0571,C068,ENROLLED_IN
S0617,C068,ENROLLED_IN
S0291,C068,ENROLLED_IN
S0662,C068,ENROLLED_IN
S0535,C068,ENROLLED_IN
S0474,C068,ENROLLED_IN
S0433,C068,ENROLLED_IN
S0042,C068,ENROLLED_IN
S0200,C068,ENROLLED_IN
S0824,C068,ENROLLED_IN
S0430,C068,ENROLLED_IN
S0012,C068,ENROLLED_IN
S0713,C068,ENROLLED_IN
S0940,C068,ENROLLED_IN
S0081,C068,ENROLLED_IN
S0564,C068,ENROLLED_IN
S0927,C068,ENROLLED_IN
S0337,C068,ENROLLED_IN
S0901,C068,ENROLLED_IN
S0036,C068,ENROLLED_IN
S0250,C068,ENROLLED_IN
S0282,C068,ENROLLED_IN
S0990,C068,ENROLLED_IN
S0439,C068,ENROLLED_IN
S0675,C068,ENROLLED_IN
S0569,C068,ENROLLED_IN
S0029,C068,ENROLLED_IN
S0032,C068,ENROLLED_IN
S0728,C068,ENROLLED_IN
S0678,C068,ENROLLED_IN
S0182,C068,ENROLLED_IN
S0302,C068,ENROLLED_IN
S0780,C068,ENROLLED_IN
S0583,C068,ENROLLED_IN
S0066,C068,ENROLLED_IN
S0611,C068,ENROLLED_IN
S0067,C068,ENROLLED_IN
S0461,C068,ENROLLED_IN
S0310,C068,ENROLLED_IN
S0369,C068,ENROLLED_IN
S0778,C068,ENROLLED_IN
S0322,C068,ENROLLED_IN
S0515,C068,ENROLLED_IN
S0903,C068,ENROLLED_IN
S0753,C068,ENROLLED_IN
S0767,C068,ENROLLED_IN
S0814,C068,ENROLLED_IN
S0705,C068,ENROLLED_IN
S0333,C068,ENROLLED_IN
S0942,C068,ENROLLED_IN
S0240,C068,ENROLLED_IN
S0936,C068,ENROLLED_IN
S0454,C068,ENROLLED_IN
S0223,C068,ENROLLED_IN
S0053,C068,ENROLLED_IN
S0815,C068,ENROLLED_IN
S0156,C068,ENROLLED_IN
S0269,C068,ENROLLED_IN
S0191,C069,ENROLLED_IN
S0878,C069,ENROLLED_IN
S0803,C069,ENROLLED_IN
S0842,C069,ENROLLED_IN
S0408,C069,ENROLLED_IN
S0455,C069,ENROLLED_IN
S0413,C069,ENROLLED_IN
S0624,C069,ENROLLED_IN
S0326,C069,ENROLLED_IN
S0023,C069,ENROLLED_IN
S0367,C069,ENROLLED_IN
S0576,C069,ENROLLED_IN
S0281,C069,ENROLLED_IN
S0911,C069,ENROLLED_IN
S0856,C069,ENROLLED_IN
S0946,C069,ENROLLED_IN
S0100,C069,ENROLLED_IN
S0784,C069,ENROLLED_IN
S0254,C069,ENROLLED_IN
S0403,C069,ENROLLED_IN
S0102,C069,ENROLLED_IN
S0805,C069,ENROLLED_IN
S0166,C069,ENROLLED_IN
S0466,C069,ENROLLED_IN
S0830,C069,ENROLLED_IN
S0092,C069,ENROLLED_IN
S0639,C069,ENROLLED_IN
S0834,C069,ENROLLED_IN
S0276,C069,ENROLLED_IN
S0762,C069,ENROLLED_IN
S0782,C069,ENROLLED_IN
S0479,C069,ENROLLED_IN
S0394,C069,ENROLLED_IN
S0659,C069,ENROLLED_IN
S0678,C069,ENROLLED_IN
S0027,C069,ENROLLED_IN
S0453,C069,ENROLLED_IN
S0095,C069,ENROLLED_IN
S0866,C069,ENROLLED_IN
S0979,C069,ENROLLED_IN
S0066,C069,ENROLLED_IN
S0215,C069,ENROLLED_IN
S0221,C069,ENROLLED_IN
S0871,C069,ENROLLED_IN
S0631,C069,ENROLLED_IN
S0096,C069,ENROLLED_IN
S0916,C069,ENROLLED_IN
S0380,C069,ENROLLED_IN
S0481,C069,ENROLLED_IN
S0938,C069,ENROLLED_IN
S0498,C069,ENROLLED_IN
S0614,C069,ENROLLED_IN
S0132,C069,ENROLLED_IN
S0588,C069,ENROLLED_IN
S0489,C069,ENROLLED_IN
S0691,C069,ENROLLED_IN
S0089,C069,ENROLLED_IN
S0781,C069,ENROLLED_IN
S0529,C069,ENROLLED_IN
S0018,C069,ENROLLED_IN
S0195,C069,ENROLLED_IN
S0684,C069,ENROLLED_IN
S0078,C069,ENROLLED_IN
S0894,C069,ENROLLED_IN
S0729,C069,ENROLLED_IN
S0530,C069,ENROLLED_IN
S0056,C069,ENROLLED_IN
S0047,C069,ENROLLED_IN
S0462,C069,ENROLLED_IN
S0950,C069,ENROLLED_IN
S0563,C069,ENROLLED_IN
S0131,C069,ENROLLED_IN
S0216,C069,ENROLLED_IN
S0880,C069,ENROLLED_IN
S0457,C069,ENROLLED_IN
S0718,C069,ENROLLED_IN
S0361,C069,ENROLLED_IN
S0104,C069,ENROLLED_IN
S0054,C069,ENROLLED_IN
S0230,C069,ENROLLED_IN
S0814,C069,ENROLLED_IN
S0033,C069,ENROLLED_IN
S0702,C069,ENROLLED_IN
S0999,C069,ENROLLED_IN
S0185,C069,ENROLLED_IN
S0777,C069,ENROLLED_IN
S0120,C069,ENROLLED_IN
S0898,C069,ENROLLED_IN
S0324,C069,ENROLLED_IN
S0746,C069,ENROLLED_IN
S0118,C070,ENROLLED_IN
S0753,C070,ENROLLED_IN
S0143,C070,ENROLLED_IN
S0506,C070,ENROLLED_IN
S0304,C070,ENROLLED_IN
S0180,C070,ENROLLED_IN
S0693,C070,ENROLLED_IN
S0727,C070,ENROLLED_IN
S0922,C070,ENROLLED_IN
S0249,C070,ENROLLED_IN
S0913,C070,ENROLLED_IN
S0444,C070,ENROLLED_IN
S0535,C070,ENROLLED_IN
S0034,C070,ENROLLED_IN
S0390,C070,ENROLLED_IN
S0821,C070,ENROLLED_IN
S0726,C070,ENROLLED_IN
S0684,C070,ENROLLED_IN
S0420,C070,ENROLLED_IN
S0889,C070,ENROLLED_IN
S0540,C070,ENROLLED_IN
S0362,C070,ENROLLED_IN
S0137,C070,ENROLLED_IN
S0782,C070,ENROLLED_IN
S0756,C070,ENROLLED_IN
S0592,C070,ENROLLED_IN
S0136,C070,ENROLLED_IN
S0663,C070,ENROLLED_IN
S0303,C070,ENROLLED_IN
S0134,C070,ENROLLED_IN
S0557,C070,ENROLLED_IN
S0691,C070,ENROLLED_IN
S0682,C070,ENROLLED_IN
S0919,C070,ENROLLED_IN
S0762,C070,ENROLLED_IN
S0480,C070,ENROLLED_IN
S0883,C070,ENROLLED_IN
S0107,C070,ENROLLED_IN
S0641,C070,ENROLLED_IN
S0402,C070,ENROLLED_IN
S0900,C070,ENROLLED_IN
S0284,C070,ENROLLED_IN
S0549,C070,ENROLLED_IN
S0308,C070,ENROLLED_IN
S0917,C071,ENROLLED_IN
S0130,C071,ENROLLED_IN
S0037,C071,ENROLLED_IN
S0075,C071,ENROLLED_IN
S0265,C071,ENROLLED_IN
S0460,C071,ENROLLED_IN
S0413,C071,ENROLLED_IN
S0790,C071,ENROLLED_IN
S0464,C071,ENROLLED_IN
S0768,C071,ENROLLED_IN
S0600,C071,ENROLLED_IN
S0754,C071,ENROLLED_IN
S0271,C071,ENROLLED_IN
S0536,C071,ENROLLED_IN
S0282,C071,ENROLLED_IN
S0777,C071,ENROLLED_IN
S0718,C071,ENROLLED_IN
S0183,C071,ENROLLED_IN
S0145,C071,ENROLLED_IN
S0641,C071,ENROLLED_IN
S0930,C071,ENROLLED_IN
S0155,C071,ENROLLED_IN
S0122,C071,ENROLLED_IN
S0874,C071,ENROLLED_IN
S0837,C071,ENROLLED_IN
S0812,C071,ENROLLED_IN
S0670,C071,ENROLLED_IN
S0586,C071,ENROLLED_IN
S0617,C071,ENROLLED_IN
S0213,C071,ENROLLED_IN
S0914,C071,ENROLLED_IN
S0493,C071,ENROLLED_IN
S0582,C071,ENROLLED_IN
S0597,C071,ENROLLED_IN
S0850,C071,ENROLLED_IN
S0647,C071,ENROLLED_IN
S0406,C071,ENROLLED_IN
S0093,C071,ENROLLED_IN
S0341,C071,ENROLLED_IN
S0472,C071,ENROLLED_IN
S0972,C071,ENROLLED_IN
S0788,C071,ENROLLED_IN
S0552,C071,ENROLLED_IN
S0859,C071,ENROLLED_IN
S0297,C071,ENROLLED_IN
S0345,C071,ENROLLED_IN
S0983,C071,ENROLLED_IN
S0568,C071,ENROLLED_IN
S0628,C071,ENROLLED_IN
S0195,C071,ENROLLED_IN
S0411,C071,ENROLLED_IN
S0232,C071,ENROLLED_IN
S0511,C071,ENROLLED_IN
S0175,C071,ENROLLED_IN
S0409,C071,ENROLLED_IN
S0374,C071,ENROLLED_IN
S0092,C071,ENROLLED_IN
S0531,C071,ENROLLED_IN
S0537,C071,ENROLLED_IN
S0996,C071,ENROLLED_IN
S0101,C071,ENROLLED_IN
S0946,C071,ENROLLED_IN
S0402,C071,ENROLLED_IN
S0959,C071,ENROLLED_IN
S0557,C071,ENROLLED_IN
S0250,C071,ENROLLED_IN
S0581,C071,ENROLLED_IN
S0987,C071,ENROLLED_IN
S0298,C071,ENROLLED_IN
S0699,C071,ENROLLED_IN
S0740,C071,ENROLLED_IN
S0010,C071,ENROLLED_IN
S0448,C071,ENROLLED_IN
S0677,C071,ENROLLED_IN
S0561,C071,ENROLLED_IN
S0544,C071,ENROLLED_IN
S0755,C071,ENROLLED_IN
S0782,C071,ENROLLED_IN
S0817,C071,ENROLLED_IN
S0986,C071,ENROLLED_IN
S0985,C071,ENROLLED_IN
S0309,C071,ENROLLED_IN
S0738,C071,ENROLLED_IN
S0164,C072,ENROLLED_IN
S0639,C072,ENROLLED_IN
S0018,C072,ENROLLED_IN
S0021,C072,ENROLLED_IN
S0561,C072,ENROLLED_IN
S0917,C072,ENROLLED_IN
S0395,C072,ENROLLED_IN
S0342,C072,ENROLLED_IN
S0312,C072,ENROLLED_IN
S0156,C072,ENROLLED_IN
S0960,C072,ENROLLED_IN
S0150,C072,ENROLLED_IN
S0366,C072,ENROLLED_IN
S0877,C072,ENROLLED_IN
S0592,C072,ENROLLED_IN
S0665,C072,ENROLLED_IN
S0052,C072,ENROLLED_IN
S0353,C072,ENROLLED_IN
S0670,C072,ENROLLED_IN
S0453,C072,ENROLLED_IN
S0127,C072,ENROLLED_IN
S0308,C072,ENROLLED_IN
S0757,C072,ENROLLED_IN
S0959,C072,ENROLLED_IN
S0505,C072,ENROLLED_IN
S0101,C072,ENROLLED_IN
S0622,C072,ENROLLED_IN
S0823,C072,ENROLLED_IN
S0595,C072,ENROLLED_IN
S0885,C072,ENROLLED_IN
S0751,C072,ENROLLED_IN
S0244,C072,ENROLLED_IN
S0521,C072,ENROLLED_IN
S0678,C072,ENROLLED_IN
S0122,C072,ENROLLED_IN
S0701,C072,ENROLLED_IN
S0530,C072,ENROLLED_IN
S0263,C072,ENROLLED_IN
S0627,C072,ENROLLED_IN
S0699,C072,ENROLLED_IN
S0723,C072,ENROLLED_IN
S0383,C072,ENROLLED_IN
S0837,C072,ENROLLED_IN
S0158,C072,ENROLLED_IN
S0040,C072,ENROLLED_IN
S0106,C072,ENROLLED_IN
S0558,C072,ENROLLED_IN
S0217,C072,ENROLLED_IN
S0117,C072,ENROLLED_IN
S0302,C072,ENROLLED_IN
S0656,C072,ENROLLED_IN
S0005,C072,ENROLLED_IN
S0141,C072,ENROLLED_IN
S0335,C072,ENROLLED_IN
S0513,C072,ENROLLED_IN
S0630,C072,ENROLLED_IN
S0847,C072,ENROLLED_IN
S0760,C072,ENROLLED_IN
S0469,C072,ENROLLED_IN
S0815,C072,ENROLLED_IN
S0848,C072,ENROLLED_IN
S0692,C072,ENROLLED_IN
S0643,C072,ENROLLED_IN
S0862,C072,ENROLLED_IN
S0295,C072,ENROLLED_IN
S0471,C072,ENROLLED_IN
S0046,C072,ENROLLED_IN
S0077,C072,ENROLLED_IN
S0845,C072,ENROLLED_IN
S0653,C072,ENROLLED_IN
S0634,C072,ENROLLED_IN
S0196,C072,ENROLLED_IN
S0306,C072,ENROLLED_IN
S0789,C072,ENROLLED_IN
S0722,C072,ENROLLED_IN
S0502,C072,ENROLLED_IN
S0546,C072,ENROLLED_IN
S0032,C072,ENROLLED_IN
S0791,C072,ENROLLED_IN
S0854,C072,ENROLLED_IN
S0276,C072,ENROLLED_IN
S0265,C072,ENROLLED_IN
S0608,C072,ENROLLED_IN
S0773,C072,ENROLLED_IN
S0487,C072,ENROLLED_IN
S0432,C072,ENROLLED_IN
S0290,C072,ENROLLED_IN
S0596,C072,ENROLLED_IN
S0585,C072,ENROLLED_IN
S0876,C072,ENROLLED_IN
S0490,C072,ENROLLED_IN
S0131,C072,ENROLLED_IN
S0870,C072,ENROLLED_IN
S0210,C072,ENROLLED_IN
S0087,C072,ENROLLED_IN
S0632,C072,ENROLLED_IN
S0968,C072,ENROLLED_IN
S0886,C072,ENROLLED_IN
S0240,C072,ENROLLED_IN
S0035,C072,ENROLLED_IN
S0310,C072,ENROLLED_IN
S0287,C072,ENROLLED_IN
S0417,C073,ENROLLED_IN
S0023,C073,ENROLLED_IN
S0585,C073,ENROLLED_IN
S0611,C073,ENROLLED_IN
S0705,C073,ENROLLED_IN
S0488,C073,ENROLLED_IN
S0296,C073,ENROLLED_IN
S0901,C073,ENROLLED_IN
S0266,C073,ENROLLED_IN
S0942,C073,ENROLLED_IN
S0486,C073,ENROLLED_IN
S0491,C073,ENROLLED_IN
S0959,C073,ENROLLED_IN
S0384,C073,ENROLLED_IN
S0470,C073,ENROLLED_IN
S0277,C073,ENROLLED_IN
S0584,C073,ENROLLED_IN
S0719,C073,ENROLLED_IN
S0677,C073,ENROLLED_IN
S0966,C073,ENROLLED_IN
S0523,C073,ENROLLED_IN
S0623,C073,ENROLLED_IN
S0787,C073,ENROLLED_IN
S0219,C074,ENROLLED_IN
S0641,C074,ENROLLED_IN
S0555,C074,ENROLLED_IN
S0394,C074,ENROLLED_IN
S0777,C074,ENROLLED_IN
S0559,C074,ENROLLED_IN
S0524,C074,ENROLLED_IN
S0239,C074,ENROLLED_IN
S0817,C074,ENROLLED_IN
S0614,C074,ENROLLED_IN
S0668,C074,ENROLLED_IN
S0215,C074,ENROLLED_IN
S0839,C074,ENROLLED_IN
S0464,C074,ENROLLED_IN
S0566,C074,ENROLLED_IN
S0149,C074,ENROLLED_IN
S0409,C074,ENROLLED_IN
S0687,C074,ENROLLED_IN
S0024,C074,ENROLLED_IN
S0878,C074,ENROLLED_IN
S0383,C074,ENROLLED_IN
S0128,C074,ENROLLED_IN
S0072,C074,ENROLLED_IN
S0961,C074,ENROLLED_IN
S0379,C074,ENROLLED_IN
S0230,C074,ENROLLED_IN
S0847,C074,ENROLLED_IN
S0170,C075,ENROLLED_IN
S0502,C075,ENROLLED_IN
S0928,C075,ENROLLED_IN
S0735,C075,ENROLLED_IN
S0686,C075,ENROLLED_IN
S0916,C075,ENROLLED_IN
S0641,C075,ENROLLED_IN
S0280,C075,ENROLLED_IN
S0596,C075,ENROLLED_IN
S0536,C075,ENROLLED_IN
S0291,C075,ENROLLED_IN
S0845,C075,ENROLLED_IN
S0025,C075,ENROLLED_IN
S0962,C075,ENROLLED_IN
S0473,C075,ENROLLED_IN
S0237,C075,ENROLLED_IN
S0359,C075,ENROLLED_IN
S0835,C075,ENROLLED_IN
S0525,C075,ENROLLED_IN
S0321,C075,ENROLLED_IN
S0976,C075,ENROLLED_IN
S0509,C075,ENROLLED_IN
S0194,C075,ENROLLED_IN
S0990,C075,ENROLLED_IN
S0198,C075,ENROLLED_IN
S0756,C075,ENROLLED_IN
S0333,C075,ENROLLED_IN
S0110,C075,ENROLLED_IN
S0932,C075,ENROLLED_IN
S0833,C075,ENROLLED_IN
S0365,C075,ENROLLED_IN
S0220,C075,ENROLLED_IN
S0446,C075,ENROLLED_IN
S0254,C075,ENROLLED_IN
S0674,C075,ENROLLED_IN
S0982,C075,ENROLLED_IN
S0101,C075,ENROLLED_IN
S0657,C075,ENROLLED_IN
S0906,C075,ENROLLED_IN
S0007,C075,ENROLLED_IN
S0711,C075,ENROLLED_IN
S0632,C075,ENROLLED_IN
S0250,C075,ENROLLED_IN
S0006,C075,ENROLLED_IN
S0579,C075,ENROLLED_IN
S0858,C075,ENROLLED_IN
S0111,C075,ENROLLED_IN
S0284,C075,ENROLLED_IN
S0788,C075,ENROLLED_IN
S0343,C075,ENROLLED_IN
S0684,C075,ENROLLED_IN
S0667,C075,ENROLLED_IN
S0750,C075,ENROLLED_IN
S0209,C075,ENROLLED_IN
S0204,C075,ENROLLED_IN
S0772,C075,ENROLLED_IN
S0322,C075,ENROLLED_IN
S0444,C075,ENROLLED_IN
S0012,C075,ENROLLED_IN
S0849,C075,ENROLLED_IN
S0430,C075,ENROLLED_IN
S0010,C075,ENROLLED_IN
S0977,C075,ENROLLED_IN
S0876,C075,ENROLLED_IN
S0729,C075,ENROLLED_IN
S0002,C075,ENROLLED_IN
S0634,C075,ENROLLED_IN
S0534,C075,ENROLLED_IN
S0351,C075,ENROLLED_IN
S0236,C075,ENROLLED_IN
S0278,C075,ENROLLED_IN
S0391,C075,ENROLLED_IN
S0302,C075,ENROLLED_IN
S0465,C075,ENROLLED_IN
S0800,C075,ENROLLED_IN
S0118,C075,ENROLLED_IN
S0412,C075,ENROLLED_IN
S0537,C075,ENROLLED_IN
S0097,C076,ENROLLED_IN
S0363,C076,ENROLLED_IN
S0742,C076,ENROLLED_IN
S0026,C076,ENROLLED_IN
S0126,C076,ENROLLED_IN
S0073,C076,ENROLLED_IN
S0736,C076,ENROLLED_IN
S0017,C076,ENROLLED_IN
S0588,C076,ENROLLED_IN
S0616,C076,ENROLLED_IN
S0269,C076,ENROLLED_IN
S0203,C076,ENROLLED_IN
S0513,C076,ENROLLED_IN
S0226,C076,ENROLLED_IN
S0927,C076,ENROLLED_IN
S0456,C076,ENROLLED_IN
S0302,C076,ENROLLED_IN
S0439,C076,ENROLLED_IN
S0823,C076,ENROLLED_IN
S0375,C076,ENROLLED_IN
S0024,C076,ENROLLED_IN
S0168,C076,ENROLLED_IN
S0219,C076,ENROLLED_IN
S0406,C076,ENROLLED_IN
S0811,C076,ENROLLED_IN
S0843,C076,ENROLLED_IN
S0377,C076,ENROLLED_IN
S0782,C076,ENROLLED_IN
S0307,C076,ENROLLED_IN
S0638,C076,ENROLLED_IN
S0848,C076,ENROLLED_IN
S0691,C076,ENROLLED_IN
S0804,C076,ENROLLED_IN
S0364,C076,ENROLLED_IN
S0547,C076,ENROLLED_IN
S0160,C076,ENROLLED_IN
S0856,C076,ENROLLED_IN
S0911,C076,ENROLLED_IN
S0283,C076,ENROLLED_IN
S0008,C076,ENROLLED_IN
S0205,C076,ENROLLED_IN
S0030,C076,ENROLLED_IN
S0492,C076,ENROLLED_IN
S0251,C076,ENROLLED_IN
S0041,C076,ENROLLED_IN
S0623,C076,ENROLLED_IN
S0648,C076,ENROLLED_IN
S0066,C076,ENROLLED_IN
S0175,C076,ENROLLED_IN
S0087,C076,ENROLLED_IN
S0090,C076,ENROLLED_IN
S0036,C076,ENROLLED_IN
S0070,C076,ENROLLED_IN
S0195,C076,ENROLLED_IN
S0240,C076,ENROLLED_IN
S0414,C076,ENROLLED_IN
S0417,C076,ENROLLED_IN
S0157,C076,ENROLLED_IN
S0145,C076,ENROLLED_IN
S0909,C076,ENROLLED_IN
S0485,C076,ENROLLED_IN
S0476,C076,ENROLLED_IN
S0222,C076,ENROLLED_IN
S0716,C076,ENROLLED_IN
S0887,C076,ENROLLED_IN
S0374,C076,ENROLLED_IN
S0052,C076,ENROLLED_IN
S0985,C076,ENROLLED_IN
S0267,C076,ENROLLED_IN
S0291,C076,ENROLLED_IN
S0956,C076,ENROLLED_IN
S0445,C076,ENROLLED_IN
S0299,C076,ENROLLED_IN
S0773,C076,ENROLLED_IN
S0347,C076,ENROLLED_IN
S0788,C076,ENROLLED_IN
S0617,C076,ENROLLED_IN
S0535,C076,ENROLLED_IN
S0881,C076,ENROLLED_IN
S0679,C076,ENROLLED_IN
S0815,C076,ENROLLED_IN
S0818,C076,ENROLLED_IN
S0674,C076,ENROLLED_IN
S0855,C076,ENROLLED_IN
S0503,C076,ENROLLED_IN
S0170,C076,ENROLLED_IN
S0740,C076,ENROLLED_IN
S0327,C077,ENROLLED_IN
S0457,C077,ENROLLED_IN
S0720,C077,ENROLLED_IN
S0304,C077,ENROLLED_IN
S0182,C077,ENROLLED_IN
S0291,C077,ENROLLED_IN
S0665,C077,ENROLLED_IN
S0388,C077,ENROLLED_IN
S0591,C077,ENROLLED_IN
S0315,C077,ENROLLED_IN
S0235,C077,ENROLLED_IN
S0868,C077,ENROLLED_IN
S0843,C077,ENROLLED_IN
S0255,C077,ENROLLED_IN
S0106,C077,ENROLLED_IN
S0568,C077,ENROLLED_IN
S0675,C077,ENROLLED_IN
S0407,C077,ENROLLED_IN
S0491,C077,ENROLLED_IN
S0808,C077,ENROLLED_IN
S0672,C077,ENROLLED_IN
S0028,C077,ENROLLED_IN
S0921,C077,ENROLLED_IN
S0111,C077,ENROLLED_IN
S0925,C077,ENROLLED_IN
S0798,C077,ENROLLED_IN
S0199,C077,ENROLLED_IN
S0323,C077,ENROLLED_IN
S0397,C077,ENROLLED_IN
S0516,C077,ENROLLED_IN
S0915,C077,ENROLLED_IN
S0252,C077,ENROLLED_IN
S0995,C077,ENROLLED_IN
S0322,C077,ENROLLED_IN
S0015,C077,ENROLLED_IN
S0551,C077,ENROLLED_IN
S0585,C077,ENROLLED_IN
S0849,C077,ENROLLED_IN
S0757,C077,ENROLLED_IN
S0620,C077,ENROLLED_IN
S0342,C077,ENROLLED_IN
S0096,C077,ENROLLED_IN
S0553,C077,ENROLLED_IN
S0081,C077,ENROLLED_IN
S0251,C077,ENROLLED_IN
S0920,C077,ENROLLED_IN
S0246,C077,ENROLLED_IN
S0484,C077,ENROLLED_IN
S0260,C077,ENROLLED_IN
S0047,C077,ENROLLED_IN
S0788,C077,ENROLLED_IN
S0063,C077,ENROLLED_IN
S0627,C077,ENROLLED_IN
S0442,C077,ENROLLED_IN
S0581,C077,ENROLLED_IN
S0828,C077,ENROLLED_IN
S0163,C077,ENROLLED_IN
S0476,C077,ENROLLED_IN
S0502,C077,ENROLLED_IN
S0083,C077,ENROLLED_IN
S0614,C077,ENROLLED_IN
S0512,C077,ENROLLED_IN
S0641,C077,ENROLLED_IN
S0152,C077,ENROLLED_IN
S0333,C077,ENROLLED_IN
S0465,C077,ENROLLED_IN
S0401,C077,ENROLLED_IN
S0618,C077,ENROLLED_IN
S0161,C077,ENROLLED_IN
S0097,C077,ENROLLED_IN
S0018,C078,ENROLLED_IN
S0515,C078,ENROLLED_IN
S0858,C078,ENROLLED_IN
S0001,C078,ENROLLED_IN
S0137,C078,ENROLLED_IN
S0339,C078,ENROLLED_IN
S0999,C078,ENROLLED_IN
S0879,C078,ENROLLED_IN
S0578,C078,ENROLLED_IN
S0345,C078,ENROLLED_IN
S0584,C078,ENROLLED_IN
S0566,C078,ENROLLED_IN
S0299,C078,ENROLLED_IN
S0920,C078,ENROLLED_IN
S0362,C078,ENROLLED_IN
S0014,C078,ENROLLED_IN
S0990,C078,ENROLLED_IN
S0113,C078,ENROLLED_IN
S0884,C078,ENROLLED_IN
S0021,C078,ENROLLED_IN
S0951,C078,ENROLLED_IN
S0634,C078,ENROLLED_IN
S0249,C078,ENROLLED_IN
S0381,C078,ENROLLED_IN
S0083,C078,ENROLLED_IN
S0934,C078,ENROLLED_IN
S0854,C078,ENROLLED_IN
S0507,C078,ENROLLED_IN
S0632,C078,ENROLLED_IN
S0097,C078,ENROLLED_IN
S0728,C078,ENROLLED_IN
S0930,C078,ENROLLED_IN
S0711,C078,ENROLLED_IN
S0724,C078,ENROLLED_IN
S0810,C078,ENROLLED_IN
S0841,C078,ENROLLED_IN
S0278,C078,ENROLLED_IN
S0568,C078,ENROLLED_IN
S0795,C078,ENROLLED_IN
S0862,C078,ENROLLED_IN
S0489,C078,ENROLLED_IN
S0676,C078,ENROLLED_IN
S0015,C078,ENROLLED_IN
S0330,C078,ENROLLED_IN
S0209,C078,ENROLLED_IN
S0294,C078,ENROLLED_IN
S0005,C078,ENROLLED_IN
S0622,C078,ENROLLED_IN
S0557,C078,ENROLLED_IN
S0786,C078,ENROLLED_IN
S0225,C078,ENROLLED_IN
S0188,C078,ENROLLED_IN
S0233,C078,ENROLLED_IN
S0203,C078,ENROLLED_IN
S0561,C078,ENROLLED_IN
S1000,C078,ENROLLED_IN
S0902,C078,ENROLLED_IN
S0645,C078,ENROLLED_IN
S0864,C078,ENROLLED_IN
S0104,C078,ENROLLED_IN
S0254,C078,ENROLLED_IN
S0109,C078,ENROLLED_IN
S0049,C078,ENROLLED_IN
S0181,C078,ENROLLED_IN
S0193,C078,ENROLLED_IN
S0945,C079,ENROLLED_IN
S0977,C079,ENROLLED_IN
S0682,C079,ENROLLED_IN
S0067,C079,ENROLLED_IN
S0040,C079,ENROLLED_IN
S0299,C079,ENROLLED_IN
S0754,C079,ENROLLED_IN
S0997,C079,ENROLLED_IN
S0298,C079,ENROLLED_IN
S0523,C079,ENROLLED_IN
S0466,C079,ENROLLED_IN
S0211,C079,ENROLLED_IN
S0097,C079,ENROLLED_IN
S0702,C079,ENROLLED_IN
S0290,C079,ENROLLED_IN
S0576,C079,ENROLLED_IN
S0027,C079,ENROLLED_IN
S0022,C079,ENROLLED_IN
S0457,C079,ENROLLED_IN
S0663,C079,ENROLLED_IN
S0937,C079,ENROLLED_IN
S0801,C079,ENROLLED_IN
S0810,C079,ENROLLED_IN
S0054,C079,ENROLLED_IN
S0716,C079,ENROLLED_IN
S0532,C079,ENROLLED_IN
S0159,C079,ENROLLED_IN
S0617,C079,ENROLLED_IN
S0033,C079,ENROLLED_IN
S0408,C079,ENROLLED_IN
S0127,C079,ENROLLED_IN
S0076,C079,ENROLLED_IN
S0152,C079,ENROLLED_IN
S0355,C079,ENROLLED_IN
S0037,C079,ENROLLED_IN
S0792,C079,ENROLLED_IN
S0808,C079,ENROLLED_IN
S0923,C079,ENROLLED_IN
S0668,C079,ENROLLED_IN
S0666,C079,ENROLLED_IN
S0292,C079,ENROLLED_IN
S0286,C079,ENROLLED_IN
S0994,C079,ENROLLED_IN
S0309,C079,ENROLLED_IN
S0034,C079,ENROLLED_IN
S0326,C079,ENROLLED_IN
S0049,C079,ENROLLED_IN
S0508,C079,ENROLLED_IN
S0683,C079,ENROLLED_IN
S0526,C079,ENROLLED_IN
S0481,C079,ENROLLED_IN
S0169,C079,ENROLLED_IN
S0514,C079,ENROLLED_IN
S0752,C079,ENROLLED_IN
S0723,C079,ENROLLED_IN
S0888,C079,ENROLLED_IN
S0670,C079,ENROLLED_IN
S0974,C079,ENROLLED_IN
S0281,C079,ENROLLED_IN
S0248,C079,ENROLLED_IN
S0139,C079,ENROLLED_IN
S0261,C079,ENROLLED_IN
S0736,C079,ENROLLED_IN
S0618,C079,ENROLLED_IN
S0838,C079,ENROLLED_IN
S0141,C079,ENROLLED_IN
S0106,C079,ENROLLED_IN
S0157,C079,ENROLLED_IN
S0132,C079,ENROLLED_IN
S0566,C079,ENROLLED_IN
S0313,C079,ENROLLED_IN
S0362,C079,ENROLLED_IN
S0512,C079,ENROLLED_IN
S0369,C079,ENROLLED_IN
S0084,C079,ENROLLED_IN
S0318,C079,ENROLLED_IN
S0467,C079,ENROLLED_IN
S0165,C079,ENROLLED_IN
S0098,C079,ENROLLED_IN
S0761,C079,ENROLLED_IN
S0176,C079,ENROLLED_IN
S0145,C079,ENROLLED_IN
S0578,C079,ENROLLED_IN
S0323,C079,ENROLLED_IN
S0423,C079,ENROLLED_IN
S0653,C079,ENROLLED_IN
S0498,C079,ENROLLED_IN
S0829,C079,ENROLLED_IN
S0963,C079,ENROLLED_IN
S0284,C079,ENROLLED_IN
S0592,C079,ENROLLED_IN
S0626,C079,ENROLLED_IN
S0202,C079,ENROLLED_IN
S0132,C080,ENROLLED_IN
S0561,C080,ENROLLED_IN
S0058,C080,ENROLLED_IN
S0731,C080,ENROLLED_IN
S0095,C080,ENROLLED_IN
S0846,C080,ENROLLED_IN
S0626,C080,ENROLLED_IN
S0017,C080,ENROLLED_IN
S0341,C080,ENROLLED_IN
S0219,C080,ENROLLED_IN
S0119,C080,ENROLLED_IN
S0258,C080,ENROLLED_IN
S0323,C080,ENROLLED_IN
S0304,C080,ENROLLED_IN
S0117,C080,ENROLLED_IN
S0011,C080,ENROLLED_IN
S0240,C080,ENROLLED_IN
S0708,C080,ENROLLED_IN
S0233,C080,ENROLLED_IN
S0412,C080,ENROLLED_IN
S0573,C080,ENROLLED_IN
S0970,C080,ENROLLED_IN
S0347,C080,ENROLLED_IN
S0823,C080,ENROLLED_IN
S0040,C080,ENROLLED_IN
S0952,C080,ENROLLED_IN
S0330,C080,ENROLLED_IN
S0395,C080,ENROLLED_IN
S0814,C080,ENROLLED_IN
S0084,C080,ENROLLED_IN
S0147,C080,ENROLLED_IN
S0411,C080,ENROLLED_IN
S0770,C080,ENROLLED_IN
S0436,C080,ENROLLED_IN
S0715,C080,ENROLLED_IN
S0891,C080,ENROLLED_IN
S0531,C080,ENROLLED_IN
S0768,C080,ENROLLED_IN
S0387,C080,ENROLLED_IN
S0448,C080,ENROLLED_IN
S0726,C080,ENROLLED_IN
S0868,C080,ENROLLED_IN
S0894,C080,ENROLLED_IN
S0838,C080,ENROLLED_IN
S0050,C080,ENROLLED_IN
S0860,C080,ENROLLED_IN
S0943,C080,ENROLLED_IN
S0154,C080,ENROLLED_IN
S0165,C080,ENROLLED_IN
S0179,C080,ENROLLED_IN
S0004,C080,ENROLLED_IN
S0792,C080,ENROLLED_IN
S0777,C080,ENROLLED_IN
S0544,C080,ENROLLED_IN
S0048,C080,ENROLLED_IN
S0294,C080,ENROLLED_IN
S0508,C080,ENROLLED_IN
S0521,C080,ENROLLED_IN
S0622,C080,ENROLLED_IN
S0663,C080,ENROLLED_IN
S0966,C080,ENROLLED_IN
S0172,C080,ENROLLED_IN
S0098,C080,ENROLLED_IN
S0194,C080,ENROLLED_IN
S0509,C080,ENROLLED_IN
S0037,C080,ENROLLED_IN
S0224,C080,ENROLLED_IN
S0146,C080,ENROLLED_IN
S0872,C080,ENROLLED_IN
S0276,C080,ENROLLED_IN
S0847,C080,ENROLLED_IN
S0758,C080,ENROLLED_IN
S0213,C080,ENROLLED_IN
S0231,C080,ENROLLED_IN
S0051,C080,ENROLLED_IN
S0428,C080,ENROLLED_IN
S0764,C080,ENROLLED_IN
S0595,C080,ENROLLED_IN
S0088,C080,ENROLLED_IN
S0590,C080,ENROLLED_IN
S0054,C080,ENROLLED_IN
S0912,C080,ENROLLED_IN
S0010,C080,ENROLLED_IN
S0226,C080,ENROLLED_IN
S0629,C080,ENROLLED_IN
S0338,C080,ENROLLED_IN
S0318,C080,ENROLLED_IN
S0753,C080,ENROLLED_IN
S0529,C080,ENROLLED_IN
S0122,C080,ENROLLED_IN
S0141,C080,ENROLLED_IN
S0487,C080,ENROLLED_IN
S0716,C080,ENROLLED_IN
S0173,C080,ENROLLED_IN
S0405,C081,ENROLLED_IN
S0829,C081,ENROLLED_IN
S0105,C081,ENROLLED_IN
S0463,C081,ENROLLED_IN
S0435,C081,ENROLLED_IN
S0231,C081,ENROLLED_IN
S0494,C081,ENROLLED_IN
S0989,C081,ENROLLED_IN
S0956,C081,ENROLLED_IN
S0049,C081,ENROLLED_IN
S0131,C081,ENROLLED_IN
S0461,C081,ENROLLED_IN
S0955,C081,ENROLLED_IN
S0549,C081,ENROLLED_IN
S0238,C081,ENROLLED_IN
S0302,C081,ENROLLED_IN
S0116,C081,ENROLLED_IN
S0193,C081,ENROLLED_IN
S0512,C081,ENROLLED_IN
S0586,C081,ENROLLED_IN
S0924,C081,ENROLLED_IN
S0075,C081,ENROLLED_IN
S0225,C081,ENROLLED_IN
S0282,C081,ENROLLED_IN
S0919,C081,ENROLLED_IN
S0839,C081,ENROLLED_IN
S0324,C081,ENROLLED_IN
S0335,C081,ENROLLED_IN
S0317,C081,ENROLLED_IN
S0768,C081,ENROLLED_IN
S0469,C081,ENROLLED_IN
S0664,C081,ENROLLED_IN
S0061,C081,ENROLLED_IN
S0860,C081,ENROLLED_IN
S0046,C081,ENROLLED_IN
S0979,C081,ENROLLED_IN
S0855,C081,ENROLLED_IN
S0040,C081,ENROLLED_IN
S0898,C081,ENROLLED_IN
S0224,C081,ENROLLED_IN
S0980,C081,ENROLLED_IN
S0833,C081,ENROLLED_IN
S0612,C081,ENROLLED_IN
S0835,C081,ENROLLED_IN
S0724,C081,ENROLLED_IN
S0003,C081,ENROLLED_IN
S0423,C081,ENROLLED_IN
S0822,C081,ENROLLED_IN
S0876,C081,ENROLLED_IN
S0207,C081,ENROLLED_IN
S0309,C081,ENROLLED_IN
S0220,C081,ENROLLED_IN
S0837,C081,ENROLLED_IN
S0651,C081,ENROLLED_IN
S0151,C081,ENROLLED_IN
S0024,C081,ENROLLED_IN
S0781,C081,ENROLLED_IN
S0554,C081,ENROLLED_IN
S0899,C081,ENROLLED_IN
S0656,C081,ENROLLED_IN
S0988,C081,ENROLLED_IN
S0489,C081,ENROLLED_IN
S0845,C081,ENROLLED_IN
S0708,C081,ENROLLED_IN
S0321,C081,ENROLLED_IN
S0138,C081,ENROLLED_IN
S0725,C081,ENROLLED_IN
S0185,C081,ENROLLED_IN
S0895,C081,ENROLLED_IN
S0702,C081,ENROLLED_IN
S0632,C081,ENROLLED_IN
S0571,C081,ENROLLED_IN
S0032,C081,ENROLLED_IN
S0758,C081,ENROLLED_IN
S0815,C081,ENROLLED_IN
S0998,C081,ENROLLED_IN
S0092,C081,ENROLLED_IN
S0434,C081,ENROLLED_IN
S0311,C081,ENROLLED_IN
S0307,C081,ENROLLED_IN
S0484,C081,ENROLLED_IN
S0757,C081,ENROLLED_IN
S0164,C081,ENROLLED_IN
S0852,C081,ENROLLED_IN
S0086,C081,ENROLLED_IN
S0221,C082,ENROLLED_IN
S0818,C082,ENROLLED_IN
S0002,C082,ENROLLED_IN
S0695,C082,ENROLLED_IN
S0290,C082,ENROLLED_IN
S0414,C082,ENROLLED_IN
S0429,C082,ENROLLED_IN
S0038,C082,ENROLLED_IN
S0078,C082,ENROLLED_IN
S0474,C082,ENROLLED_IN
S0340,C082,ENROLLED_IN
S0359,C082,ENROLLED_IN
S0106,C082,ENROLLED_IN
S0979,C082,ENROLLED_IN
S0011,C082,ENROLLED_IN
S0516,C082,ENROLLED_IN
S0631,C082,ENROLLED_IN
S0673,C082,ENROLLED_IN
S0855,C082,ENROLLED_IN
S0331,C082,ENROLLED_IN
S0638,C082,ENROLLED_IN
S0794,C082,ENROLLED_IN
S0685,C082,ENROLLED_IN
S0806,C082,ENROLLED_IN
S0158,C082,ENROLLED_IN
S0085,C082,ENROLLED_IN
S0006,C082,ENROLLED_IN
S0886,C082,ENROLLED_IN
S0587,C082,ENROLLED_IN
S0507,C082,ENROLLED_IN
S0024,C082,ENROLLED_IN
S0199,C082,ENROLLED_IN
S0714,C082,ENROLLED_IN
S0258,C082,ENROLLED_IN
S0918,C082,ENROLLED_IN
S0816,C082,ENROLLED_IN
S0711,C082,ENROLLED_IN
S0517,C082,ENROLLED_IN
S0924,C082,ENROLLED_IN
S0935,C082,ENROLLED_IN
S0247,C082,ENROLLED_IN
S0231,C082,ENROLLED_IN
S0997,C082,ENROLLED_IN
S0103,C082,ENROLLED_IN
S0674,C082,ENROLLED_IN
S0446,C082,ENROLLED_IN
S0817,C082,ENROLLED_IN
S0489,C082,ENROLLED_IN
S0484,C082,ENROLLED_IN
S0224,C082,ENROLLED_IN
S0716,C082,ENROLLED_IN
S0274,C082,ENROLLED_IN
S0368,C082,ENROLLED_IN
S0683,C082,ENROLLED_IN
S0891,C082,ENROLLED_IN
S0439,C082,ENROLLED_IN
S0237,C082,ENROLLED_IN
S0168,C082,ENROLLED_IN
S0362,C082,ENROLLED_IN
S0502,C082,ENROLLED_IN
S0548,C082,ENROLLED_IN
S0634,C082,ENROLLED_IN
S0283,C082,ENROLLED_IN
S0710,C082,ENROLLED_IN
S0386,C082,ENROLLED_IN
S0726,C082,ENROLLED_IN
S0099,C082,ENROLLED_IN
S0391,C082,ENROLLED_IN
S0505,C082,ENROLLED_IN
S0101,C082,ENROLLED_IN
S0493,C082,ENROLLED_IN
S0957,C082,ENROLLED_IN
S0095,C082,ENROLLED_IN
S0797,C082,ENROLLED_IN
S0347,C082,ENROLLED_IN
S0424,C082,ENROLLED_IN
S0038,C083,ENROLLED_IN
S0485,C083,ENROLLED_IN
S0433,C083,ENROLLED_IN
S0454,C083,ENROLLED_IN
S0218,C083,ENROLLED_IN
S0915,C083,ENROLLED_IN
S0302,C083,ENROLLED_IN
S0024,C083,ENROLLED_IN
S0277,C083,ENROLLED_IN
S0034,C083,ENROLLED_IN
S0269,C083,ENROLLED_IN
S0025,C083,ENROLLED_IN
S0335,C083,ENROLLED_IN
S0928,C083,ENROLLED_IN
S0528,C083,ENROLLED_IN
S0694,C083,ENROLLED_IN
S0826,C083,ENROLLED_IN
S0553,C083,ENROLLED_IN
S0365,C083,ENROLLED_IN
S0014,C083,ENROLLED_IN
S0279,C083,ENROLLED_IN
S0351,C083,ENROLLED_IN
S0438,C083,ENROLLED_IN
S0758,C083,ENROLLED_IN
S0850,C083,ENROLLED_IN
S0011,C083,ENROLLED_IN
S0246,C083,ENROLLED_IN
S0975,C083,ENROLLED_IN
S0504,C083,ENROLLED_IN
S0622,C083,ENROLLED_IN
S0953,C083,ENROLLED_IN
S0170,C083,ENROLLED_IN
S0742,C083,ENROLLED_IN
S0101,C083,ENROLLED_IN
S0722,C083,ENROLLED_IN
S0436,C083,ENROLLED_IN
S0914,C083,ENROLLED_IN
S0744,C083,ENROLLED_IN
S0916,C083,ENROLLED_IN
S0614,C083,ENROLLED_IN
S0945,C083,ENROLLED_IN
S0236,C083,ENROLLED_IN
S0994,C083,ENROLLED_IN
S0933,C083,ENROLLED_IN
S0079,C083,ENROLLED_IN
S0482,C083,ENROLLED_IN
S0275,C083,ENROLLED_IN
S0061,C083,ENROLLED_IN
S0520,C083,ENROLLED_IN
S0688,C083,ENROLLED_IN
S0753,C083,ENROLLED_IN
S0901,C083,ENROLLED_IN
S0809,C083,ENROLLED_IN
S0855,C083,ENROLLED_IN
S0412,C083,ENROLLED_IN
S0649,C083,ENROLLED_IN
S0478,C083,ENROLLED_IN
S0751,C083,ENROLLED_IN
S0418,C083,ENROLLED_IN
S0501,C083,ENROLLED_IN
S0896,C083,ENROLLED_IN
S0326,C083,ENROLLED_IN
S0124,C083,ENROLLED_IN
S0198,C083,ENROLLED_IN
S0480,C083,ENROLLED_IN
S0161,C083,ENROLLED_IN
S0456,C083,ENROLLED_IN
S0738,C083,ENROLLED_IN
S0626,C083,ENROLLED_IN
S0884,C083,ENROLLED_IN
S0565,C083,ENROLLED_IN
S0427,C083,ENROLLED_IN
S0003,C083,ENROLLED_IN
S0374,C083,ENROLLED_IN
S0020,C084,ENROLLED_IN
S0761,C084,ENROLLED_IN
S0545,C084,ENROLLED_IN
S0296,C084,ENROLLED_IN
S0212,C084,ENROLLED_IN
S0379,C084,ENROLLED_IN
S0265,C084,ENROLLED_IN
S0139,C084,ENROLLED_IN
S0997,C084,ENROLLED_IN
S0522,C084,ENROLLED_IN
S0685,C084,ENROLLED_IN
S0576,C084,ENROLLED_IN
S0960,C084,ENROLLED_IN
S0728,C084,ENROLLED_IN
S0710,C084,ENROLLED_IN
S0716,C084,ENROLLED_IN
S0953,C084,ENROLLED_IN
S0612,C084,ENROLLED_IN
S0501,C084,ENROLLED_IN
S0250,C084,ENROLLED_IN
S0634,C084,ENROLLED_IN
S0515,C084,ENROLLED_IN
S0258,C084,ENROLLED_IN
S0293,C084,ENROLLED_IN
S0001,C084,ENROLLED_IN
S0388,C084,ENROLLED_IN
S0743,C084,ENROLLED_IN
S0308,C084,ENROLLED_IN
S0589,C084,ENROLLED_IN
S0553,C084,ENROLLED_IN
S0938,C084,ENROLLED_IN
S0785,C084,ENROLLED_IN
S0837,C084,ENROLLED_IN
S0161,C084,ENROLLED_IN
S0933,C084,ENROLLED_IN
S0082,C084,ENROLLED_IN
S0102,C084,ENROLLED_IN
S0315,C084,ENROLLED_IN
S0153,C084,ENROLLED_IN
S0469,C084,ENROLLED_IN
S0744,C084,ENROLLED_IN
S0661,C084,ENROLLED_IN
S0506,C084,ENROLLED_IN
S0457,C084,ENROLLED_IN
S0904,C084,ENROLLED_IN
S0448,C084,ENROLLED_IN
S0512,C084,ENROLLED_IN
S0404,C084,ENROLLED_IN
S0358,C084,ENROLLED_IN
S0833,C084,ENROLLED_IN
S0517,C084,ENROLLED_IN
S0105,C084,ENROLLED_IN
S0149,C084,ENROLLED_IN
S0643,C084,ENROLLED_IN
S0397,C084,ENROLLED_IN
S0967,C084,ENROLLED_IN
S0523,C084,ENROLLED_IN
S0746,C084,ENROLLED_IN
S0768,C084,ENROLLED_IN
S0665,C084,ENROLLED_IN
S0530,C084,ENROLLED_IN
S0410,C084,ENROLLED_IN
S0863,C084,ENROLLED_IN
S0874,C084,ENROLLED_IN
S0630,C084,ENROLLED_IN
S0932,C084,ENROLLED_IN
S0120,C084,ENROLLED_IN
S0440,C084,ENROLLED_IN
S0285,C084,ENROLLED_IN
S0961,C084,ENROLLED_IN
S0393,C084,ENROLLED_IN
S0403,C084,ENROLLED_IN
S0645,C084,ENROLLED_IN
S0563,C084,ENROLLED_IN
S0708,C084,ENROLLED_IN
S0724,C084,ENROLLED_IN
S0864,C084,ENROLLED_IN
S0817,C084,ENROLLED_IN
S0309,C084,ENROLLED_IN
S0146,C084,ENROLLED_IN
S0524,C084,ENROLLED_IN
S0498,C084,ENROLLED_IN
S0423,C084,ENROLLED_IN
S0991,C084,ENROLLED_IN
S0097,C084,ENROLLED_IN
S0889,C084,ENROLLED_IN
S0628,C084,ENROLLED_IN
S0108,C084,ENROLLED_IN
S0701,C084,ENROLLED_IN
S0669,C084,ENROLLED_IN
S0365,C084,ENROLLED_IN
S0923,C084,ENROLLED_IN
S0356,C084,ENROLLED_IN
S0778,C084,ENROLLED_IN
S0919,C084,ENROLLED_IN
S0262,C084,ENROLLED_IN
S0543,C084,ENROLLED_IN
S0298,C084,ENROLLED_IN
S0934,C085,ENROLLED_IN
S0347,C085,ENROLLED_IN
S0599,C085,ENROLLED_IN
S0619,C085,ENROLLED_IN
S0165,C085,ENROLLED_IN
S0649,C085,ENROLLED_IN
S0039,C085,ENROLLED_IN
S0759,C085,ENROLLED_IN
S0556,C085,ENROLLED_IN
S0902,C085,ENROLLED_IN
S0268,C085,ENROLLED_IN
S0126,C085,ENROLLED_IN
S0324,C085,ENROLLED_IN
S0476,C085,ENROLLED_IN
S0390,C085,ENROLLED_IN
S0931,C085,ENROLLED_IN
S0575,C085,ENROLLED_IN
S0669,C085,ENROLLED_IN
S0666,C085,ENROLLED_IN
S0055,C085,ENROLLED_IN
S0749,C085,ENROLLED_IN
S0418,C085,ENROLLED_IN
S0186,C085,ENROLLED_IN
S0088,C085,ENROLLED_IN
S0571,C085,ENROLLED_IN
S0188,C085,ENROLLED_IN
S0078,C085,ENROLLED_IN
S0345,C085,ENROLLED_IN
S0132,C085,ENROLLED_IN
S0927,C085,ENROLLED_IN
S0757,C085,ENROLLED_IN
S0594,C085,ENROLLED_IN
S0530,C085,ENROLLED_IN
S0804,C085,ENROLLED_IN
S0316,C085,ENROLLED_IN
S0466,C085,ENROLLED_IN
S0367,C085,ENROLLED_IN
S0616,C085,ENROLLED_IN
S0677,C085,ENROLLED_IN
S0592,C085,ENROLLED_IN
S0315,C085,ENROLLED_IN
S0835,C085,ENROLLED_IN
S0370,C085,ENROLLED_IN
S0479,C085,ENROLLED_IN
S0108,C085,ENROLLED_IN
S0756,C085,ENROLLED_IN
S0245,C085,ENROLLED_IN
S0264,C085,ENROLLED_IN
S0584,C085,ENROLLED_IN
S0362,C085,ENROLLED_IN
S0177,C085,ENROLLED_IN
S0249,C085,ENROLLED_IN
S0166,C085,ENROLLED_IN
S0441,C085,ENROLLED_IN
S0507,C085,ENROLLED_IN
S0241,C085,ENROLLED_IN
S0930,C085,ENROLLED_IN
S0300,C085,ENROLLED_IN
S0225,C085,ENROLLED_IN
S0085,C085,ENROLLED_IN
S0445,C085,ENROLLED_IN
S0636,C085,ENROLLED_IN
S0318,C085,ENROLLED_IN
S0388,C085,ENROLLED_IN
S0086,C085,ENROLLED_IN
S0513,C085,ENROLLED_IN
S0130,C085,ENROLLED_IN
S0098,C085,ENROLLED_IN
S0214,C085,ENROLLED_IN
S0865,C085,ENROLLED_IN
S0996,C085,ENROLLED_IN
S0435,C085,ENROLLED_IN
S0289,C085,ENROLLED_IN
S0593,C085,ENROLLED_IN
S0885,C085,ENROLLED_IN
S0983,C085,ENROLLED_IN
S0632,C085,ENROLLED_IN
S0187,C085,ENROLLED_IN
S0195,C085,ENROLLED_IN
S0623,C085,ENROLLED_IN
S0171,C085,ENROLLED_IN
S0328,C085,ENROLLED_IN
S0509,C085,ENROLLED_IN
S0144,C085,ENROLLED_IN
S0764,C085,ENROLLED_IN
S0618,C085,ENROLLED_IN
S0221,C085,ENROLLED_IN
S0228,C085,ENROLLED_IN
S0642,C085,ENROLLED_IN
S0727,C085,ENROLLED_IN
S0842,C085,ENROLLED_IN
S0760,C085,ENROLLED_IN
S0266,C085,ENROLLED_IN
S0154,C085,ENROLLED_IN
S0007,C085,ENROLLED_IN
S0559,C085,ENROLLED_IN
S0205,C086,ENROLLED_IN
S0418,C086,ENROLLED_IN
S0190,C086,ENROLLED_IN
S0880,C086,ENROLLED_IN
S0672,C086,ENROLLED_IN
S0290,C086,ENROLLED_IN
S0931,C086,ENROLLED_IN
S0991,C086,ENROLLED_IN
S0659,C086,ENROLLED_IN
S0837,C086,ENROLLED_IN
S0390,C086,ENROLLED_IN
S0370,C086,ENROLLED_IN
S0403,C086,ENROLLED_IN
S0092,C086,ENROLLED_IN
S0124,C086,ENROLLED_IN
S0005,C086,ENROLLED_IN
S0630,C086,ENROLLED_IN
S0429,C086,ENROLLED_IN
S0169,C086,ENROLLED_IN
S0808,C086,ENROLLED_IN
S0903,C086,ENROLLED_IN
S0660,C086,ENROLLED_IN
S0679,C086,ENROLLED_IN
S0112,C086,ENROLLED_IN
S0094,C086,ENROLLED_IN
S0399,C086,ENROLLED_IN
S0307,C086,ENROLLED_IN
S0363,C086,ENROLLED_IN
S0751,C086,ENROLLED_IN
S0589,C086,ENROLLED_IN
S0430,C086,ENROLLED_IN
S0164,C086,ENROLLED_IN
S0261,C086,ENROLLED_IN
S0919,C086,ENROLLED_IN
S0992,C086,ENROLLED_IN
S0455,C086,ENROLLED_IN
S0188,C086,ENROLLED_IN
S0127,C086,ENROLLED_IN
S0911,C086,ENROLLED_IN
S0059,C086,ENROLLED_IN
S0608,C086,ENROLLED_IN
S0746,C087,ENROLLED_IN
S0024,C087,ENROLLED_IN
S0654,C087,ENROLLED_IN
S0126,C087,ENROLLED_IN
S0566,C087,ENROLLED_IN
S0029,C087,ENROLLED_IN
S0833,C087,ENROLLED_IN
S0378,C087,ENROLLED_IN
S0373,C087,ENROLLED_IN
S0875,C087,ENROLLED_IN
S0513,C087,ENROLLED_IN
S0762,C087,ENROLLED_IN
S0334,C087,ENROLLED_IN
S0562,C087,ENROLLED_IN
S0888,C087,ENROLLED_IN
S0550,C087,ENROLLED_IN
S0258,C087,ENROLLED_IN
S0588,C087,ENROLLED_IN
S0535,C087,ENROLLED_IN
S0600,C087,ENROLLED_IN
S0286,C087,ENROLLED_IN
S0318,C087,ENROLLED_IN
S0153,C087,ENROLLED_IN
S0972,C087,ENROLLED_IN
S0147,C087,ENROLLED_IN
S0749,C087,ENROLLED_IN
S0243,C087,ENROLLED_IN
S0632,C087,ENROLLED_IN
S0445,C087,ENROLLED_IN
S0998,C087,ENROLLED_IN
S0826,C087,ENROLLED_IN
S0618,C087,ENROLLED_IN
S0177,C087,ENROLLED_IN
S0091,C087,ENROLLED_IN
S0909,C087,ENROLLED_IN
S0218,C087,ENROLLED_IN
S0097,C087,ENROLLED_IN
S0699,C087,ENROLLED_IN
S0495,C087,ENROLLED_IN
S0201,C087,ENROLLED_IN
S0300,C087,ENROLLED_IN
S0748,C087,ENROLLED_IN
S0180,C087,ENROLLED_IN
S0038,C087,ENROLLED_IN
S0838,C087,ENROLLED_IN
S0379,C087,ENROLLED_IN
S0272,C087,ENROLLED_IN
S0083,C087,ENROLLED_IN
S0626,C087,ENROLLED_IN
S0449,C087,ENROLLED_IN
S0904,C087,ENROLLED_IN
S0965,C087,ENROLLED_IN
S0945,C087,ENROLLED_IN
S0118,C087,ENROLLED_IN
S0069,C087,ENROLLED_IN
S0688,C087,ENROLLED_IN
S0261,C087,ENROLLED_IN
S0638,C087,ENROLLED_IN
S0581,C087,ENROLLED_IN
S0763,C087,ENROLLED_IN
S0846,C087,ENROLLED_IN
S0601,C087,ENROLLED_IN
S0418,C087,ENROLLED_IN
S0463,C087,ENROLLED_IN
S0501,C087,ENROLLED_IN
S0314,C087,ENROLLED_IN
S0409,C087,ENROLLED_IN
S0635,C087,ENROLLED_IN
S0113,C087,ENROLLED_IN
S0238,C087,ENROLLED_IN
S0877,C087,ENROLLED_IN
S0547,C087,ENROLLED_IN
S0288,C087,ENROLLED_IN
S0169,C087,ENROLLED_IN
S0771,C087,ENROLLED_IN
S0606,C088,ENROLLED_IN
S0685,C088,ENROLLED_IN
S0648,C088,ENROLLED_IN
S0992,C088,ENROLLED_IN
S0051,C088,ENROLLED_IN
S0436,C088,ENROLLED_IN
S0195,C088,ENROLLED_IN
S0623,C088,ENROLLED_IN
S0815,C088,ENROLLED_IN
S0418,C088,ENROLLED_IN
S0469,C088,ENROLLED_IN
S0778,C088,ENROLLED_IN
S0708,C088,ENROLLED_IN
S0378,C088,ENROLLED_IN
S0832,C088,ENROLLED_IN
S0959,C088,ENROLLED_IN
S0331,C088,ENROLLED_IN
S0875,C088,ENROLLED_IN
S0857,C088,ENROLLED_IN
S0404,C088,ENROLLED_IN
S0505,C088,ENROLLED_IN
S0570,C088,ENROLLED_IN
S0118,C088,ENROLLED_IN
S0498,C088,ENROLLED_IN
S0259,C088,ENROLLED_IN
S0166,C088,ENROLLED_IN
S0144,C088,ENROLLED_IN
S0280,C088,ENROLLED_IN
S0565,C088,ENROLLED_IN
S0884,C088,ENROLLED_IN
S0306,C088,ENROLLED_IN
S0454,C088,ENROLLED_IN
S0107,C088,ENROLLED_IN
S0517,C088,ENROLLED_IN
S0674,C088,ENROLLED_IN
S0002,C088,ENROLLED_IN
S0190,C088,ENROLLED_IN
S0403,C088,ENROLLED_IN
S0979,C088,ENROLLED_IN
S0068,C088,ENROLLED_IN
S0551,C088,ENROLLED_IN
S0546,C088,ENROLLED_IN
S0673,C088,ENROLLED_IN
S0790,C088,ENROLLED_IN
S0158,C088,ENROLLED_IN
S0300,C088,ENROLLED_IN
S0258,C088,ENROLLED_IN
S0008,C088,ENROLLED_IN
S0062,C088,ENROLLED_IN
S0414,C088,ENROLLED_IN
S0214,C088,ENROLLED_IN
S0296,C088,ENROLLED_IN
S0891,C088,ENROLLED_IN
S0997,C088,ENROLLED_IN
S0317,C088,ENROLLED_IN
S0549,C088,ENROLLED_IN
S0881,C088,ENROLLED_IN
S0851,C088,ENROLLED_IN
S0603,C088,ENROLLED_IN
S0088,C088,ENROLLED_IN
S0628,C088,ENROLLED_IN
S0294,C088,ENROLLED_IN
S0039,C088,ENROLLED_IN
S0613,C088,ENROLLED_IN
S0261,C088,ENROLLED_IN
S0310,C088,ENROLLED_IN
S0155,C088,ENROLLED_IN
S0536,C088,ENROLLED_IN
S0470,C088,ENROLLED_IN
S0854,C088,ENROLLED_IN
S0749,C088,ENROLLED_IN
S0757,C088,ENROLLED_IN
S0059,C088,ENROLLED_IN
S0311,C088,ENROLLED_IN
S0956,C088,ENROLLED_IN
S0121,C088,ENROLLED_IN
S0511,C088,ENROLLED_IN
S0318,C088,ENROLLED_IN
S0736,C088,ENROLLED_IN
S0345,C089,ENROLLED_IN
S0413,C089,ENROLLED_IN
S0807,C089,ENROLLED_IN
S0721,C089,ENROLLED_IN
S0841,C089,ENROLLED_IN
S0723,C089,ENROLLED_IN
S0450,C089,ENROLLED_IN
S0290,C089,ENROLLED_IN
S0014,C089,ENROLLED_IN
S0025,C089,ENROLLED_IN
S0279,C089,ENROLLED_IN
S0048,C089,ENROLLED_IN
S0884,C089,ENROLLED_IN
S0668,C089,ENROLLED_IN
S0100,C089,ENROLLED_IN
S0746,C089,ENROLLED_IN
S0554,C089,ENROLLED_IN
S0302,C089,ENROLLED_IN
S0373,C089,ENROLLED_IN
S0339,C089,ENROLLED_IN
S0483,C089,ENROLLED_IN
S0768,C089,ENROLLED_IN
S0399,C089,ENROLLED_IN
S0129,C089,ENROLLED_IN
S0923,C089,ENROLLED_IN
S0933,C089,ENROLLED_IN
S0385,C089,ENROLLED_IN
S0761,C089,ENROLLED_IN
S0897,C089,ENROLLED_IN
S0506,C089,ENROLLED_IN
S0527,C089,ENROLLED_IN
S0817,C089,ENROLLED_IN
S0951,C089,ENROLLED_IN
S0167,C089,ENROLLED_IN
S0896,C089,ENROLLED_IN
S0963,C089,ENROLLED_IN
S0480,C089,ENROLLED_IN
S0953,C089,ENROLLED_IN
S0825,C089,ENROLLED_IN
S0638,C089,ENROLLED_IN
S0937,C089,ENROLLED_IN
S0935,C089,ENROLLED_IN
S0313,C089,ENROLLED_IN
S0955,C089,ENROLLED_IN
S0320,C089,ENROLLED_IN
S0847,C089,ENROLLED_IN
S0525,C089,ENROLLED_IN
S0655,C089,ENROLLED_IN
S0667,C089,ENROLLED_IN
S0850,C089,ENROLLED_IN
S0404,C089,ENROLLED_IN
S0628,C089,ENROLLED_IN
S0217,C089,ENROLLED_IN
S0819,C089,ENROLLED_IN
S0084,C089,ENROLLED_IN
S0703,C089,ENROLLED_IN
S0905,C089,ENROLLED_IN
S0730,C089,ENROLLED_IN
S0763,C089,ENROLLED_IN
S0915,C089,ENROLLED_IN
S0246,C089,ENROLLED_IN
S0358,C089,ENROLLED_IN
S0188,C089,ENROLLED_IN
S0052,C089,ENROLLED_IN
S0227,C089,ENROLLED_IN
S0307,C089,ENROLLED_IN
S0308,C089,ENROLLED_IN
S0175,C089,ENROLLED_IN
S0766,C089,ENROLLED_IN
S0563,C089,ENROLLED_IN
S0389,C089,ENROLLED_IN
S0350,C089,ENROLLED_IN
S0834,C089,ENROLLED_IN
S0364,C089,ENROLLED_IN
S0296,C089,ENROLLED_IN
S0226,C089,ENROLLED_IN
S0965,C089,ENROLLED_IN
S0869,C089,ENROLLED_IN
S0808,C089,ENROLLED_IN
S0751,C089,ENROLLED_IN
S0727,C089,ENROLLED_IN
S0518,C089,ENROLLED_IN
S0922,C089,ENROLLED_IN
S0105,C089,ENROLLED_IN
S0930,C089,ENROLLED_IN
S0508,C089,ENROLLED_IN
S0055,C089,ENROLLED_IN
S0587,C089,ENROLLED_IN
S0322,C089,ENROLLED_IN
S0916,C089,ENROLLED_IN
S0710,C089,ENROLLED_IN
S0444,C090,ENROLLED_IN
S0004,C090,ENROLLED_IN
S0688,C090,ENROLLED_IN
S0832,C090,ENROLLED_IN
S0925,C090,ENROLLED_IN
S0515,C090,ENROLLED_IN
S0371,C090,ENROLLED_IN
S0446,C090,ENROLLED_IN
S0878,C090,ENROLLED_IN
S0562,C090,ENROLLED_IN
S0889,C090,ENROLLED_IN
S0563,C090,ENROLLED_IN
S0600,C090,ENROLLED_IN
S0121,C090,ENROLLED_IN
S0946,C090,ENROLLED_IN
S0721,C090,ENROLLED_IN
S0858,C090,ENROLLED_IN
S0644,C090,ENROLLED_IN
S0819,C090,ENROLLED_IN
S0097,C090,ENROLLED_IN
S0843,C090,ENROLLED_IN
S0544,C090,ENROLLED_IN
S0410,C090,ENROLLED_IN
S0844,C090,ENROLLED_IN
S0046,C090,ENROLLED_IN
S0421,C090,ENROLLED_IN
S0561,C090,ENROLLED_IN
S0138,C090,ENROLLED_IN
S0986,C090,ENROLLED_IN
S0005,C090,ENROLLED_IN
S0160,C090,ENROLLED_IN
S0374,C090,ENROLLED_IN
S0958,C090,ENROLLED_IN
S0015,C090,ENROLLED_IN
S0838,C090,ENROLLED_IN
S0938,C090,ENROLLED_IN
S0108,C090,ENROLLED_IN
S0139,C090,ENROLLED_IN
S0401,C090,ENROLLED_IN
S0949,C090,ENROLLED_IN
S0788,C090,ENROLLED_IN
S0313,C090,ENROLLED_IN
S0826,C090,ENROLLED_IN
S0156,C090,ENROLLED_IN
S0105,C090,ENROLLED_IN
S0616,C090,ENROLLED_IN
S0462,C090,ENROLLED_IN
S0176,C090,ENROLLED_IN
S0368,C090,ENROLLED_IN
S0735,C090,ENROLLED_IN
S0537,C090,ENROLLED_IN
S0500,C090,ENROLLED_IN
S0951,C090,ENROLLED_IN
S0626,C091,ENROLLED_IN
S0288,C091,ENROLLED_IN
S0568,C091,ENROLLED_IN
S0832,C091,ENROLLED_IN
S0926,C091,ENROLLED_IN
S0517,C091,ENROLLED_IN
S0965,C091,ENROLLED_IN
S0538,C091,ENROLLED_IN
S0164,C091,ENROLLED_IN
S0265,C091,ENROLLED_IN
S0741,C091,ENROLLED_IN
S0473,C091,ENROLLED_IN
S0976,C091,ENROLLED_IN
S0532,C091,ENROLLED_IN
S0830,C091,ENROLLED_IN
S0687,C091,ENROLLED_IN
S0848,C091,ENROLLED_IN
S0324,C091,ENROLLED_IN
S0937,C091,ENROLLED_IN
S0163,C091,ENROLLED_IN
S0820,C091,ENROLLED_IN
S0310,C091,ENROLLED_IN
S0466,C091,ENROLLED_IN
S0692,C091,ENROLLED_IN
S0067,C091,ENROLLED_IN
S0549,C091,ENROLLED_IN
S0669,C091,ENROLLED_IN
S0030,C091,ENROLLED_IN
S0321,C091,ENROLLED_IN
S0900,C091,ENROLLED_IN
S0562,C091,ENROLLED_IN
S0742,C091,ENROLLED_IN
S0854,C091,ENROLLED_IN
S0089,C091,ENROLLED_IN
S0846,C091,ENROLLED_IN
S0952,C091,ENROLLED_IN
S0184,C091,ENROLLED_IN
S0258,C091,ENROLLED_IN
S0776,C091,ENROLLED_IN
S0279,C091,ENROLLED_IN
S0750,C091,ENROLLED_IN
S0694,C091,ENROLLED_IN
S0341,C091,ENROLLED_IN
S0093,C091,ENROLLED_IN
S0736,C091,ENROLLED_IN
S0908,C091,ENROLLED_IN
S0933,C091,ENROLLED_IN
S0551,C091,ENROLLED_IN
S0492,C091,ENROLLED_IN
S0718,C091,ENROLLED_IN
S0160,C091,ENROLLED_IN
S0757,C091,ENROLLED_IN
S0763,C091,ENROLLED_IN
S0890,C091,ENROLLED_IN
S0686,C091,ENROLLED_IN
S0099,C091,ENROLLED_IN
S0991,C091,ENROLLED_IN
S0203,C091,ENROLLED_IN
S0166,C091,ENROLLED_IN
S0180,C091,ENROLLED_IN
S0151,C091,ENROLLED_IN
S0012,C091,ENROLLED_IN
S0435,C091,ENROLLED_IN
S0161,C091,ENROLLED_IN
S0046,C091,ENROLLED_IN
S0831,C091,ENROLLED_IN
S0413,C091,ENROLLED_IN
S0703,C091,ENROLLED_IN
S0434,C091,ENROLLED_IN
S0659,C091,ENROLLED_IN
S0336,C091,ENROLLED_IN
S1000,C091,ENROLLED_IN
S0880,C091,ENROLLED_IN
S0781,C091,ENROLLED_IN
S0316,C091,ENROLLED_IN
S0137,C091,ENROLLED_IN
S0217,C091,ENROLLED_IN
S0243,C091,ENROLLED_IN
S0528,C091,ENROLLED_IN
S0227,C091,ENROLLED_IN
S0613,C091,ENROLLED_IN
S0708,C091,ENROLLED_IN
S0917,C091,ENROLLED_IN
S0119,C091,ENROLLED_IN
S0054,C091,ENROLLED_IN
S0031,C091,ENROLLED_IN
S0944,C091,ENROLLED_IN
S0390,C091,ENROLLED_IN
S0590,C091,ENROLLED_IN
S0964,C091,ENROLLED_IN
S0394,C091,ENROLLED_IN
S0840,C091,ENROLLED_IN
S0691,C091,ENROLLED_IN
S0992,C091,ENROLLED_IN
S0607,C091,ENROLLED_IN
S0045,C091,ENROLLED_IN
S0938,C091,ENROLLED_IN
S0031,C092,ENROLLED_IN
S0619,C092,ENROLLED_IN
S0756,C092,ENROLLED_IN
S0859,C092,ENROLLED_IN
S0137,C092,ENROLLED_IN
S0271,C092,ENROLLED_IN
S0531,C092,ENROLLED_IN
S0227,C092,ENROLLED_IN
S0207,C092,ENROLLED_IN
S0425,C092,ENROLLED_IN
S0536,C092,ENROLLED_IN
S0347,C092,ENROLLED_IN
S0805,C092,ENROLLED_IN
S0286,C092,ENROLLED_IN
S0860,C092,ENROLLED_IN
S0297,C092,ENROLLED_IN
S0925,C092,ENROLLED_IN
S0882,C092,ENROLLED_IN
S0566,C092,ENROLLED_IN
S0457,C092,ENROLLED_IN
S0702,C092,ENROLLED_IN
S0624,C092,ENROLLED_IN
S0485,C092,ENROLLED_IN
S0413,C092,ENROLLED_IN
S0146,C092,ENROLLED_IN
S0312,C092,ENROLLED_IN
S0976,C092,ENROLLED_IN
S0895,C092,ENROLLED_IN
S0700,C092,ENROLLED_IN
S0371,C092,ENROLLED_IN
S0581,C092,ENROLLED_IN
S0162,C092,ENROLLED_IN
S0187,C092,ENROLLED_IN
S0682,C092,ENROLLED_IN
S0489,C092,ENROLLED_IN
S0056,C092,ENROLLED_IN
S0198,C092,ENROLLED_IN
S0044,C092,ENROLLED_IN
S0900,C092,ENROLLED_IN
S0706,C092,ENROLLED_IN
S0218,C092,ENROLLED_IN
S0418,C092,ENROLLED_IN
S0738,C092,ENROLLED_IN
S0402,C092,ENROLLED_IN
S0331,C092,ENROLLED_IN
S0138,C092,ENROLLED_IN
S0837,C092,ENROLLED_IN
S0529,C092,ENROLLED_IN
S0481,C092,ENROLLED_IN
S0205,C092,ENROLLED_IN
S0822,C092,ENROLLED_IN
S0612,C092,ENROLLED_IN
S0953,C092,ENROLLED_IN
S0182,C092,ENROLLED_IN
S0128,C092,ENROLLED_IN
S0736,C092,ENROLLED_IN
S0560,C092,ENROLLED_IN
S0176,C092,ENROLLED_IN
S0450,C092,ENROLLED_IN
S0170,C092,ENROLLED_IN
S0632,C092,ENROLLED_IN
S0242,C092,ENROLLED_IN
S0219,C092,ENROLLED_IN
S0054,C092,ENROLLED_IN
S0109,C092,ENROLLED_IN
S0591,C092,ENROLLED_IN
S0115,C092,ENROLLED_IN
S0955,C092,ENROLLED_IN
S0035,C092,ENROLLED_IN
S0951,C092,ENROLLED_IN
S0430,C092,ENROLLED_IN
S0292,C092,ENROLLED_IN
S0155,C092,ENROLLED_IN
S0222,C092,ENROLLED_IN
S0863,C092,ENROLLED_IN
S0083,C092,ENROLLED_IN
S0503,C092,ENROLLED_IN
S0256,C092,ENROLLED_IN
S0775,C093,ENROLLED_IN
S0841,C093,ENROLLED_IN
S0013,C093,ENROLLED_IN
S0001,C093,ENROLLED_IN
S0712,C093,ENROLLED_IN
S0147,C093,ENROLLED_IN
S0604,C093,ENROLLED_IN
S0870,C093,ENROLLED_IN
S0717,C093,ENROLLED_IN
S0278,C093,ENROLLED_IN
S0824,C093,ENROLLED_IN
S0012,C093,ENROLLED_IN
S0654,C093,ENROLLED_IN
S0074,C093,ENROLLED_IN
S0601,C093,ENROLLED_IN
S0027,C093,ENROLLED_IN
S0452,C093,ENROLLED_IN
S0981,C093,ENROLLED_IN
S0965,C093,ENROLLED_IN
S0578,C093,ENROLLED_IN
S0266,C093,ENROLLED_IN
S0727,C093,ENROLLED_IN
S0400,C093,ENROLLED_IN
S0459,C093,ENROLLED_IN
S0488,C093,ENROLLED_IN
S0520,C093,ENROLLED_IN
S0177,C093,ENROLLED_IN
S0806,C093,ENROLLED_IN
S0552,C093,ENROLLED_IN
S0740,C093,ENROLLED_IN
S0385,C093,ENROLLED_IN
S0379,C093,ENROLLED_IN
S0645,C093,ENROLLED_IN
S0486,C093,ENROLLED_IN
S0030,C093,ENROLLED_IN
S0489,C093,ENROLLED_IN
S0506,C093,ENROLLED_IN
S0230,C093,ENROLLED_IN
S0948,C093,ENROLLED_IN
S0435,C093,ENROLLED_IN
S0693,C093,ENROLLED_IN
S0323,C093,ENROLLED_IN
S0187,C093,ENROLLED_IN
S0738,C093,ENROLLED_IN
S0465,C093,ENROLLED_IN
S0373,C093,ENROLLED_IN
S0503,C093,ENROLLED_IN
S0750,C093,ENROLLED_IN
S0335,C093,ENROLLED_IN
S0259,C093,ENROLLED_IN
S0123,C093,ENROLLED_IN
S0308,C093,ENROLLED_IN
S0958,C093,ENROLLED_IN
S0856,C093,ENROLLED_IN
S0858,C093,ENROLLED_IN
S0443,C093,ENROLLED_IN
S0382,C093,ENROLLED_IN
S0686,C093,ENROLLED_IN
S0499,C093,ENROLLED_IN
S0286,C093,ENROLLED_IN
S0149,C093,ENROLLED_IN
S0594,C093,ENROLLED_IN
S0028,C093,ENROLLED_IN
S0543,C093,ENROLLED_IN
S0851,C093,ENROLLED_IN
S0089,C093,ENROLLED_IN
S0683,C093,ENROLLED_IN
S0110,C093,ENROLLED_IN
S0258,C093,ENROLLED_IN
S0312,C093,ENROLLED_IN
S0364,C093,ENROLLED_IN
S0271,C093,ENROLLED_IN
S0872,C093,ENROLLED_IN
S0043,C093,ENROLLED_IN
S0035,C093,ENROLLED_IN
S0357,C093,ENROLLED_IN
S0587,C093,ENROLLED_IN
S0220,C093,ENROLLED_IN
S0115,C093,ENROLLED_IN
S0586,C093,ENROLLED_IN
S0862,C093,ENROLLED_IN
S0646,C093,ENROLLED_IN
S0300,C093,ENROLLED_IN
S0560,C093,ENROLLED_IN
S0792,C093,ENROLLED_IN
S0855,C093,ENROLLED_IN
S0794,C093,ENROLLED_IN
S0726,C093,ENROLLED_IN
S0821,C093,ENROLLED_IN
S0742,C093,ENROLLED_IN
S0418,C093,ENROLLED_IN
S0622,C093,ENROLLED_IN
S0588,C093,ENROLLED_IN
S0621,C093,ENROLLED_IN
S0810,C093,ENROLLED_IN
S0977,C093,ENROLLED_IN
S0593,C093,ENROLLED_IN
S0681,C093,ENROLLED_IN
S0401,C093,ENROLLED_IN
S0401,C094,ENROLLED_IN
S0104,C094,ENROLLED_IN
S0186,C094,ENROLLED_IN
S0789,C094,ENROLLED_IN
S0590,C094,ENROLLED_IN
S0297,C094,ENROLLED_IN
S0079,C094,ENROLLED_IN
S0905,C094,ENROLLED_IN
S0210,C094,ENROLLED_IN
S0521,C094,ENROLLED_IN
S0086,C094,ENROLLED_IN
S0059,C094,ENROLLED_IN
S0914,C094,ENROLLED_IN
S0200,C094,ENROLLED_IN
S0304,C094,ENROLLED_IN
S0628,C094,ENROLLED_IN
S0361,C094,ENROLLED_IN
S0726,C094,ENROLLED_IN
S0088,C094,ENROLLED_IN
S0467,C094,ENROLLED_IN
S0973,C094,ENROLLED_IN
S0143,C094,ENROLLED_IN
S0484,C094,ENROLLED_IN
S0822,C094,ENROLLED_IN
S0850,C094,ENROLLED_IN
S0843,C094,ENROLLED_IN
S0292,C094,ENROLLED_IN
S0433,C094,ENROLLED_IN
S0024,C094,ENROLLED_IN
S0824,C094,ENROLLED_IN
S0778,C094,ENROLLED_IN
S0804,C094,ENROLLED_IN
S0894,C094,ENROLLED_IN
S0881,C094,ENROLLED_IN
S0682,C094,ENROLLED_IN
S0126,C094,ENROLLED_IN
S0887,C094,ENROLLED_IN
S0955,C094,ENROLLED_IN
S0528,C094,ENROLLED_IN
S0490,C094,ENROLLED_IN
S0137,C094,ENROLLED_IN
S0237,C094,ENROLLED_IN
S0460,C094,ENROLLED_IN
S0532,C094,ENROLLED_IN
S0832,C094,ENROLLED_IN
S0219,C094,ENROLLED_IN
S0114,C094,ENROLLED_IN
S0946,C094,ENROLLED_IN
S0880,C094,ENROLLED_IN
S0069,C094,ENROLLED_IN
S0166,C094,ENROLLED_IN
S0556,C094,ENROLLED_IN
S0035,C094,ENROLLED_IN
S0838,C094,ENROLLED_IN
S0295,C095,ENROLLED_IN
S0465,C095,ENROLLED_IN
S0996,C095,ENROLLED_IN
S0138,C095,ENROLLED_IN
S0290,C095,ENROLLED_IN
S0798,C095,ENROLLED_IN
S0621,C095,ENROLLED_IN
S0505,C095,ENROLLED_IN
S0639,C095,ENROLLED_IN
S0335,C095,ENROLLED_IN
S0383,C095,ENROLLED_IN
S0693,C095,ENROLLED_IN
S0672,C095,ENROLLED_IN
S0576,C095,ENROLLED_IN
S0090,C095,ENROLLED_IN
S0299,C095,ENROLLED_IN
S0968,C095,ENROLLED_IN
S0438,C095,ENROLLED_IN
S0803,C095,ENROLLED_IN
S0892,C095,ENROLLED_IN
S0904,C095,ENROLLED_IN
S0347,C095,ENROLLED_IN
S0945,C095,ENROLLED_IN
S0873,C095,ENROLLED_IN
S0415,C095,ENROLLED_IN
S0902,C095,ENROLLED_IN
S0816,C095,ENROLLED_IN
S0990,C095,ENROLLED_IN
S0441,C095,ENROLLED_IN
S0974,C095,ENROLLED_IN
S0624,C095,ENROLLED_IN
S0574,C095,ENROLLED_IN
S0024,C095,ENROLLED_IN
S0083,C095,ENROLLED_IN
S0691,C095,ENROLLED_IN
S0082,C095,ENROLLED_IN
S0813,C095,ENROLLED_IN
S0279,C095,ENROLLED_IN
S0922,C095,ENROLLED_IN
S0553,C095,ENROLLED_IN
S0336,C095,ENROLLED_IN
S0826,C095,ENROLLED_IN
S0027,C095,ENROLLED_IN
S0063,C095,ENROLLED_IN
S0284,C095,ENROLLED_IN
S0654,C095,ENROLLED_IN
S0748,C095,ENROLLED_IN
S0717,C095,ENROLLED_IN
S0955,C095,ENROLLED_IN
S0756,C095,ENROLLED_IN
S0418,C095,ENROLLED_IN
S0526,C095,ENROLLED_IN
S0851,C095,ENROLLED_IN
S0423,C095,ENROLLED_IN
S0069,C095,ENROLLED_IN
S0132,C095,ENROLLED_IN
S0283,C095,ENROLLED_IN
S0152,C095,ENROLLED_IN
S0092,C096,ENROLLED_IN
S0090,C096,ENROLLED_IN
S0166,C096,ENROLLED_IN
S0026,C096,ENROLLED_IN
S0615,C096,ENROLLED_IN
S0661,C096,ENROLLED_IN
S0151,C096,ENROLLED_IN
S0056,C096,ENROLLED_IN
S0214,C096,ENROLLED_IN
S0259,C096,ENROLLED_IN
S0982,C096,ENROLLED_IN
S0343,C096,ENROLLED_IN
S0281,C096,ENROLLED_IN
S0635,C096,ENROLLED_IN
S0725,C096,ENROLLED_IN
S0357,C096,ENROLLED_IN
S0670,C096,ENROLLED_IN
S0811,C096,ENROLLED_IN
S0223,C096,ENROLLED_IN
S0542,C096,ENROLLED_IN
S0175,C096,ENROLLED_IN
S0715,C096,ENROLLED_IN
S0564,C097,ENROLLED_IN
S0964,C097,ENROLLED_IN
S0591,C097,ENROLLED_IN
S0443,C097,ENROLLED_IN
S0487,C097,ENROLLED_IN
S0223,C097,ENROLLED_IN
S0898,C097,ENROLLED_IN
S0469,C097,ENROLLED_IN
S0294,C097,ENROLLED_IN
S0897,C097,ENROLLED_IN
S0985,C097,ENROLLED_IN
S0051,C097,ENROLLED_IN
S0685,C097,ENROLLED_IN
S0183,C097,ENROLLED_IN
S0149,C097,ENROLLED_IN
S0124,C097,ENROLLED_IN
S0762,C097,ENROLLED_IN
S0154,C097,ENROLLED_IN
S0768,C097,ENROLLED_IN
S0963,C097,ENROLLED_IN
S0660,C097,ENROLLED_IN
S0281,C097,ENROLLED_IN
S0872,C097,ENROLLED_IN
S0042,C097,ENROLLED_IN
S0602,C097,ENROLLED_IN
S0816,C097,ENROLLED_IN
S0436,C097,ENROLLED_IN
S0171,C097,ENROLLED_IN
S0236,C097,ENROLLED_IN
S0029,C097,ENROLLED_IN
S0005,C097,ENROLLED_IN
S0993,C097,ENROLLED_IN
S0604,C097,ENROLLED_IN
S0175,C097,ENROLLED_IN
S0303,C097,ENROLLED_IN
S0694,C097,ENROLLED_IN
S0701,C097,ENROLLED_IN
S0273,C097,ENROLLED_IN
S0822,C097,ENROLLED_IN
S0167,C097,ENROLLED_IN
S0353,C097,ENROLLED_IN
S0289,C097,ENROLLED_IN
S0320,C097,ENROLLED_IN
S0803,C097,ENROLLED_IN
S0031,C097,ENROLLED_IN
S0507,C097,ENROLLED_IN
S0121,C097,ENROLLED_IN
S0566,C097,ENROLLED_IN
S0920,C097,ENROLLED_IN
S0230,C097,ENROLLED_IN
S0392,C097,ENROLLED_IN
S0620,C097,ENROLLED_IN
S0293,C097,ENROLLED_IN
S0982,C097,ENROLLED_IN
S0250,C097,ENROLLED_IN
S0719,C097,ENROLLED_IN
S0325,C097,ENROLLED_IN
S0657,C097,ENROLLED_IN
S0484,C097,ENROLLED_IN
S0826,C097,ENROLLED_IN
S0571,C097,ENROLLED_IN
S0395,C097,ENROLLED_IN
S0825,C097,ENROLLED_IN
S0321,C097,ENROLLED_IN
S0187,C097,ENROLLED_IN
S0373,C097,ENROLLED_IN
S0071,C097,ENROLLED_IN
S0840,C097,ENROLLED_IN
S0568,C097,ENROLLED_IN
S0404,C097,ENROLLED_IN
S0632,C097,ENROLLED_IN
S0658,C097,ENROLLED_IN
S0552,C097,ENROLLED_IN
S0284,C097,ENROLLED_IN
S0966,C097,ENROLLED_IN
S0408,C097,ENROLLED_IN
S0010,C097,ENROLLED_IN
S0906,C097,ENROLLED_IN
S0021,C097,ENROLLED_IN
S0978,C097,ENROLLED_IN
S0358,C097,ENROLLED_IN
S0034,C098,ENROLLED_IN
S0013,C098,ENROLLED_IN
S0024,C098,ENROLLED_IN
S0357,C098,ENROLLED_IN
S0902,C098,ENROLLED_IN
S0633,C098,ENROLLED_IN
S0171,C098,ENROLLED_IN
S0642,C098,ENROLLED_IN
S0538,C098,ENROLLED_IN
S0648,C098,ENROLLED_IN
S0893,C098,ENROLLED_IN
S0402,C098,ENROLLED_IN
S0083,C098,ENROLLED_IN
S0172,C098,ENROLLED_IN
S0116,C098,ENROLLED_IN
S0858,C098,ENROLLED_IN
S0207,C098,ENROLLED_IN
S0943,C098,ENROLLED_IN
S0312,C098,ENROLLED_IN
S0508,C098,ENROLLED_IN
S0675,C098,ENROLLED_IN
S0334,C098,ENROLLED_IN
S0046,C098,ENROLLED_IN
S0271,C098,ENROLLED_IN
S0857,C098,ENROLLED_IN
S0035,C098,ENROLLED_IN
S0420,C098,ENROLLED_IN
S0724,C098,ENROLLED_IN
S0894,C098,ENROLLED_IN
S0332,C098,ENROLLED_IN
S0121,C098,ENROLLED_IN
S0528,C098,ENROLLED_IN
S0660,C098,ENROLLED_IN
S0296,C098,ENROLLED_IN
S0365,C098,ENROLLED_IN
S0272,C098,ENROLLED_IN
S0972,C098,ENROLLED_IN
S0012,C098,ENROLLED_IN
S0067,C098,ENROLLED_IN
S0955,C098,ENROLLED_IN
S0674,C098,ENROLLED_IN
S0739,C098,ENROLLED_IN
S0276,C098,ENROLLED_IN
S0686,C098,ENROLLED_IN
S0091,C098,ENROLLED_IN
S0906,C099,ENROLLED_IN
S0529,C099,ENROLLED_IN
S0909,C099,ENROLLED_IN
S0675,C099,ENROLLED_IN
S0343,C099,ENROLLED_IN
S0184,C099,ENROLLED_IN
S0390,C099,ENROLLED_IN
S0558,C099,ENROLLED_IN
S0405,C099,ENROLLED_IN
S0597,C099,ENROLLED_IN
S0690,C099,ENROLLED_IN
S0054,C099,ENROLLED_IN
S0476,C099,ENROLLED_IN
S0304,C099,ENROLLED_IN
S0113,C099,ENROLLED_IN
S0196,C099,ENROLLED_IN
S0744,C099,ENROLLED_IN
S0821,C099,ENROLLED_IN
S0072,C099,ENROLLED_IN
S0051,C099,ENROLLED_IN
S0233,C099,ENROLLED_IN
S0299,C099,ENROLLED_IN
S0511,C099,ENROLLED_IN
S0790,C099,ENROLLED_IN
S0277,C099,ENROLLED_IN
S0079,C099,ENROLLED_IN
S0740,C099,ENROLLED_IN
S0960,C099,ENROLLED_IN
S0705,C099,ENROLLED_IN
S0431,C099,ENROLLED_IN
S0674,C099,ENROLLED_IN
S0042,C099,ENROLLED_IN
S0275,C099,ENROLLED_IN
S0934,C099,ENROLLED_IN
S0453,C099,ENROLLED_IN
S0718,C099,ENROLLED_IN
S0052,C099,ENROLLED_IN
S0905,C099,ENROLLED_IN
S0244,C099,ENROLLED_IN
S0359,C099,ENROLLED_IN
S0628,C099,ENROLLED_IN
S0252,C099,ENROLLED_IN
S0160,C099,ENROLLED_IN
S0228,C099,ENROLLED_IN
S0519,C099,ENROLLED_IN
S0120,C099,ENROLLED_IN
S0631,C099,ENROLLED_IN
S0859,C099,ENROLLED_IN
S0653,C099,ENROLLED_IN
S0288,C099,ENROLLED_IN
S0765,C099,ENROLLED_IN
S0863,C099,ENROLLED_IN
S0004,C099,ENROLLED_IN
S0380,C099,ENROLLED_IN
S0290,C099,ENROLLED_IN
S0580,C099,ENROLLED_IN
S0088,C099,ENROLLED_IN
S0477,C099,ENROLLED_IN
S0125,C099,ENROLLED_IN
S0450,C099,ENROLLED_IN
S0347,C099,ENROLLED_IN
S0092,C099,ENROLLED_IN
S0722,C099,ENROLLED_IN
S0067,C099,ENROLLED_IN
S0795,C099,ENROLLED_IN
S0180,C099,ENROLLED_IN
S0669,C099,ENROLLED_IN
S0475,C099,ENROLLED_IN
S0619,C099,ENROLLED_IN
S0033,C099,ENROLLED_IN
S0365,C099,ENROLLED_IN
S0319,C099,ENROLLED_IN
S0284,C099,ENROLLED_IN
S0757,C099,ENROLLED_IN
S0527,C099,ENROLLED_IN
S0140,C099,ENROLLED_IN
S0962,C099,ENROLLED_IN
S0598,C099,ENROLLED_IN
S0177,C100,ENROLLED_IN
S0275,C100,ENROLLED_IN
S0256,C100,ENROLLED_IN
S0266,C100,ENROLLED_IN
S0334,C100,ENROLLED_IN
S0160,C100,ENROLLED_IN
S0983,C100,ENROLLED_IN
S0976,C100,ENROLLED_IN
S0503,C100,ENROLLED_IN
S0666,C100,ENROLLED_IN
S0498,C100,ENROLLED_IN
S0598,C100,ENROLLED_IN
S0062,C100,ENROLLED_IN
S0839,C100,ENROLLED_IN
S0335,C100,ENROLLED_IN
S0391,C100,ENROLLED_IN
S0673,C100,ENROLLED_IN
S0198,C100,ENROLLED_IN
S0422,C100,ENROLLED_IN
S0534,C100,ENROLLED_IN
S0313,C100,ENROLLED_IN
S0933,C100,ENROLLED_IN
S0469,C100,ENROLLED_IN
S0421,C100,ENROLLED_IN
S0879,C100,ENROLLED_IN
S0192,C100,ENROLLED_IN
S0492,C100,ENROLLED_IN
S0627,C100,ENROLLED_IN
S0261,C100,ENROLLED_IN
S0064,C100,ENROLLED_IN
S0399,C100,ENROLLED_IN
S0970,C100,ENROLLED_IN
S0906,C100,ENROLLED_IN
S0235,C100,ENROLLED_IN
S0137,C100,ENROLLED_IN
S0601,C100,ENROLLED_IN
S0128,C100,ENROLLED_IN
S0435,C100,ENROLLED_IN
S0310,C100,ENROLLED_IN
S0542,C100,ENROLLED_IN
S0524,C100,ENROLLED_IN
S0158,C100,ENROLLED_IN
S0365,C100,ENROLLED_IN
S0814,C100,ENROLLED_IN
S0669,C100,ENROLLED_IN
S0913,C100,ENROLLED_IN
S0556,C100,ENROLLED_IN
S0026,C100,ENROLLED_IN
S0476,C100,ENROLLED_IN
S0234,C100,ENROLLED_IN
S0635,C100,ENROLLED_IN
S0159,C100,ENROLLED_IN
S0859,C100,ENROLLED_IN
S0360,C100,ENROLLED_IN
S0769,C100,ENROLLED_IN
S0529,C100,ENROLLED_IN
S0562,C100,ENROLLED_IN
