resource_id,building_id,name,type,building_type,room_id,room_type,capacity,floor,projector,computers,air_conditioned,status,cost_per_hour,faculty_id,department,max_hours_per_day,student_id,year,course_id,student_count,requires_projector,requires_computer,course_level,equipment_id,equipment_type,replacement_cost,source_priority,data_quality_score,last_observed_at,fusion_status,capabilities
B01,B01,Academic Block A,building,academic,,,,,,,,,,,,,,,,,,,,,,,primary,1.0,2026-09-20T18:00:00,fused,
B02,B02,Academic Block B,building,academic,,,,,,,,,,,,,,,,,,,,,,,primary,1.0,2026-09-20T18:00:00,fused,
B03,B03,Science & Labs,building,laboratory,,,,,,,,,,,,,,,,,,,,,,,primary,1.0,2026-09-20T18:00:00,fused,
B04,B04,Administration,building,admin,,,,,,,,,,,,,,,,,,,,,,,primary,1.0,2026-09-20T18:00:00,fused,
B05,B05,Library & Innovation,building,academic,,,,,,,,,,,,,,,,,,,,,,,primary,1.0,2026-09-20T18:00:00,fused,
ROOM_R001,B01,Room R001,room,,R001,classroom,40.0,2.0,True,False,True,available,164.91,,,,,,,,,,,,,,primary,1.0,2026-09-20T18:00:00,fused,"projector,air_conditioned"
ROOM_R002,B01,Room R002,room,,R002,classroom,120.0,1.0,True,True,True,available,118.57,,,,,,,,,,,,,,primary,1.0,2026-09-20T18:00:00,fused,"projector,computer,air_conditioned"
ROOM_R003,B05,Room R003,room,,R003,classroom,120.0,4.0,True,False,True,available,152.81,,,,,,,,,,,,,,primary,1.0,2026-09-20T18:00:00,fused,"projector,air_conditioned"
ROOM_R004,B04,Room R004,room,,R004,classroom,100.0,2.0,True,False,True,available,93.19,,,,,,,,,,,,,,primary,1.0,2026-09-20T18:00:00,fused,"projector,air_conditioned"
ROOM_R005,B03,Room R005,room,,R005,seminar,100.0,3.0,False,False,True,available,176.24,,,,,,,,,,,,,,primary,1.0,2026-09-20T18:00:00,fused,air_conditioned
ROOM_R006,B04,Room R006,room,,R006,seminar,50.0,3.0,False,False,False,available,120.83,,,,,,,,,,,,,,primary,1.0,2026-09-20T18:00:00,fused,
ROOM_R007,B01,Room R007,room,,R007,classroom,40.0,3.0,False,False,False,available,93.22,,,,,,,,,,,,,,primary,1.0,2026-09-20T18:00:00,fused,
ROOM_R008,B04,Room R008,room,,R008,classroom,100.0,3.0,True,False,True,available,135.7,,,,,,,,,,,,,,primary,1.0,2026-09-20T18:00:00,fused,"projector,air_conditioned"
ROOM_R009,B01,Room R009,room,,R009,seminar,60.0,2.0,True,True,False,available,129.6,,,,,,,,,,,,,,primary,1.0,2026-09-20T18:00:00,fused,"projector,computer"
ROOM_R010,B05,Room R010,room,,R010,classroom,70.0,1.0,True,True,True,available,77.48,,,,,,,,,,,,,,primary,1.0,2026-09-20T18:00:00,fused,"projector,computer,air_conditioned"
ROOM_R011,B02,Room R011,room,,R011,classroom,100.0,4.0,True,False,True,available,77.08,,,,,,,,,,,,,,primary,1.0,2026-09-20T18:00:00,fused,"projector,air_conditioned"
ROOM_R012,B02,Room R012,room,,R012,seminar,80.0,4.0,False,True,True,available,179.66,,,,,,,,,,,,,,primary,1.0,2026-09-20T18:00:00,fused,"computer,air_conditioned"
ROOM_R013,B05,Room R013,room,,R013,classroom,150.0,1.0,False,True,True,available,135.27,,,,,,,,,,,,,,primary,1.0,2026-09-20T18:00:00,fused,"computer,air_conditioned"
ROOM_R014,B05,Room R014,room,,R014,lab,50.0,4.0,True,True,True,available,75.2,,,,,,,,,,,,,,primary,1.0,2026-09-20T18:00:00,fused,"projector,computer,air_conditioned"
ROOM_R015,B05,Room R015,room,,R015,classroom,40.0,3.0,True,True,True,available,62.14,,,,,,,,,,,,,,primary,1.0,2026-09-20T18:00:00,fused,"projector,computer,air_conditioned"
ROOM_R016,B01,Room R016,room,,R016,seminar,80.0,2.0,True,True,True,available,157.83,,,,,,,,,,,,,,primary,1.0,2026-09-20T18:00:00,fused,"projector,computer,air_conditioned"
ROOM_R017,B05,Room R017,room,,R017,classroom,70.0,3.0,True,False,False,available,114.25,,,,,,,,,,,,,,primary,1.0,2026-09-20T18:00:00,fused,projector
ROOM_R018,B01,Room R018,room,,R018,lab,100.0,1.0,True,True,True,available,177.94,,,,,,,,,,,,,,primary,1.0,2026-09-20T18:00:00,fused,"projector,computer,air_conditioned"
ROOM_R019,B03,Room R019,room,,R019,classroom,70.0,2.0,False,False,True,available,108.04,,,,,,,,,,,,,,primary,1.0,2026-09-20T18:00:00,fused,air_conditioned
ROOM_R020,B01,Room R020,room,,R020,classroom,60.0,4.0,False,True,True,available,124.92,,,,,,,,,,,,,,primary,1.0,2026-09-20T18:00:00,fused,"computer,air_conditioned"
ROOM_R021,B02,Room R021,room,,R021,classroom,70.0,4.0,False,False,True,available,112.46,,,,,,,,,,,,,,primary,1.0,2026-09-20T18:00:00,fused,air_conditioned
ROOM_R022,B01,Room R022,room,,R022,classroom,70.0,1.0,True,False,True,available,70.83,,,,,,,,,,,,,,primary,1.0,2026-09-20T18:00:00,fused,"projector,air_conditioned"
ROOM_R023,B01,Room R023,room,,R023,classroom,40.0,1.0,False,False,True,available,73.32,,,,,,,,,,,,,,primary,1.0,2026-09-20T18:00:00,fused,air_conditioned
ROOM_R024,B04,Room R024,room,,R024,seminar,70.0,2.0,True,False,True,available,74.02,,,,,,,,,,,,,,primary,1.0,2026-09-20T18:00:00,fused,"projector,air_conditioned"
ROOM_R025,B04,Room R025,room,,R025,classroom,120.0,1.0,True,True,True,available,105.38,,,,,,,,,,,,,,primary,1.0,2026-09-20T18:00:00,fused,"projector,computer,air_conditioned"
ROOM_R026,B01,Room R026,room,,R026,classroom,50.0,4.0,True,False,True,available,66.82,,,,,,,,,,,,,,primary,1.0,2026-09-20T18:00:00,fused,"projector,air_conditioned"
ROOM_R027,B05,Room R027,room,,R027,classroom,150.0,4.0,True,False,False,available,50.55,,,,,,,,,,,,,,primary,1.0,2026-09-20T18:00:00,fused,projector
ROOM_R028,B05,Room R028,room,,R028,classroom,50.0,1.0,False,False,False,available,63.28,,,,,,,,,,,,,,primary,1.0,2026-09-20T18:00:00,fused,
ROOM_R029,B04,Room R029,room,,R029,classroom,150.0,4.0,False,True,True,available,94.66,,,,,,,,,,,,,,primary,1.0,2026-09-20T18:00:00,fused,"computer,air_conditioned"
ROOM_R030,B04,Room R030,room,,R030,lab,80.0,4.0,True,True,True,available,175.62,,,,,,,,,,,,,,primary,1.0,2026-09-20T18:00:00,fused,"projector,computer,air_conditioned"
FAC_F001,,Faculty 001,faculty,,,,,,,,,available,,F001,CE,5.0,,,,,,,,,,,primary,1.0,2026-09-20T18:00:00,fused,
FAC_F002,,Faculty 002,faculty,,,,,,,,,available,,F002,AI-DS,7.0,,,,,,,,,,,primary,1.0,2026-09-20T18:00:00,fused,
FAC_F003,,Faculty 003,faculty,,,,,,,,,available,,F003,CSE,5.0,,,,,,,,,,,primary,1.0,2026-09-20T18:00:00,fused,
FAC_F004,,Faculty 004,faculty,,,,,,,,,available,,F004,CE,8.0,,,,,,,,,,,primary,1.0,2026-09-20T18:00:00,fused,
FAC_F005,,Faculty 005,faculty,,,,,,,,,available,,F005,CE,6.0,,,,,,,,,,,primary,1.0,2026-09-20T18:00:00,fused,
FAC_F006,,Faculty 006,faculty,,,,,,,,,available,,F006,CSE,5.0,,,,,,,,,,,primary,1.0,2026-09-20T18:00:00,fused,
FAC_F007,,Faculty 007,faculty,,,,,,,,,available,,F007,MBA,6.0,,,,,,,,,,,primary,1.0,2026-09-20T18:00:00,fused,
FAC_F008,,Faculty 008,faculty,,,,,,,,,available,,F008,CSE,5.0,,,,,,,,,,,primary,1.0,2026-09-20T18:00:00,fused,
FAC_F009,,Faculty 009,faculty,,,,,,,,,available,,F009,AI-DS,6.0,,,,,,,,,,,primary,1.0,2026-09-20T18:00:00,fused,
FAC_F010,,Faculty 010,faculty,,,,,,,,,available,,F010,ME,5.0,,,,,,,,,,,primary,1.0,2026-09-20T18:00:00,fused,
FAC_F011,,Faculty 011,faculty,,,,,,,,,available,,F011,CE,6.0,,,,,,,,,,,primary,1.0,2026-09-20T18:00:00,fused,
FAC_F012,,Faculty 012,faculty,,,,,,,,,available,,F012,CE,5.0,,,,,,,,,,,primary,1.0,2026-09-20T18:00:00,fused,
FAC_F013,,Faculty 013,faculty,,,,,,,,,available,,F013,CE,5.0,,,,,,,,,,,primary,1.0,2026-09-20T18:00:00,fused,
FAC_F014,,Faculty 014,faculty,,,,,,,,,available,,F014,ME,7.0,,,,,,,,,,,primary,1.0,2026-09-20T18:00:00,fused,
FAC_F015,,Faculty 015,faculty,,,,,,,,,available,,F015,EEE,6.0,,,,,,,,,,,primary,1.0,2026-09-20T18:00:00,fused,
FAC_F016,,Faculty 016,faculty,,,,,,,,,available,,F016,AI-DS,7.0,,,,,,,,,,,primary,1.0,2026-09-20T18:00:00,fused,
FAC_F017,,Faculty 017,faculty,,,,,,,,,available,,F017,ECE,7.0,,,,,,,,,,,primary,1.0,2026-09-20T18:00:00,fused,
FAC_F018,,Faculty 018,faculty,,,,,,,,,available,,F018,ME,6.0,,,,,,,,,,,primary,1.0,2026-09-20T18:00:00,fused,
FAC_F019,,Faculty 019,faculty,,,,,,,,,available,,F019,AI-DS,7.0,,,,,,,,,,,primary,1.0,2026-09-20T18:00:00,fused,
FAC_F020,,Faculty 020,faculty,,,,,,,,,available,,F020,ME,7.0,,,,,,,,,,,primary,1.0,2026-09-20T18:00:00,fused,
FAC_F021,,Faculty 021,faculty,,,,,,,,,available,,F021,MBA,5.0,,,,,,,,,,,primary,1.0,2026-09-20T18:00:00,fused,
FAC_F022,,Faculty 022,faculty,,,,,,,,,available,,F022,CSE,8.0,,,,,,,,,,,primary,1.0,2026-09-20T18:00:00,fused,
FAC_F023,,Faculty 023,faculty,,,,,,,,,available,,F023,CE,5.0,,,,,,,,,,,primary,1.0,2026-09-20T18:00:00,fused,
FAC_F024,,Faculty 024,faculty,,,,,,,,,available,,F024,CSE,6.0,,,,,,,,,,,primary,1.0,2026-09-20T18:00:00,fused,
FAC_F025,,Faculty 025,faculty,,,,,,,,,available,,F025,CE,7.0,,,,,,,,,,,primary,1.0,2026-09-20T18:00:00,fused,
FAC_F026,,Faculty 026,faculty,,,,,,,,,available,,F026,ECE,7.0,,,,,,,,,,,primary,1.0,2026-09-20T18:00:00,fused,
FAC_F027,,Faculty 027,faculty,,,,,,,,,available,,F027,CSE,6.0,,,,,,,,,,,primary,1.0,2026-09-20T18:00:00,fused,
FAC_F028,,Faculty 028,faculty,,,,,,,,,available,,F028,EEE,7.0,,,,,,,,,,,primary,1.0,2026-09-20T18:00:00,fused,
FAC_F029,,Faculty 029,faculty,,,,,,,,,available,,F029,ECE,8.0,,,,,,,,,,,primary,1.0,2026-09-20T18:00:00,fused,
FAC_F030,,Faculty 030,faculty,,,,,,,,,available,,F030,MBA,7.0,,,,,,,,,,,primary,1.0,2026-09-20T18:00:00,fused,
FAC_F031,,Faculty 031,faculty,,,,,,,,,available,,F031,CE,5.0,,,,,,,,,,,primary,1.0,2026-09-20T18:00:00,fused,
FAC_F032,,Faculty 032,faculty,,,,,,,,,available,,F032,AI-DS,7.0,,,,,,,,,,,primary,1.0,2026-09-20T18:00:00,fused,
FAC_F033,,Faculty 033,faculty,,,,,,,,,available,,F033,AI-DS,5.0,,,,,,,,,,,primary,1.0,2026-09-20T18:00:00,fused,
FAC_F034,,Faculty 034,faculty,,,,,,,,,available,,F034,ECE,7.0,,,,,,,,,,,primary,1.0,2026-09-20T18:00:00,fused,
FAC_F035,,Faculty 035,faculty,,,,,,,,,available,,F035,CSE,5.0,,,,,,,,,,,primary,1.0,2026-09-20T18:00:00,fused,
FAC_F036,,Faculty 036,faculty,,,,,,,,,available,,F036,AI-DS,6.0,,,,,,,,,,,primary,1.0,2026-09-20T18:00:00,fused,
FAC_F037,,Faculty 037,faculty,,,,,,,,,available,,F037,EEE,7.0,,,,,,,,,,,primary,1.0,2026-09-20T18:00:00,fused,
FAC_F038,,Faculty 038,faculty,,,,,,,,,available,,F038,CE,6.0,,,,,,,,,,,primary,1.0,2026-09-20T18:00:00,fused,
FAC_F039,,Faculty 039,faculty,,,,,,,,,available,,F039,AI-DS,7.0,,,,,,,,,,,primary,1.0,2026-09-20T18:00:00,fused,
FAC_F040,,Faculty 040,faculty,,,,,,,,,available,,F040,ECE,7.0,,,,,,,,,,,primary,1.0,2026-09-20T18:00:00,fused,
FAC_F041,,Faculty 041,faculty,,,,,,,,,available,,F041,CE,8.0,,,,,,,,,,,primary,1.0,2026-09-20T18:00:00,fused,
FAC_F042,,Faculty 042,faculty,,,,,,,,,available,,F042,EEE,5.0,,,,,,,,,,,primary,1.0,2026-09-20T18:00:00,fused,
FAC_F043,,Faculty 043,faculty,,,,,,,,,available,,F043,CSE,8.0,,,,,,,,,,,primary,1.0,2026-09-20T18:00:00,fused,
FAC_F044,,Faculty 044,faculty,,,,,,,,,available,,F044,MBA,7.0,,,,,,,,,,,primary,1.0,2026-09-20T18:00:00,fused,
FAC_F045,,Faculty 045,faculty,,,,,,,,,available,,F045,CSE,5.0,,,,,,,,,,,primary,1.0,2026-09-20T18:00:00,fused,
FAC_F046,,Faculty 046,faculty,,,,,,,,,available,,F046,EEE,6.0,,,,,,,,,,,primary,1.0,2026-09-20T18:00:00,fused,
FAC_F047,,Faculty 047,faculty,,,,,,,,,available,,F047,AI-DS,7.0,,,,,,,,,,,primary,1.0,2026-09-20T18:00:00,fused,
FAC_F048,,Faculty 048,faculty,,,,,,,,,available,,F048,ECE,8.0,,,,,,,,,,,primary,1.0,2026-09-20T18:00:00,fused,
FAC_F049,,Faculty 049,faculty,,,,,,,,,available,,F049,CE,8.0,,,,,,,,,,,primary,1.0,2026-09-20T18:00:00,fused,
FAC_F050,,Faculty 050,faculty,,,,,,,,,available,,F050,CE,5.0,,,,,,,,,,,primary,1.0,2026-09-20T18:00:00,fused,
STU_S0001,,Student 0001,student,,,,,,,,,,,,MBA,,S0001,1.0,,,,,,,,,primary,1.0,2026-09-20T18:00:00,fused,
STU_S0002,,Student 0002,student,,,,,,,,,,,,ME,,S0002,1.0,,,,,,,,,primary,1.0,2026-09-20T18:00:00,fused,
STU_S0003,,Student 0003,student,,,,,,,,,,,,AI-DS,,S0003,2.0,,,,,,,,,primary,1.0,2026-09-20T18:00:00,fused,
STU_S0004,,Student 0004,student,,,,,,,,,,,,ME,,S0004,3.0,,,,,,,,,primary,1.0,2026-09-20T18:00:00,fused,
STU_S0005,,Student 0005,student,,,,,,,,,,,,CE,,S0005,3.0,,,,,,,,,primary,1.0,2026-09-20T18:00:00,fused,
STU_S0006,,Student 0006,student,,,,,,,,,,,,ME,,S0006,4.0,,,,,,,,,primary,1.0,2026-09-20T18:00:00,fused,
STU_S0007,,Student 0007,student,,,,,,,,,,,,ME,,S0007,2.0,,,,,,,,,primary,1.0,2026-09-20T18:00:00,fused,
STU_S0008,,Student 0008,student,,,,,,,,,,,,ME,,S0008,2.0,,,,,,,,,primary,1.0,2026-09-20T18:00:00,fused,
STU_S0009,,Student 0009,student,,,,,,,,,,,,ME,,S0009,2.0,,,,,,,,,primary,1.0,2026-09-20T18:00:00,fused,
STU_S0010,,Student 0010,student,,,,,,,,,,,,CE,,S0010,2.0,,,,,,,,,primary,1.0,2026-09-20T18:00:00,fused,
STU_S0011,,Student 0011,student,,,,,,,,,,,,MBA,,S0011,1.0,,,,,,,,,primary,1.0,2026-09-20T18:00:00,fused,
STU_S0012,,Student 0012,student,,,,,,,,,,,,EEE,,S0012,4.0,,,,,,,,,primary,1.0,2026-09-20T18:00:00,fused,
STU_S0013,,Student 0013,student,,,,,,,,,,,,EEE,,S0013,3.0,,,,,,,,,primary,1.0,2026-09-20T18:00:00,fused,
STU_S0014,,Student 0014,student,,,,,,,,,,,,MBA,,S0014,1.0,,,,,,,,,primary,1.0,2026-09-20T18:00:00,fused,
STU_S0015,,Student 0015,student,,,,,,,,,,,,EEE,,S0015,3.0,,,,,,,,,primary,1.0,2026-09-20T18:00:00,fused,
STU_S0016,,Student 0016,student,,,,,,,,,,,,MBA,,S0016,4.0,,,,,,,,,primary,1.0,2026-09-20T18:00:00,fused,
STU_S0017,,Student 0017,student,,,,,,,,,,,,MBA,,S0017,2.0,,,,,,,,,primary,1.0,2026-09-20T18:00:00,fused,
STU_S0018,,Student 0018,student,,,,,,,,,,,,ME,,S0018,4.0,,,,,,,,,primary,1.0,2026-09-20T18:00:00,fused,
STU_S0019,,Student 0019,student,,,,,,,,,,,,EEE,,S0019,3.0,,,,,,,,,primary,1.0,2026-09-20T18:00:00,fused,
STU_S0020,,Student 0020,student,,,,,,,,,,,,CE,,S0020,4.0,,,,,,,,,primary,1.0,2026-09-20T18:00:00,fused,
STU_S0021,,Student 0021,student,,,,,,,,,,,,ME,,S0021,3.0,,,,,,,,,primary,1.0,2026-09-20T18:00:00,fused,
STU_S0022,,Student 0022,student,,,,,,,,,,,,MBA,,S0022,2.0,,,,,,,,,primary,1.0,2026-09-20T18:00:00,fused,
STU_S0023,,Student 0023,student,,,,,,,,,,,,AI-DS,,S0023,2.0,,,,,,,,,primary,1.0,2026-09-20T18:00:00,fused,
STU_S0024,,Student 0024,student,,,,,,,,,,,,CE,,S0024,4.0,,,,,,,,,primary,1.0,2026-09-20T18:00:00,fused,
STU_S0025,,Student 0025,student,,,,,,,,,,,,ECE,,S0025,4.0,,,,,,,,,primary,1.0,2026-09-20T18:00:00,fused,
STU_S0026,,Student 0026,student,,,,,,,,,,,,CSE,,S0026,3.0,,,,,,,,,primary,1.0,2026-09-20T18:00:00,fused,
STU_S0027,,Student 0027,student,,,,,,,,,,,,AI-DS,,S0027,4.0,,,,,,,,,primary,1.0,2026-09-20T18:00:00,fused,
STU_S0028,,Student 0028,student,,,,,,,,,,,,AI-DS,,S0028,4.0,,,,,,,,,primary,1.0,2026-09-20T18:00:00,fused,
STU_S0029,,Student 0029,student,,,,,,,,,,,,ME,,S0029,2.0,,,,,,,,,primary,1.0,2026-09-20T18:00:00,fused,
STU_S0030,,Student 0030,student,,,,,,,,,,,,ME,,S0030,1.0,,,,,,,,,primary,1.0,2026-09-20T18:00:00,fused,
STU_S0031,,Student 0031,student,,,,,,,,,,,,ECE,,S0031,3.0,,,,,,,,,primary,1.0,2026-09-20T18:00:00,fused,
STU_S0032,,Student 0032,student,,,,,,,,,,,,MBA,,S0032,1.0,,,,,,,,,primary,1.0,2026-09-20T18:00:00,fused,
STU_S0033,,Student 0033,student,,,,,,,,,,,,MBA,,S0033,4.0,,,,,,,,,primary,1.0,2026-09-20T18:00:00,fused,
STU_S0034,,Student 0034,student,,,,,,,,,,,,CSE,,S0034,4.0,,,,,,,,,primary,1.0,2026-09-20T18:00:00,fused,
STU_S0035,,Student 0035,student,,,,,,,,,,,,CSE,,S0035,2.0,,,,,,,,,primary,1.0,2026-09-20T18:00:00,fused,
STU_S0036,,Student 0036,student,,,,,,,,,,,,ME,,S0036,2.0,,,,,,,,,primary,1.0,2026-09-20T18:00:00,fused,
STU_S0037,,Student 0037,student,,,,,,,,,,,,CSE,,S0037,4.0,,,,,,,,,primary,1.0,2026-09-20T18:00:00,fused,
STU_S0038,,Student 0038,student,,,,,,,,,,,,MBA,,S0038,3.0,,,,,,,,,primary,1.0,2026-09-20T18:00:00,fused,
STU_S0039,,Student 0039,student,,,,,,,,,,,,EEE,,S0039,4.0,,,,,,,,,primary,1.0,2026-09-20T18:00:00,fused,
STU_S0040,,Student 0040,student,,,,,,,,,,,,AI-DS,,S0040,1.0,,,,,,,,,primary,1.0,2026-09-20T18:00:00,fused,
STU_S0041,,Student 0041,student,,,,,,,,,,,,MBA,,S0041,3.0,,,,,,,,,primary,1.0,2026-09-20T18:00:00,fused,
STU_S0042,,Student 0042,student,,,,,,,,,,,,MBA,,S0042,4.0,,,,,,,,,primary,1.0,2026-09-20T18:00:00,fused,
STU_S0043,,Student 0043,student,,,,,,,,,,,,EEE,,S0043,4.0,,,,,,,,,primary,1.0,2026-09-20T18:00:00,fused,
STU_S0044,,Student 0044,student,,,,,,,,,,,,MBA,,S0044,1.0,,,,,,,,,primary,1.0,2026-09-20T18:00:00,fused,
STU_S0045,,Student 0045,student,,,,,,,,,,,,CE,,S0045,1.0,,,,,,,,,primary,1.0,2026-09-20T18:00:00,fused,
STU_S0046,,Student 0046,student,,,,,,,,,,,,ECE,,S0046,3.0,,,,,,,,,primary,1.0,2026-09-20T18:00:00,fused,
STU_S0047,,Student 0047,student,,,,,,,,,,,,ECE,,S0047,1.0,,,,,,,,,primary,1.0,2026-09-20T18:00:00,fused,
STU_S0048,,Student 0048,student,,,,,,,,,,,,ME,,S0048,1.0,,,,,,,,,primary,1.0,2026-09-20T18:00:00,fused,
STU_S0049,,Student 0049,student,,,,,,,,,,,,MBA,,S0049,1.0,,,,,,,,,primary,1.0,2026-09-20T18:00:00,fused,
STU_S0050,,Student 0050,student,,,,,,,,,,,,ME,,S0050,2.0,,,,,,,,,primary,1.0,2026-09-20T18:00:00,fused,
STU_S0051,,Student 0051,student,,,,,,,,,,,,AI-DS,,S0051,3.0,,,,,,,,,primary,1.0,2026-09-20T18:00:00,fused,
STU_S0052,,Student 0052,student,,,,,,,,,,,,CSE,,S0052,1.0,,,,,,,,,primary,1.0,2026-09-20T18:00:00,fused,
STU_S0053,,Student 0053,student,,,,,,,,,,,,EEE,,S0053,1.0,,,,,,,,,primary,1.0,2026-09-20T18:00:00,fused,
STU_S0054,,Student 0054,student,,,,,,,,,,,,EEE,,S0054,3.0,,,,,,,,,primary,1.0,2026-09-20T18:00:00,fused,
STU_S0055,,Student 0055,student,,,,,,,,,,,,EEE,,S0055,4.0,,,,,,,,,primary,1.0,2026-09-20T18:00:00,fused,
STU_S0056,,Student 0056,student,,,,,,,,,,,,ECE,,S0056,2.0,,,,,,,,,primary,1.0,2026-09-20T18:00:00,fused,
STU_S0057,,Student 0057,student,,,,,,,,,,,,CE,,S0057,4.0,,,,,,,,,primary,1.0,2026-09-20T18:00:00,fused,
STU_S0058,,Student 0058,student,,,,,,,,,,,,CE,,S0058,2.0,,,,,,,,,primary,1.0,2026-09-20T18:00:00,fused,
STU_S0059,,Student 0059,student,,,,,,,,,,,,ECE,,S0059,2.0,,,,,,,,,primary,1.0,2026-09-20T18:00:00,fused,
STU_S0060,,Student 0060,student,,,,,,,,,,,,CSE,,S0060,4.0,,,,,,,,,primary,1.0,2026-09-20T18:00:00,fused,
STU_S0061,,Student 0061,student,,,,,,,,,,,,CE,,S0061,2.0,,,,,,,,,primary,1.0,2026-09-20T18:00:00,fused,
STU_S0062,,Student 0062,student,,,,,,,,,,,,ME,,S0062,2.0,,,,,,,,,primary,1.0,2026-09-20T18:00:00,fused,
STU_S0063,,Student 0063,student,,,,,,,,,,,,ECE,,S0063,4.0,,,,,,,,,primary,1.0,2026-09-20T18:00:00,fused,
STU_S0064,,Student 0064,student,,,,,,,,,,,,AI-DS,,S0064,3.0,,,,,,,,,primary,1.0,2026-09-20T18:00:00,fused,
STU_S0065,,Student 0065,student,,,,,,,,,,,,ME,,S0065,3.0,,,,,,,,,primary,1.0,2026-09-20T18:00:00,fused,
STU_S0066,,Student 0066,student,,,,,,,,,,,,AI-DS,,S0066,1.0,,,,,,,,,primary,1.0,2026-09-20T18:00:00,fused,
STU_S0067,,Student 0067,student,,,,,,,,,,,,MBA,,S0067,4.0,,,,,,,,,primary,1.0,2026-09-20T18:00:00,fused,
STU_S0068,,Student 0068,student,,,,,,,,,,,,EEE,,S0068,2.0,,,,,,,,,primary,1.0,2026-09-20T18:00:00,fused,
STU_S0069,,Student 0069,student,,,,,,,,,,,,CSE,,S0069,4.0,,,,,,,,,primary,1.0,2026-09-20T18:00:00,fused,
STU_S0070,,Student 0070,student,,,,,,,,,,,,EEE,,S0070,3.0,,,,,,,,,primary,1.0,2026-09-20T18:00:00,fused,
STU_S0071,,Student 0071,student,,,,,,,,,,,,AI-DS,,S0071,4.0,,,,,,,,,primary,1.0,2026-09-20T18:00:00,fused,
STU_S0072,,Student 0072,student,,,,,,,,,,,,AI-DS,,S0072,3.0,,,,,,,,,primary,1.0,2026-09-20T18:00:00,fused,
STU_S0073,,Student 0073,student,,,,,,,,,,,,ME,,S0073,3.0,,,,,,,,,primary,1.0,2026-09-20T18:00:00,fused,
STU_S0074,,Student 0074,student,,,,,,,,,,,,ECE,,S0074,4.0,,,,,,,,,primary,1.0,2026-09-20T18:00:00,fused,
STU_S0075,,Student 0075,student,,,,,,,,,,,,MBA,,S0075,4.0,,,,,,,,,primary,1.0,2026-09-20T18:00:00,fused,
STU_S0076,,Student 0076,student,,,,,,,,,,,,CSE,,S0076,2.0,,,,,,,,,primary,1.0,2026-09-20T18:00:00,fused,
STU_S0077,,Student 0077,student,,,,,,,,,,,,ME,,S0077,3.0,,,,,,,,,primary,1.0,2026-09-20T18:00:00,fused,
STU_S0078,,Student 0078,student,,,,,,,,,,,,CE,,S0078,3.0,,,,,,,,,primary,1.0,2026-09-20T18:00:00,fused,
STU_S0079,,Student 0079,student,,,,,,,,,,,,AI-DS,,S0079,3.0,,,,,,,,,primary,1.0,2026-09-20T18:00:00,fused,
STU_S0080,,Student 0080,student,,,,,,,,,,,,CSE,,S0080,4.0,,,,,,,,,primary,1.0,2026-09-20T18:00:00,fused,
STU_S0081,,Student 0081,student,,,,,,,,,,,,EEE,,S0081,1.0,,,,,,,,,primary,1.0,2026-09-20T18:00:00,fused,
STU_S0082,,Student 0082,student,,,,,,,,,,,,CE,,S0082,1.0,,,,,,,,,primary,1.0,2026-09-20T18:00:00,fused,
STU_S0083,,Student 0083,student,,,,,,,,,,,,CE,,S0083,4.0,,,,,,,,,primary,1.0,2026-09-20T18:00:00,fused,
STU_S0084,,Student 0084,student,,,,,,,,,,,,MBA,,S0084,3.0,,,,,,,,,primary,1.0,2026-09-20T18:00:00,fused,
STU_S0085,,Student 0085,student,,,,,,,,,,,,MBA,,S0085,2.0,,,,,,,,,primary,1.0,2026-09-20T18:00:00,fused,
STU_S0086,,Student 0086,student,,,,,,,,,,,,CE,,S0086,3.0,,,,,,,,,primary,1.0,2026-09-20T18:00:00,fused,
STU_S0087,,Student 0087,student,,,,,,,,,,,,ECE,,S0087,2.0,,,,,,,,,primary,1.0,2026-09-20T18:00:00,fused,
STU_S0088,,Student 0088,student,,,,,,,,,,,,CE,,S0088,3.0,,,,,,,,,primary,1.0,2026-09-20T18:00:00,fused,
STU_S0089,,Student 0089,student,,,,,,,,,,,,AI-DS,,S0089,2.0,,,,,,,,,primary,1.0,2026-09-20T18:00:00,fused,
STU_S0090,,Student 0090,student,,,,,,,,,,,,AI-DS,,S0090,1.0,,,,,,,,,primary,1.0,2026-09-20T18:00:00,fused,
STU_S0091,,Student 0091,student,,,,,,,,,,,,AI-DS,,S0091,1.0,,,,,,,,,primary,1.0,2026-09-20T18:00:00,fused,
STU_S0092,,Student 0092,student,,,,,,,,,,,,EEE,,S0092,4.0,,,,,,,,,primary,1.0,2026-09-20T18:00:00,fused,
STU_S0093,,Student 0093,student,,,,,,,,,,,,CSE,,S0093,3.0,,,,,,,,,primary,1.0,2026-09-20T18:00:00,fused,
STU_S0094,,Student 0094,student,,,,,,,,,,,,AI-DS,,S0094,2.0,,,,,,,,,primary,1.0,2026-09-20T18:00:00,fused,
STU_S0095,,Student 0095,student,,,,,,,,,,,,CSE,,S0095,3.0,,,,,,,,,primary,1.0,2026-09-20T18:00:00,fused,
STU_S0096,,Student 0096,student,,,,,,,,,,,,EEE,,S0096,4.0,,,,,,,,,primary,1.0,2026-09-20T18:00:00,fused,
STU_S0097,,Student 0097,student,,,,,,,,,,,,ECE,,S0097,2.0,,,,,,,,,primary,1.0,2026-09-20T18:00:00,fused,
STU_S0098,,Student 0098,student,,,,,,,,,,,,ECE,,S0098,3.0,,,,,,,,,primary,1.0,2026-09-20T18:00:00,fused,
STU_S0099,,Student 0099,student,,,,,,,,,,,,CE,,S0099,3.0,,,,,,,,,primary,1.0,2026-09-20T18:00:00,fused,
STU_S0100,,Student 0100,student,,,,,,,,,,,,MBA,,S0100,2.0,,,,,,,,,primary,1.0,2026-09-20T18:00:00,fused,
STU_S0101,,Student 0101,student,,,,,,,,,,,,EEE,,S0101,4.0,,,,,,,,,primary,1.0,2026-09-20T18:00:00,fused,
STU_S0102,,Student 0102,student,,,,,,,,,,,,MBA,,S0102,3.0,,,,,,,,,primary,1.0,2026-09-20T18:00:00,fused,
STU_S0103,,Student 0103,student,,,,,,,,,,,,AI-DS,,S0103,3.0,,,,,,,,,primary,1.0,2026-09-20T18:00:00,fused,
STU_S0104,,Student 0104,student,,,,,,,,,,,,MBA,,S0104,1.0,,,,,,,,,primary,1.0,2026-09-20T18:00:00,fused,
STU_S0105,,Student 0105,student,,,,,,,,,,,,ME,,S0105,1.0,,,,,,,,,primary,1.0,2026-09-20T18:00:00,fused,
STU_S0106,,Student 0106,student,,,,,,,,,,,,ECE,,S0106,2.0,,,,,,,,,primary,1.0,2026-09-20T18:00:00,fused,
STU_S0107,,Student 0107,student,,,,,,,,,,,,MBA,,S0107,4.0,,,,,,,,,primary,1.0,2026-09-20T18:00:00,fused,
STU_S0108,,Student 0108,student,,,,,,,,,,,,MBA,,S0108,3.0,,,,,,,,,primary,1.0,2026-09-20T18:00:00,fused,
STU_S0109,,Student 0109,student,,,,,,,,,,,,CSE,,S0109,4.0,,,,,,,,,primary,1.0,2026-09-20T18:00:00,fused,
STU_S0110,,Student 0110,student,,,,,,,,,,,,CSE,,S0110,3.0,,,,,,,,,primary,1.0,2026-09-20T18:00:00,fused,
STU_S0111,,Student 0111,student,,,,,,,,,,,,CE,,S0111,1.0,,,,,,,,,primary,1.0,2026-09-20T18:00:00,fused,
STU_S0112,,Student 0112,student,,,,,,,,,,,,ME,,S0112,3.0,,,,,,,,,primary,1.0,2026-09-20T18:00:00,fused,
STU_S0113,,Student 0113,student,,,,,,,,,,,,AI-DS,,S0113,3.0,,,,,,,,,primary,1.0,2026-09-20T18:00:00,fused,
STU_S0114,,Student 0114,student,,,,,,,,,,,,CE,,S0114,4.0,,,,,,,,,primary,1.0,2026-09-20T18:00:00,fused,
STU_S0115,,Student 0115,student,,,,,,,,,,,,MBA,,S0115,3.0,,,,,,,,,primary,1.0,2026-09-20T18:00:00,fused,
STU_S0116,,Student 0116,student,,,,,,,,,,,,CSE,,S0116,2.0,,,,,,,,,primary,1.0,2026-09-20T18:00:00,fused,
STU_S0117,,Student 0117,student,,,,,,,,,,,,ME,,S0117,1.0,,,,,,,,,primary,1.0,2026-09-20T18:00:00,fused,
STU_S0118,,Student 0118,student,,,,,,,,,,,,CE,,S0118,3.0,,,,,,,,,primary,1.0,2026-09-20T18:00:00,fused,
STU_S0119,,Student 0119,student,,,,,,,,,,,,CE,,S0119,2.0,,,,,,,,,primary,1.0,2026-09-20T18:00:00,fused,
STU_S0120,,Student 0120,student,,,,,,,,,,,,AI-DS,,S0120,1.0,,,,,,,,,primary,1.0,2026-09-20T18:00:00,fused,
STU_S0121,,Student 0121,student,,,,,,,,,,,,AI-DS,,S0121,4.0,,,,,,,,,primary,1.0,2026-09-20T18:00:00,fused,
STU_S0122,,Student 0122,student,,,,,,,,,,,,AI-DS,,S0122,3.0,,,,,,,,,primary,1.0,2026-09-20T18:00:00,fused,
STU_S0123,,Student 0123,student,,,,,,,,,,,,AI-DS,,S0123,4.0,,,,,,,,,primary,1.0,2026-09-20T18:00:00,fused,
STU_S0124,,Student 0124,student,,,,,,,,,,,,CSE,,S0124,2.0,,,,,,,,,primary,1.0,2026-09-20T18:00:00,fused,
STU_S0125,,Student 0125,student,,,,,,,,,,,,CSE,,S0125,1.0,,,,,,,,,primary,1.0,2026-09-20T18:00:00,fused,
STU_S0126,,Student 0126,student,,,,,,,,,,,,EEE,,S0126,4.0,,,,,,,,,primary,1.0,2026-09-20T18:00:00,fused,
STU_S0127,,Student 0127,student,,,,,,,,,,,,CSE,,S0127,1.0,,,,,,,,,primary,1.0,2026-09-20T18:00:00,fused,
STU_S0128,,Student 0128,student,,,,,,,,,,,,ECE,,S0128,2.0,,,,,,,,,primary,1.0,2026-09-20T18:00:00,fused,
STU_S0129,,Student 0129,student,,,,,,,,,,,,ME,,S0129,4.0,,,,,,,,,primary,1.0,2026-09-20T18:00:00,fused,
STU_S0130,,Student 0130,student,,,,,,,,,,,,EEE,,S0130,4.0,,,,,,,,,primary,1.0,2026-09-20T18:00:00,fused,
STU_S0131,,Student 0131,student,,,,,,,,,,,,CE,,S0131,2.0,,,,,,,,,primary,1.0,2026-09-20T18:00:00,fused,
STU_S0132,,Student 0132,student,,,,,,,,,,,,ME,,S0132,1.0,,,,,,,,,primary,1.0,2026-09-20T18:00:00,fused,
STU_S0133,,Student 0133,student,,,,,,,,,,,,MBA,,S0133,4.0,,,,,,,,,primary,1.0,2026-09-20T18:00:00,fused,
STU_S0134,,Student 0134,student,,,,,,,,,,,,CE,,S0134,4.0,,,,,,,,,primary,1.0,2026-09-20T18:00:00,fused,
STU_S0135,,Student 0135,student,,,,,,,,,,,,EEE,,S0135,1.0,,,,,,,,,primary,1.0,2026-09-20T18:00:00,fused,
STU_S0136,,Student 0136,student,,,,,,,,,,,,AI-DS,,S0136,3.0,,,,,,,,,primary,1.0,2026-09-20T18:00:00,fused,
STU_S0137,,Student 0137,student,,,,,,,,,,,,ECE,,S0137,4.0,,,,,,,,,primary,1.0,2026-09-20T18:00:00,fused,
STU_S0138,,Student 0138,student,,,,,,,,,,,,ME,,S0138,2.0,,,,,,,,,primary,1.0,2026-09-20T18:00:00,fused,
STU_S0139,,Student 0139,student,,,,,,,,,,,,MBA,,S0139,3.0,,,,,,,,,primary,1.0,2026-09-20T18:00:00,fused,
STU_S0140,,Student 0140,student,,,,,,,,,,,,CSE,,S0140,3.0,,,,,,,,,primary,1.0,2026-09-20T18:00:00,fused,
STU_S0141,,Student 0141,student,,,,,,,,,,,,CE,,S0141,3.0,,,,,,,,,primary,1.0,2026-09-20T18:00:00,fused,
STU_S0142,,Student 0142,student,,,,,,,,,,,,CSE,,S0142,4.0,,,,,,,,,primary,1.0,2026-09-20T18:00:00,fused,
STU_S0143,,Student 0143,student,,,,,,,,,,,,EEE,,S0143,2.0,,,,,,,,,primary,1.0,2026-09-20T18:00:00,fused,
STU_S0144,,Student 0144,student,,,,,,,,,,,,CSE,,S0144,4.0,,,,,,,,,primary,1.0,2026-09-20T18:00:00,fused,
STU_S0145,,Student 0145,student,,,,,,,,,,,,CSE,,S0145,2.0,,,,,,,,,primary,1.0,2026-09-20T18:00:00,fused,
STU_S0146,,Student 0146,student,,,,,,,,,,,,AI-DS,,S0146,1.0,,,,,,,,,primary,1.0,2026-09-20T18:00:00,fused,
STU_S0147,,Student 0147,student,,,,,,,,,,,,CSE,,S0147,3.0,,,,,,,,,primary,1.0,2026-09-20T18:00:00,fused,
STU_S0148,,Student 0148,student,,,,,,,,,,,,ECE,,S0148,2.0,,,,,,,,,primary,1.0,2026-09-20T18:00:00,fused,
STU_S0149,,Student 0149,student,,,,,,,,,,,,MBA,,S0149,2.0,,,,,,,,,primary,1.0,2026-09-20T18:00:00,fused,
STU_S0150,,Student 0150,student,,,,,,,,,,,,CSE,,S0150,2.0,,,,,,,,,primary,1.0,2026-09-20T18:00:00,fused,
STU_S0151,,Student 0151,student,,,,,,,,,,,,CE,,S0151,2.0,,,,,,,,,primary,1.0,2026-09-20T18:00:00,fused,
STU_S0152,,Student 0152,student,,,,,,,,,,,,MBA,,S0152,2.0,,,,,,,,,primary,1.0,2026-09-20T18:00:00,fused,
STU_S0153,,Student 0153,student,,,,,,,,,,,,EEE,,S0153,2.0,,,,,,,,,primary,1.0,2026-09-20T18:00:00,fused,
STU_S0154,,Student 0154,student,,,,,,,,,,,,MBA,,S0154,1.0,,,,,,,,,primary,1.0,2026-09-20T18:00:00,fused,
STU_S0155,,Student 0155,student,,,,,,,,,,,,EEE,,S0155,2.0,,,,,,,,,primary,1.0,2026-09-20T18:00:00,fused,
STU_S0156,,Student 0156,student,,,,,,,,,,,,ECE,,S0156,3.0,,,,,,,,,primary,1.0,2026-09-20T18:00:00,fused,
STU_S0157,,Student 0157,student,,,,,,,,,,,,MBA,,S0157,2.0,,,,,,,,,primary,1.0,2026-09-20T18:00:00,fused,
STU_S0158,,Student 0158,student,,,,,,,,,,,,CSE,,S0158,1.0,,,,,,,,,primary,1.0,2026-09-20T18:00:00,fused,
STU_S0159,,Student 0159,student,,,,,,,,,,,,ECE,,S0159,1.0,,,,,,,,,primary,1.0,2026-09-20T18:00:00,fused,
STU_S0160,,Student 0160,student,,,,,,,,,,,,EEE,,S0160,2.0,,,,,,,,,primary,1.0,2026-09-20T18:00:00,fused,
STU_S0161,,Student 0161,student,,,,,,,,,,,,CE,,S0161,3.0,,,,,,,,,primary,1.0,2026-09-20T18:00:00,fused,
STU_S0162,,Student 0162,student,,,,,,,,,,,,CSE,,S0162,2.0,,,,,,,,,primary,1.0,2026-09-20T18:00:00,fused,
STU_S0163,,Student 0163,student,,,,,,,,,,,,EEE,,S0163,1.0,,,,,,,,,primary,1.0,2026-09-20T18:00:00,fused,
STU_S0164,,Student 0164,student,,,,,,,,,,,,ECE,,S0164,4.0,,,,,,,,,primary,1.0,2026-09-20T18:00:00,fused,
STU_S0165,,Student 0165,student,,,,,,,,,,,,CE,,S0165,1.0,,,,,,,,,primary,1.0,2026-09-20T18:00:00,fused,
STU_S0166,,Student 0166,student,,,,,,,,,,,,AI-DS,,S0166,1.0,,,,,,,,,primary,1.0,2026-09-20T18:00:00,fused,
STU_S0167,,Student 0167,student,,,,,,,,,,,,ME,,S0167,4.0,,,,,,,,,primary,1.0,2026-09-20T18:00:00,fused,
STU_S0168,,Student 0168,student,,,,,,,,,,,,MBA,,S0168,3.0,,,,,,,,,primary,1.0,2026-09-20T18:00:00,fused,
STU_S0169,,Student 0169,student,,,,,,,,,,,,CE,,S0169,1.0,,,,,,,,,primary,1.0,2026-09-20T18:00:00,fused,
STU_S0170,,Student 0170,student,,,,,,,,,,,,ME,,S0170,2.0,,,,,,,,,primary,1.0,2026-09-20T18:00:00,fused,
STU_S0171,,Student 0171,student,,,,,,,,,,,,CE,,S0171,1.0,,,,,,,,,primary,1.0,2026-09-20T18:00:00,fused,
STU_S0172,,Student 0172,student,,,,,,,,,,,,AI-DS,,S0172,3.0,,,,,,,,,primary,1.0,2026-09-20T18:00:00,fused,
STU_S0173,,Student 0173,student,,,,,,,,,,,,ME,,S0173,1.0,,,,,,,,,primary,1.0,2026-09-20T18:00:00,fused,
STU_S0174,,Student 0174,student,,,,,,,,,,,,CSE,,S0174,4.0,,,,,,,,,primary,1.0,2026-09-20T18:00:00,fused,
STU_S0175,,Student 0175,student,,,,,,,,,,,,MBA,,S0175,4.0,,,,,,,,,primary,1.0,2026-09-20T18:00:00,fused,
STU_S0176,,Student 0176,student,,,,,,,,,,,,ME,,S0176,1.0,,,,,,,,,primary,1.0,2026-09-20T18:00:00,fused,
STU_S0177,,Student 0177,student,,,,,,,,,,,,ME,,S0177,4.0,,,,,,,,,primary,1.0,2026-09-20T18:00:00,fused,
STU_S0178,,Student 0178,student,,,,,,,,,,,,CSE,,S0178,1.0,,,,,,,,,primary,1.0,2026-09-20T18:00:00,fused,
STU_S0179,,Student 0179,student,,,,,,,,,,,,EEE,,S0179,2.0,,,,,,,,,primary,1.0,2026-09-20T18:00:00,fused,
STU_S0180,,Student 0180,student,,,,,,,,,,,,CSE,,S0180,2.0,,,,,,,,,primary,1.0,2026-09-20T18:00:00,fused,
STU_S0181,,Student 0181,student,,,,,,,,,,,,EEE,,S0181,3.0,,,,,,,,,primary,1.0,2026-09-20T18:00:00,fused,
STU_S0182,,Student 0182,student,,,,,,,,,,,,ME,,S0182,3.0,,,,,,,,,primary,1.0,2026-09-20T18:00:00,fused,
STU_S0183,,Student 0183,student,,,,,,,,,,,,ME,,S0183,4.0,,,,,,,,,primary,1.0,2026-09-20T18:00:00,fused,
STU_S0184,,Student 0184,student,,,,,,,,,,,,CSE,,S0184,1.0,,,,,,,,,primary,1.0,2026-09-20T18:00:00,fused,
STU_S0185,,Student 0185,student,,,,,,,,,,,,MBA,,S0185,2.0,,,,,,,,,primary,1.0,2026-09-20T18:00:00,fused,
STU_S0186,,Student 0186,student,,,,,,,,,,,,ME,,S0186,4.0,,,,,,,,,primary,1.0,2026-09-20T18:00:00,fused,
STU_S0187,,Student 0187,student,,,,,,,,,,,,ECE,,S0187,4.0,,,,,,,,,primary,1.0,2026-09-20T18:00:00,fused,
STU_S0188,,Student 0188,student,,,,,,,,,,,,EEE,,S0188,4.0,,,,,,,,,primary,1.0,2026-09-20T18:00:00,fused,
STU_S0189,,Student 0189,student,,,,,,,,,,,,ME,,S0189,4.0,,,,,,,,,primary,1.0,2026-09-20T18:00:00,fused,
STU_S0190,,Student 0190,student,,,,,,,,,,,,AI-DS,,S0190,1.0,,,,,,,,,primary,1.0,2026-09-20T18:00:00,fused,
STU_S0191,,Student 0191,student,,,,,,,,,,,,EEE,,S0191,4.0,,,,,,,,,primary,1.0,2026-09-20T18:00:00,fused,
STU_S0192,,Student 0192,student,,,,,,,,,,,,EEE,,S0192,3.0,,,,,,,,,primary,1.0,2026-09-20T18:00:00,fused,
STU_S0193,,Student 0193,student,,,,,,,,,,,,EEE,,S0193,2.0,,,,,,,,,primary,1.0,2026-09-20T18:00:00,fused,
STU_S0194,,Student 0194,student,,,,,,,,,,,,AI-DS,,S0194,4.0,,,,,,,,,primary,1.0,2026-09-20T18:00:00,fused,
STU_S0195,,Student 0195,student,,,,,,,,,,,,CSE,,S0195,1.0,,,,,,,,,primary,1.0,2026-09-20T18:00:00,fused,
STU_S0196,,Student 0196,student,,,,,,,,,,,,MBA,,S0196,1.0,,,,,,,,,primary,1.0,2026-09-20T18:00:00,fused,
STU_S0197,,Student 0197,student,,,,,,,,,,,,CSE,,S0197,4.0,,,,,,,,,primary,1.0,2026-09-20T18:00:00,fused,
STU_S0198,,Student 0198,student,,,,,,,,,,,,CSE,,S0198,3.0,,,,,,,,,primary,1.0,2026-09-20T18:00:00,fused,
STU_S0199,,Student 0199,student,,,,,,,,,,,,MBA,,S0199,2.0,,,,,,,,,primary,1.0,2026-09-20T18:00:00,fused,
STU_S0200,,Student 0200,student,,,,,,,,,,,,CE,,S0200,1.0,,,,,,,,,primary,1.0,2026-09-20T18:00:00,fused,
STU_S0201,,Student 0201,student,,,,,,,,,,,,CE,,S0201,3.0,,,,,,,,,primary,1.0,2026-09-20T18:00:00,fused,
STU_S0202,,Student 0202,student,,,,,,,,,,,,AI-DS,,S0202,1.0,,,,,,,,,primary,1.0,2026-09-20T18:00:00,fused,
STU_S0203,,Student 0203,student,,,,,,,,,,,,ME,,S0203,3.0,,,,,,,,,primary,1.0,2026-09-20T18:00:00,fused,
STU_S0204,,Student 0204,student,,,,,,,,,,,,MBA,,S0204,4.0,,,,,,,,,primary,1.0,2026-09-20T18:00:00,fused,
STU_S0205,,Student 0205,student,,,,,,,,,,,,MBA,,S0205,1.0,,,,,,,,,primary,1.0,2026-09-20T18:00:00,fused,
STU_S0206,,Student 0206,student,,,,,,,,,,,,EEE,,S0206,3.0,,,,,,,,,primary,1.0,2026-09-20T18:00:00,fused,
STU_S0207,,Student 0207,student,,,,,,,,,,,,EEE,,S0207,1.0,,,,,,,,,primary,1.0,2026-09-20T18:00:00,fused,
STU_S0208,,Student 0208,student,,,,,,,,,,,,CE,,S0208,2.0,,,,,,,,,primary,1.0,2026-09-20T18:00:00,fused,
STU_S0209,,Student 0209,student,,,,,,,,,,,,ECE,,S0209,4.0,,,,,,,,,primary,1.0,2026-09-20T18:00:00,fused,
STU_S0210,,Student 0210,student,,,,,,,,,,,,ECE,,S0210,1.0,,,,,,,,,primary,1.0,2026-09-20T18:00:00,fused,
STU_S0211,,Student 0211,student,,,,,,,,,,,,EEE,,S0211,3.0,,,,,,,,,primary,1.0,2026-09-20T18:00:00,fused,
STU_S0212,,Student 0212,student,,,,,,,,,,,,CSE,,S0212,3.0,,,,,,,,,primary,1.0,2026-09-20T18:00:00,fused,
STU_S0213,,Student 0213,student,,,,,,,,,,,,CE,,S0213,2.0,,,,,,,,,primary,1.0,2026-09-20T18:00:00,fused,
STU_S0214,,Student 0214,student,,,,,,,,,,,,MBA,,S0214,4.0,,,,,,,,,primary,1.0,2026-09-20T18:00:00,fused,
STU_S0215,,Student 0215,student,,,,,,,,,,,,MBA,,S0215,1.0,,,,,,,,,primary,1.0,2026-09-20T18:00:00,fused,
STU_S0216,,Student 0216,student,,,,,,,,,,,,CE,,S0216,3.0,,,,,,,,,primary,1.0,2026-09-20T18:00:00,fused,
STU_S0217,,Student 0217,student,,,,,,,,,,,,CSE,,S0217,2.0,,,,,,,,,primary,1.0,2026-09-20T18:00:00,fused,
STU_S0218,,Student 0218,student,,,,,,,,,,,,EEE,,S0218,3.0,,,,,,,,,primary,1.0,2026-09-20T18:00:00,fused,
STU_S0219,,Student 0219,student,,,,,,,,,,,,EEE,,S0219,3.0,,,,,,,,,primary,1.0,2026-09-20T18:00:00,fused,
STU_S0220,,Student 0220,student,,,,,,,,,,,,CSE,,S0220,2.0,,,,,,,,,primary,1.0,2026-09-20T18:00:00,fused,
STU_S0221,,Student 0221,student,,,,,,,,,,,,MBA,,S0221,2.0,,,,,,,,,primary,1.0,2026-09-20T18:00:00,fused,
STU_S0222,,Student 0222,student,,,,,,,,,,,,CE,,S0222,4.0,,,,,,,,,primary,1.0,2026-09-20T18:00:00,fused,
STU_S0223,,Student 0223,student,,,,,,,,,,,,CSE,,S0223,2.0,,,,,,,,,primary,1.0,2026-09-20T18:00:00,fused,
STU_S0224,,Student 0224,student,,,,,,,,,,,,AI-DS,,S0224,1.0,,,,,,,,,primary,1.0,2026-09-20T18:00:00,fused,
STU_S0225,,Student 0225,student,,,,,,,,,,,,CSE,,S0225,2.0,,,,,,,,,primary,1.0,2026-09-20T18:00:00,fused,
STU_S0226,,Student 0226,student,,,,,,,,,,,,ME,,S0226,4.0,,,,,,,,,primary,1.0,2026-09-20T18:00:00,fused,
STU_S0227,,Student 0227,student,,,,,,,,,,,,ME,,S0227,3.0,,,,,,,,,primary,1.0,2026-09-20T18:00:00,fused,
STU_S0228,,Student 0228,student,,,,,,,,,,,,ECE,,S0228,3.0,,,,,,,,,primary,1.0,2026-09-20T18:00:00,fused,
STU_S0229,,Student 0229,student,,,,,,,,,,,,EEE,,S0229,3.0,,,,,,,,,primary,1.0,2026-09-20T18:00:00,fused,
STU_S0230,,Student 0230,student,,,,,,,,,,,,MBA,,S0230,1.0,,,,,,,,,primary,1.0,2026-09-20T18:00:00,fused,
STU_S0231,,Student 0231,student,,,,,,,,,,,,CSE,,S0231,2.0,,,,,,,,,primary,1.0,2026-09-20T18:00:00,fused,
STU_S0232,,Student 0232,student,,,,,,,,,,,,ECE,,S0232,1.0,,,,,,,,,primary,1.0,2026-09-20T18:00:00,fused,
STU_S0233,,Student 0233,student,,,,,,,,,,,,AI-DS,,S0233,1.0,,,,,,,,,primary,1.0,2026-09-20T18:00:00,fused,
STU_S0234,,Student 0234,student,,,,,,,,,,,,EEE,,S0234,4.0,,,,,,,,,primary,1.0,2026-09-20T18:00:00,fused,
STU_S0235,,Student 0235,student,,,,,,,,,,,,AI-DS,,S0235,4.0,,,,,,,,,primary,1.0,2026-09-20T18:00:00,fused,
STU_S0236,,Student 0236,student,,,,,,,,,,,,ME,,S0236,4.0,,,,,,,,,primary,1.0,2026-09-20T18:00:00,fused,
STU_S0237,,Student 0237,student,,,,,,,,,,,,ME,,S0237,3.0,,,,,,,,,primary,1.0,2026-09-20T18:00:00,fused,
STU_S0238,,Student 0238,student,,,,,,,,,,,,ECE,,S0238,1.0,,,,,,,,,primary,1.0,2026-09-20T18:00:00,fused,
STU_S0239,,Student 0239,student,,,,,,,,,,,,EEE,,S0239,4.0,,,,,,,,,primary,1.0,2026-09-20T18:00:00,fused,
STU_S0240,,Student 0240,student,,,,,,,,,,,,CSE,,S0240,3.0,,,,,,,,,primary,1.0,2026-09-20T18:00:00,fused,
STU_S0241,,Student 0241,student,,,,,,,,,,,,AI-DS,,S0241,4.0,,,,,,,,,primary,1.0,2026-09-20T18:00:00,fused,
STU_S0242,,Student 0242,student,,,,,,,,,,,,CE,,S0242,3.0,,,,,,,,,primary,1.0,2026-09-20T18:00:00,fused,
STU_S0243,,Student 0243,student,,,,,,,,,,,,CSE,,S0243,2.0,,,,,,,,,primary,1.0,2026-09-20T18:00:00,fused,
STU_S0244,,Student 0244,student,,,,,,,,,,,,ME,,S0244,1.0,,,,,,,,,primary,1.0,2026-09-20T18:00:00,fused,
STU_S0245,,Student 0245,student,,,,,,,,,,,,CSE,,S0245,2.0,,,,,,,,,primary,1.0,2026-09-20T18:00:00,fused,
STU_S0246,,Student 0246,student,,,,,,,,,,,,EEE,,S0246,2.0,,,,,,,,,primary,1.0,2026-09-20T18:00:00,fused,
STU_S0247,,Student 0247,student,,,,,,,,,,,,MBA,,S0247,2.0,,,,,,,,,primary,1.0,2026-09-20T18:00:00,fused,
STU_S0248,,Student 0248,student,,,,,,,,,,,,MBA,,S0248,3.0,,,,,,,,,primary,1.0,2026-09-20T18:00:00,fused,
STU_S0249,,Student 0249,student,,,,,,,,,,,,EEE,,S0249,3.0,,,,,,,,,primary,1.0,2026-09-20T18:00:00,fused,
STU_S0250,,Student 0250,student,,,,,,,,,,,,CSE,,S0250,1.0,,,,,,,,,primary,1.0,2026-09-20T18:00:00,fused,
STU_S0251,,Student 0251,student,,,,,,,,,,,,ME,,S0251,4.0,,,,,,,,,primary,1.0,2026-09-20T18:00:00,fused,
STU_S0252,,Student 0252,student,,,,,,,,,,,,ECE,,S0252,2.0,,,,,,,,,primary,1.0,2026-09-20T18:00:00,fused,
STU_S0253,,Student 0253,student,,,,,,,,,,,,ME,,S0253,2.0,,,,,,,,,primary,1.0,2026-09-20T18:00:00,fused,
STU_S0254,,Student 0254,student,,,,,,,,,,,,CE,,S0254,3.0,,,,,,,,,primary,1.0,2026-09-20T18:00:00,fused,
STU_S0255,,Student 0255,student,,,,,,,,,,,,CSE,,S0255,4.0,,,,,,,,,primary,1.0,2026-09-20T18:00:00,fused,
STU_S0256,,Student 0256,student,,,,,,,,,,,,MBA,,S0256,1.0,,,,,,,,,primary,1.0,2026-09-20T18:00:00,fused,
STU_S0257,,Student 0257,student,,,,,,,,,,,,ME,,S0257,1.0,,,,,,,,,primary,1.0,2026-09-20T18:00:00,fused,
STU_S0258,,Student 0258,student,,,,,,,,,,,,ME,,S0258,1.0,,,,,,,,,primary,1.0,2026-09-20T18:00:00,fused,
STU_S0259,,Student 0259,student,,,,,,,,,,,,MBA,,S0259,3.0,,,,,,,,,primary,1.0,2026-09-20T18:00:00,fused,
STU_S0260,,Student 0260,student,,,,,,,,,,,,CE,,S0260,4.0,,,,,,,,,primary,1.0,2026-09-20T18:00:00,fused,
STU_S0261,,Student 0261,student,,,,,,,,,,,,CE,,S0261,4.0,,,,,,,,,primary,1.0,2026-09-20T18:00:00,fused,
STU_S0262,,Student 0262,student,,,,,,,,,,,,AI-DS,,S0262,4.0,,,,,,,,,primary,1.0,2026-09-20T18:00:00,fused,
STU_S0263,,Student 0263,student,,,,,,,,,,,,EEE,,S0263,1.0,,,,,,,,,primary,1.0,2026-09-20T18:00:00,fused,
STU_S0264,,Student 0264,student,,,,,,,,,,,,ME,,S0264,1.0,,,,,,,,,primary,1.0,2026-09-20T18:00:00,fused,
STU_S0265,,Student 0265,student,,,,,,,,,,,,EEE,,S0265,2.0,,,,,,,,,primary,1.0,2026-09-20T18:00:00,fused,
STU_S0266,,Student 0266,student,,,,,,,,,,,,MBA,,S0266,4.0,,,,,,,,,primary,1.0,2026-09-20T18:00:00,fused,
STU_S0267,,Student 0267,student,,,,,,,,,,,,MBA,,S0267,3.0,,,,,,,,,primary,1.0,2026-09-20T18:00:00,fused,
STU_S0268,,Student 0268,student,,,,,,,,,,,,CSE,,S0268,4.0,,,,,,,,,primary,1.0,2026-09-20T18:00:00,fused,
STU_S0269,,Student 0269,student,,,,,,,,,,,,MBA,,S0269,1.0,,,,,,,,,primary,1.0,2026-09-20T18:00:00,fused,
STU_S0270,,Student 0270,student,,,,,,,,,,,,ECE,,S0270,4.0,,,,,,,,,primary,1.0,2026-09-20T18:00:00,fused,
STU_S0271,,Student 0271,student,,,,,,,,,,,,CE,,S0271,4.0,,,,,,,,,primary,1.0,2026-09-20T18:00:00,fused,
STU_S0272,,Student 0272,student,,,,,,,,,,,,CE,,S0272,1.0,,,,,,,,,primary,1.0,2026-09-20T18:00:00,fused,
STU_S0273,,Student 0273,student,,,,,,,,,,,,ME,,S0273,3.0,,,,,,,,,primary,1.0,2026-09-20T18:00:00,fused,
STU_S0274,,Student 0274,student,,,,,,,,,,,,AI-DS,,S0274,3.0,,,,,,,,,primary,1.0,2026-09-20T18:00:00,fused,
STU_S0275,,Student 0275,student,,,,,,,,,,,,ECE,,S0275,3.0,,,,,,,,,primary,1.0,2026-09-20T18:00:00,fused,
STU_S0276,,Student 0276,student,,,,,,,,,,,,MBA,,S0276,2.0,,,,,,,,,primary,1.0,2026-09-20T18:00:00,fused,
STU_S0277,,Student 0277,student,,,,,,,,,,,,CSE,,S0277,1.0,,,,,,,,,primary,1.0,2026-09-20T18:00:00,fused,
STU_S0278,,Student 0278,student,,,,,,,,,,,,CE,,S0278,2.0,,,,,,,,,primary,1.0,2026-09-20T18:00:00,fused,
STU_S0279,,Student 0279,student,,,,,,,,,,,,MBA,,S0279,3.0,,,,,,,,,primary,1.0,2026-09-20T18:00:00,fused,
STU_S0280,,Student 0280,student,,,,,,,,,,,,EEE,,S0280,2.0,,,,,,,,,primary,1.0,2026-09-20T18:00:00,fused,
STU_S0281,,Student 0281,student,,,,,,,,,,,,ECE,,S0281,1.0,,,,,,,,,primary,1.0,2026-09-20T18:00:00,fused,
STU_S0282,,Student 0282,student,,,,,,,,,,,,ECE,,S0282,3.0,,,,,,,,,primary,1.0,2026-09-20T18:00:00,fused,
STU_S0283,,Student 0283,student,,,,,,,,,,,,ECE,,S0283,2.0,,,,,,,,,primary,1.0,2026-09-20T18:00:00,fused,
STU_S0284,,Student 0284,student,,,,,,,,,,,,CE,,S0284,2.0,,,,,,,,,primary,1.0,2026-09-20T18:00:00,fused,
STU_S0285,,Student 0285,student,,,,,,,,,,,,MBA,,S0285,1.0,,,,,,,,,primary,1.0,2026-09-20T18:00:00,fused,
STU_S0286,,Student 0286,student,,,,,,,,,,,,ECE,,S0286,4.0,,,,,,,,,primary,1.0,2026-09-20T18:00:00,fused,
STU_S0287,,Student 0287,student,,,,,,,,,,,,ME,,S0287,4.0,,,,,,,,,primary,1.0,2026-09-20T18:00:00,fused,
STU_S0288,,Student 0288,student,,,,,,,,,,,,AI-DS,,S0288,3.0,,,,,,,,,primary,1.0,2026-09-20T18:00:00,fused,
STU_S0289,,Student 0289,student,,,,,,,,,,,,MBA,,S0289,3.0,,,,,,,,,primary,1.0,2026-09-20T18:00:00,fused,
STU_S0290,,Student 0290,student,,,,,,,,,,,,ECE,,S0290,4.0,,,,,,,,,primary,1.0,2026-09-20T18:00:00,fused,
STU_S0291,,Student 0291,student,,,,,,,,,,,,CSE,,S0291,4.0,,,,,,,,,primary,1.0,2026-09-20T18:00:00,fused,
STU_S0292,,Student 0292,student,,,,,,,,,,,,ME,,S0292,3.0,,,,,,,,,primary,1.0,2026-09-20T18:00:00,fused,
STU_S0293,,Student 0293,student,,,,,,,,,,,,MBA,,S0293,3.0,,,,,,,,,primary,1.0,2026-09-20T18:00:00,fused,
STU_S0294,,Student 0294,student,,,,,,,,,,,,CE,,S0294,1.0,,,,,,,,,primary,1.0,2026-09-20T18:00:00,fused,
STU_S0295,,Student 0295,student,,,,,,,,,,,,EEE,,S0295,1.0,,,,,,,,,primary,1.0,2026-09-20T18:00:00,fused,
STU_S0296,,Student 0296,student,,,,,,,,,,,,EEE,,S0296,4.0,,,,,,,,,primary,1.0,2026-09-20T18:00:00,fused,
STU_S0297,,Student 0297,student,,,,,,,,,,,,ME,,S0297,1.0,,,,,,,,,primary,1.0,2026-09-20T18:00:00,fused,
STU_S0298,,Student 0298,student,,,,,,,,,,,,CSE,,S0298,3.0,,,,,,,,,primary,1.0,2026-09-20T18:00:00,fused,
STU_S0299,,Student 0299,student,,,,,,,,,,,,MBA,,S0299,3.0,,,,,,,,,primary,1.0,2026-09-20T18:00:00,fused,
STU_S0300,,Student 0300,student,,,,,,,,,,,,CSE,,S0300,1.0,,,,,,,,,primary,1.0,2026-09-20T18:00:00,fused,
STU_S0301,,Student 0301,student,,,,,,,,,,,,CE,,S0301,4.0,,,,,,,,,primary,1.0,2026-09-20T18:00:00,fused,
STU_S0302,,Student 0302,student,,,,,,,,,,,,ME,,S0302,1.0,,,,,,,,,primary,1.0,2026-09-20T18:00:00,fused,
STU_S0303,,Student 0303,student,,,,,,,,,,,,ME,,S0303,2.0,,,,,,,,,primary,1.0,2026-09-20T18:00:00,fused,
STU_S0304,,Student 0304,student,,,,,,,,,,,,EEE,,S0304,4.0,,,,,,,,,primary,1.0,2026-09-20T18:00:00,fused,
STU_S0305,,Student 0305,student,,,,,,,,,,,,CE,,S0305,2.0,,,,,,,,,primary,1.0,2026-09-20T18:00:00,fused,
STU_S0306,,Student 0306,student,,,,,,,,,,,,CSE,,S0306,4.0,,,,,,,,,primary,1.0,2026-09-20T18:00:00,fused,
STU_S0307,,Student 0307,student,,,,,,,,,,,,CSE,,S0307,3.0,,,,,,,,,primary,1.0,2026-09-20T18:00:00,fused,
STU_S0308,,Student 0308,student,,,,,,,,,,,,AI-DS,,S0308,1.0,,,,,,,,,primary,1.0,2026-09-20T18:00:00,fused,
STU_S0309,,Student 0309,student,,,,,,,,,,,,CE,,S0309,2.0,,,,,,,,,primary,1.0,2026-09-20T18:00:00,fused,
STU_S0310,,Student 0310,student,,,,,,,,,,,,CSE,,S0310,2.0,,,,,,,,,primary,1.0,2026-09-20T18:00:00,fused,
STU_S0311,,Student 0311,student,,,,,,,,,,,,AI-DS,,S0311,4.0,,,,,,,,,primary,1.0,2026-09-20T18:00:00,fused,
STU_S0312,,Student 0312,student,,,,,,,,,,,,ME,,S0312,2.0,,,,,,,,,primary,1.0,2026-09-20T18:00:00,fused,
STU_S0313,,Student 0313,student,,,,,,,,,,,,EEE,,S0313,3.0,,,,,,,,,primary,1.0,2026-09-20T18:00:00,fused,
STU_S0314,,Student 0314,student,,,,,,,,,,,,EEE,,S0314,4.0,,,,,,,,,primary,1.0,2026-09-20T18:00:00,fused,
STU_S0315,,Student 0315,student,,,,,,,,,,,,ME,,S0315,3.0,,,,,,,,,primary,1.0,2026-09-20T18:00:00,fused,
STU_S0316,,Student 0316,student,,,,,,,,,,,,AI-DS,,S0316,1.0,,,,,,,,,primary,1.0,2026-09-20T18:00:00,fused,
STU_S0317,,Student 0317,student,,,,,,,,,,,,MBA,,S0317,3.0,,,,,,,,,primary,1.0,2026-09-20T18:00:00,fused,
STU_S0318,,Student 0318,student,,,,,,,,,,,,CSE,,S0318,3.0,,,,,,,,,primary,1.0,2026-09-20T18:00:00,fused,
STU_S0319,,Student 0319,student,,,,,,,,,,,,CSE,,S0319,4.0,,,,,,,,,primary,1.0,2026-09-20T18:00:00,fused,
STU_S0320,,Student 0320,student,,,,,,,,,,,,EEE,,S0320,3.0,,,,,,,,,primary,1.0,2026-09-20T18:00:00,fused,
STU_S0321,,Student 0321,student,,,,,,,,,,,,AI-DS,,S0321,2.0,,,,,,,,,primary,1.0,2026-09-20T18:00:00,fused,
STU_S0322,,Student 0322,student,,,,,,,,,,,,EEE,,S0322,1.0,,,,,,,,,primary,1.0,2026-09-20T18:00:00,fused,
STU_S0323,,Student 0323,student,,,,,,,,,,,,CE,,S0323,2.0,,,,,,,,,primary,1.0,2026-09-20T18:00:00,fused,
STU_S0324,,Student 0324,student,,,,,,,,,,,,EEE,,S0324,3.0,,,,,,,,,primary,1.0,2026-09-20T18:00:00,fused,
STU_S0325,,Student 0325,student,,,,,,,,,,,,AI-DS,,S0325,4.0,,,,,,,,,primary,1.0,2026-09-20T18:00:00,fused,
STU_S0326,,Student 0326,student,,,,,,,,,,,,ECE,,S0326,1.0,,,,,,,,,primary,1.0,2026-09-20T18:00:00,fused,
STU_S0327,,Student 0327,student,,,,,,,,,,,,EEE,,S0327,4.0,,,,,,,,,primary,1.0,2026-09-20T18:00:00,fused,
STU_S0328,,Student 0328,student,,,,,,,,,,,,AI-DS,,S0328,3.0,,,,,,,,,primary,1.0,2026-09-20T18:00:00,fused,
STU_S0329,,Student 0329,student,,,,,,,,,,,,MBA,,S0329,2.0,,,,,,,,,primary,1.0,2026-09-20T18:00:00,fused,
STU_S0330,,Student 0330,student,,,,,,,,,,,,AI-DS,,S0330,1.0,,,,,,,,,primary,1.0,2026-09-20T18:00:00,fused,
STU_S0331,,Student 0331,student,,,,,,,,,,,,AI-DS,,S0331,4.0,,,,,,,,,primary,1.0,2026-09-20T18:00:00,fused,
STU_S0332,,Student 0332,student,,,,,,,,,,,,CE,,S0332,3.0,,,,,,,,,primary,1.0,2026-09-20T18:00:00,fused,
STU_S0333,,Student 0333,student,,,,,,,,,,,,CSE,,S0333,3.0,,,,,,,,,primary,1.0,2026-09-20T18:00:00,fused,
STU_S0334,,Student 0334,student,,,,,,,,,,,,EEE,,S0334,2.0,,,,,,,,,primary,1.0,2026-09-20T18:00:00,fused,
STU_S0335,,Student 0335,student,,,,,,,,,,,,ECE,,S0335,3.0,,,,,,,,,primary,1.0,2026-09-20T18:00:00,fused,
STU_S0336,,Student 0336,student,,,,,,,,,,,,MBA,,S0336,4.0,,,,,,,,,primary,1.0,2026-09-20T18:00:00,fused,
STU_S0337,,Student 0337,student,,,,,,,,,,,,ECE,,S0337,2.0,,,,,,,,,primary,1.0,2026-09-20T18:00:00,fused,
STU_S0338,,Student 0338,student,,,,,,,,,,,,ECE,,S0338,2.0,,,,,,,,,primary,1.0,2026-09-20T18:00:00,fused,
STU_S0339,,Student 0339,student,,,,,,,,,,,,CSE,,S0339,3.0,,,,,,,,,primary,1.0,2026-09-20T18:00:00,fused,
STU_S0340,,Student 0340,student,,,,,,,,,,,,MBA,,S0340,1.0,,,,,,,,,primary,1.0,2026-09-20T18:00:00,fused,
STU_S0341,,Student 0341,student,,,,,,,,,,,,CE,,S0341,1.0,,,,,,,,,primary,1.0,2026-09-20T18:00:00,fused,
STU_S0342,,Student 0342,student,,,,,,,,,,,,AI-DS,,S0342,3.0,,,,,,,,,primary,1.0,2026-09-20T18:00:00,fused,
STU_S0343,,Student 0343,student,,,,,,,,,,,,MBA,,S0343,2.0,,,,,,,,,primary,1.0,2026-09-20T18:00:00,fused,
STU_S0344,,Student 0344,student,,,,,,,,,,,,CE,,S0344,4.0,,,,,,,,,primary,1.0,2026-09-20T18:00:00,fused,
STU_S0345,,Student 0345,student,,,,,,,,,,,,ECE,,S0345,2.0,,,,,,,,,primary,1.0,2026-09-20T18:00:00,fused,
STU_S0346,,Student 0346,student,,,,,,,,,,,,ECE,,S0346,2.0,,,,,,,,,primary,1.0,2026-09-20T18:00:00,fused,
STU_S0347,,Student 0347,student,,,,,,,,,,,,AI-DS,,S0347,4.0,,,,,,,,,primary,1.0,2026-09-20T18:00:00,fused,
STU_S0348,,Student 0348,student,,,,,,,,,,,,CSE,,S0348,4.0,,,,,,,,,primary,1.0,2026-09-20T18:00:00,fused,
STU_S0349,,Student 0349,student,,,,,,,,,,,,EEE,,S0349,2.0,,,,,,,,,primary,1.0,2026-09-20T18:00:00,fused,
STU_S0350,,Student 0350,student,,,,,,,,,,,,ME,,S0350,3.0,,,,,,,,,primary,1.0,2026-09-20T18:00:00,fused,
STU_S0351,,Student 0351,student,,,,,,,,,,,,MBA,,S0351,4.0,,,,,,,,,primary,1.0,2026-09-20T18:00:00,fused,
STU_S0352,,Student 0352,student,,,,,,,,,,,,ECE,,S0352,2.0,,,,,,,,,primary,1.0,2026-09-20T18:00:00,fused,
STU_S0353,,Student 0353,student,,,,,,,,,,,,EEE,,S0353,4.0,,,,,,,,,primary,1.0,2026-09-20T18:00:00,fused,
STU_S0354,,Student 0354,student,,,,,,,,,,,,MBA,,S0354,2.0,,,,,,,,,primary,1.0,2026-09-20T18:00:00,fused,
STU_S0355,,Student 0355,student,,,,,,,,,,,,EEE,,S0355,4.0,,,,,,,,,primary,1.0,2026-09-20T18:00:00,fused,
STU_S0356,,Student 0356,student,,,,,,,,,,,,ME,,S0356,3.0,,,,,,,,,primary,1.0,2026-09-20T18:00:00,fused,
STU_S0357,,Student 0357,student,,,,,,,,,,,,MBA,,S0357,4.0,,,,,,,,,primary,1.0,2026-09-20T18:00:00,fused,
STU_S0358,,Student 0358,student,,,,,,,,,,,,CE,,S0358,4.0,,,,,,,,,primary,1.0,2026-09-20T18:00:00,fused,
STU_S0359,,Student 0359,student,,,,,,,,,,,,ECE,,S0359,2.0,,,,,,,,,primary,1.0,2026-09-20T18:00:00,fused,
STU_S0360,,Student 0360,student,,,,,,,,,,,,MBA,,S0360,2.0,,,,,,,,,primary,1.0,2026-09-20T18:00:00,fused,
STU_S0361,,Student 0361,student,,,,,,,,,,,,MBA,,S0361,3.0,,,,,,,,,primary,1.0,2026-09-20T18:00:00,fused,
STU_S0362,,Student 0362,student,,,,,,,,,,,,CSE,,S0362,4.0,,,,,,,,,primary,1.0,2026-09-20T18:00:00,fused,
STU_S0363,,Student 0363,student,,,,,,,,,,,,MBA,,S0363,3.0,,,,,,,,,primary,1.0,2026-09-20T18:00:00,fused,
STU_S0364,,Student 0364,student,,,,,,,,,,,,CE,,S0364,1.0,,,,,,,,,primary,1.0,2026-09-20T18:00:00,fused,
STU_S0365,,Student 0365,student,,,,,,,,,,,,AI-DS,,S0365,1.0,,,,,,,,,primary,1.0,2026-09-20T18:00:00,fused,
STU_S0366,,Student 0366,student,,,,,,,,,,,,EEE,,S0366,1.0,,,,,,,,,primary,1.0,2026-09-20T18:00:00,fused,
STU_S0367,,Student 0367,student,,,,,,,,,,,,MBA,,S0367,2.0,,,,,,,,,primary,1.0,2026-09-20T18:00:00,fused,
STU_S0368,,Student 0368,student,,,,,,,,,,,,EEE,,S0368,4.0,,,,,,,,,primary,1.0,2026-09-20T18:00:00,fused,
STU_S0369,,Student 0369,student,,,,,,,,,,,,CE,,S0369,2.0,,,,,,,,,primary,1.0,2026-09-20T18:00:00,fused,
STU_S0370,,Student 0370,student,,,,,,,,,,,,MBA,,S0370,4.0,,,,,,,,,primary,1.0,2026-09-20T18:00:00,fused,
STU_S0371,,Student 0371,student,,,,,,,,,,,,CSE,,S0371,2.0,,,,,,,,,primary,1.0,2026-09-20T18:00:00,fused,
STU_S0372,,Student 0372,student,,,,,,,,,,,,MBA,,S0372,4.0,,,,,,,,,primary,1.0,2026-09-20T18:00:00,fused,
STU_S0373,,Student 0373,student,,,,,,,,,,,,EEE,,S0373,1.0,,,,,,,,,primary,1.0,2026-09-20T18:00:00,fused,
STU_S0374,,Student 0374,student,,,,,,,,,,,,ME,,S0374,1.0,,,,,,,,,primary,1.0,2026-09-20T18:00:00,fused,
STU_S0375,,Student 0375,student,,,,,,,,,,,,ME,,S0375,3.0,,,,,,,,,primary,1.0,2026-09-20T18:00:00,fused,
STU_S0376,,Student 0376,student,,,,,,,,,,,,ECE,,S0376,4.0,,,,,,,,,primary,1.0,2026-09-20T18:00:00,fused,
STU_S0377,,Student 0377,student,,,,,,,,,,,,CSE,,S0377,3.0,,,,,,,,,primary,1.0,2026-09-20T18:00:00,fused,
STU_S0378,,Student 0378,student,,,,,,,,,,,,ECE,,S0378,1.0,,,,,,,,,primary,1.0,2026-09-20T18:00:00,fused,
STU_S0379,,Student 0379,student,,,,,,,,,,,,EEE,,S0379,1.0,,,,,,,,,primary,1.0,2026-09-20T18:00:00,fused,
STU_S0380,,Student 0380,student,,,,,,,,,,,,MBA,,S0380,3.0,,,,,,,,,primary,1.0,2026-09-20T18:00:00,fused,
STU_S0381,,Student 0381,student,,,,,,,,,,,,MBA,,S0381,2.0,,,,,,,,,primary,1.0,2026-09-20T18:00:00,fused,
STU_S0382,,Student 0382,student,,,,,,,,,,,,ECE,,S0382,1.0,,,,,,,,,primary,1.0,2026-09-20T18:00:00,fused,
STU_S0383,,Student 0383,student,,,,,,,,,,,,EEE,,S0383,4.0,,,,,,,,,primary,1.0,2026-09-20T18:00:00,fused,
STU_S0384,,Student 0384,student,,,,,,,,,,,,AI-DS,,S0384,2.0,,,,,,,,,primary,1.0,2026-09-20T18:00:00,fused,
STU_S0385,,Student 0385,student,,,,,,,,,,,,MBA,,S0385,4.0,,,,,,,,,primary,1.0,2026-09-20T18:00:00,fused,
STU_S0386,,Student 0386,student,,,,,,,,,,,,ME,,S0386,1.0,,,,,,,,,primary,1.0,2026-09-20T18:00:00,fused,
STU_S0387,,Student 0387,student,,,,,,,,,,,,CSE,,S0387,1.0,,,,,,,,,primary,1.0,2026-09-20T18:00:00,fused,
STU_S0388,,Student 0388,student,,,,,,,,,,,,EEE,,S0388,2.0,,,,,,,,,primary,1.0,2026-09-20T18:00:00,fused,
STU_S0389,,Student 0389,student,,,,,,,,,,,,MBA,,S0389,2.0,,,,,,,,,primary,1.0,2026-09-20T18:00:00,fused,
STU_S0390,,Student 0390,student,,,,,,,,,,,,CE,,S0390,4.0,,,,,,,,,primary,1.0,2026-09-20T18:00:00,fused,
STU_S0391,,Student 0391,student,,,,,,,,,,,,CSE,,S0391,3.0,,,,,,,,,primary,1.0,2026-09-20T18:00:00,fused,
STU_S0392,,Student 0392,student,,,,,,,,,,,,ECE,,S0392,3.0,,,,,,,,,primary,1.0,2026-09-20T18:00:00,fused,
STU_S0393,,Student 0393,student,,,,,,,,,,,,CSE,,S0393,1.0,,,,,,,,,primary,1.0,2026-09-20T18:00:00,fused,
STU_S0394,,Student 0394,student,,,,,,,,,,,,ECE,,S0394,4.0,,,,,,,,,primary,1.0,2026-09-20T18:00:00,fused,
STU_S0395,,Student 0395,student,,,,,,,,,,,,AI-DS,,S0395,4.0,,,,,,,,,primary,1.0,2026-09-20T18:00:00,fused,
STU_S0396,,Student 0396,student,,,,,,,,,,,,CSE,,S0396,1.0,,,,,,,,,primary,1.0,2026-09-20T18:00:00,fused,
STU_S0397,,Student 0397,student,,,,,,,,,,,,MBA,,S0397,4.0,,,,,,,,,primary,1.0,2026-09-20T18:00:00,fused,
STU_S0398,,Student 0398,student,,,,,,,,,,,,CE,,S0398,1.0,,,,,,,,,primary,1.0,2026-09-20T18:00:00,fused,
STU_S0399,,Student 0399,student,,,,,,,,,,,,AI-DS,,S0399,2.0,,,,,,,,,primary,1.0,2026-09-20T18:00:00,fused,
STU_S0400,,Student 0400,student,,,,,,,,,,,,AI-DS,,S0400,2.0,,,,,,,,,primary,1.0,2026-09-20T18:00:00,fused,
STU_S0401,,Student 0401,student,,,,,,,,,,,,EEE,,S0401,4.0,,,,,,,,,primary,1.0,2026-09-20T18:00:00,fused,
STU_S0402,,Student 0402,student,,,,,,,,,,,,CSE,,S0402,3.0,,,,,,,,,primary,1.0,2026-09-20T18:00:00,fused,
STU_S0403,,Student 0403,student,,,,,,,,,,,,ECE,,S0403,4.0,,,,,,,,,primary,1.0,2026-09-20T18:00:00,fused,
STU_S0404,,Student 0404,student,,,,,,,,,,,,ECE,,S0404,1.0,,,,,,,,,primary,1.0,2026-09-20T18:00:00,fused,
STU_S0405,,Student 0405,student,,,,,,,,,,,,CE,,S0405,3.0,,,,,,,,,primary,1.0,2026-09-20T18:00:00,fused,
STU_S0406,,Student 0406,student,,,,,,,,,,,,CSE,,S0406,1.0,,,,,,,,,primary,1.0,2026-09-20T18:00:00,fused,
STU_S0407,,Student 0407,student,,,,,,,,,,,,ME,,S0407,4.0,,,,,,,,,primary,1.0,2026-09-20T18:00:00,fused,
STU_S0408,,Student 0408,student,,,,,,,,,,,,CSE,,S0408,4.0,,,,,,,,,primary,1.0,2026-09-20T18:00:00,fused,
STU_S0409,,Student 0409,student,,,,,,,,,,,,EEE,,S0409,3.0,,,,,,,,,primary,1.0,2026-09-20T18:00:00,fused,
STU_S0410,,Student 0410,student,,,,,,,,,,,,AI-DS,,S0410,1.0,,,,,,,,,primary,1.0,2026-09-20T18:00:00,fused,
STU_S0411,,Student 0411,student,,,,,,,,,,,,EEE,,S0411,1.0,,,,,,,,,primary,1.0,2026-09-20T18:00:00,fused,
STU_S0412,,Student 0412,student,,,,,,,,,,,,EEE,,S0412,2.0,,,,,,,,,primary,1.0,2026-09-20T18:00:00,fused,
STU_S0413,,Student 0413,student,,,,,,,,,,,,AI-DS,,S0413,1.0,,,,,,,,,primary,1.0,2026-09-20T18:00:00,fused,
STU_S0414,,Student 0414,student,,,,,,,,,,,,MBA,,S0414,3.0,,,,,,,,,primary,1.0,2026-09-20T18:00:00,fused,
STU_S0415,,Student 0415,student,,,,,,,,,,,,ECE,,S0415,1.0,,,,,,,,,primary,1.0,2026-09-20T18:00:00,fused,
STU_S0416,,Student 0416,student,,,,,,,,,,,,EEE,,S0416,3.0,,,,,,,,,primary,1.0,2026-09-20T18:00:00,fused,
STU_S0417,,Student 0417,student,,,,,,,,,,,,MBA,,S0417,2.0,,,,,,,,,primary,1.0,2026-09-20T18:00:00,fused,
STU_S0418,,Student 0418,student,,,,,,,,,,,,MBA,,S0418,4.0,,,,,,,,,primary,1.0,2026-09-20T18:00:00,fused,
STU_S0419,,Student 0419,student,,,,,,,,,,,,AI-DS,,S0419,4.0,,,,,,,,,primary,1.0,2026-09-20T18:00:00,fused,
STU_S0420,,Student 0420,student,,,,,,,,,,,,AI-DS,,S0420,2.0,,,,,,,,,primary,1.0,2026-09-20T18:00:00,fused,
STU_S0421,,Student 0421,student,,,,,,,,,,,,MBA,,S0421,2.0,,,,,,,,,primary,1.0,2026-09-20T18:00:00,fused,
STU_S0422,,Student 0422,student,,,,,,,,,,,,CSE,,S0422,4.0,,,,,,,,,primary,1.0,2026-09-20T18:00:00,fused,
STU_S0423,,Student 0423,student,,,,,,,,,,,,CSE,,S0423,3.0,,,,,,,,,primary,1.0,2026-09-20T18:00:00,fused,
STU_S0424,,Student 0424,student,,,,,,,,,,,,ECE,,S0424,1.0,,,,,,,,,primary,1.0,2026-09-20T18:00:00,fused,
STU_S0425,,Student 0425,student,,,,,,,,,,,,MBA,,S0425,2.0,,,,,,,,,primary,1.0,2026-09-20T18:00:00,fused,
STU_S0426,,Student 0426,student,,,,,,,,,,,,CSE,,S0426,3.0,,,,,,,,,primary,1.0,2026-09-20T18:00:00,fused,
STU_S0427,,Student 0427,student,,,,,,,,,,,,EEE,,S0427,4.0,,,,,,,,,primary,1.0,2026-09-20T18:00:00,fused,
STU_S0428,,Student 0428,student,,,,,,,,,,,,MBA,,S0428,4.0,,,,,,,,,primary,1.0,2026-09-20T18:00:00,fused,
STU_S0429,,Student 0429,student,,,,,,,,,,,,EEE,,S0429,1.0,,,,,,,,,primary,1.0,2026-09-20T18:00:00,fused,
STU_S0430,,Student 0430,student,,,,,,,,,,,,MBA,,S0430,2.0,,,,,,,,,primary,1.0,2026-09-20T18:00:00,fused,
STU_S0431,,Student 0431,student,,,,,,,,,,,,EEE,,S0431,3.0,,,,,,,,,primary,1.0,2026-09-20T18:00:00,fused,
STU_S0432,,Student 0432,student,,,,,,,,,,,,MBA,,S0432,1.0,,,,,,,,,primary,1.0,2026-09-20T18:00:00,fused,
STU_S0433,,Student 0433,student,,,,,,,,,,,,MBA,,S0433,3.0,,,,,,,,,primary,1.0,2026-09-20T18:00:00,fused,
STU_S0434,,Student 0434,student,,,,,,,,,,,,EEE,,S0434,1.0,,,,,,,,,primary,1.0,2026-09-20T18:00:00,fused,
STU_S0435,,Student 0435,student,,,,,,,,,,,,MBA,,S0435,3.0,,,,,,,,,primary,1.0,2026-09-20T18:00:00,fused,
STU_S0436,,Student 0436,student,,,,,,,,,,,,ME,,S0436,4.0,,,,,,,,,primary,1.0,2026-09-20T18:00:00,fused,
STU_S0437,,Student 0437,student,,,,,,,,,,,,AI-DS,,S0437,4.0,,,,,,,,,primary,1.0,2026-09-20T18:00:00,fused,
STU_S0438,,Student 0438,student,,,,,,,,,,,,ME,,S0438,3.0,,,,,,,,,primary,1.0,2026-09-20T18:00:00,fused,
STU_S0439,,Student 0439,student,,,,,,,,,,,,ECE,,S0439,4.0,,,,,,,,,primary,1.0,2026-09-20T18:00:00,fused,
STU_S0440,,Student 0440,student,,,,,,,,,,,,AI-DS,,S0440,4.0,,,,,,,,,primary,1.0,2026-09-20T18:00:00,fused,
STU_S0441,,Student 0441,student,,,,,,,,,,,,EEE,,S0441,3.0,,,,,,,,,primary,1.0,2026-09-20T18:00:00,fused,
STU_S0442,,Student 0442,student,,,,,,,,,,,,MBA,,S0442,1.0,,,,,,,,,primary,1.0,2026-09-20T18:00:00,fused,
STU_S0443,,Student 0443,student,,,,,,,,,,,,AI-DS,,S0443,4.0,,,,,,,,,primary,1.0,2026-09-20T18:00:00,fused,
STU_S0444,,Student 0444,student,,,,,,,,,,,,CSE,,S0444,4.0,,,,,,,,,primary,1.0,2026-09-20T18:00:00,fused,
STU_S0445,,Student 0445,student,,,,,,,,,,,,CE,,S0445,2.0,,,,,,,,,primary,1.0,2026-09-20T18:00:00,fused,
STU_S0446,,Student 0446,student,,,,,,,,,,,,CE,,S0446,3.0,,,,,,,,,primary,1.0,2026-09-20T18:00:00,fused,
STU_S0447,,Student 0447,student,,,,,,,,,,,,EEE,,S0447,1.0,,,,,,,,,primary,1.0,2026-09-20T18:00:00,fused,
STU_S0448,,Student 0448,student,,,,,,,,,,,,CSE,,S0448,3.0,,,,,,,,,primary,1.0,2026-09-20T18:00:00,fused,
STU_S0449,,Student 0449,student,,,,,,,,,,,,AI-DS,,S0449,3.0,,,,,,,,,primary,1.0,2026-09-20T18:00:00,fused,
STU_S0450,,Student 0450,student,,,,,,,,,,,,EEE,,S0450,4.0,,,,,,,,,primary,1.0,2026-09-20T18:00:00,fused,
STU_S0451,,Student 0451,student,,,,,,,,,,,,CE,,S0451,4.0,,,,,,,,,primary,1.0,2026-09-20T18:00:00,fused,
STU_S0452,,Student 0452,student,,,,,,,,,,,,ECE,,S0452,4.0,,,,,,,,,primary,1.0,2026-09-20T18:00:00,fused,
STU_S0453,,Student 0453,student,,,,,,,,,,,,EEE,,S0453,4.0,,,,,,,,,primary,1.0,2026-09-20T18:00:00,fused,
STU_S0454,,Student 0454,student,,,,,,,,,,,,CSE,,S0454,3.0,,,,,,,,,primary,1.0,2026-09-20T18:00:00,fused,
STU_S0455,,Student 0455,student,,,,,,,,,,,,CE,,S0455,4.0,,,,,,,,,primary,1.0,2026-09-20T18:00:00,fused,
STU_S0456,,Student 0456,student,,,,,,,,,,,,EEE,,S0456,1.0,,,,,,,,,primary,1.0,2026-09-20T18:00:00,fused,
STU_S0457,,Student 0457,student,,,,,,,,,,,,CSE,,S0457,4.0,,,,,,,,,primary,1.0,2026-09-20T18:00:00,fused,
STU_S0458,,Student 0458,student,,,,,,,,,,,,EEE,,S0458,2.0,,,,,,,,,primary,1.0,2026-09-20T18:00:00,fused,
STU_S0459,,Student 0459,student,,,,,,,,,,,,CSE,,S0459,2.0,,,,,,,,,primary,1.0,2026-09-20T18:00:00,fused,
STU_S0460,,Student 0460,student,,,,,,,,,,,,MBA,,S0460,4.0,,,,,,,,,primary,1.0,2026-09-20T18:00:00,fused,
STU_S0461,,Student 0461,student,,,,,,,,,,,,CSE,,S0461,2.0,,,,,,,,,primary,1.0,2026-09-20T18:00:00,fused,
STU_S0462,,Student 0462,student,,,,,,,,,,,,CSE,,S0462,2.0,,,,,,,,,primary,1.0,2026-09-20T18:00:00,fused,
STU_S0463,,Student 0463,student,,,,,,,,,,,,MBA,,S0463,3.0,,,,,,,,,primary,1.0,2026-09-20T18:00:00,fused,
STU_S0464,,Student 0464,student,,,,,,,,,,,,EEE,,S0464,4.0,,,,,,,,,primary,1.0,2026-09-20T18:00:00,fused,
STU_S0465,,Student 0465,student,,,,,,,,,,,,CE,,S0465,1.0,,,,,,,,,primary,1.0,2026-09-20T18:00:00,fused,
STU_S0466,,Student 0466,student,,,,,,,,,,,,CE,,S0466,2.0,,,,,,,,,primary,1.0,2026-09-20T18:00:00,fused,
STU_S0467,,Student 0467,student,,,,,,,,,,,,AI-DS,,S0467,4.0,,,,,,,,,primary,1.0,2026-09-20T18:00:00,fused,
STU_S0468,,Student 0468,student,,,,,,,,,,,,EEE,,S0468,3.0,,,,,,,,,primary,1.0,2026-09-20T18:00:00,fused,
STU_S0469,,Student 0469,student,,,,,,,,,,,,ME,,S0469,1.0,,,,,,,,,primary,1.0,2026-09-20T18:00:00,fused,
STU_S0470,,Student 0470,student,,,,,,,,,,,,CE,,S0470,2.0,,,,,,,,,primary,1.0,2026-09-20T18:00:00,fused,
STU_S0471,,Student 0471,student,,,,,,,,,,,,CE,,S0471,3.0,,,,,,,,,primary,1.0,2026-09-20T18:00:00,fused,
STU_S0472,,Student 0472,student,,,,,,,,,,,,ME,,S0472,3.0,,,,,,,,,primary,1.0,2026-09-20T18:00:00,fused,
STU_S0473,,Student 0473,student,,,,,,,,,,,,AI-DS,,S0473,3.0,,,,,,,,,primary,1.0,2026-09-20T18:00:00,fused,
STU_S0474,,Student 0474,student,,,,,,,,,,,,ECE,,S0474,1.0,,,,,,,,,primary,1.0,2026-09-20T18:00:00,fused,
STU_S0475,,Student 0475,student,,,,,,,,,,,,CSE,,S0475,2.0,,,,,,,,,primary,1.0,2026-09-20T18:00:00,fused,
STU_S0476,,Student 0476,student,,,,,,,,,,,,ME,,S0476,4.0,,,,,,,,,primary,1.0,2026-09-20T18:00:00,fused,
STU_S0477,,Student 0477,student,,,,,,,,,,,,CE,,S0477,1.0,,,,,,,,,primary,1.0,2026-09-20T18:00:00,fused,
STU_S0478,,Student 0478,student,,,,,,,,,,,,EEE,,S0478,3.0,,,,,,,,,primary,1.0,2026-09-20T18:00:00,fused,
STU_S0479,,Student 0479,student,,,,,,,,,,,,AI-DS,,S0479,4.0,,,,,,,,,primary,1.0,2026-09-20T18:00:00,fused,
STU_S0480,,Student 0480,student,,,,,,,,,,,,ECE,,S0480,3.0,,,,,,,,,primary,1.0,2026-09-20T18:00:00,fused,
STU_S0481,,Student 0481,student,,,,,,,,,,,,AI-DS,,S0481,4.0,,,,,,,,,primary,1.0,2026-09-20T18:00:00,fused,
STU_S0482,,Student 0482,student,,,,,,,,,,,,ECE,,S0482,1.0,,,,,,,,,primary,1.0,2026-09-20T18:00:00,fused,
STU_S0483,,Student 0483,student,,,,,,,,,,,,ECE,,S0483,1.0,,,,,,,,,primary,1.0,2026-09-20T18:00:00,fused,
STU_S0484,,Student 0484,student,,,,,,,,,,,,ME,,S0484,2.0,,,,,,,,,primary,1.0,2026-09-20T18:00:00,fused,
STU_S0485,,Student 0485,student,,,,,,,,,,,,AI-DS,,S0485,4.0,,,,,,,,,primary,1.0,2026-09-20T18:00:00,fused,
STU_S0486,,Student 0486,student,,,,,,,,,,,,CSE,,S0486,3.0,,,,,,,,,primary,1.0,2026-09-20T18:00:00,fused,
STU_S0487,,Student 0487,student,,,,,,,,,,,,AI-DS,,S0487,3.0,,,,,,,,,primary,1.0,2026-09-20T18:00:00,fused,
STU_S0488,,Student 0488,student,,,,,,,,,,,,AI-DS,,S0488,1.0,,,,,,,,,primary,1.0,2026-09-20T18:00:00,fused,
STU_S0489,,Student 0489,student,,,,,,,,,,,,CE,,S0489,3.0,,,,,,,,,primary,1.0,2026-09-20T18:00:00,fused,
STU_S0490,,Student 0490,student,,,,,,,,,,,,EEE,,S0490,2.0,,,,,,,,,primary,1.0,2026-09-20T18:00:00,fused,
STU_S0491,,Student 0491,student,,,,,,,,,,,,AI-DS,,S0491,2.0,,,,,,,,,primary,1.0,2026-09-20T18:00:00,fused,
STU_S0492,,Student 0492,student,,,,,,,,,,,,MBA,,S0492,3.0,,,,,,,,,primary,1.0,2026-09-20T18:00:00,fused,
STU_S0493,,Student 0493,student,,,,,,,,,,,,CE,,S0493,2.0,,,,,,,,,primary,1.0,2026-09-20T18:00:00,fused,
STU_S0494,,Student 0494,student,,,,,,,,,,,,CSE,,S0494,2.0,,,,,,,,,primary,1.0,2026-09-20T18:00:00,fused,
STU_S0495,,Student 0495,student,,,,,,,,,,,,MBA,,S0495,2.0,,,,,,,,,primary,1.0,2026-09-20T18:00:00,fused,
STU_S0496,,Student 0496,student,,,,,,,,,,,,ECE,,S0496,4.0,,,,,,,,,primary,1.0,2026-09-20T18:00:00,fused,
STU_S0497,,Student 0497,student,,,,,,,,,,,,CSE,,S0497,3.0,,,,,,,,,primary,1.0,2026-09-20T18:00:00,fused,
STU_S0498,,Student 0498,student,,,,,,,,,,,,CE,,S0498,3.0,,,,,,,,,primary,1.0,2026-09-20T18:00:00,fused,
STU_S0499,,Student 0499,student,,,,,,,,,,,,ME,,S0499,2.0,,,,,,,,,primary,1.0,2026-09-20T18:00:00,fused,
STU_S0500,,Student 0500,student,,,,,,,,,,,,CE,,S0500,1.0,,,,,,,,,primary,1.0,2026-09-20T18:00:00,fused,
STU_S0501,,Student 0501,student,,,,,,,,,,,,CSE,,S0501,3.0,,,,,,,,,primary,1.0,2026-09-20T18:00:00,fused,
STU_S0502,,Student 0502,student,,,,,,,,,,,,ME,,S0502,4.0,,,,,,,,,primary,1.0,2026-09-20T18:00:00,fused,
STU_S0503,,Student 0503,student,,,,,,,,,,,,CE,,S0503,4.0,,,,,,,,,primary,1.0,2026-09-20T18:00:00,fused,
STU_S0504,,Student 0504,student,,,,,,,,,,,,MBA,,S0504,4.0,,,,,,,,,primary,1.0,2026-09-20T18:00:00,fused,
STU_S0505,,Student 0505,student,,,,,,,,,,,,MBA,,S0505,1.0,,,,,,,,,primary,1.0,2026-09-20T18:00:00,fused,
STU_S0506,,Student 0506,student,,,,,,,,,,,,ECE,,S0506,3.0,,,,,,,,,primary,1.0,2026-09-20T18:00:00,fused,
STU_S0507,,Student 0507,student,,,,,,,,,,,,AI-DS,,S0507,1.0,,,,,,,,,primary,1.0,2026-09-20T18:00:00,fused,
STU_S0508,,Student 0508,student,,,,,,,,,,,,ME,,S0508,4.0,,,,,,,,,primary,1.0,2026-09-20T18:00:00,fused,
STU_S0509,,Student 0509,student,,,,,,,,,,,,AI-DS,,S0509,3.0,,,,,,,,,primary,1.0,2026-09-20T18:00:00,fused,
STU_S0510,,Student 0510,student,,,,,,,,,,,,ECE,,S0510,2.0,,,,,,,,,primary,1.0,2026-09-20T18:00:00,fused,
STU_S0511,,Student 0511,student,,,,,,,,,,,,MBA,,S0511,2.0,,,,,,,,,primary,1.0,2026-09-20T18:00:00,fused,
STU_S0512,,Student 0512,student,,,,,,,,,,,,ME,,S0512,1.0,,,,,,,,,primary,1.0,2026-09-20T18:00:00,fused,
STU_S0513,,Student 0513,student,,,,,,,,,,,,MBA,,S0513,1.0,,,,,,,,,primary,1.0,2026-09-20T18:00:00,fused,
STU_S0514,,Student 0514,student,,,,,,,,,,,,CE,,S0514,2.0,,,,,,,,,primary,1.0,2026-09-20T18:00:00,fused,
STU_S0515,,Student 0515,student,,,,,,,,,,,,EEE,,S0515,2.0,,,,,,,,,primary,1.0,2026-09-20T18:00:00,fused,
STU_S0516,,Student 0516,student,,,,,,,,,,,,ECE,,S0516,3.0,,,,,,,,,primary,1.0,2026-09-20T18:00:00,fused,
STU_S0517,,Student 0517,student,,,,,,,,,,,,AI-DS,,S0517,2.0,,,,,,,,,primary,1.0,2026-09-20T18:00:00,fused,
STU_S0518,,Student 0518,student,,,,,,,,,,,,EEE,,S0518,3.0,,,,,,,,,primary,1.0,2026-09-20T18:00:00,fused,
STU_S0519,,Student 0519,student,,,,,,,,,,,,MBA,,S0519,1.0,,,,,,,,,primary,1.0,2026-09-20T18:00:00,fused,
STU_S0520,,Student 0520,student,,,,,,,,,,,,EEE,,S0520,2.0,,,,,,,,,primary,1.0,2026-09-20T18:00:00,fused,
STU_S0521,,Student 0521,student,,,,,,,,,,,,AI-DS,,S0521,3.0,,,,,,,,,primary,1.0,2026-09-20T18:00:00,fused,
STU_S0522,,Student 0522,student,,,,,,,,,,,,ECE,,S0522,3.0,,,,,,,,,primary,1.0,2026-09-20T18:00:00,fused,
STU_S0523,,Student 0523,student,,,,,,,,,,,,CE,,S0523,1.0,,,,,,,,,primary,1.0,2026-09-20T18:00:00,fused,
STU_S0524,,Student 0524,student,,,,,,,,,,,,CE,,S0524,2.0,,,,,,,,,primary,1.0,2026-09-20T18:00:00,fused,
STU_S0525,,Student 0525,student,,,,,,,,,,,,CE,,S0525,2.0,,,,,,,,,primary,1.0,2026-09-20T18:00:00,fused,
STU_S0526,,Student 0526,student,,,,,,,,,,,,ECE,,S0526,3.0,,,,,,,,,primary,1.0,2026-09-20T18:00:00,fused,
STU_S0527,,Student 0527,student,,,,,,,,,,,,MBA,,S0527,1.0,,,,,,,,,primary,1.0,2026-09-20T18:00:00,fused,
STU_S0528,,Student 0528,student,,,,,,,,,,,,MBA,,S0528,1.0,,,,,,,,,primary,1.0,2026-09-20T18:00:00,fused,
STU_S0529,,Student 0529,student,,,,,,,,,,,,CSE,,S0529,1.0,,,,,,,,,primary,1.0,2026-09-20T18:00:00,fused,
STU_S0530,,Student 0530,student,,,,,,,,,,,,AI-DS,,S0530,3.0,,,,,,,,,primary,1.0,2026-09-20T18:00:00,fused,
STU_S0531,,Student 0531,student,,,,,,,,,,,,AI-DS,,S0531,2.0,,,,,,,,,primary,1.0,2026-09-20T18:00:00,fused,
STU_S0532,,Student 0532,student,,,,,,,,,,,,MBA,,S0532,4.0,,,,,,,,,primary,1.0,2026-09-20T18:00:00,fused,
STU_S0533,,Student 0533,student,,,,,,,,,,,,CE,,S0533,1.0,,,,,,,,,primary,1.0,2026-09-20T18:00:00,fused,
STU_S0534,,Student 0534,student,,,,,,,,,,,,ME,,S0534,3.0,,,,,,,,,primary,1.0,2026-09-20T18:00:00,fused,
STU_S0535,,Student 0535,student,,,,,,,,,,,,AI-DS,,S0535,3.0,,,,,,,,,primary,1.0,2026-09-20T18:00:00,fused,
STU_S0536,,Student 0536,student,,,,,,,,,,,,ME,,S0536,2.0,,,,,,,,,primary,1.0,2026-09-20T18:00:00,fused,
STU_S0537,,Student 0537,student,,,,,,,,,,,,MBA,,S0537,4.0,,,,,,,,,primary,1.0,2026-09-20T18:00:00,fused,
STU_S0538,,Student 0538,student,,,,,,,,,,,,EEE,,S0538,4.0,,,,,,,,,primary,1.0,2026-09-20T18:00:00,fused,
STU_S0539,,Student 0539,student,,,,,,,,,,,,CSE,,S0539,1.0,,,,,,,,,primary,1.0,2026-09-20T18:00:00,fused,
STU_S0540,,Student 0540,student,,,,,,,,,,,,ECE,,S0540,4.0,,,,,,,,,primary,1.0,2026-09-20T18:00:00,fused,
STU_S0541,,Student 0541,student,,,,,,,,,,,,ME,,S0541,4.0,,,,,,,,,primary,1.0,2026-09-20T18:00:00,fused,
STU_S0542,,Student 0542,student,,,,,,,,,,,,ME,,S0542,2.0,,,,,,,,,primary,1.0,2026-09-20T18:00:00,fused,
STU_S0543,,Student 0543,student,,,,,,,,,,,,EEE,,S0543,2.0,,,,,,,,,primary,1.0,2026-09-20T18:00:00,fused,
STU_S0544,,Student 0544,student,,,,,,,,,,,,EEE,,S0544,3.0,,,,,,,,,primary,1.0,2026-09-20T18:00:00,fused,
STU_S0545,,Student 0545,student,,,,,,,,,,,,AI-DS,,S0545,3.0,,,,,,,,,primary,1.0,2026-09-20T18:00:00,fused,
STU_S0546,,Student 0546,student,,,,,,,,,,,,ME,,S0546,2.0,,,,,,,,,primary,1.0,2026-09-20T18:00:00,fused,
STU_S0547,,Student 0547,student,,,,,,,,,,,,MBA,,S0547,3.0,,,,,,,,,primary,1.0,2026-09-20T18:00:00,fused,
STU_S0548,,Student 0548,student,,,,,,,,,,,,CE,,S0548,1.0,,,,,,,,,primary,1.0,2026-09-20T18:00:00,fused,
STU_S0549,,Student 0549,student,,,,,,,,,,,,EEE,,S0549,2.0,,,,,,,,,primary,1.0,2026-09-20T18:00:00,fused,
STU_S0550,,Student 0550,student,,,,,,,,,,,,ME,,S0550,1.0,,,,,,,,,primary,1.0,2026-09-20T18:00:00,fused,
STU_S0551,,Student 0551,student,,,,,,,,,,,,EEE,,S0551,4.0,,,,,,,,,primary,1.0,2026-09-20T18:00:00,fused,
STU_S0552,,Student 0552,student,,,,,,,,,,,,ECE,,S0552,2.0,,,,,,,,,primary,1.0,2026-09-20T18:00:00,fused,
STU_S0553,,Student 0553,student,,,,,,,,,,,,CSE,,S0553,1.0,,,,,,,,,primary,1.0,2026-09-20T18:00:00,fused,
STU_S0554,,Student 0554,student,,,,,,,,,,,,EEE,,S0554,4.0,,,,,,,,,primary,1.0,2026-09-20T18:00:00,fused,
STU_S0555,,Student 0555,student,,,,,,,,,,,,MBA,,S0555,4.0,,,,,,,,,primary,1.0,2026-09-20T18:00:00,fused,
STU_S0556,,Student 0556,student,,,,,,,,,,,,ECE,,S0556,2.0,,,,,,,,,primary,1.0,2026-09-20T18:00:00,fused,
STU_S0557,,Student 0557,student,,,,,,,,,,,,MBA,,S0557,3.0,,,,,,,,,primary,1.0,2026-09-20T18:00:00,fused,
STU_S0558,,Student 0558,student,,,,,,,,,,,,CE,,S0558,3.0,,,,,,,,,primary,1.0,2026-09-20T18:00:00,fused,
STU_S0559,,Student 0559,student,,,,,,,,,,,,ECE,,S0559,2.0,,,,,,,,,primary,1.0,2026-09-20T18:00:00,fused,
STU_S0560,,Student 0560,student,,,,,,,,,,,,ME,,S0560,4.0,,,,,,,,,primary,1.0,2026-09-20T18:00:00,fused,
STU_S0561,,Student 0561,student,,,,,,,,,,,,ME,,S0561,3.0,,,,,,,,,primary,1.0,2026-09-20T18:00:00,fused,
STU_S0562,,Student 0562,student,,,,,,,,,,,,ME,,S0562,1.0,,,,,,,,,primary,1.0,2026-09-20T18:00:00,fused,
STU_S0563,,Student 0563,student,,,,,,,,,,,,CSE,,S0563,4.0,,,,,,,,,primary,1.0,2026-09-20T18:00:00,fused,
STU_S0564,,Student 0564,student,,,,,,,,,,,,CE,,S0564,4.0,,,,,,,,,primary,1.0,2026-09-20T18:00:00,fused,
STU_S0565,,Student 0565,student,,,,,,,,,,,,ECE,,S0565,2.0,,,,,,,,,primary,1.0,2026-09-20T18:00:00,fused,
STU_S0566,,Student 0566,student,,,,,,,,,,,,CE,,S0566,3.0,,,,,,,,,primary,1.0,2026-09-20T18:00:00,fused,
STU_S0567,,Student 0567,student,,,,,,,,,,,,CSE,,S0567,1.0,,,,,,,,,primary,1.0,2026-09-20T18:00:00,fused,
STU_S0568,,Student 0568,student,,,,,,,,,,,,EEE,,S0568,4.0,,,,,,,,,primary,1.0,2026-09-20T18:00:00,fused,
STU_S0569,,Student 0569,student,,,,,,,,,,,,CE,,S0569,4.0,,,,,,,,,primary,1.0,2026-09-20T18:00:00,fused,
STU_S0570,,Student 0570,student,,,,,,,,,,,,EEE,,S0570,1.0,,,,,,,,,primary,1.0,2026-09-20T18:00:00,fused,
STU_S0571,,Student 0571,student,,,,,,,,,,,,MBA,,S0571,1.0,,,,,,,,,primary,1.0,2026-09-20T18:00:00,fused,
STU_S0572,,Student 0572,student,,,,,,,,,,,,ME,,S0572,2.0,,,,,,,,,primary,1.0,2026-09-20T18:00:00,fused,
STU_S0573,,Student 0573,student,,,,,,,,,,,,EEE,,S0573,3.0,,,,,,,,,primary,1.0,2026-09-20T18:00:00,fused,
STU_S0574,,Student 0574,student,,,,,,,,,,,,MBA,,S0574,4.0,,,,,,,,,primary,1.0,2026-09-20T18:00:00,fused,
STU_S0575,,Student 0575,student,,,,,,,,,,,,EEE,,S0575,1.0,,,,,,,,,primary,1.0,2026-09-20T18:00:00,fused,
STU_S0576,,Student 0576,student,,,,,,,,,,,,ME,,S0576,1.0,,,,,,,,,primary,1.0,2026-09-20T18:00:00,fused,
STU_S0577,,Student 0577,student,,,,,,,,,,,,CE,,S0577,2.0,,,,,,,,,primary,1.0,2026-09-20T18:00:00,fused,
STU_S0578,,Student 0578,student,,,,,,,,,,,,EEE,,S0578,3.0,,,,,,,,,primary,1.0,2026-09-20T18:00:00,fused,
STU_S0579,,Student 0579,student,,,,,,,,,,,,CSE,,S0579,4.0,,,,,,,,,primary,1.0,2026-09-20T18:00:00,fused,
STU_S0580,,Student 0580,student,,,,,,,,,,,,CE,,S0580,4.0,,,,,,,,,primary,1.0,2026-09-20T18:00:00,fused,
STU_S0581,,Student 0581,student,,,,,,,,,,,,MBA,,S0581,3.0,,,,,,,,,primary,1.0,2026-09-20T18:00:00,fused,
STU_S0582,,Student 0582,student,,,,,,,,,,,,MBA,,S0582,1.0,,,,,,,,,primary,1.0,2026-09-20T18:00:00,fused,
STU_S0583,,Student 0583,student,,,,,,,,,,,,ECE,,S0583,1.0,,,,,,,,,primary,1.0,2026-09-20T18:00:00,fused,
STU_S0584,,Student 0584,student,,,,,,,,,,,,ME,,S0584,3.0,,,,,,,,,primary,1.0,2026-09-20T18:00:00,fused,
STU_S0585,,Student 0585,student,,,,,,,,,,,,MBA,,S0585,3.0,,,,,,,,,primary,1.0,2026-09-20T18:00:00,fused,
STU_S0586,,Student 0586,student,,,,,,,,,,,,CE,,S0586,3.0,,,,,,,,,primary,1.0,2026-09-20T18:00:00,fused,
STU_S0587,,Student 0587,student,,,,,,,,,,,,MBA,,S0587,2.0,,,,,,,,,primary,1.0,2026-09-20T18:00:00,fused,
STU_S0588,,Student 0588,student,,,,,,,,,,,,ECE,,S0588,4.0,,,,,,,,,primary,1.0,2026-09-20T18:00:00,fused,
STU_S0589,,Student 0589,student,,,,,,,,,,,,CE,,S0589,1.0,,,,,,,,,primary,1.0,2026-09-20T18:00:00,fused,
STU_S0590,,Student 0590,student,,,,,,,,,,,,CSE,,S0590,1.0,,,,,,,,,primary,1.0,2026-09-20T18:00:00,fused,
STU_S0591,,Student 0591,student,,,,,,,,,,,,ECE,,S0591,3.0,,,,,,,,,primary,1.0,2026-09-20T18:00:00,fused,
STU_S0592,,Student 0592,student,,,,,,,,,,,,MBA,,S0592,4.0,,,,,,,,,primary,1.0,2026-09-20T18:00:00,fused,
STU_S0593,,Student 0593,student,,,,,,,,,,,,CE,,S0593,4.0,,,,,,,,,primary,1.0,2026-09-20T18:00:00,fused,
STU_S0594,,Student 0594,student,,,,,,,,,,,,ECE,,S0594,2.0,,,,,,,,,primary,1.0,2026-09-20T18:00:00,fused,
STU_S0595,,Student 0595,student,,,,,,,,,,,,EEE,,S0595,3.0,,,,,,,,,primary,1.0,2026-09-20T18:00:00,fused,
STU_S0596,,Student 0596,student,,,,,,,,,,,,ECE,,S0596,4.0,,,,,,,,,primary,1.0,2026-09-20T18:00:00,fused,
STU_S0597,,Student 0597,student,,,,,,,,,,,,CE,,S0597,3.0,,,,,,,,,primary,1.0,2026-09-20T18:00:00,fused,
STU_S0598,,Student 0598,student,,,,,,,,,,,,CE,,S0598,3.0,,,,,,,,,primary,1.0,2026-09-20T18:00:00,fused,
STU_S0599,,Student 0599,student,,,,,,,,,,,,CE,,S0599,4.0,,,,,,,,,primary,1.0,2026-09-20T18:00:00,fused,
STU_S0600,,Student 0600,student,,,,,,,,,,,,AI-DS,,S0600,3.0,,,,,,,,,primary,1.0,2026-09-20T18:00:00,fused,
STU_S0601,,Student 0601,student,,,,,,,,,,,,ME,,S0601,1.0,,,,,,,,,primary,1.0,2026-09-20T18:00:00,fused,
STU_S0602,,Student 0602,student,,,,,,,,,,,,EEE,,S0602,3.0,,,,,,,,,primary,1.0,2026-09-20T18:00:00,fused,
STU_S0603,,Student 0603,student,,,,,,,,,,,,AI-DS,,S0603,1.0,,,,,,,,,primary,1.0,2026-09-20T18:00:00,fused,
STU_S0604,,Student 0604,student,,,,,,,,,,,,ME,,S0604,3.0,,,,,,,,,primary,1.0,2026-09-20T18:00:00,fused,
STU_S0605,,Student 0605,student,,,,,,,,,,,,MBA,,S0605,1.0,,,,,,,,,primary,1.0,2026-09-20T18:00:00,fused,
STU_S0606,,Student 0606,student,,,,,,,,,,,,CE,,S0606,4.0,,,,,,,,,primary,1.0,2026-09-20T18:00:00,fused,
STU_S0607,,Student 0607,student,,,,,,,,,,,,EEE,,S0607,2.0,,,,,,,,,primary,1.0,2026-09-20T18:00:00,fused,
STU_S0608,,Student 0608,student,,,,,,,,,,,,AI-DS,,S0608,1.0,,,,,,,,,primary,1.0,2026-09-20T18:00:00,fused,
STU_S0609,,Student 0609,student,,,,,,,,,,,,CE,,S0609,4.0,,,,,,,,,primary,1.0,2026-09-20T18:00:00,fused,
STU_S0610,,Student 0610,student,,,,,,,,,,,,ECE,,S0610,4.0,,,,,,,,,primary,1.0,2026-09-20T18:00:00,fused,
STU_S0611,,Student 0611,student,,,,,,,,,,,,ECE,,S0611,2.0,,,,,,,,,primary,1.0,2026-09-20T18:00:00,fused,
STU_S0612,,Student 0612,student,,,,,,,,,,,,CSE,,S0612,1.0,,,,,,,,,primary,1.0,2026-09-20T18:00:00,fused,
STU_S0613,,Student 0613,student,,,,,,,,,,,,ECE,,S0613,1.0,,,,,,,,,primary,1.0,2026-09-20T18:00:00,fused,
STU_S0614,,Student 0614,student,,,,,,,,,,,,ME,,S0614,3.0,,,,,,,,,primary,1.0,2026-09-20T18:00:00,fused,
STU_S0615,,Student 0615,student,,,,,,,,,,,,ME,,S0615,2.0,,,,,,,,,primary,1.0,2026-09-20T18:00:00,fused,
STU_S0616,,Student 0616,student,,,,,,,,,,,,ME,,S0616,2.0,,,,,,,,,primary,1.0,2026-09-20T18:00:00,fused,
STU_S0617,,Student 0617,student,,,,,,,,,,,,ME,,S0617,4.0,,,,,,,,,primary,1.0,2026-09-20T18:00:00,fused,
STU_S0618,,Student 0618,student,,,,,,,,,,,,MBA,,S0618,1.0,,,,,,,,,primary,1.0,2026-09-20T18:00:00,fused,
STU_S0619,,Student 0619,student,,,,,,,,,,,,AI-DS,,S0619,2.0,,,,,,,,,primary,1.0,2026-09-20T18:00:00,fused,
STU_S0620,,Student 0620,student,,,,,,,,,,,,CE,,S0620,2.0,,,,,,,,,primary,1.0,2026-09-20T18:00:00,fused,
STU_S0621,,Student 0621,student,,,,,,,,,,,,CE,,S0621,3.0,,,,,,,,,primary,1.0,2026-09-20T18:00:00,fused,
STU_S0622,,Student 0622,student,,,,,,,,,,,,AI-DS,,S0622,4.0,,,,,,,,,primary,1.0,2026-09-20T18:00:00,fused,
STU_S0623,,Student 0623,student,,,,,,,,,,,,CE,,S0623,4.0,,,,,,,,,primary,1.0,2026-09-20T18:00:00,fused,
STU_S0624,,Student 0624,student,,,,,,,,,,,,EEE,,S0624,2.0,,,,,,,,,primary,1.0,2026-09-20T18:00:00,fused,
STU_S0625,,Student 0625,student,,,,,,,,,,,,ME,,S0625,3.0,,,,,,,,,primary,1.0,2026-09-20T18:00:00,fused,
STU_S0626,,Student 0626,student,,,,,,,,,,,,CE,,S0626,3.0,,,,,,,,,primary,1.0,2026-09-20T18:00:00,fused,
STU_S0627,,Student 0627,student,,,,,,,,,,,,AI-DS,,S0627,3.0,,,,,,,,,primary,1.0,2026-09-20T18:00:00,fused,
STU_S0628,,Student 0628,student,,,,,,,,,,,,CE,,S0628,4.0,,,,,,,,,primary,1.0,2026-09-20T18:00:00,fused,
STU_S0629,,Student 0629,student,,,,,,,,,,,,ECE,,S0629,2.0,,,,,,,,,primary,1.0,2026-09-20T18:00:00,fused,
STU_S0630,,Student 0630,student,,,,,,,,,,,,EEE,,S0630,3.0,,,,,,,,,primary,1.0,2026-09-20T18:00:00,fused,
STU_S0631,,Student 0631,student,,,,,,,,,,,,ECE,,S0631,3.0,,,,,,,,,primary,1.0,2026-09-20T18:00:00,fused,
STU_S0632,,Student 0632,student,,,,,,,,,,,,MBA,,S0632,3.0,,,,,,,,,primary,1.0,2026-09-20T18:00:00,fused,
STU_S0633,,Student 0633,student,,,,,,,,,,,,AI-DS,,S0633,2.0,,,,,,,,,primary,1.0,2026-09-20T18:00:00,fused,
STU_S0634,,Student 0634,student,,,,,,,,,,,,AI-DS,,S0634,4.0,,,,,,,,,primary,1.0,2026-09-20T18:00:00,fused,
STU_S0635,,Student 0635,student,,,,,,,,,,,,EEE,,S0635,4.0,,,,,,,,,primary,1.0,2026-09-20T18:00:00,fused,
STU_S0636,,Student 0636,student,,,,,,,,,,,,EEE,,S0636,3.0,,,,,,,,,primary,1.0,2026-09-20T18:00:00,fused,
STU_S0637,,Student 0637,student,,,,,,,,,,,,EEE,,S0637,1.0,,,,,,,,,primary,1.0,2026-09-20T18:00:00,fused,
STU_S0638,,Student 0638,student,,,,,,,,,,,,CE,,S0638,4.0,,,,,,,,,primary,1.0,2026-09-20T18:00:00,fused,
STU_S0639,,Student 0639,student,,,,,,,,,,,,ME,,S0639,3.0,,,,,,,,,primary,1.0,2026-09-20T18:00:00,fused,
STU_S0640,,Student 0640,student,,,,,,,,,,,,MBA,,S0640,2.0,,,,,,,,,primary,1.0,2026-09-20T18:00:00,fused,
STU_S0641,,Student 0641,student,,,,,,,,,,,,EEE,,S0641,1.0,,,,,,,,,primary,1.0,2026-09-20T18:00:00,fused,
STU_S0642,,Student 0642,student,,,,,,,,,,,,EEE,,S0642,1.0,,,,,,,,,primary,1.0,2026-09-20T18:00:00,fused,
STU_S0643,,Student 0643,student,,,,,,,,,,,,EEE,,S0643,4.0,,,,,,,,,primary,1.0,2026-09-20T18:00:00,fused,
STU_S0644,,Student 0644,student,,,,,,,,,,,,AI-DS,,S0644,3.0,,,,,,,,,primary,1.0,2026-09-20T18:00:00,fused,
STU_S0645,,Student 0645,student,,,,,,,,,,,,AI-DS,,S0645,4.0,,,,,,,,,primary,1.0,2026-09-20T18:00:00,fused,
STU_S0646,,Student 0646,student,,,,,,,,,,,,ECE,,S0646,2.0,,,,,,,,,primary,1.0,2026-09-20T18:00:00,fused,
STU_S0647,,Student 0647,student,,,,,,,,,,,,MBA,,S0647,3.0,,,,,,,,,primary,1.0,2026-09-20T18:00:00,fused,
STU_S0648,,Student 0648,student,,,,,,,,,,,,CE,,S0648,3.0,,,,,,,,,primary,1.0,2026-09-20T18:00:00,fused,
STU_S0649,,Student 0649,student,,,,,,,,,,,,ECE,,S0649,1.0,,,,,,,,,primary,1.0,2026-09-20T18:00:00,fused,
STU_S0650,,Student 0650,student,,,,,,,,,,,,CE,,S0650,2.0,,,,,,,,,primary,1.0,2026-09-20T18:00:00,fused,
STU_S0651,,Student 0651,student,,,,,,,,,,,,ECE,,S0651,1.0,,,,,,,,,primary,1.0,2026-09-20T18:00:00,fused,
STU_S0652,,Student 0652,student,,,,,,,,,,,,AI-DS,,S0652,2.0,,,,,,,,,primary,1.0,2026-09-20T18:00:00,fused,
STU_S0653,,Student 0653,student,,,,,,,,,,,,AI-DS,,S0653,2.0,,,,,,,,,primary,1.0,2026-09-20T18:00:00,fused,
STU_S0654,,Student 0654,student,,,,,,,,,,,,CSE,,S0654,1.0,,,,,,,,,primary,1.0,2026-09-20T18:00:00,fused,
STU_S0655,,Student 0655,student,,,,,,,,,,,,ME,,S0655,3.0,,,,,,,,,primary,1.0,2026-09-20T18:00:00,fused,
STU_S0656,,Student 0656,student,,,,,,,,,,,,AI-DS,,S0656,4.0,,,,,,,,,primary,1.0,2026-09-20T18:00:00,fused,
STU_S0657,,Student 0657,student,,,,,,,,,,,,CSE,,S0657,2.0,,,,,,,,,primary,1.0,2026-09-20T18:00:00,fused,
STU_S0658,,Student 0658,student,,,,,,,,,,,,CSE,,S0658,2.0,,,,,,,,,primary,1.0,2026-09-20T18:00:00,fused,
STU_S0659,,Student 0659,student,,,,,,,,,,,,ME,,S0659,4.0,,,,,,,,,primary,1.0,2026-09-20T18:00:00,fused,
STU_S0660,,Student 0660,student,,,,,,,,,,,,ME,,S0660,2.0,,,,,,,,,primary,1.0,2026-09-20T18:00:00,fused,
STU_S0661,,Student 0661,student,,,,,,,,,,,,MBA,,S0661,3.0,,,,,,,,,primary,1.0,2026-09-20T18:00:00,fused,
STU_S0662,,Student 0662,student,,,,,,,,,,,,EEE,,S0662,3.0,,,,,,,,,primary,1.0,2026-09-20T18:00:00,fused,
STU_S0663,,Student 0663,student,,,,,,,,,,,,AI-DS,,S0663,1.0,,,,,,,,,primary,1.0,2026-09-20T18:00:00,fused,
STU_S0664,,Student 0664,student,,,,,,,,,,,,MBA,,S0664,1.0,,,,,,,,,primary,1.0,2026-09-20T18:00:00,fused,
STU_S0665,,Student 0665,student,,,,,,,,,,,,AI-DS,,S0665,2.0,,,,,,,,,primary,1.0,2026-09-20T18:00:00,fused,
STU_S0666,,Student 0666,student,,,,,,,,,,,,CE,,S0666,1.0,,,,,,,,,primary,1.0,2026-09-20T18:00:00,fused,
STU_S0667,,Student 0667,student,,,,,,,,,,,,ECE,,S0667,4.0,,,,,,,,,primary,1.0,2026-09-20T18:00:00,fused,
STU_S0668,,Student 0668,student,,,,,,,,,,,,MBA,,S0668,2.0,,,,,,,,,primary,1.0,2026-09-20T18:00:00,fused,
STU_S0669,,Student 0669,student,,,,,,,,,,,,CSE,,S0669,4.0,,,,,,,,,primary,1.0,2026-09-20T18:00:00,fused,
STU_S0670,,Student 0670,student,,,,,,,,,,,,MBA,,S0670,4.0,,,,,,,,,primary,1.0,2026-09-20T18:00:00,fused,
STU_S0671,,Student 0671,student,,,,,,,,,,,,ECE,,S0671,3.0,,,,,,,,,primary,1.0,2026-09-20T18:00:00,fused,
STU_S0672,,Student 0672,student,,,,,,,,,,,,CSE,,S0672,1.0,,,,,,,,,primary,1.0,2026-09-20T18:00:00,fused,
STU_S0673,,Student 0673,student,,,,,,,,,,,,EEE,,S0673,1.0,,,,,,,,,primary,1.0,2026-09-20T18:00:00,fused,
STU_S0674,,Student 0674,student,,,,,,,,,,,,EEE,,S0674,3.0,,,,,,,,,primary,1.0,2026-09-20T18:00:00,fused,
STU_S0675,,Student 0675,student,,,,,,,,,,,,ME,,S0675,4.0,,,,,,,,,primary,1.0,2026-09-20T18:00:00,fused,
STU_S0676,,Student 0676,student,,,,,,,,,,,,ECE,,S0676,4.0,,,,,,,,,primary,1.0,2026-09-20T18:00:00,fused,
STU_S0677,,Student 0677,student,,,,,,,,,,,,EEE,,S0677,2.0,,,,,,,,,primary,1.0,2026-09-20T18:00:00,fused,
STU_S0678,,Student 0678,student,,,,,,,,,,,,MBA,,S0678,1.0,,,,,,,,,primary,1.0,2026-09-20T18:00:00,fused,
STU_S0679,,Student 0679,student,,,,,,,,,,,,EEE,,S0679,2.0,,,,,,,,,primary,1.0,2026-09-20T18:00:00,fused,
STU_S0680,,Student 0680,student,,,,,,,,,,,,AI-DS,,S0680,4.0,,,,,,,,,primary,1.0,2026-09-20T18:00:00,fused,
STU_S0681,,Student 0681,student,,,,,,,,,,,,AI-DS,,S0681,3.0,,,,,,,,,primary,1.0,2026-09-20T18:00:00,fused,
STU_S0682,,Student 0682,student,,,,,,,,,,,,AI-DS,,S0682,2.0,,,,,,,,,primary,1.0,2026-09-20T18:00:00,fused,
STU_S0683,,Student 0683,student,,,,,,,,,,,,CSE,,S0683,3.0,,,,,,,,,primary,1.0,2026-09-20T18:00:00,fused,
STU_S0684,,Student 0684,student,,,,,,,,,,,,MBA,,S0684,3.0,,,,,,,,,primary,1.0,2026-09-20T18:00:00,fused,
STU_S0685,,Student 0685,student,,,,,,,,,,,,CE,,S0685,2.0,,,,,,,,,primary,1.0,2026-09-20T18:00:00,fused,
STU_S0686,,Student 0686,student,,,,,,,,,,,,ECE,,S0686,4.0,,,,,,,,,primary,1.0,2026-09-20T18:00:00,fused,
STU_S0687,,Student 0687,student,,,,,,,,,,,,MBA,,S0687,4.0,,,,,,,,,primary,1.0,2026-09-20T18:00:00,fused,
STU_S0688,,Student 0688,student,,,,,,,,,,,,CE,,S0688,3.0,,,,,,,,,primary,1.0,2026-09-20T18:00:00,fused,
STU_S0689,,Student 0689,student,,,,,,,,,,,,CSE,,S0689,4.0,,,,,,,,,primary,1.0,2026-09-20T18:00:00,fused,
STU_S0690,,Student 0690,student,,,,,,,,,,,,AI-DS,,S0690,1.0,,,,,,,,,primary,1.0,2026-09-20T18:00:00,fused,
STU_S0691,,Student 0691,student,,,,,,,,,,,,ECE,,S0691,2.0,,,,,,,,,primary,1.0,2026-09-20T18:00:00,fused,
STU_S0692,,Student 0692,student,,,,,,,,,,,,ME,,S0692,3.0,,,,,,,,,primary,1.0,2026-09-20T18:00:00,fused,
STU_S0693,,Student 0693,student,,,,,,,,,,,,ECE,,S0693,1.0,,,,,,,,,primary,1.0,2026-09-20T18:00:00,fused,
STU_S0694,,Student 0694,student,,,,,,,,,,,,EEE,,S0694,4.0,,,,,,,,,primary,1.0,2026-09-20T18:00:00,fused,
STU_S0695,,Student 0695,student,,,,,,,,,,,,ECE,,S0695,4.0,,,,,,,,,primary,1.0,2026-09-20T18:00:00,fused,
STU_S0696,,Student 0696,student,,,,,,,,,,,,MBA,,S0696,3.0,,,,,,,,,primary,1.0,2026-09-20T18:00:00,fused,
STU_S0697,,Student 0697,student,,,,,,,,,,,,EEE,,S0697,3.0,,,,,,,,,primary,1.0,2026-09-20T18:00:00,fused,
STU_S0698,,Student 0698,student,,,,,,,,,,,,CE,,S0698,1.0,,,,,,,,,primary,1.0,2026-09-20T18:00:00,fused,
STU_S0699,,Student 0699,student,,,,,,,,,,,,EEE,,S0699,3.0,,,,,,,,,primary,1.0,2026-09-20T18:00:00,fused,
STU_S0700,,Student 0700,student,,,,,,,,,,,,AI-DS,,S0700,2.0,,,,,,,,,primary,1.0,2026-09-20T18:00:00,fused,
STU_S0701,,Student 0701,student,,,,,,,,,,,,CSE,,S0701,1.0,,,,,,,,,primary,1.0,2026-09-20T18:00:00,fused,
STU_S0702,,Student 0702,student,,,,,,,,,,,,ME,,S0702,3.0,,,,,,,,,primary,1.0,2026-09-20T18:00:00,fused,
STU_S0703,,Student 0703,student,,,,,,,,,,,,ECE,,S0703,4.0,,,,,,,,,primary,1.0,2026-09-20T18:00:00,fused,
STU_S0704,,Student 0704,student,,,,,,,,,,,,AI-DS,,S0704,3.0,,,,,,,,,primary,1.0,2026-09-20T18:00:00,fused,
STU_S0705,,Student 0705,student,,,,,,,,,,,,AI-DS,,S0705,1.0,,,,,,,,,primary,1.0,2026-09-20T18:00:00,fused,
STU_S0706,,Student 0706,student,,,,,,,,,,,,AI-DS,,S0706,3.0,,,,,,,,,primary,1.0,2026-09-20T18:00:00,fused,
STU_S0707,,Student 0707,student,,,,,,,,,,,,EEE,,S0707,2.0,,,,,,,,,primary,1.0,2026-09-20T18:00:00,fused,
STU_S0708,,Student 0708,student,,,,,,,,,,,,ECE,,S0708,2.0,,,,,,,,,primary,1.0,2026-09-20T18:00:00,fused,
STU_S0709,,Student 0709,student,,,,,,,,,,,,ME,,S0709,2.0,,,,,,,,,primary,1.0,2026-09-20T18:00:00,fused,
STU_S0710,,Student 0710,student,,,,,,,,,,,,ME,,S0710,3.0,,,,,,,,,primary,1.0,2026-09-20T18:00:00,fused,
STU_S0711,,Student 0711,student,,,,,,,,,,,,ME,,S0711,4.0,,,,,,,,,primary,1.0,2026-09-20T18:00:00,fused,
STU_S0712,,Student 0712,student,,,,,,,,,,,,MBA,,S0712,2.0,,,,,,,,,primary,1.0,2026-09-20T18:00:00,fused,
STU_S0713,,Student 0713,student,,,,,,,,,,,,MBA,,S0713,2.0,,,,,,,,,primary,1.0,2026-09-20T18:00:00,fused,
STU_S0714,,Student 0714,student,,,,,,,,,,,,AI-DS,,S0714,1.0,,,,,,,,,primary,1.0,2026-09-20T18:00:00,fused,
STU_S0715,,Student 0715,student,,,,,,,,,,,,CE,,S0715,4.0,,,,,,,,,primary,1.0,2026-09-20T18:00:00,fused,
STU_S0716,,Student 0716,student,,,,,,,,,,,,CE,,S0716,3.0,,,,,,,,,primary,1.0,2026-09-20T18:00:00,fused,
STU_S0717,,Student 0717,student,,,,,,,,,,,,CSE,,S0717,1.0,,,,,,,,,primary,1.0,2026-09-20T18:00:00,fused,
STU_S0718,,Student 0718,student,,,,,,,,,,,,CSE,,S0718,2.0,,,,,,,,,primary,1.0,2026-09-20T18:00:00,fused,
STU_S0719,,Student 0719,student,,,,,,,,,,,,CE,,S0719,2.0,,,,,,,,,primary,1.0,2026-09-20T18:00:00,fused,
STU_S0720,,Student 0720,student,,,,,,,,,,,,ECE,,S0720,3.0,,,,,,,,,primary,1.0,2026-09-20T18:00:00,fused,
STU_S0721,,Student 0721,student,,,,,,,,,,,,MBA,,S0721,4.0,,,,,,,,,primary,1.0,2026-09-20T18:00:00,fused,
STU_S0722,,Student 0722,student,,,,,,,,,,,,CSE,,S0722,2.0,,,,,,,,,primary,1.0,2026-09-20T18:00:00,fused,
STU_S0723,,Student 0723,student,,,,,,,,,,,,AI-DS,,S0723,4.0,,,,,,,,,primary,1.0,2026-09-20T18:00:00,fused,
STU_S0724,,Student 0724,student,,,,,,,,,,,,CSE,,S0724,4.0,,,,,,,,,primary,1.0,2026-09-20T18:00:00,fused,
STU_S0725,,Student 0725,student,,,,,,,,,,,,MBA,,S0725,1.0,,,,,,,,,primary,1.0,2026-09-20T18:00:00,fused,
STU_S0726,,Student 0726,student,,,,,,,,,,,,ME,,S0726,2.0,,,,,,,,,primary,1.0,2026-09-20T18:00:00,fused,
STU_S0727,,Student 0727,student,,,,,,,,,,,,CE,,S0727,4.0,,,,,,,,,primary,1.0,2026-09-20T18:00:00,fused,
STU_S0728,,Student 0728,student,,,,,,,,,,,,ME,,S0728,1.0,,,,,,,,,primary,1.0,2026-09-20T18:00:00,fused,
STU_S0729,,Student 0729,student,,,,,,,,,,,,CE,,S0729,4.0,,,,,,,,,primary,1.0,2026-09-20T18:00:00,fused,
STU_S0730,,Student 0730,student,,,,,,,,,,,,AI-DS,,S0730,3.0,,,,,,,,,primary,1.0,2026-09-20T18:00:00,fused,
STU_S0731,,Student 0731,student,,,,,,,,,,,,AI-DS,,S0731,1.0,,,,,,,,,primary,1.0,2026-09-20T18:00:00,fused,
STU_S0732,,Student 0732,student,,,,,,,,,,,,ME,,S0732,3.0,,,,,,,,,primary,1.0,2026-09-20T18:00:00,fused,
STU_S0733,,Student 0733,student,,,,,,,,,,,,MBA,,S0733,1.0,,,,,,,,,primary,1.0,2026-09-20T18:00:00,fused,
STU_S0734,,Student 0734,student,,,,,,,,,,,,AI-DS,,S0734,2.0,,,,,,,,,primary,1.0,2026-09-20T18:00:00,fused,
STU_S0735,,Student 0735,student,,,,,,,,,,,,CE,,S0735,1.0,,,,,,,,,primary,1.0,2026-09-20T18:00:00,fused,
STU_S0736,,Student 0736,student,,,,,,,,,,,,CSE,,S0736,4.0,,,,,,,,,primary,1.0,2026-09-20T18:00:00,fused,
STU_S0737,,Student 0737,student,,,,,,,,,,,,EEE,,S0737,1.0,,,,,,,,,primary,1.0,2026-09-20T18:00:00,fused,
STU_S0738,,Student 0738,student,,,,,,,,,,,,CE,,S0738,1.0,,,,,,,,,primary,1.0,2026-09-20T18:00:00,fused,
STU_S0739,,Student 0739,student,,,,,,,,,,,,CSE,,S0739,4.0,,,,,,,,,primary,1.0,2026-09-20T18:00:00,fused,
STU_S0740,,Student 0740,student,,,,,,,,,,,,CSE,,S0740,3.0,,,,,,,,,primary,1.0,2026-09-20T18:00:00,fused,
STU_S0741,,Student 0741,student,,,,,,,,,,,,ME,,S0741,2.0,,,,,,,,,primary,1.0,2026-09-20T18:00:00,fused,
STU_S0742,,Student 0742,student,,,,,,,,,,,,MBA,,S0742,2.0,,,,,,,,,primary,1.0,2026-09-20T18:00:00,fused,
STU_S0743,,Student 0743,student,,,,,,,,,,,,MBA,,S0743,4.0,,,,,,,,,primary,1.0,2026-09-20T18:00:00,fused,
STU_S0744,,Student 0744,student,,,,,,,,,,,,EEE,,S0744,4.0,,,,,,,,,primary,1.0,2026-09-20T18:00:00,fused,
STU_S0745,,Student 0745,student,,,,,,,,,,,,ME,,S0745,4.0,,,,,,,,,primary,1.0,2026-09-20T18:00:00,fused,
STU_S0746,,Student 0746,student,,,,,,,,,,,,ME,,S0746,1.0,,,,,,,,,primary,1.0,2026-09-20T18:00:00,fused,
STU_S0747,,Student 0747,student,,,,,,,,,,,,AI-DS,,S0747,2.0,,,,,,,,,primary,1.0,2026-09-20T18:00:00,fused,
STU_S0748,,Student 0748,student,,,,,,,,,,,,AI-DS,,S0748,3.0,,,,,,,,,primary,1.0,2026-09-20T18:00:00,fused,
STU_S0749,,Student 0749,student,,,,,,,,,,,,CSE,,S0749,2.0,,,,,,,,,primary,1.0,2026-09-20T18:00:00,fused,
STU_S0750,,Student 0750,student,,,,,,,,,,,,CE,,S0750,4.0,,,,,,,,,primary,1.0,2026-09-20T18:00:00,fused,
STU_S0751,,Student 0751,student,,,,,,,,,,,,CE,,S0751,2.0,,,,,,,,,primary,1.0,2026-09-20T18:00:00,fused,
STU_S0752,,Student 0752,student,,,,,,,,,,,,AI-DS,,S0752,2.0,,,,,,,,,primary,1.0,2026-09-20T18:00:00,fused,
STU_S0753,,Student 0753,student,,,,,,,,,,,,MBA,,S0753,1.0,,,,,,,,,primary,1.0,2026-09-20T18:00:00,fused,
STU_S0754,,Student 0754,student,,,,,,,,,,,,MBA,,S0754,1.0,,,,,,,,,primary,1.0,2026-09-20T18:00:00,fused,
STU_S0755,,Student 0755,student,,,,,,,,,,,,EEE,,S0755,4.0,,,,,,,,,primary,1.0,2026-09-20T18:00:00,fused,
STU_S0756,,Student 0756,student,,,,,,,,,,,,AI-DS,,S0756,4.0,,,,,,,,,primary,1.0,2026-09-20T18:00:00,fused,
STU_S0757,,Student 0757,student,,,,,,,,,,,,CE,,S0757,4.0,,,,,,,,,primary,1.0,2026-09-20T18:00:00,fused,
STU_S0758,,Student 0758,student,,,,,,,,,,,,MBA,,S0758,2.0,,,,,,,,,primary,1.0,2026-09-20T18:00:00,fused,
STU_S0759,,Student 0759,student,,,,,,,,,,,,ECE,,S0759,4.0,,,,,,,,,primary,1.0,2026-09-20T18:00:00,fused,
STU_S0760,,Student 0760,student,,,,,,,,,,,,EEE,,S0760,2.0,,,,,,,,,primary,1.0,2026-09-20T18:00:00,fused,
STU_S0761,,Student 0761,student,,,,,,,,,,,,EEE,,S0761,2.0,,,,,,,,,primary,1.0,2026-09-20T18:00:00,fused,
STU_S0762,,Student 0762,student,,,,,,,,,,,,AI-DS,,S0762,1.0,,,,,,,,,primary,1.0,2026-09-20T18:00:00,fused,
STU_S0763,,Student 0763,student,,,,,,,,,,,,CSE,,S0763,4.0,,,,,,,,,primary,1.0,2026-09-20T18:00:00,fused,
STU_S0764,,Student 0764,student,,,,,,,,,,,,CE,,S0764,1.0,,,,,,,,,primary,1.0,2026-09-20T18:00:00,fused,
STU_S0765,,Student 0765,student,,,,,,,,,,,,ECE,,S0765,2.0,,,,,,,,,primary,1.0,2026-09-20T18:00:00,fused,
STU_S0766,,Student 0766,student,,,,,,,,,,,,CSE,,S0766,1.0,,,,,,,,,primary,1.0,2026-09-20T18:00:00,fused,
STU_S0767,,Student 0767,student,,,,,,,,,,,,CE,,S0767,1.0,,,,,,,,,primary,1.0,2026-09-20T18:00:00,fused,
STU_S0768,,Student 0768,student,,,,,,,,,,,,ME,,S0768,1.0,,,,,,,,,primary,1.0,2026-09-20T18:00:00,fused,
STU_S0769,,Student 0769,student,,,,,,,,,,,,ECE,,S0769,1.0,,,,,,,,,primary,1.0,2026-09-20T18:00:00,fused,
STU_S0770,,Student 0770,student,,,,,,,,,,,,ME,,S0770,4.0,,,,,,,,,primary,1.0,2026-09-20T18:00:00,fused,
STU_S0771,,Student 0771,student,,,,,,,,,,,,ECE,,S0771,2.0,,,,,,,,,primary,1.0,2026-09-20T18:00:00,fused,
STU_S0772,,Student 0772,student,,,,,,,,,,,,MBA,,S0772,1.0,,,,,,,,,primary,1.0,2026-09-20T18:00:00,fused,
STU_S0773,,Student 0773,student,,,,,,,,,,,,ECE,,S0773,3.0,,,,,,,,,primary,1.0,2026-09-20T18:00:00,fused,
STU_S0774,,Student 0774,student,,,,,,,,,,,,ECE,,S0774,3.0,,,,,,,,,primary,1.0,2026-09-20T18:00:00,fused,
STU_S0775,,Student 0775,student,,,,,,,,,,,,CE,,S0775,3.0,,,,,,,,,primary,1.0,2026-09-20T18:00:00,fused,
STU_S0776,,Student 0776,student,,,,,,,,,,,,ECE,,S0776,3.0,,,,,,,,,primary,1.0,2026-09-20T18:00:00,fused,
STU_S0777,,Student 0777,student,,,,,,,,,,,,ECE,,S0777,2.0,,,,,,,,,primary,1.0,2026-09-20T18:00:00,fused,
STU_S0778,,Student 0778,student,,,,,,,,,,,,ME,,S0778,3.0,,,,,,,,,primary,1.0,2026-09-20T18:00:00,fused,
STU_S0779,,Student 0779,student,,,,,,,,,,,,EEE,,S0779,1.0,,,,,,,,,primary,1.0,2026-09-20T18:00:00,fused,
STU_S0780,,Student 0780,student,,,,,,,,,,,,CE,,S0780,2.0,,,,,,,,,primary,1.0,2026-09-20T18:00:00,fused,
STU_S0781,,Student 0781,student,,,,,,,,,,,,AI-DS,,S0781,4.0,,,,,,,,,primary,1.0,2026-09-20T18:00:00,fused,
STU_S0782,,Student 0782,student,,,,,,,,,,,,CE,,S0782,4.0,,,,,,,,,primary,1.0,2026-09-20T18:00:00,fused,
STU_S0783,,Student 0783,student,,,,,,,,,,,,CSE,,S0783,3.0,,,,,,,,,primary,1.0,2026-09-20T18:00:00,fused,
STU_S0784,,Student 0784,student,,,,,,,,,,,,AI-DS,,S0784,4.0,,,,,,,,,primary,1.0,2026-09-20T18:00:00,fused,
STU_S0785,,Student 0785,student,,,,,,,,,,,,MBA,,S0785,3.0,,,,,,,,,primary,1.0,2026-09-20T18:00:00,fused,
STU_S0786,,Student 0786,student,,,,,,,,,,,,AI-DS,,S0786,4.0,,,,,,,,,primary,1.0,2026-09-20T18:00:00,fused,
STU_S0787,,Student 0787,student,,,,,,,,,,,,ME,,S0787,2.0,,,,,,,,,primary,1.0,2026-09-20T18:00:00,fused,
STU_S0788,,Student 0788,student,,,,,,,,,,,,EEE,,S0788,4.0,,,,,,,,,primary,1.0,2026-09-20T18:00:00,fused,
STU_S0789,,Student 0789,student,,,,,,,,,,,,ECE,,S0789,4.0,,,,,,,,,primary,1.0,2026-09-20T18:00:00,fused,
STU_S0790,,Student 0790,student,,,,,,,,,,,,ECE,,S0790,2.0,,,,,,,,,primary,1.0,2026-09-20T18:00:00,fused,
STU_S0791,,Student 0791,student,,,,,,,,,,,,EEE,,S0791,2.0,,,,,,,,,primary,1.0,2026-09-20T18:00:00,fused,
STU_S0792,,Student 0792,student,,,,,,,,,,,,MBA,,S0792,4.0,,,,,,,,,primary,1.0,2026-09-20T18:00:00,fused,
STU_S0793,,Student 0793,student,,,,,,,,,,,,CSE,,S0793,4.0,,,,,,,,,primary,1.0,2026-09-20T18:00:00,fused,
STU_S0794,,Student 0794,student,,,,,,,,,,,,ME,,S0794,2.0,,,,,,,,,primary,1.0,2026-09-20T18:00:00,fused,
STU_S0795,,Student 0795,student,,,,,,,,,,,,ME,,S0795,2.0,,,,,,,,,primary,1.0,2026-09-20T18:00:00,fused,
STU_S0796,,Student 0796,student,,,,,,,,,,,,EEE,,S0796,2.0,,,,,,,,,primary,1.0,2026-09-20T18:00:00,fused,
STU_S0797,,Student 0797,student,,,,,,,,,,,,EEE,,S0797,1.0,,,,,,,,,primary,1.0,2026-09-20T18:00:00,fused,
STU_S0798,,Student 0798,student,,,,,,,,,,,,ME,,S0798,3.0,,,,,,,,,primary,1.0,2026-09-20T18:00:00,fused,
STU_S0799,,Student 0799,student,,,,,,,,,,,,CSE,,S0799,2.0,,,,,,,,,primary,1.0,2026-09-20T18:00:00,fused,
STU_S0800,,Student 0800,student,,,,,,,,,,,,CSE,,S0800,3.0,,,,,,,,,primary,1.0,2026-09-20T18:00:00,fused,
STU_S0801,,Student 0801,student,,,,,,,,,,,,ME,,S0801,1.0,,,,,,,,,primary,1.0,2026-09-20T18:00:00,fused,
STU_S0802,,Student 0802,student,,,,,,,,,,,,MBA,,S0802,1.0,,,,,,,,,primary,1.0,2026-09-20T18:00:00,fused,
STU_S0803,,Student 0803,student,,,,,,,,,,,,ECE,,S0803,2.0,,,,,,,,,primary,1.0,2026-09-20T18:00:00,fused,
STU_S0804,,Student 0804,student,,,,,,,,,,,,ME,,S0804,2.0,,,,,,,,,primary,1.0,2026-09-20T18:00:00,fused,
STU_S0805,,Student 0805,student,,,,,,,,,,,,MBA,,S0805,3.0,,,,,,,,,primary,1.0,2026-09-20T18:00:00,fused,
STU_S0806,,Student 0806,student,,,,,,,,,,,,EEE,,S0806,1.0,,,,,,,,,primary,1.0,2026-09-20T18:00:00,fused,
STU_S0807,,Student 0807,student,,,,,,,,,,,,ECE,,S0807,2.0,,,,,,,,,primary,1.0,2026-09-20T18:00:00,fused,
STU_S0808,,Student 0808,student,,,,,,,,,,,,AI-DS,,S0808,1.0,,,,,,,,,primary,1.0,2026-09-20T18:00:00,fused,
STU_S0809,,Student 0809,student,,,,,,,,,,,,AI-DS,,S0809,4.0,,,,,,,,,primary,1.0,2026-09-20T18:00:00,fused,
STU_S0810,,Student 0810,student,,,,,,,,,,,,ECE,,S0810,2.0,,,,,,,,,primary,1.0,2026-09-20T18:00:00,fused,
STU_S0811,,Student 0811,student,,,,,,,,,,,,ME,,S0811,2.0,,,,,,,,,primary,1.0,2026-09-20T18:00:00,fused,
STU_S0812,,Student 0812,student,,,,,,,,,,,,CE,,S0812,3.0,,,,,,,,,primary,1.0,2026-09-20T18:00:00,fused,
STU_S0813,,Student 0813,student,,,,,,,,,,,,MBA,,S0813,3.0,,,,,,,,,primary,1.0,2026-09-20T18:00:00,fused,
STU_S0814,,Student 0814,student,,,,,,,,,,,,ME,,S0814,4.0,,,,,,,,,primary,1.0,2026-09-20T18:00:00,fused,
STU_S0815,,Student 0815,student,,,,,,,,,,,,CE,,S0815,3.0,,,,,,,,,primary,1.0,2026-09-20T18:00:00,fused,
STU_S0816,,Student 0816,student,,,,,,,,,,,,EEE,,S0816,3.0,,,,,,,,,primary,1.0,2026-09-20T18:00:00,fused,
STU_S0817,,Student 0817,student,,,,,,,,,,,,EEE,,S0817,4.0,,,,,,,,,primary,1.0,2026-09-20T18:00:00,fused,
STU_S0818,,Student 0818,student,,,,,,,,,,,,ME,,S0818,1.0,,,,,,,,,primary,1.0,2026-09-20T18:00:00,fused,
STU_S0819,,Student 0819,student,,,,,,,,,,,,MBA,,S0819,4.0,,,,,,,,,primary,1.0,2026-09-20T18:00:00,fused,
STU_S0820,,Student 0820,student,,,,,,,,,,,,MBA,,S0820,3.0,,,,,,,,,primary,1.0,2026-09-20T18:00:00,fused,
STU_S0821,,Student 0821,student,,,,,,,,,,,,ECE,,S0821,3.0,,,,,,,,,primary,1.0,2026-09-20T18:00:00,fused,
STU_S0822,,Student 0822,student,,,,,,,,,,,,EEE,,S0822,4.0,,,,,,,,,primary,1.0,2026-09-20T18:00:00,fused,
STU_S0823,,Student 0823,student,,,,,,,,,,,,CSE,,S0823,2.0,,,,,,,,,primary,1.0,2026-09-20T18:00:00,fused,
STU_S0824,,Student 0824,student,,,,,,,,,,,,AI-DS,,S0824,2.0,,,,,,,,,primary,1.0,2026-09-20T18:00:00,fused,
STU_S0825,,Student 0825,student,,,,,,,,,,,,CSE,,S0825,3.0,,,,,,,,,primary,1.0,2026-09-20T18:00:00,fused,
STU_S0826,,Student 0826,student,,,,,,,,,,,,CE,,S0826,4.0,,,,,,,,,primary,1.0,2026-09-20T18:00:00,fused,
STU_S0827,,Student 0827,student,,,,,,,,,,,,EEE,,S0827,2.0,,,,,,,,,primary,1.0,2026-09-20T18:00:00,fused,
STU_S0828,,Student 0828,student,,,,,,,,,,,,ECE,,S0828,3.0,,,,,,,,,primary,1.0,2026-09-20T18:00:00,fused,
STU_S0829,,Student 0829,student,,,,,,,,,,,,ECE,,S0829,4.0,,,,,,,,,primary,1.0,2026-09-20T18:00:00,fused,
STU_S0830,,Student 0830,student,,,,,,,,,,,,CE,,S0830,2.0,,,,,,,,,primary,1.0,2026-09-20T18:00:00,fused,
STU_S0831,,Student 0831,student,,,,,,,,,,,,ME,,S0831,3.0,,,,,,,,,primary,1.0,2026-09-20T18:00:00,fused,
STU_S0832,,Student 0832,student,,,,,,,,,,,,EEE,,S0832,4.0,,,,,,,,,primary,1.0,2026-09-20T18:00:00,fused,
STU_S0833,,Student 0833,student,,,,,,,,,,,,AI-DS,,S0833,4.0,,,,,,,,,primary,1.0,2026-09-20T18:00:00,fused,
STU_S0834,,Student 0834,student,,,,,,,,,,,,ME,,S0834,2.0,,,,,,,,,primary,1.0,2026-09-20T18:00:00,fused,
STU_S0835,,Student 0835,student,,,,,,,,,,,,AI-DS,,S0835,3.0,,,,,,,,,primary,1.0,2026-09-20T18:00:00,fused,
STU_S0836,,Student 0836,student,,,,,,,,,,,,ECE,,S0836,2.0,,,,,,,,,primary,1.0,2026-09-20T18:00:00,fused,
STU_S0837,,Student 0837,student,,,,,,,,,,,,AI-DS,,S0837,4.0,,,,,,,,,primary,1.0,2026-09-20T18:00:00,fused,
STU_S0838,,Student 0838,student,,,,,,,,,,,,ECE,,S0838,1.0,,,,,,,,,primary,1.0,2026-09-20T18:00:00,fused,
STU_S0839,,Student 0839,student,,,,,,,,,,,,CE,,S0839,1.0,,,,,,,,,primary,1.0,2026-09-20T18:00:00,fused,
STU_S0840,,Student 0840,student,,,,,,,,,,,,MBA,,S0840,1.0,,,,,,,,,primary,1.0,2026-09-20T18:00:00,fused,
STU_S0841,,Student 0841,student,,,,,,,,,,,,MBA,,S0841,1.0,,,,,,,,,primary,1.0,2026-09-20T18:00:00,fused,
STU_S0842,,Student 0842,student,,,,,,,,,,,,MBA,,S0842,1.0,,,,,,,,,primary,1.0,2026-09-20T18:00:00,fused,
STU_S0843,,Student 0843,student,,,,,,,,,,,,ME,,S0843,2.0,,,,,,,,,primary,1.0,2026-09-20T18:00:00,fused,
STU_S0844,,Student 0844,student,,,,,,,,,,,,MBA,,S0844,2.0,,,,,,,,,primary,1.0,2026-09-20T18:00:00,fused,
STU_S0845,,Student 0845,student,,,,,,,,,,,,CSE,,S0845,2.0,,,,,,,,,primary,1.0,2026-09-20T18:00:00,fused,
STU_S0846,,Student 0846,student,,,,,,,,,,,,CSE,,S0846,2.0,,,,,,,,,primary,1.0,2026-09-20T18:00:00,fused,
STU_S0847,,Student 0847,student,,,,,,,,,,,,CE,,S0847,4.0,,,,,,,,,primary,1.0,2026-09-20T18:00:00,fused,
STU_S0848,,Student 0848,student,,,,,,,,,,,,EEE,,S0848,1.0,,,,,,,,,primary,1.0,2026-09-20T18:00:00,fused,
STU_S0849,,Student 0849,student,,,,,,,,,,,,CE,,S0849,4.0,,,,,,,,,primary,1.0,2026-09-20T18:00:00,fused,
STU_S0850,,Student 0850,student,,,,,,,,,,,,AI-DS,,S0850,4.0,,,,,,,,,primary,1.0,2026-09-20T18:00:00,fused,
STU_S0851,,Student 0851,student,,,,,,,,,,,,CSE,,S0851,1.0,,,,,,,,,primary,1.0,2026-09-20T18:00:00,fused,
STU_S0852,,Student 0852,student,,,,,,,,,,,,CE,,S0852,4.0,,,,,,,,,primary,1.0,2026-09-20T18:00:00,fused,
STU_S0853,,Student 0853,student,,,,,,,,,,,,CSE,,S0853,1.0,,,,,,,,,primary,1.0,2026-09-20T18:00:00,fused,
STU_S0854,,Student 0854,student,,,,,,,,,,,,CE,,S0854,3.0,,,,,,,,,primary,1.0,2026-09-20T18:00:00,fused,
STU_S0855,,Student 0855,student,,,,,,,,,,,,CE,,S0855,3.0,,,,,,,,,primary,1.0,2026-09-20T18:00:00,fused,
STU_S0856,,Student 0856,student,,,,,,,,,,,,CSE,,S0856,4.0,,,,,,,,,primary,1.0,2026-09-20T18:00:00,fused,
STU_S0857,,Student 0857,student,,,,,,,,,,,,MBA,,S0857,2.0,,,,,,,,,primary,1.0,2026-09-20T18:00:00,fused,
STU_S0858,,Student 0858,student,,,,,,,,,,,,CSE,,S0858,1.0,,,,,,,,,primary,1.0,2026-09-20T18:00:00,fused,
STU_S0859,,Student 0859,student,,,,,,,,,,,,CE,,S0859,2.0,,,,,,,,,primary,1.0,2026-09-20T18:00:00,fused,
STU_S0860,,Student 0860,student,,,,,,,,,,,,ECE,,S0860,2.0,,,,,,,,,primary,1.0,2026-09-20T18:00:00,fused,
STU_S0861,,Student 0861,student,,,,,,,,,,,,CE,,S0861,3.0,,,,,,,,,primary,1.0,2026-09-20T18:00:00,fused,
STU_S0862,,Student 0862,student,,,,,,,,,,,,MBA,,S0862,3.0,,,,,,,,,primary,1.0,2026-09-20T18:00:00,fused,
STU_S0863,,Student 0863,student,,,,,,,,,,,,EEE,,S0863,4.0,,,,,,,,,primary,1.0,2026-09-20T18:00:00,fused,
STU_S0864,,Student 0864,student,,,,,,,,,,,,CSE,,S0864,3.0,,,,,,,,,primary,1.0,2026-09-20T18:00:00,fused,
STU_S0865,,Student 0865,student,,,,,,,,,,,,ME,,S0865,4.0,,,,,,,,,primary,1.0,2026-09-20T18:00:00,fused,
STU_S0866,,Student 0866,student,,,,,,,,,,,,CE,,S0866,2.0,,,,,,,,,primary,1.0,2026-09-20T18:00:00,fused,
STU_S0867,,Student 0867,student,,,,,,,,,,,,AI-DS,,S0867,2.0,,,,,,,,,primary,1.0,2026-09-20T18:00:00,fused,
STU_S0868,,Student 0868,student,,,,,,,,,,,,EEE,,S0868,1.0,,,,,,,,,primary,1.0,2026-09-20T18:00:00,fused,
STU_S0869,,Student 0869,student,,,,,,,,,,,,AI-DS,,S0869,1.0,,,,,,,,,primary,1.0,2026-09-20T18:00:00,fused,
STU_S0870,,Student 0870,student,,,,,,,,,,,,CSE,,S0870,4.0,,,,,,,,,primary,1.0,2026-09-20T18:00:00,fused,
STU_S0871,,Student 0871,student,,,,,,,,,,,,ME,,S0871,4.0,,,,,,,,,primary,1.0,2026-09-20T18:00:00,fused,
STU_S0872,,Student 0872,student,,,,,,,,,,,,CE,,S0872,4.0,,,,,,,,,primary,1.0,2026-09-20T18:00:00,fused,
STU_S0873,,Student 0873,student,,,,,,,,,,,,CSE,,S0873,1.0,,,,,,,,,primary,1.0,2026-09-20T18:00:00,fused,
STU_S0874,,Student 0874,student,,,,,,,,,,,,AI-DS,,S0874,2.0,,,,,,,,,primary,1.0,2026-09-20T18:00:00,fused,
STU_S0875,,Student 0875,student,,,,,,,,,,,,CSE,,S0875,4.0,,,,,,,,,primary,1.0,2026-09-20T18:00:00,fused,
STU_S0876,,Student 0876,student,,,,,,,,,,,,MBA,,S0876,4.0,,,,,,,,,primary,1.0,2026-09-20T18:00:00,fused,
STU_S0877,,Student 0877,student,,,,,,,,,,,,AI-DS,,S0877,3.0,,,,,,,,,primary,1.0,2026-09-20T18:00:00,fused,
STU_S0878,,Student 0878,student,,,,,,,,,,,,CE,,S0878,1.0,,,,,,,,,primary,1.0,2026-09-20T18:00:00,fused,
STU_S0879,,Student 0879,student,,,,,,,,,,,,CE,,S0879,1.0,,,,,,,,,primary,1.0,2026-09-20T18:00:00,fused,
STU_S0880,,Student 0880,student,,,,,,,,,,,,ECE,,S0880,2.0,,,,,,,,,primary,1.0,2026-09-20T18:00:00,fused,
STU_S0881,,Student 0881,student,,,,,,,,,,,,MBA,,S0881,4.0,,,,,,,,,primary,1.0,2026-09-20T18:00:00,fused,
STU_S0882,,Student 0882,student,,,,,,,,,,,,EEE,,S0882,1.0,,,,,,,,,primary,1.0,2026-09-20T18:00:00,fused,
STU_S0883,,Student 0883,student,,,,,,,,,,,,CSE,,S0883,3.0,,,,,,,,,primary,1.0,2026-09-20T18:00:00,fused,
STU_S0884,,Student 0884,student,,,,,,,,,,,,CE,,S0884,1.0,,,,,,,,,primary,1.0,2026-09-20T18:00:00,fused,
STU_S0885,,Student 0885,student,,,,,,,,,,,,ECE,,S0885,3.0,,,,,,,,,primary,1.0,2026-09-20T18:00:00,fused,
STU_S0886,,Student 0886,student,,,,,,,,,,,,CSE,,S0886,2.0,,,,,,,,,primary,1.0,2026-09-20T18:00:00,fused,
STU_S0887,,Student 0887,student,,,,,,,,,,,,CE,,S0887,2.0,,,,,,,,,primary,1.0,2026-09-20T18:00:00,fused,
STU_S0888,,Student 0888,student,,,,,,,,,,,,MBA,,S0888,4.0,,,,,,,,,primary,1.0,2026-09-20T18:00:00,fused,
STU_S0889,,Student 0889,student,,,,,,,,,,,,CSE,,S0889,3.0,,,,,,,,,primary,1.0,2026-09-20T18:00:00,fused,
STU_S0890,,Student 0890,student,,,,,,,,,,,,ECE,,S0890,2.0,,,,,,,,,primary,1.0,2026-09-20T18:00:00,fused,
STU_S0891,,Student 0891,student,,,,,,,,,,,,CE,,S0891,4.0,,,,,,,,,primary,1.0,2026-09-20T18:00:00,fused,
STU_S0892,,Student 0892,student,,,,,,,,,,,,AI-DS,,S0892,3.0,,,,,,,,,primary,1.0,2026-09-20T18:00:00,fused,
STU_S0893,,Student 0893,student,,,,,,,,,,,,ME,,S0893,2.0,,,,,,,,,primary,1.0,2026-09-20T18:00:00,fused,
STU_S0894,,Student 0894,student,,,,,,,,,,,,MBA,,S0894,1.0,,,,,,,,,primary,1.0,2026-09-20T18:00:00,fused,
STU_S0895,,Student 0895,student,,,,,,,,,,,,CE,,S0895,3.0,,,,,,,,,primary,1.0,2026-09-20T18:00:00,fused,
STU_S0896,,Student 0896,student,,,,,,,,,,,,CSE,,S0896,1.0,,,,,,,,,primary,1.0,2026-09-20T18:00:00,fused,
STU_S0897,,Student 0897,student,,,,,,,,,,,,ME,,S0897,2.0,,,,,,,,,primary,1.0,2026-09-20T18:00:00,fused,
STU_S0898,,Student 0898,student,,,,,,,,,,,,MBA,,S0898,1.0,,,,,,,,,primary,1.0,2026-09-20T18:00:00,fused,
STU_S0899,,Student 0899,student,,,,,,,,,,,,EEE,,S0899,4.0,,,,,,,,,primary,1.0,2026-09-20T18:00:00,fused,
STU_S0900,,Student 0900,student,,,,,,,,,,,,MBA,,S0900,3.0,,,,,,,,,primary,1.0,2026-09-20T18:00:00,fused,
STU_S0901,,Student 0901,student,,,,,,,,,,,,CSE,,S0901,3.0,,,,,,,,,primary,1.0,2026-09-20T18:00:00,fused,
STU_S0902,,Student 0902,student,,,,,,,,,,,,MBA,,S0902,4.0,,,,,,,,,primary,1.0,2026-09-20T18:00:00,fused,
STU_S0903,,Student 0903,student,,,,,,,,,,,,ME,,S0903,2.0,,,,,,,,,primary,1.0,2026-09-20T18:00:00,fused,
STU_S0904,,Student 0904,student,,,,,,,,,,,,EEE,,S0904,4.0,,,,,,,,,primary,1.0,2026-09-20T18:00:00,fused,
STU_S0905,,Student 0905,student,,,,,,,,,,,,ME,,S0905,2.0,,,,,,,,,primary,1.0,2026-09-20T18:00:00,fused,
STU_S0906,,Student 0906,student,,,,,,,,,,,,AI-DS,,S0906,4.0,,,,,,,,,primary,1.0,2026-09-20T18:00:00,fused,
STU_S0907,,Student 0907,student,,,,,,,,,,,,CSE,,S0907,3.0,,,,,,,,,primary,1.0,2026-09-20T18:00:00,fused,
STU_S0908,,Student 0908,student,,,,,,,,,,,,MBA,,S0908,2.0,,,,,,,,,primary,1.0,2026-09-20T18:00:00,fused,
STU_S0909,,Student 0909,student,,,,,,,,,,,,AI-DS,,S0909,1.0,,,,,,,,,primary,1.0,2026-09-20T18:00:00,fused,
STU_S0910,,Student 0910,student,,,,,,,,,,,,CSE,,S0910,3.0,,,,,,,,,primary,1.0,2026-09-20T18:00:00,fused,
STU_S0911,,Student 0911,student,,,,,,,,,,,,ECE,,S0911,4.0,,,,,,,,,primary,1.0,2026-09-20T18:00:00,fused,
STU_S0912,,Student 0912,student,,,,,,,,,,,,AI-DS,,S0912,2.0,,,,,,,,,primary,1.0,2026-09-20T18:00:00,fused,
STU_S0913,,Student 0913,student,,,,,,,,,,,,AI-DS,,S0913,4.0,,,,,,,,,primary,1.0,2026-09-20T18:00:00,fused,
STU_S0914,,Student 0914,student,,,,,,,,,,,,EEE,,S0914,3.0,,,,,,,,,primary,1.0,2026-09-20T18:00:00,fused,
STU_S0915,,Student 0915,student,,,,,,,,,,,,CSE,,S0915,1.0,,,,,,,,,primary,1.0,2026-09-20T18:00:00,fused,
STU_S0916,,Student 0916,student,,,,,,,,,,,,CSE,,S0916,3.0,,,,,,,,,primary,1.0,2026-09-20T18:00:00,fused,
STU_S0917,,Student 0917,student,,,,,,,,,,,,ME,,S0917,3.0,,,,,,,,,primary,1.0,2026-09-20T18:00:00,fused,
STU_S0918,,Student 0918,student,,,,,,,,,,,,MBA,,S0918,3.0,,,,,,,,,primary,1.0,2026-09-20T18:00:00,fused,
STU_S0919,,Student 0919,student,,,,,,,,,,,,CSE,,S0919,2.0,,,,,,,,,primary,1.0,2026-09-20T18:00:00,fused,
STU_S0920,,Student 0920,student,,,,,,,,,,,,CSE,,S0920,2.0,,,,,,,,,primary,1.0,2026-09-20T18:00:00,fused,
STU_S0921,,Student 0921,student,,,,,,,,,,,,ME,,S0921,4.0,,,,,,,,,primary,1.0,2026-09-20T18:00:00,fused,
STU_S0922,,Student 0922,student,,,,,,,,,,,,CE,,S0922,4.0,,,,,,,,,primary,1.0,2026-09-20T18:00:00,fused,
STU_S0923,,Student 0923,student,,,,,,,,,,,,CSE,,S0923,1.0,,,,,,,,,primary,1.0,2026-09-20T18:00:00,fused,
STU_S0924,,Student 0924,student,,,,,,,,,,,,CSE,,S0924,3.0,,,,,,,,,primary,1.0,2026-09-20T18:00:00,fused,
STU_S0925,,Student 0925,student,,,,,,,,,,,,CE,,S0925,1.0,,,,,,,,,primary,1.0,2026-09-20T18:00:00,fused,
STU_S0926,,Student 0926,student,,,,,,,,,,,,CE,,S0926,3.0,,,,,,,,,primary,1.0,2026-09-20T18:00:00,fused,
STU_S0927,,Student 0927,student,,,,,,,,,,,,MBA,,S0927,4.0,,,,,,,,,primary,1.0,2026-09-20T18:00:00,fused,
STU_S0928,,Student 0928,student,,,,,,,,,,,,CSE,,S0928,3.0,,,,,,,,,primary,1.0,2026-09-20T18:00:00,fused,
STU_S0929,,Student 0929,student,,,,,,,,,,,,ME,,S0929,4.0,,,,,,,,,primary,1.0,2026-09-20T18:00:00,fused,
STU_S0930,,Student 0930,student,,,,,,,,,,,,MBA,,S0930,1.0,,,,,,,,,primary,1.0,2026-09-20T18:00:00,fused,
STU_S0931,,Student 0931,student,,,,,,,,,,,,AI-DS,,S0931,2.0,,,,,,,,,primary,1.0,2026-09-20T18:00:00,fused,
STU_S0932,,Student 0932,student,,,,,,,,,,,,CE,,S0932,2.0,,,,,,,,,primary,1.0,2026-09-20T18:00:00,fused,
STU_S0933,,Student 0933,student,,,,,,,,,,,,AI-DS,,S0933,4.0,,,,,,,,,primary,1.0,2026-09-20T18:00:00,fused,
STU_S0934,,Student 0934,student,,,,,,,,,,,,ECE,,S0934,2.0,,,,,,,,,primary,1.0,2026-09-20T18:00:00,fused,
STU_S0935,,Student 0935,student,,,,,,,,,,,,EEE,,S0935,3.0,,,,,,,,,primary,1.0,2026-09-20T18:00:00,fused,
STU_S0936,,Student 0936,student,,,,,,,,,,,,EEE,,S0936,4.0,,,,,,,,,primary,1.0,2026-09-20T18:00:00,fused,
STU_S0937,,Student 0937,student,,,,,,,,,,,,ECE,,S0937,1.0,,,,,,,,,primary,1.0,2026-09-20T18:00:00,fused,
STU_S0938,,Student 0938,student,,,,,,,,,,,,ECE,,S0938,4.0,,,,,,,,,primary,1.0,2026-09-20T18:00:00,fused,
STU_S0939,,Student 0939,student,,,,,,,,,,,,EEE,,S0939,4.0,,,,,,,,,primary,1.0,2026-09-20T18:00:00,fused,
STU_S0940,,Student 0940,student,,,,,,,,,,,,EEE,,S0940,4.0,,,,,,,,,primary,1.0,2026-09-20T18:00:00,fused,
STU_S0941,,Student 0941,student,,,,,,,,,,,,MBA,,S0941,1.0,,,,,,,,,primary,1.0,2026-09-20T18:00:00,fused,
STU_S0942,,Student 0942,student,,,,,,,,,,,,EEE,,S0942,3.0,,,,,,,,,primary,1.0,2026-09-20T18:00:00,fused,
STU_S0943,,Student 0943,student,,,,,,,,,,,,ECE,,S0943,4.0,,,,,,,,,primary,1.0,2026-09-20T18:00:00,fused,
STU_S0944,,Student 0944,student,,,,,,,,,,,,CE,,S0944,2.0,,,,,,,,,primary,1.0,2026-09-20T18:00:00,fused,
STU_S0945,,Student 0945,student,,,,,,,,,,,,ME,,S0945,1.0,,,,,,,,,primary,1.0,2026-09-20T18:00:00,fused,
STU_S0946,,Student 0946,student,,,,,,,,,,,,ECE,,S0946,3.0,,,,,,,,,primary,1.0,2026-09-20T18:00:00,fused,
STU_S0947,,Student 0947,student,,,,,,,,,,,,CSE,,S0947,4.0,,,,,,,,,primary,1.0,2026-09-20T18:00:00,fused,
STU_S0948,,Student 0948,student,,,,,,,,,,,,EEE,,S0948,4.0,,,,,,,,,primary,1.0,2026-09-20T18:00:00,fused,
STU_S0949,,Student 0949,student,,,,,,,,,,,,MBA,,S0949,3.0,,,,,,,,,primary,1.0,2026-09-20T18:00:00,fused,
STU_S0950,,Student 0950,student,,,,,,,,,,,,ME,,S0950,3.0,,,,,,,,,primary,1.0,2026-09-20T18:00:00,fused,
STU_S0951,,Student 0951,student,,,,,,,,,,,,ME,,S0951,2.0,,,,,,,,,primary,1.0,2026-09-20T18:00:00,fused,
STU_S0952,,Student 0952,student,,,,,,,,,,,,EEE,,S0952,3.0,,,,,,,,,primary,1.0,2026-09-20T18:00:00,fused,
STU_S0953,,Student 0953,student,,,,,,,,,,,,CE,,S0953,2.0,,,,,,,,,primary,1.0,2026-09-20T18:00:00,fused,
STU_S0954,,Student 0954,student,,,,,,,,,,,,ME,,S0954,3.0,,,,,,,,,primary,1.0,2026-09-20T18:00:00,fused,
STU_S0955,,Student 0955,student,,,,,,,,,,,,ECE,,S0955,4.0,,,,,,,,,primary,1.0,2026-09-20T18:00:00,fused,
STU_S0956,,Student 0956,student,,,,,,,,,,,,EEE,,S0956,3.0,,,,,,,,,primary,1.0,2026-09-20T18:00:00,fused,
STU_S0957,,Student 0957,student,,,,,,,,,,,,AI-DS,,S0957,4.0,,,,,,,,,primary,1.0,2026-09-20T18:00:00,fused,
STU_S0958,,Student 0958,student,,,,,,,,,,,,CE,,S0958,2.0,,,,,,,,,primary,1.0,2026-09-20T18:00:00,fused,
STU_S0959,,Student 0959,student,,,,,,,,,,,,EEE,,S0959,4.0,,,,,,,,,primary,1.0,2026-09-20T18:00:00,fused,
STU_S0960,,Student 0960,student,,,,,,,,,,,,EEE,,S0960,4.0,,,,,,,,,primary,1.0,2026-09-20T18:00:00,fused,
STU_S0961,,Student 0961,student,,,,,,,,,,,,EEE,,S0961,1.0,,,,,,,,,primary,1.0,2026-09-20T18:00:00,fused,
STU_S0962,,Student 0962,student,,,,,,,,,,,,CE,,S0962,2.0,,,,,,,,,primary,1.0,2026-09-20T18:00:00,fused,
STU_S0963,,Student 0963,student,,,,,,,,,,,,CE,,S0963,2.0,,,,,,,,,primary,1.0,2026-09-20T18:00:00,fused,
STU_S0964,,Student 0964,student,,,,,,,,,,,,AI-DS,,S0964,1.0,,,,,,,,,primary,1.0,2026-09-20T18:00:00,fused,
STU_S0965,,Student 0965,student,,,,,,,,,,,,AI-DS,,S0965,4.0,,,,,,,,,primary,1.0,2026-09-20T18:00:00,fused,
STU_S0966,,Student 0966,student,,,,,,,,,,,,AI-DS,,S0966,2.0,,,,,,,,,primary,1.0,2026-09-20T18:00:00,fused,
STU_S0967,,Student 0967,student,,,,,,,,,,,,ME,,S0967,3.0,,,,,,,,,primary,1.0,2026-09-20T18:00:00,fused,
STU_S0968,,Student 0968,student,,,,,,,,,,,,MBA,,S0968,1.0,,,,,,,,,primary,1.0,2026-09-20T18:00:00,fused,
STU_S0969,,Student 0969,student,,,,,,,,,,,,MBA,,S0969,4.0,,,,,,,,,primary,1.0,2026-09-20T18:00:00,fused,
STU_S0970,,Student 0970,student,,,,,,,,,,,,AI-DS,,S0970,4.0,,,,,,,,,primary,1.0,2026-09-20T18:00:00,fused,
STU_S0971,,Student 0971,student,,,,,,,,,,,,ECE,,S0971,3.0,,,,,,,,,primary,1.0,2026-09-20T18:00:00,fused,
STU_S0972,,Student 0972,student,,,,,,,,,,,,ECE,,S0972,3.0,,,,,,,,,primary,1.0,2026-09-20T18:00:00,fused,
STU_S0973,,Student 0973,student,,,,,,,,,,,,AI-DS,,S0973,2.0,,,,,,,,,primary,1.0,2026-09-20T18:00:00,fused,
STU_S0974,,Student 0974,student,,,,,,,,,,,,AI-DS,,S0974,4.0,,,,,,,,,primary,1.0,2026-09-20T18:00:00,fused,
STU_S0975,,Student 0975,student,,,,,,,,,,,,MBA,,S0975,4.0,,,,,,,,,primary,1.0,2026-09-20T18:00:00,fused,
STU_S0976,,Student 0976,student,,,,,,,,,,,,CSE,,S0976,4.0,,,,,,,,,primary,1.0,2026-09-20T18:00:00,fused,
STU_S0977,,Student 0977,student,,,,,,,,,,,,CE,,S0977,4.0,,,,,,,,,primary,1.0,2026-09-20T18:00:00,fused,
STU_S0978,,Student 0978,student,,,,,,,,,,,,CE,,S0978,4.0,,,,,,,,,primary,1.0,2026-09-20T18:00:00,fused,
STU_S0979,,Student 0979,student,,,,,,,,,,,,CE,,S0979,4.0,,,,,,,,,primary,1.0,2026-09-20T18:00:00,fused,
STU_S0980,,Student 0980,student,,,,,,,,,,,,CE,,S0980,1.0,,,,,,,,,primary,1.0,2026-09-20T18:00:00,fused,
STU_S0981,,Student 0981,student,,,,,,,,,,,,MBA,,S0981,3.0,,,,,,,,,primary,1.0,2026-09-20T18:00:00,fused,
STU_S0982,,Student 0982,student,,,,,,,,,,,,AI-DS,,S0982,1.0,,,,,,,,,primary,1.0,2026-09-20T18:00:00,fused,
STU_S0983,,Student 0983,student,,,,,,,,,,,,CSE,,S0983,2.0,,,,,,,,,primary,1.0,2026-09-20T18:00:00,fused,
STU_S0984,,Student 0984,student,,,,,,,,,,,,AI-DS,,S0984,3.0,,,,,,,,,primary,1.0,2026-09-20T18:00:00,fused,
STU_S0985,,Student 0985,student,,,,,,,,,,,,ECE,,S0985,1.0,,,,,,,,,primary,1.0,2026-09-20T18:00:00,fused,
STU_S0986,,Student 0986,student,,,,,,,,,,,,CE,,S0986,4.0,,,,,,,,,primary,1.0,2026-09-20T18:00:00,fused,
STU_S0987,,Student 0987,student,,,,,,,,,,,,MBA,,S0987,3.0,,,,,,,,,primary,1.0,2026-09-20T18:00:00,fused,
STU_S0988,,Student 0988,student,,,,,,,,,,,,MBA,,S0988,4.0,,,,,,,,,primary,1.0,2026-09-20T18:00:00,fused,
STU_S0989,,Student 0989,student,,,,,,,,,,,,CSE,,S0989,1.0,,,,,,,,,primary,1.0,2026-09-20T18:00:00,fused,
STU_S0990,,Student 0990,student,,,,,,,,,,,,CSE,,S0990,3.0,,,,,,,,,primary,1.0,2026-09-20T18:00:00,fused,
STU_S0991,,Student 0991,student,,,,,,,,,,,,ECE,,S0991,2.0,,,,,,,,,primary,1.0,2026-09-20T18:00:00,fused,
STU_S0992,,Student 0992,student,,,,,,,,,,,,ME,,S0992,3.0,,,,,,,,,primary,1.0,2026-09-20T18:00:00,fused,
STU_S0993,,Student 0993,student,,,,,,,,,,,,ME,,S0993,4.0,,,,,,,,,primary,1.0,2026-09-20T18:00:00,fused,
STU_S0994,,Student 0994,student,,,,,,,,,,,,MBA,,S0994,2.0,,,,,,,,,primary,1.0,2026-09-20T18:00:00,fused,
STU_S0995,,Student 0995,student,,,,,,,,,,,,EEE,,S0995,1.0,,,,,,,,,primary,1.0,2026-09-20T18:00:00,fused,
STU_S0996,,Student 0996,student,,,,,,,,,,,,ME,,S0996,1.0,,,,,,,,,primary,1.0,2026-09-20T18:00:00,fused,
STU_S0997,,Student 0997,student,,,,,,,,,,,,EEE,,S0997,4.0,,,,,,,,,primary,1.0,2026-09-20T18:00:00,fused,
STU_S0998,,Student 0998,student,,,,,,,,,,,,CSE,,S0998,1.0,,,,,,,,,primary,1.0,2026-09-20T18:00:00,fused,
STU_S0999,,Student 0999,student,,,,,,,,,,,,MBA,,S0999,2.0,,,,,,,,,primary,1.0,2026-09-20T18:00:00,fused,
STU_S1000,,Student 1000,student,,,,,,,,,,,,EEE,,S1000,3.0,,,,,,,,,primary,1.0,2026-09-20T18:00:00,fused,
COURSE_C001,,CSE Course 001,course,,,,,,,,,,,F035,CSE,,,,C001,34.0,False,False,UG,,,,primary,1.0,2026-09-20T18:00:00,fused,
COURSE_C002,,CSE Course 002,course,,,,,,,,,,,F003,CSE,,,,C002,72.0,True,True,UG,,,,primary,1.0,2026-09-20T18:00:00,fused,
COURSE_C003,,EEE Course 003,course,,,,,,,,,,,F023,EEE,,,,C003,71.0,False,False,UG,,,,primary,1.0,2026-09-20T18:00:00,fused,
COURSE_C004,,ECE Course 004,course,,,,,,,,,,,F040,ECE,,,,C004,112.0,True,True,PG,,,,primary,1.0,2026-09-20T18:00:00,fused,
COURSE_C005,,AI-DS Course 005,course,,,,,,,,,,,F012,AI-DS,,,,C005,44.0,False,True,UG,,,,primary,1.0,2026-09-20T18:00:00,fused,
COURSE_C006,,ME Course 006,course,,,,,,,,,,,F043,ME,,,,C006,28.0,True,False,PG,,,,primary,1.0,2026-09-20T18:00:00,fused,
COURSE_C007,,MBA Course 007,course,,,,,,,,,,,F025,MBA,,,,C007,56.0,True,False,UG,,,,primary,1.0,2026-09-20T18:00:00,fused,
COURSE_C008,,MBA Course 008,course,,,,,,,,,,,F023,MBA,,,,C008,29.0,False,True,PG,,,,primary,1.0,2026-09-20T18:00:00,fused,
COURSE_C009,,EEE Course 009,course,,,,,,,,,,,F022,EEE,,,,C009,54.0,True,False,PG,,,,primary,1.0,2026-09-20T18:00:00,fused,
COURSE_C010,,EEE Course 010,course,,,,,,,,,,,F044,EEE,,,,C010,33.0,False,True,PG,,,,primary,1.0,2026-09-20T18:00:00,fused,
COURSE_C011,,MBA Course 011,course,,,,,,,,,,,F012,MBA,,,,C011,93.0,True,True,PG,,,,primary,1.0,2026-09-20T18:00:00,fused,
COURSE_C012,,CE Course 012,course,,,,,,,,,,,F047,CE,,,,C012,58.0,True,False,PG,,,,primary,1.0,2026-09-20T18:00:00,fused,
COURSE_C013,,MBA Course 013,course,,,,,,,,,,,F025,MBA,,,,C013,65.0,True,False,UG,,,,primary,1.0,2026-09-20T18:00:00,fused,
COURSE_C014,,CE Course 014,course,,,,,,,,,,,F034,CE,,,,C014,49.0,True,False,UG,,,,primary,1.0,2026-09-20T18:00:00,fused,
COURSE_C015,,MBA Course 015,course,,,,,,,,,,,F024,MBA,,,,C015,93.0,False,False,UG,,,,primary,1.0,2026-09-20T18:00:00,fused,
COURSE_C016,,ME Course 016,course,,,,,,,,,,,F043,ME,,,,C016,33.0,False,False,PG,,,,primary,1.0,2026-09-20T18:00:00,fused,
COURSE_C017,,MBA Course 017,course,,,,,,,,,,,F043,MBA,,,,C017,40.0,False,True,PG,,,,primary,1.0,2026-09-20T18:00:00,fused,
COURSE_C018,,ME Course 018,course,,,,,,,,,,,F013,ME,,,,C018,66.0,True,True,UG,,,,primary,1.0,2026-09-20T18:00:00,fused,
COURSE_C019,,ME Course 019,course,,,,,,,,,,,F040,ME,,,,C019,110.0,False,False,UG,,,,primary,1.0,2026-09-20T18:00:00,fused,
COURSE_C020,,CE Course 020,course,,,,,,,,,,,F019,CE,,,,C020,63.0,True,False,PG,,,,primary,1.0,2026-09-20T18:00:00,fused,
COURSE_C021,,ECE Course 021,course,,,,,,,,,,,F030,ECE,,,,C021,80.0,False,False,PG,,,,primary,1.0,2026-09-20T18:00:00,fused,
COURSE_C022,,ME Course 022,course,,,,,,,,,,,F043,ME,,,,C022,81.0,False,False,UG,,,,primary,1.0,2026-09-20T18:00:00,fused,
COURSE_C023,,CSE Course 023,course,,,,,,,,,,,F006,CSE,,,,C023,61.0,True,False,PG,,,,primary,1.0,2026-09-20T18:00:00,fused,
COURSE_C024,,MBA Course 024,course,,,,,,,,,,,F010,MBA,,,,C024,55.0,False,True,UG,,,,primary,1.0,2026-09-20T18:00:00,fused,
COURSE_C025,,CSE Course 025,course,,,,,,,,,,,F030,CSE,,,,C025,30.0,True,False,UG,,,,primary,1.0,2026-09-20T18:00:00,fused,
COURSE_C026,,ME Course 026,course,,,,,,,,,,,F032,ME,,,,C026,105.0,True,False,PG,,,,primary,1.0,2026-09-20T18:00:00,fused,
COURSE_C027,,ME Course 027,course,,,,,,,,,,,F050,ME,,,,C027,56.0,True,False,UG,,,,primary,1.0,2026-09-20T18:00:00,fused,
COURSE_C028,,ME Course 028,course,,,,,,,,,,,F004,ME,,,,C028,53.0,True,False,PG,,,,primary,1.0,2026-09-20T18:00:00,fused,
COURSE_C029,,CE Course 029,course,,,,,,,,,,,F030,CE,,,,C029,56.0,False,True,UG,,,,primary,1.0,2026-09-20T18:00:00,fused,
COURSE_C030,,AI-DS Course 030,course,,,,,,,,,,,F040,AI-DS,,,,C030,92.0,False,False,PG,,,,primary,1.0,2026-09-20T18:00:00,fused,
COURSE_C031,,MBA Course 031,course,,,,,,,,,,,F011,MBA,,,,C031,89.0,True,False,PG,,,,primary,1.0,2026-09-20T18:00:00,fused,
COURSE_C032,,AI-DS Course 032,course,,,,,,,,,,,F050,AI-DS,,,,C032,85.0,True,False,PG,,,,primary,1.0,2026-09-20T18:00:00,fused,
COURSE_C033,,MBA Course 033,course,,,,,,,,,,,F005,MBA,,,,C033,91.0,True,True,PG,,,,primary,1.0,2026-09-20T18:00:00,fused,
COURSE_C034,,AI-DS Course 034,course,,,,,,,,,,,F009,AI-DS,,,,C034,61.0,True,False,UG,,,,primary,1.0,2026-09-20T18:00:00,fused,
COURSE_C035,,ECE Course 035,course,,,,,,,,,,,F005,ECE,,,,C035,54.0,True,True,UG,,,,primary,1.0,2026-09-20T18:00:00,fused,
COURSE_C036,,ME Course 036,course,,,,,,,,,,,F014,ME,,,,C036,77.0,True,False,UG,,,,primary,1.0,2026-09-20T18:00:00,fused,
COURSE_C037,,MBA Course 037,course,,,,,,,,,,,F049,MBA,,,,C037,78.0,True,False,UG,,,,primary,1.0,2026-09-20T18:00:00,fused,
COURSE_C038,,CE Course 038,course,,,,,,,,,,,F049,CE,,,,C038,73.0,True,False,PG,,,,primary,1.0,2026-09-20T18:00:00,fused,
COURSE_C039,,ME Course 039,course,,,,,,,,,,,F032,ME,,,,C039,78.0,True,False,UG,,,,primary,1.0,2026-09-20T18:00:00,fused,
COURSE_C040,,ECE Course 040,course,,,,,,,,,,,F043,ECE,,,,C040,59.0,True,True,PG,,,,primary,1.0,2026-09-20T18:00:00,fused,
COURSE_C041,,AI-DS Course 041,course,,,,,,,,,,,F040,AI-DS,,,,C041,76.0,False,False,UG,,,,primary,1.0,2026-09-20T18:00:00,fused,
COURSE_C042,,CE Course 042,course,,,,,,,,,,,F006,CE,,,,C042,28.0,False,False,UG,,,,primary,1.0,2026-09-20T18:00:00,fused,
COURSE_C043,,AI-DS Course 043,course,,,,,,,,,,,F017,AI-DS,,,,C043,79.0,True,False,UG,,,,primary,1.0,2026-09-20T18:00:00,fused,
COURSE_C044,,ME Course 044,course,,,,,,,,,,,F018,ME,,,,C044,66.0,True,False,PG,,,,primary,1.0,2026-09-20T18:00:00,fused,
COURSE_C045,,MBA Course 045,course,,,,,,,,,,,F048,MBA,,,,C045,78.0,True,True,UG,,,,primary,1.0,2026-09-20T18:00:00,fused,
COURSE_C046,,CE Course 046,course,,,,,,,,,,,F050,CE,,,,C046,31.0,False,False,UG,,,,primary,1.0,2026-09-20T18:00:00,fused,
COURSE_C047,,AI-DS Course 047,course,,,,,,,,,,,F002,AI-DS,,,,C047,30.0,False,False,UG,,,,primary,1.0,2026-09-20T18:00:00,fused,
COURSE_C048,,CE Course 048,course,,,,,,,,,,,F037,CE,,,,C048,44.0,True,False,UG,,,,primary,1.0,2026-09-20T18:00:00,fused,
COURSE_C049,,ECE Course 049,course,,,,,,,,,,,F039,ECE,,,,C049,84.0,False,False,UG,,,,primary,1.0,2026-09-20T18:00:00,fused,
COURSE_C050,,CE Course 050,course,,,,,,,,,,,F007,CE,,,,C050,39.0,False,True,PG,,,,primary,1.0,2026-09-20T18:00:00,fused,
COURSE_C051,,CE Course 051,course,,,,,,,,,,,F026,CE,,,,C051,28.0,False,False,PG,,,,primary,1.0,2026-09-20T18:00:00,fused,
COURSE_C052,,AI-DS Course 052,course,,,,,,,,,,,F007,AI-DS,,,,C052,50.0,True,False,UG,,,,primary,1.0,2026-09-20T18:00:00,fused,
COURSE_C053,,AI-DS Course 053,course,,,,,,,,,,,F037,AI-DS,,,,C053,63.0,False,False,UG,,,,primary,1.0,2026-09-20T18:00:00,fused,
COURSE_C054,,MBA Course 054,course,,,,,,,,,,,F005,MBA,,,,C054,30.0,True,False,PG,,,,primary,1.0,2026-09-20T18:00:00,fused,
COURSE_C055,,CE Course 055,course,,,,,,,,,,,F007,CE,,,,C055,107.0,True,False,PG,,,,primary,1.0,2026-09-20T18:00:00,fused,
COURSE_C056,,ME Course 056,course,,,,,,,,,,,F028,ME,,,,C056,71.0,False,False,UG,,,,primary,1.0,2026-09-20T18:00:00,fused,
COURSE_C057,,ECE Course 057,course,,,,,,,,,,,F030,ECE,,,,C057,91.0,False,True,PG,,,,primary,1.0,2026-09-20T18:00:00,fused,
COURSE_C058,,ME Course 058,course,,,,,,,,,,,F018,ME,,,,C058,100.0,True,False,UG,,,,primary,1.0,2026-09-20T18:00:00,fused,
COURSE_C059,,ME Course 059,course,,,,,,,,,,,F022,ME,,,,C059,56.0,False,False,PG,,,,primary,1.0,2026-09-20T18:00:00,fused,
COURSE_C060,,CSE Course 060,course,,,,,,,,,,,F023,CSE,,,,C060,88.0,False,True,UG,,,,primary,1.0,2026-09-20T18:00:00,fused,
COURSE_C061,,MBA Course 061,course,,,,,,,,,,,F036,MBA,,,,C061,58.0,True,False,PG,,,,primary,1.0,2026-09-20T18:00:00,fused,
COURSE_C062,,CSE Course 062,course,,,,,,,,,,,F032,CSE,,,,C062,91.0,False,True,PG,,,,primary,1.0,2026-09-20T18:00:00,fused,
COURSE_C063,,CE Course 063,course,,,,,,,,,,,F029,CE,,,,C063,55.0,False,False,PG,,,,primary,1.0,2026-09-20T18:00:00,fused,
COURSE_C064,,MBA Course 064,course,,,,,,,,,,,F020,MBA,,,,C064,27.0,True,True,UG,,,,primary,1.0,2026-09-20T18:00:00,fused,
COURSE_C065,,AI-DS Course 065,course,,,,,,,,,,,F028,AI-DS,,,,C065,99.0,True,False,PG,,,,primary,1.0,2026-09-20T18:00:00,fused,
COURSE_C066,,AI-DS Course 066,course,,,,,,,,,,,F020,AI-DS,,,,C066,95.0,True,False,PG,,,,primary,1.0,2026-09-20T18:00:00,fused,
COURSE_C067,,EEE Course 067,course,,,,,,,,,,,F048,EEE,,,,C067,54.0,True,True,UG,,,,primary,1.0,2026-09-20T18:00:00,fused,
COURSE_C068,,CE Course 068,course,,,,,,,,,,,F018,CE,,,,C068,113.0,True,True,PG,,,,primary,1.0,2026-09-20T18:00:00,fused,
COURSE_C069,,AI-DS Course 069,course,,,,,,,,,,,F007,AI-DS,,,,C069,100.0,False,False,PG,,,,primary,1.0,2026-09-20T18:00:00,fused,
COURSE_C070,,MBA Course 070,course,,,,,,,,,,,F001,MBA,,,,C070,49.0,True,False,PG,,,,primary,1.0,2026-09-20T18:00:00,fused,
COURSE_C071,,AI-DS Course 071,course,,,,,,,,,,,F036,AI-DS,,,,C071,93.0,True,True,UG,,,,primary,1.0,2026-09-20T18:00:00,fused,
COURSE_C072,,EEE Course 072,course,,,,,,,,,,,F007,EEE,,,,C072,114.0,False,False,PG,,,,primary,1.0,2026-09-20T18:00:00,fused,
COURSE_C073,,MBA Course 073,course,,,,,,,,,,,F022,MBA,,,,C073,26.0,True,False,PG,,,,primary,1.0,2026-09-20T18:00:00,fused,
COURSE_C074,,ECE Course 074,course,,,,,,,,,,,F005,ECE,,,,C074,31.0,True,False,UG,,,,primary,1.0,2026-09-20T18:00:00,fused,
COURSE_C075,,ME Course 075,course,,,,,,,,,,,F010,ME,,,,C075,87.0,True,False,UG,,,,primary,1.0,2026-09-20T18:00:00,fused,
COURSE_C076,,ECE Course 076,course,,,,,,,,,,,F008,ECE,,,,C076,97.0,False,True,UG,,,,primary,1.0,2026-09-20T18:00:00,fused,
COURSE_C077,,CE Course 077,course,,,,,,,,,,,F050,CE,,,,C077,78.0,True,False,UG,,,,primary,1.0,2026-09-20T18:00:00,fused,
COURSE_C078,,CE Course 078,course,,,,,,,,,,,F020,CE,,,,C078,73.0,True,False,PG,,,,primary,1.0,2026-09-20T18:00:00,fused,
COURSE_C079,,CE Course 079,course,,,,,,,,,,,F049,CE,,,,C079,104.0,True,False,UG,,,,primary,1.0,2026-09-20T18:00:00,fused,
COURSE_C080,,ECE Course 080,course,,,,,,,,,,,F016,ECE,,,,C080,105.0,True,False,UG,,,,primary,1.0,2026-09-20T18:00:00,fused,
COURSE_C081,,ECE Course 081,course,,,,,,,,,,,F045,ECE,,,,C081,95.0,True,True,PG,,,,primary,1.0,2026-09-20T18:00:00,fused,
COURSE_C082,,CE Course 082,course,,,,,,,,,,,F045,CE,,,,C082,85.0,True,True,PG,,,,primary,1.0,2026-09-20T18:00:00,fused,
COURSE_C083,,MBA Course 083,course,,,,,,,,,,,F041,MBA,,,,C083,83.0,True,True,PG,,,,primary,1.0,2026-09-20T18:00:00,fused,
COURSE_C084,,CE Course 084,course,,,,,,,,,,,F035,CE,,,,C084,109.0,False,True,UG,,,,primary,1.0,2026-09-20T18:00:00,fused,
COURSE_C085,,ECE Course 085,course,,,,,,,,,,,F005,ECE,,,,C085,107.0,True,True,UG,,,,primary,1.0,2026-09-20T18:00:00,fused,
COURSE_C086,,CSE Course 086,course,,,,,,,,,,,F029,CSE,,,,C086,46.0,False,False,PG,,,,primary,1.0,2026-09-20T18:00:00,fused,
COURSE_C087,,CSE Course 087,course,,,,,,,,,,,F033,CSE,,,,C087,84.0,False,False,PG,,,,primary,1.0,2026-09-20T18:00:00,fused,
COURSE_C088,,CE Course 088,course,,,,,,,,,,,F048,CE,,,,C088,88.0,True,False,PG,,,,primary,1.0,2026-09-20T18:00:00,fused,
COURSE_C089,,EEE Course 089,course,,,,,,,,,,,F049,EEE,,,,C089,102.0,True,True,UG,,,,primary,1.0,2026-09-20T18:00:00,fused,
COURSE_C090,,AI-DS Course 090,course,,,,,,,,,,,F031,AI-DS,,,,C090,59.0,True,False,UG,,,,primary,1.0,2026-09-20T18:00:00,fused,
COURSE_C091,,CE Course 091,course,,,,,,,,,,,F041,CE,,,,C091,108.0,True,True,PG,,,,primary,1.0,2026-09-20T18:00:00,fused,
COURSE_C092,,MBA Course 092,course,,,,,,,,,,,F022,MBA,,,,C092,87.0,False,False,PG,,,,primary,1.0,2026-09-20T18:00:00,fused,
COURSE_C093,,EEE Course 093,course,,,,,,,,,,,F045,EEE,,,,C093,110.0,True,True,PG,,,,primary,1.0,2026-09-20T18:00:00,fused,
COURSE_C094,,ME Course 094,course,,,,,,,,,,,F030,ME,,,,C094,61.0,False,False,UG,,,,primary,1.0,2026-09-20T18:00:00,fused,
COURSE_C095,,CSE Course 095,course,,,,,,,,,,,F033,CSE,,,,C095,65.0,True,True,PG,,,,primary,1.0,2026-09-20T18:00:00,fused,
COURSE_C096,,MBA Course 096,course,,,,,,,,,,,F004,MBA,,,,C096,25.0,False,False,PG,,,,primary,1.0,2026-09-20T18:00:00,fused,
COURSE_C097,,ECE Course 097,course,,,,,,,,,,,F049,ECE,,,,C097,91.0,True,False,PG,,,,primary,1.0,2026-09-20T18:00:00,fused,
COURSE_C098,,CSE Course 098,course,,,,,,,,,,,F029,CSE,,,,C098,51.0,True,True,PG,,,,primary,1.0,2026-09-20T18:00:00,fused,
COURSE_C099,,AI-DS Course 099,course,,,,,,,,,,,F046,AI-DS,,,,C099,87.0,True,False,UG,,,,primary,1.0,2026-09-20T18:00:00,fused,
COURSE_C100,,ECE Course 100,course,,,,,,,,,,,F015,ECE,,,,C100,64.0,True,False,UG,,,,primary,1.0,2026-09-20T18:00:00,fused,
EQUIP_E001,B04,Smart_Board 001,equipment,,,,,,,,,available,,,,,,,,,,,,E001,smart_board,8056.17,primary,1.0,2026-09-20T18:00:00,fused,
EQUIP_E002,B04,Smart_Board 002,equipment,,,,,,,,,available,,,,,,,,,,,,E002,smart_board,10968.91,primary,1.0,2026-09-20T18:00:00,fused,
EQUIP_E003,B03,Lab_Kit 003,equipment,,,,,,,,,available,,,,,,,,,,,,E003,lab_kit,1147.9,primary,1.0,2026-09-20T18:00:00,fused,
EQUIP_E004,B01,Projector 004,equipment,,,,,,,,,available,,,,,,,,,,,,E004,projector,9895.56,primary,1.0,2026-09-20T18:00:00,fused,
EQUIP_E005,B02,Computer 005,equipment,,,,,,,,,available,,,,,,,,,,,,E005,computer,8502.7,primary,1.0,2026-09-20T18:00:00,fused,
EQUIP_E006,B05,Smart_Board 006,equipment,,,,,,,,,available,,,,,,,,,,,,E006,smart_board,7199.79,primary,1.0,2026-09-20T18:00:00,fused,
EQUIP_E007,B02,Lab_Kit 007,equipment,,,,,,,,,available,,,,,,,,,,,,E007,lab_kit,10030.96,primary,1.0,2026-09-20T18:00:00,fused,
EQUIP_E008,B01,Lab_Kit 008,equipment,,,,,,,,,available,,,,,,,,,,,,E008,lab_kit,13304.91,primary,1.0,2026-09-20T18:00:00,fused,
EQUIP_E009,B05,Lab_Kit 009,equipment,,,,,,,,,available,,,,,,,,,,,,E009,lab_kit,564.53,primary,1.0,2026-09-20T18:00:00,fused,
EQUIP_E010,B02,Computer 010,equipment,,,,,,,,,available,,,,,,,,,,,,E010,computer,10704.52,primary,1.0,2026-09-20T18:00:00,fused,
EQUIP_E011,B05,Projector 011,equipment,,,,,,,,,available,,,,,,,,,,,,E011,projector,13143.7,primary,1.0,2026-09-20T18:00:00,fused,
EQUIP_E012,B03,Computer 012,equipment,,,,,,,,,available,,,,,,,,,,,,E012,computer,7134.48,primary,1.0,2026-09-20T18:00:00,fused,
EQUIP_E013,B04,Smart_Board 013,equipment,,,,,,,,,available,,,,,,,,,,,,E013,smart_board,9767.07,primary,1.0,2026-09-20T18:00:00,fused,
EQUIP_E014,B04,Router 014,equipment,,,,,,,,,available,,,,,,,,,,,,E014,router,9011.57,primary,1.0,2026-09-20T18:00:00,fused,
EQUIP_E015,B03,Smart_Board 015,equipment,,,,,,,,,available,,,,,,,,,,,,E015,smart_board,9451.76,primary,1.0,2026-09-20T18:00:00,fused,
EQUIP_E016,B05,Smart_Board 016,equipment,,,,,,,,,available,,,,,,,,,,,,E016,smart_board,10245.6,primary,1.0,2026-09-20T18:00:00,fused,
EQUIP_E017,B01,Smart_Board 017,equipment,,,,,,,,,available,,,,,,,,,,,,E017,smart_board,2195.76,primary,1.0,2026-09-20T18:00:00,fused,
EQUIP_E018,B02,Smart_Board 018,equipment,,,,,,,,,available,,,,,,,,,,,,E018,smart_board,6564.47,primary,1.0,2026-09-20T18:00:00,fused,
EQUIP_E019,B05,Computer 019,equipment,,,,,,,,,available,,,,,,,,,,,,E019,computer,3193.43,primary,1.0,2026-09-20T18:00:00,fused,
EQUIP_E020,B02,Router 020,equipment,,,,,,,,,available,,,,,,,,,,,,E020,router,7599.81,primary,1.0,2026-09-20T18:00:00,fused,
EQUIP_E021,B02,Computer 021,equipment,,,,,,,,,available,,,,,,,,,,,,E021,computer,7039.51,primary,1.0,2026-09-20T18:00:00,fused,
EQUIP_E022,B03,Projector 022,equipment,,,,,,,,,maintenance,,,,,,,,,,,,E022,projector,7526.83,primary,1.0,2026-09-20T18:00:00,fused,
EQUIP_E023,B04,Computer 023,equipment,,,,,,,,,unavailable,,,,,,,,,,,,E023,computer,7828.85,primary,1.0,2026-09-20T18:00:00,fused,
EQUIP_E024,B04,Lab_Kit 024,equipment,,,,,,,,,available,,,,,,,,,,,,E024,lab_kit,6526.64,primary,1.0,2026-09-20T18:00:00,fused,
EQUIP_E025,B04,Lab_Kit 025,equipment,,,,,,,,,available,,,,,,,,,,,,E025,lab_kit,8698.27,primary,1.0,2026-09-20T18:00:00,fused,
EQUIP_E026,B03,Computer 026,equipment,,,,,,,,,available,,,,,,,,,,,,E026,computer,3760.23,primary,1.0,2026-09-20T18:00:00,fused,
EQUIP_E027,B02,Smart_Board 027,equipment,,,,,,,,,available,,,,,,,,,,,,E027,smart_board,8701.93,primary,1.0,2026-09-20T18:00:00,fused,
EQUIP_E028,B05,Lab_Kit 028,equipment,,,,,,,,,available,,,,,,,,,,,,E028,lab_kit,8804.35,primary,1.0,2026-09-20T18:00:00,fused,
EQUIP_E029,B05,Smart_Board 029,equipment,,,,,,,,,available,,,,,,,,,,,,E029,smart_board,5819.5,primary,1.0,2026-09-20T18:00:00,fused,
EQUIP_E030,B04,Projector 030,equipment,,,,,,,,,available,,,,,,,,,,,,E030,projector,14851.75,primary,1.0,2026-09-20T18:00:00,fused,
EQUIP_E031,B02,Projector 031,equipment,,,,,,,,,available,,,,,,,,,,,,E031,projector,14990.03,primary,1.0,2026-09-20T18:00:00,fused,
EQUIP_E032,B03,Lab_Kit 032,equipment,,,,,,,,,available,,,,,,,,,,,,E032,lab_kit,12342.56,primary,1.0,2026-09-20T18:00:00,fused,
EQUIP_E033,B01,Lab_Kit 033,equipment,,,,,,,,,available,,,,,,,,,,,,E033,lab_kit,3935.72,primary,1.0,2026-09-20T18:00:00,fused,
EQUIP_E034,B03,Router 034,equipment,,,,,,,,,available,,,,,,,,,,,,E034,router,9348.8,primary,1.0,2026-09-20T18:00:00,fused,
EQUIP_E035,B02,Lab_Kit 035,equipment,,,,,,,,,available,,,,,,,,,,,,E035,lab_kit,11880.31,primary,1.0,2026-09-20T18:00:00,fused,
EQUIP_E036,B01,Computer 036,equipment,,,,,,,,,available,,,,,,,,,,,,E036,computer,8218.07,primary,1.0,2026-09-20T18:00:00,fused,
EQUIP_E037,B05,Router 037,equipment,,,,,,,,,available,,,,,,,,,,,,E037,router,14695.5,primary,1.0,2026-09-20T18:00:00,fused,
EQUIP_E038,B03,Smart_Board 038,equipment,,,,,,,,,available,,,,,,,,,,,,E038,smart_board,14309.76,primary,1.0,2026-09-20T18:00:00,fused,
EQUIP_E039,B01,Router 039,equipment,,,,,,,,,available,,,,,,,,,,,,E039,router,11376.36,primary,1.0,2026-09-20T18:00:00,fused,
EQUIP_E040,B01,Lab_Kit 040,equipment,,,,,,,,,unavailable,,,,,,,,,,,,E040,lab_kit,13072.19,primary,1.0,2026-09-20T18:00:00,fused,
EQUIP_E041,B02,Computer 041,equipment,,,,,,,,,available,,,,,,,,,,,,E041,computer,10815.23,primary,1.0,2026-09-20T18:00:00,fused,
EQUIP_E042,B04,Computer 042,equipment,,,,,,,,,available,,,,,,,,,,,,E042,computer,8872.67,primary,1.0,2026-09-20T18:00:00,fused,
EQUIP_E043,B04,Smart_Board 043,equipment,,,,,,,,,available,,,,,,,,,,,,E043,smart_board,1594.99,primary,1.0,2026-09-20T18:00:00,fused,
EQUIP_E044,B04,Projector 044,equipment,,,,,,,,,available,,,,,,,,,,,,E044,projector,4534.27,primary,1.0,2026-09-20T18:00:00,fused,
EQUIP_E045,B04,Smart_Board 045,equipment,,,,,,,,,maintenance,,,,,,,,,,,,E045,smart_board,5245.69,primary,1.0,2026-09-20T18:00:00,fused,
EQUIP_E046,B01,Projector 046,equipment,,,,,,,,,available,,,,,,,,,,,,E046,projector,7147.51,primary,1.0,2026-09-20T18:00:00,fused,
EQUIP_E047,B01,Smart_Board 047,equipment,,,,,,,,,available,,,,,,,,,,,,E047,smart_board,6266.88,primary,1.0,2026-09-20T18:00:00,fused,
EQUIP_E048,B02,Lab_Kit 048,equipment,,,,,,,,,available,,,,,,,,,,,,E048,lab_kit,5181.54,primary,1.0,2026-09-20T18:00:00,fused,
EQUIP_E049,B03,Smart_Board 049,equipment,,,,,,,,,available,,,,,,,,,,,,E049,smart_board,2393.62,primary,1.0,2026-09-20T18:00:00,fused,
EQUIP_E050,B03,Lab_Kit 050,equipment,,,,,,,,,maintenance,,,,,,,,,,,,E050,lab_kit,11552.68,primary,1.0,2026-09-20T18:00:00,fused,
EQUIP_E051,B01,Projector 051,equipment,,,,,,,,,available,,,,,,,,,,,,E051,projector,12632.18,primary,1.0,2026-09-20T18:00:00,fused,
EQUIP_E052,B01,Projector 052,equipment,,,,,,,,,maintenance,,,,,,,,,,,,E052,projector,2790.76,primary,1.0,2026-09-20T18:00:00,fused,
EQUIP_E053,B01,Lab_Kit 053,equipment,,,,,,,,,unavailable,,,,,,,,,,,,E053,lab_kit,6703.09,primary,1.0,2026-09-20T18:00:00,fused,
EQUIP_E054,B03,Computer 054,equipment,,,,,,,,,available,,,,,,,,,,,,E054,computer,14024.52,primary,1.0,2026-09-20T18:00:00,fused,
EQUIP_E055,B01,Smart_Board 055,equipment,,,,,,,,,available,,,,,,,,,,,,E055,smart_board,4130.64,primary,1.0,2026-09-20T18:00:00,fused,
EQUIP_E056,B02,Smart_Board 056,equipment,,,,,,,,,available,,,,,,,,,,,,E056,smart_board,9571.26,primary,1.0,2026-09-20T18:00:00,fused,
EQUIP_E057,B04,Computer 057,equipment,,,,,,,,,available,,,,,,,,,,,,E057,computer,10703.62,primary,1.0,2026-09-20T18:00:00,fused,
EQUIP_E058,B02,Projector 058,equipment,,,,,,,,,available,,,,,,,,,,,,E058,projector,2424.15,primary,1.0,2026-09-20T18:00:00,fused,
EQUIP_E059,B05,Computer 059,equipment,,,,,,,,,available,,,,,,,,,,,,E059,computer,634.66,primary,1.0,2026-09-20T18:00:00,fused,
EQUIP_E060,B01,Smart_Board 060,equipment,,,,,,,,,unavailable,,,,,,,,,,,,E060,smart_board,6623.55,primary,1.0,2026-09-20T18:00:00,fused,
EQUIP_E061,B04,Computer 061,equipment,,,,,,,,,available,,,,,,,,,,,,E061,computer,6054.51,primary,1.0,2026-09-20T18:00:00,fused,
EQUIP_E062,B01,Projector 062,equipment,,,,,,,,,available,,,,,,,,,,,,E062,projector,13274.34,primary,1.0,2026-09-20T18:00:00,fused,
EQUIP_E063,B04,Computer 063,equipment,,,,,,,,,available,,,,,,,,,,,,E063,computer,11420.79,primary,1.0,2026-09-20T18:00:00,fused,
EQUIP_E064,B02,Computer 064,equipment,,,,,,,,,available,,,,,,,,,,,,E064,computer,8667.72,primary,1.0,2026-09-20T18:00:00,fused,
EQUIP_E065,B02,Router 065,equipment,,,,,,,,,available,,,,,,,,,,,,E065,router,10975.26,primary,1.0,2026-09-20T18:00:00,fused,
EQUIP_E066,B04,Computer 066,equipment,,,,,,,,,available,,,,,,,,,,,,E066,computer,6914.57,primary,1.0,2026-09-20T18:00:00,fused,
EQUIP_E067,B01,Computer 067,equipment,,,,,,,,,maintenance,,,,,,,,,,,,E067,computer,2530.19,primary,1.0,2026-09-20T18:00:00,fused,
EQUIP_E068,B05,Projector 068,equipment,,,,,,,,,available,,,,,,,,,,,,E068,projector,5597.27,primary,1.0,2026-09-20T18:00:00,fused,
EQUIP_E069,B03,Lab_Kit 069,equipment,,,,,,,,,available,,,,,,,,,,,,E069,lab_kit,4092.9,primary,1.0,2026-09-20T18:00:00,fused,
EQUIP_E070,B02,Projector 070,equipment,,,,,,,,,available,,,,,,,,,,,,E070,projector,9200.11,primary,1.0,2026-09-20T18:00:00,fused,
EQUIP_E071,B03,Router 071,equipment,,,,,,,,,available,,,,,,,,,,,,E071,router,10511.9,primary,1.0,2026-09-20T18:00:00,fused,
EQUIP_E072,B02,Smart_Board 072,equipment,,,,,,,,,available,,,,,,,,,,,,E072,smart_board,7888.08,primary,1.0,2026-09-20T18:00:00,fused,
EQUIP_E073,B03,Lab_Kit 073,equipment,,,,,,,,,available,,,,,,,,,,,,E073,lab_kit,11865.12,primary,1.0,2026-09-20T18:00:00,fused,
EQUIP_E074,B04,Computer 074,equipment,,,,,,,,,available,,,,,,,,,,,,E074,computer,3995.69,primary,1.0,2026-09-20T18:00:00,fused,
EQUIP_E075,B01,Router 075,equipment,,,,,,,,,available,,,,,,,,,,,,E075,router,14676.61,primary,1.0,2026-09-20T18:00:00,fused,
EQUIP_E076,B03,Smart_Board 076,equipment,,,,,,,,,available,,,,,,,,,,,,E076,smart_board,12981.8,primary,1.0,2026-09-20T18:00:00,fused,
EQUIP_E077,B04,Router 077,equipment,,,,,,,,,available,,,,,,,,,,,,E077,router,10402.66,primary,1.0,2026-09-20T18:00:00,fused,
EQUIP_E078,B01,Lab_Kit 078,equipment,,,,,,,,,available,,,,,,,,,,,,E078,lab_kit,1479.22,primary,1.0,2026-09-20T18:00:00,fused,
EQUIP_E079,B02,Smart_Board 079,equipment,,,,,,,,,available,,,,,,,,,,,,E079,smart_board,1376.8,primary,1.0,2026-09-20T18:00:00,fused,
EQUIP_E080,B05,Lab_Kit 080,equipment,,,,,,,,,available,,,,,,,,,,,,E080,lab_kit,10833.12,primary,1.0,2026-09-20T18:00:00,fused,
EQUIP_E081,B04,Lab_Kit 081,equipment,,,,,,,,,available,,,,,,,,,,,,E081,lab_kit,1695.2,primary,1.0,2026-09-20T18:00:00,fused,
EQUIP_E082,B05,Router 082,equipment,,,,,,,,,available,,,,,,,,,,,,E082,router,4523.28,primary,1.0,2026-09-20T18:00:00,fused,
EQUIP_E083,B01,Smart_Board 083,equipment,,,,,,,,,available,,,,,,,,,,,,E083,smart_board,3446.36,primary,1.0,2026-09-20T18:00:00,fused,
EQUIP_E084,B05,Computer 084,equipment,,,,,,,,,available,,,,,,,,,,,,E084,computer,9003.34,primary,1.0,2026-09-20T18:00:00,fused,
EQUIP_E085,B03,Projector 085,equipment,,,,,,,,,available,,,,,,,,,,,,E085,projector,11084.4,primary,1.0,2026-09-20T18:00:00,fused,
EQUIP_E086,B01,Computer 086,equipment,,,,,,,,,available,,,,,,,,,,,,E086,computer,13907.1,primary,1.0,2026-09-20T18:00:00,fused,
EQUIP_E087,B04,Projector 087,equipment,,,,,,,,,available,,,,,,,,,,,,E087,projector,1297.91,primary,1.0,2026-09-20T18:00:00,fused,
EQUIP_E088,B01,Computer 088,equipment,,,,,,,,,available,,,,,,,,,,,,E088,computer,2489.57,primary,1.0,2026-09-20T18:00:00,fused,
EQUIP_E089,B02,Projector 089,equipment,,,,,,,,,available,,,,,,,,,,,,E089,projector,5527.22,primary,1.0,2026-09-20T18:00:00,fused,
EQUIP_E090,B03,Router 090,equipment,,,,,,,,,available,,,,,,,,,,,,E090,router,2340.49,primary,1.0,2026-09-20T18:00:00,fused,
EQUIP_E091,B01,Smart_Board 091,equipment,,,,,,,,,available,,,,,,,,,,,,E091,smart_board,925.67,primary,1.0,2026-09-20T18:00:00,fused,
EQUIP_E092,B03,Lab_Kit 092,equipment,,,,,,,,,available,,,,,,,,,,,,E092,lab_kit,4312.77,primary,1.0,2026-09-20T18:00:00,fused,
EQUIP_E093,B01,Router 093,equipment,,,,,,,,,available,,,,,,,,,,,,E093,router,7906.34,primary,1.0,2026-09-20T18:00:00,fused,
EQUIP_E094,B04,Projector 094,equipment,,,,,,,,,available,,,,,,,,,,,,E094,projector,2919.78,primary,1.0,2026-09-20T18:00:00,fused,
EQUIP_E095,B03,Computer 095,equipment,,,,,,,,,available,,,,,,,,,,,,E095,computer,13466.89,primary,1.0,2026-09-20T18:00:00,fused,
EQUIP_E096,B02,Projector 096,equipment,,,,,,,,,available,,,,,,,,,,,,E096,projector,537.24,primary,1.0,2026-09-20T18:00:00,fused,
EQUIP_E097,B02,Projector 097,equipment,,,,,,,,,available,,,,,,,,,,,,E097,projector,5777.66,primary,1.0,2026-09-20T18:00:00,fused,
EQUIP_E098,B02,Computer 098,equipment,,,,,,,,,maintenance,,,,,,,,,,,,E098,computer,12933.54,primary,1.0,2026-09-20T18:00:00,fused,
EQUIP_E099,B04,Router 099,equipment,,,,,,,,,available,,,,,,,,,,,,E099,router,4099.82,primary,1.0,2026-09-20T18:00:00,fused,
EQUIP_E100,B03,Smart_Board 100,equipment,,,,,,,,,available,,,,,,,,,,,,E100,smart_board,8787.27,primary,1.0,2026-09-20T18:00:00,fused,
